"","SRR14794294","SRR14794295","SRR14794296","SRR14794297","SRR14794298","SRR14794299","SRR14794301"
"PRDM16",10,15,20,97,9,46,4
"PEX10",38,23,39,75,53,37,15
"RPL21P21",11,0,4,2,2,1,1
"PEX14",72,109,102,195,82,151,69
"PLCH2",216,427,309,455,146,112,65
"SPSB1",136,130,206,210,68,307,131
"SLC2A5",18,9,10,12,4,15,26
"NMNAT1",49,64,63,60,41,57,9
"MFFP1",1,0,10,4,0,3,9
"PGAM1P11",11,8,12,24,10,11,6
"DISP3",2,2,12,73,9,37,3
"MMEL1",0,0,2,3,3,2,1
"TMEM51",4,15,28,92,6,26,18
"RER1",598,270,620,649,499,642,448
"PANK4",136,64,163,178,118,217,103
"VPS13D",1661,936,2307,2362,1603,2784,977
"RBP7",11,5,22,37,9,61,21
"GPR157",27,45,88,93,54,107,46
"ZBTB40",423,240,800,804,580,832,304
"NPHP4",221,114,261,247,150,195,93
"HES5",2,0,2,7,0,0,0
"PPIAP34",1,0,2,1,2,1,4
"PHACTR4",452,376,541,626,480,606,409
"SLC9A1",228,136,252,294,202,299,145
"PAFAH2",979,458,982,669,694,886,805
"AJAP1",17,7,59,46,3,74,83
"PTAFR",31,18,36,109,20,136,19
"SLC25A33",36,17,36,38,19,77,15
"GJB3",0,2,1,15,7,3,3
"KAZN",55,70,94,247,88,145,110
"TNFRSF1B",135,55,244,342,89,458,149
"UBE4B",647,488,656,852,560,834,394
"TMEM51-AS1",3,13,53,99,14,17,3
"PLA2G5",0,3,1,7,1,4,1
"PTPRU",46,80,59,151,19,62,29
"GJB5",3,16,7,11,3,9,1
"AGO4",288,164,379,337,217,526,323
"ZBTB8B",1,7,5,6,5,4,3
"FTH1P1",9,1,20,7,8,16,13
"CASZ1",105,97,139,147,71,101,91
"DNALI1",13,11,21,44,26,47,18
"RRAGC",64,35,39,49,22,66,32
"GRIK3",3,0,11,17,1,3,1
"PLA2G2D",7,0,6,22,8,22,3
"RCC2",1085,696,816,736,632,937,598
"HSPA5P1",0,2,2,0,7,2,5
"PSMB2",478,253,304,264,259,545,245
"RPS27P9",7,7,27,18,16,4,16
"PADI4",13,5,19,8,12,132,6
"RHBDL2",23,52,28,26,17,29,18
"CFAP144",1,7,14,31,7,2,0
"ZMYM4",598,327,458,492,380,723,347
"C1orf216",64,94,42,74,39,50,38
"SHMT1P1",15,15,24,24,8,17,10
"PHB1P12",50,18,63,47,63,52,53
"RLF",301,87,227,146,142,466,320
"CLSPN",345,202,216,145,206,270,206
"GNL2",200,100,171,151,129,337,131
"GJA4",6,27,26,75,10,40,3
"MORN1",127,97,145,215,106,97,39
"TTC22",88,197,61,155,43,55,24
"MYCBP",82,111,98,57,60,76,65
"DLGAP3",22,6,20,21,6,14,3
"TMA16P2",5,0,1,4,0,1,3
"RIMS3",110,43,127,110,126,137,62
"SMIM12",245,83,226,241,180,245,181
"MRPS6P2",16,6,10,4,5,6,11
"CZIB",168,94,190,269,200,208,89
"FAM151A",12,36,7,33,2,5,0
"OSBPL9",470,170,470,429,335,664,390
"PARS2",27,28,18,41,24,21,10
"ZYG11B",268,119,250,238,156,310,169
"CZIB-DT",1,4,5,8,11,5,2
"TTC4",11,21,16,16,19,11,5
"PLPP3",278,250,248,544,122,656,199
"SNIP1",128,30,110,97,60,162,86
"RPS13P2",30,11,24,22,18,26,27
"CPT2",84,64,128,119,97,114,55
"FOXJ3",673,226,533,644,618,830,605
"TUT4",993,463,1009,865,848,1244,1010
"GAPDHP51",10,3,11,18,13,7,3
"MAGOH",103,39,100,93,55,235,61
"CDKN2C",305,100,183,169,172,288,188
"ZSWIM5",17,37,37,77,20,41,15
"OMA1",183,55,143,91,59,119,59
"SLC35D1",487,202,358,271,256,332,333
"LRP8",148,92,191,101,167,162,97
"TCEANC2",287,256,240,275,377,212,251
"GDI2P2",37,11,28,30,28,35,27
"USP1",472,133,210,124,132,343,327
"AK5",5,11,17,21,18,27,6
"GIPC2",0,0,6,17,1,11,2
"ANGPTL3",8,0,13,6,2,6,2
"DNAJC6",15,20,19,16,20,31,10
"AK4",153,177,120,175,84,150,126
"LEPROT",246,163,256,452,156,337,221
"CACHD1",79,15,223,540,164,355,174
"RPL13AP9",1,0,3,7,1,3,3
"MCOLN2",71,65,77,38,61,135,31
"ST6GALNAC5",6,0,2,2,0,2,0
"ATG4C",67,26,46,27,19,67,32
"PDE4B-AS1",0,0,2,3,0,5,2
"ADGRL4",18,5,28,38,13,73,12
"TTLL7",4,2,20,102,8,48,6
"NEGR1-IT1",8,0,1,1,1,0,1
"ZNHIT6",185,136,231,280,271,233,159
"MROH7",47,79,26,77,13,28,1
"PTGFR",0,1,6,18,0,10,2
"LMO4",73,49,120,337,90,175,75
"RPL17P6",248,157,219,229,293,368,407
"PRPF38A",605,247,509,422,481,661,507
"PIGK",75,23,64,36,56,135,47
"SLC25A6P3",2,4,8,9,6,9,3
"PSAT1P3",1,0,2,5,2,5,0
"DOCK7",241,100,285,290,139,394,203
"NEGR1",117,43,85,63,86,164,57
"SHISAL2A",15,0,51,36,41,31,15
"DNTTIP2",161,74,163,122,92,345,148
"PHKA1P1",11,22,16,26,17,37,6
"COL24A1",24,7,29,56,16,24,10
"GPX7",43,37,64,48,42,56,35
"SLC44A3",30,78,30,30,21,24,5
"PKN2",395,123,317,247,217,561,222
"ABCD3",1129,279,752,310,403,747,1100
"ZZZ3",434,235,486,407,398,593,487
"HIVEP3",1008,781,1609,1789,1387,1406,496
"MTND4P11",1,0,3,2,4,4,0
"BCAR3",63,25,72,115,49,114,46
"TBCAP2",4,12,7,2,2,6,5
"CNN3",295,223,174,332,142,519,208
"VAV3",195,397,186,81,150,282,116
"EEF1A1P11",1175,578,1306,1229,1037,1303,1121
"TLCD4",4,1,8,28,5,17,7
"LRRC8D",224,20,177,106,126,249,186
"S1PR1",95,32,146,200,57,363,101
"ARHGAP29",125,98,163,376,57,206,148
"IGSF21",10,2,16,11,8,16,8
"COA7",58,42,37,69,36,58,24
"OLFML3",7,14,31,148,32,123,12
"GCLM",65,59,38,53,32,88,50
"TGFBR3",165,174,226,733,125,717,159
"RPL21P23",7,1,8,8,2,18,2
"PHTF1",67,45,64,64,43,93,41
"RPSAP19",63,51,60,76,28,53,18
"F3",16,24,86,191,42,512,33
"MAN1A2",565,344,546,529,477,930,610
"LPAR3",9,10,25,53,9,20,6
"CTTNBP2NL",60,128,132,312,83,243,85
"CIMAP3",25,15,9,16,9,14,3
"TSPAN2",23,1,13,48,12,34,13
"SLC35A3",1033,355,692,542,603,720,876
"AGL",245,87,222,142,149,372,123
"SLC6A17",1,17,9,8,4,8,6
"RNPC3",236,269,355,349,290,407,151
"SNX7",5,16,19,30,12,26,12
"SEC22B",544,212,504,400,408,707,533
"PTGFRN",150,143,157,432,73,268,141
"ZNF326",516,211,425,410,427,637,583
"TRIM45",40,26,57,111,27,31,18
"RPS26P15",96,24,79,73,49,55,101
"LINC02788",2,5,2,8,1,2,0
"TENT5C",70,8,175,385,76,826,236
"PIP5K1A",677,507,594,530,502,658,598
"GDAP2",349,107,241,216,169,427,241
"WDR3",169,64,118,112,67,229,62
"SCNM1",70,103,131,131,85,114,49
"SRGAP2C",248,146,406,462,292,436,256
"SPAG17",7,1,2,10,8,10,3
"TTF2",551,216,358,392,347,429,276
"MAGI3",85,98,158,230,80,184,74
"GABPB2",733,784,716,802,670,627,397
"RPS29P29",2,2,10,4,2,2,2
"LYSMD1",78,69,82,128,123,86,54
"ELOCP19",5,0,14,11,10,29,3
"PNRC2P1",12,15,19,15,24,12,36
"CD2",691,198,726,410,713,1001,473
"LINC02799",0,7,0,0,2,1,1
"GPR89A",318,131,269,170,158,259,209
"CSF1",148,178,249,594,124,330,113
"TNFAIP8L2",47,57,66,73,66,51,31
"MPC2",105,77,39,34,45,96,36
"FIRRM",214,77,119,74,86,123,57
"LAMC1",281,1038,503,1948,250,1583,378
"NME7",66,40,72,59,31,81,11
"RCSD1",1933,672,1441,978,2434,1874,1454
"XCL2",1,0,2,3,0,4,1
"LRRC8D-DT",20,5,31,12,16,21,33
"POU2F1",733,704,537,543,419,828,895
"LAMC1-AS1",3,20,6,19,3,6,4
"RXRG",0,0,2,7,0,3,1
"TPR",1364,1531,1438,1084,1170,2182,1196
"METTL18",10,12,11,10,9,31,15
"NIBAN1",184,115,342,614,224,697,303
"LAMC2",140,197,154,295,115,311,123
"EEF1A1P14",74,9,163,55,170,138,100
"GPA33",13,3,6,2,3,10,7
"XCL1",3,3,5,5,1,7,3
"NUF2",120,65,68,22,44,94,80
"NR5A2",19,7,24,54,9,28,8
"SCYL3",195,178,228,143,158,183,99
"NMNAT2",15,25,32,55,15,61,16
"TARBP1",684,398,580,399,327,584,351
"TDRD5",0,4,0,4,0,4,1
"FTH1P2",22,27,36,50,13,27,22
"TFB2M",39,44,38,23,9,45,22
"LYPLAL1",80,60,50,70,36,64,21
"MPZL1",181,474,240,461,155,431,256
"INTS7",229,100,158,86,103,190,84
"RPS29P5",1,3,1,2,5,7,2
"CATSPERE",22,10,15,15,16,21,7
"EDARADD",2,22,15,36,12,14,3
"BRINP3",0,0,0,13,0,8,0
"LMX1A",0,0,0,11,0,6,0
"ADCY10",6,30,11,10,13,7,8
"SELE",33,0,4,58,2,285,6
"GPATCH2",161,212,211,173,160,286,120
"SELL",404,51,401,123,268,782,320
"CAPN8",7,5,3,6,6,3,1
"RHOU",50,305,87,179,59,422,103
"RGS5",360,207,272,509,140,514,234
"SPATA17",0,1,5,4,0,1,2
"PRRX1",46,92,275,708,109,441,205
"RIMKLBP2",12,11,37,39,40,28,4
"DTL",262,99,115,45,115,205,83
"SOAT1",138,61,121,93,63,233,102
"CNST",296,155,286,210,206,402,186
"SRP14P4",7,0,4,2,1,6,0
"NID1",78,140,167,661,131,723,150
"RPL7AP21",4,0,0,2,0,4,1
"RPL21P28",95,71,95,109,78,86,124
"ZNF678",149,153,109,112,91,145,82
"SLC26A9",2,10,5,2,1,6,2
"ILDR2",138,73,70,24,79,67,62
"KIF26B",152,704,54,146,65,58,26
"PRR13P1",16,4,25,16,13,19,17
"RRP15",99,154,91,102,59,137,49
"RPL7AP82",11,2,24,22,16,24,19
"PTPN14",100,988,399,909,261,389,278
"NEK2",64,47,49,21,48,52,41
"TOMM20",563,600,309,278,203,525,439
"TADA1",71,90,46,54,45,101,60
"HMGB1P11",5,0,0,1,5,0,1
"OR2L6P",1,13,4,2,4,1,1
"DHX9",991,519,1002,698,731,1565,579
"BTF3L4",338,175,176,129,135,268,223
"RPL4P2",2,0,12,2,5,5,2
"COP1",400,179,321,230,272,531,255
"OR2L9P",2,5,3,1,2,2,1
"RGS18",7,0,7,6,7,41,3
"GNPAT",271,169,224,169,188,292,142
"TGFB2",4,6,12,34,4,19,12
"ODR4",118,123,138,155,90,155,127
"FMO4",93,22,42,47,23,37,20
"NSL1",378,373,301,322,335,395,262
"HFM1",5,3,10,12,4,7,6
"GALNT2",1199,1083,715,751,786,1193,597
"FMO1",62,3,21,79,11,28,8
"SPRTN",139,180,89,73,74,128,90
"EGLN1",66,201,77,131,61,95,72
"GNG4",31,1,16,9,23,17,15
"PAPPA2",4,0,7,19,1,18,2
"PPP2R5A",304,93,283,248,162,439,273
"SPMIP3",4,2,6,4,2,6,0
"PLA2G4A",7,0,15,33,4,23,0
"TOP1P1",4,5,14,4,7,12,4
"LPGAT1",311,760,245,338,168,455,221
"RPL23AP18",26,1,21,17,17,30,29
"DUTP6",10,2,3,2,4,8,5
"TATDN3",106,124,85,72,55,105,64
"HMGN1P4",2,3,9,7,3,2,5
"SELP",17,2,58,57,10,105,13
"BPNT2P1",5,2,3,3,5,1,2
"CAMK1G",2,2,2,5,0,10,0
"ZNF672",231,201,219,245,167,213,130
"LAMB3",34,171,84,220,23,88,25
"ARHGEF10L",58,40,88,327,35,91,14
"NOS1AP",22,96,24,62,8,24,8
"ANGEL2",290,338,271,311,231,360,195
"EXOC8",184,162,198,167,144,218,138
"NEK7",299,179,150,149,109,325,202
"PGBD5",38,229,49,34,36,46,38
"TRNT1P1",12,12,6,4,0,4,7
"ZNF695",15,5,11,3,3,6,8
"SMYD3-IT1",13,15,20,21,8,12,8
"RPS6KC1",92,147,217,117,80,188,95
"TGIF2P1",3,3,9,11,10,6,0
"ZNF670-ZNF695",9,6,5,3,4,5,4
"NUP133",311,180,256,190,186,367,174
"RGS1",169,64,159,57,39,570,99
"PGBD2",36,62,54,69,53,58,22
"FLVCR1",105,252,98,94,61,100,92
"USH2A",6,16,25,18,29,32,18
"ZNF670",51,13,31,6,9,22,8
"ADSS2",271,171,211,137,132,331,230
"PLD5",2,2,7,14,1,11,11
"BANF1P4",15,8,23,10,6,11,7
"ST7L",136,62,130,140,91,188,82
"XPR1",188,198,216,221,131,328,179
"CHCHD4P5",36,19,31,11,22,27,9
"STYXL2",1,0,2,5,2,3,0
"PM20D1-AS1",0,5,2,4,111,139,8
"COLGALT2",16,3,25,85,23,59,6
"SDCCAG8",265,296,316,419,292,349,199
"SLC35F3",45,51,20,23,15,18,15
"ZNF281",215,112,180,115,187,258,181
"MAEL",1,5,3,1,1,4,1
"ARID4B",752,599,796,581,662,1109,727
"SH3BP5L",206,155,220,340,230,233,89
"WNT2B",52,57,111,120,77,95,64
"FYB2",22,82,70,153,76,84,25
"CDC7",183,82,110,38,97,142,146
"NDUFAF4P4",13,4,12,7,7,8,3
"GPR52",62,8,71,41,32,54,26
"SMYD3",171,112,153,114,137,223,89
"HMGB3P6",8,6,2,2,4,0,1
"KCTD3",176,354,151,220,123,273,132
"ZC3H12A",71,36,90,131,58,221,62
"HHAT",157,292,135,168,140,132,112
"RBM34",13,26,24,9,11,22,9
"NMNAT1P2",3,14,1,0,4,0,1
"HMCN1",52,89,111,408,49,195,33
"PDC",7,1,8,21,4,4,5
"RN7SL614P",9,6,10,10,3,6,7
"RNU6-110P",10,0,8,2,7,9,4
"RNU6-969P",4,0,3,1,2,2,3
"RNU6-1237P",2,0,2,0,2,6,9
"RNU6-1026P",3,6,2,1,0,0,0
"MIR5581",5,0,3,3,2,9,3
"MIR30E",0,0,4,6,3,3,1
"RNU6-750P",8,0,8,0,2,7,4
"RNU6-125P",9,0,13,18,20,20,12
"RNU6-1318P",15,0,4,0,1,2,1
"MIR378G",2,4,3,2,1,0,0
"MIR942",4,0,3,4,3,4,2
"RN7SKP285",8,8,5,10,4,6,3
"MIR4256",0,0,4,3,2,2,0
"RNU6-41P",2,1,34,0,7,2,17
"SNORA16B",7,6,13,11,7,7,8
"SCARNA3",10,2,8,7,5,20,7
"SNORA14B",16,4,31,18,11,7,30
"RN7SL333P",17,35,16,9,20,12,6
"RNU6-1283P",2,18,3,2,11,3,9
"RN7SL344P",6,32,9,7,2,4,2
"RNA5SP80",2,1,0,1,4,3,1
"RN7SKP98",7,3,3,2,2,2,4
"RPL21P27",11,9,11,1,0,5,5
"CAMK2N1",2,12,20,46,13,23,18
"MUL1",81,22,67,77,34,114,32
"FAM43B",0,0,3,10,1,3,0
"CDA",2,0,2,6,5,45,1
"PINK1",97,60,94,154,72,121,109
"ZNF101P2",16,18,23,30,25,32,30
"SCARNA18B",6,2,2,3,3,2,7
"B3GALT2",132,63,81,42,48,80,82
"LRRC40",74,2,58,52,35,97,31
"RN7SL242P",4,8,19,21,9,10,32
"ANKRD13C",227,68,209,159,139,319,198
"CTH",2,4,6,23,2,22,1
"E2F2",1087,349,708,559,599,655,617
"ID3",108,32,103,338,80,158,60
"RPL11",2064,1099,1447,2049,1320,3108,1485
"PITHD1",847,783,315,245,375,390,375
"GALE",66,102,58,92,47,52,17
"SEPTIN14P12",11,13,7,8,10,9,4
"DUSP23",11,13,15,57,19,31,6
"FCRL6",17,9,25,33,14,19,1
"SLAMF8",4,0,14,24,11,21,0
"VSIG8",0,0,2,7,1,1,1
"CFAP45",7,26,4,7,8,12,11
"MIR4254",6,7,6,1,3,4,3
"ATP1A1",419,350,465,587,310,843,242
"ZBTB41",146,153,106,72,66,144,108
"EFNA4",13,31,9,18,9,14,7
"EFNA3",1,68,9,12,3,8,12
"EFNA1",41,207,59,127,37,64,86
"SLC50A1",77,137,92,119,72,112,66
"KRTCAP2",75,60,55,81,58,39,50
"THBS3",75,182,100,192,81,117,28
"GBA1",77,137,109,183,111,151,44
"HCN3",28,78,38,48,34,16,14
"PKLR",2,12,0,1,1,1,1
"RNU6-387P",4,0,7,8,5,1,4
"CR1L",3,0,6,12,3,6,2
"CDCA4P4",2,0,1,7,6,3,3
"CD34",124,91,345,1202,164,752,104
"RNU6-37P",62,27,347,48,213,67,342
"PGD",378,250,216,248,148,466,145
"CENPS",7,0,6,3,2,6,1
"DFFA",237,241,280,400,252,190,146
"NSA2P1",30,4,11,6,10,14,19
"SNORA77",4,1,8,4,1,8,4
"RPL35AP5",34,18,13,7,17,19,47
"SNRPE",123,55,79,61,64,133,54
"KRT8P29",3,2,8,16,3,1,3
"SMPDL3B",1,2,5,4,5,8,3
"RN7SL559P",19,7,13,16,11,15,9
"XKR8",53,25,76,104,69,59,24
"FAM89A",1,5,18,17,12,16,17
"C1orf131",96,67,99,81,61,87,49
"LINC01144",14,2,11,18,6,14,1
"TOE1",44,35,86,75,48,106,20
"TESK2",53,26,67,95,54,93,43
"PPIAP36",11,3,12,11,8,5,6
"CCDC163",22,5,11,21,43,27,9
"MMACHC",56,43,61,116,77,64,28
"RNA5SP82",8,13,8,12,5,2,15
"GCSAML",8,0,0,8,3,3,3
"CHRM3",5,5,7,22,10,12,3
"EEIG2",266,192,199,173,92,286,241
"HENMT1",98,24,78,19,46,115,51
"PRPF38B",580,491,824,617,899,1067,596
"FNDC7",1,4,0,1,0,4,1
"STXBP3",274,122,195,182,153,311,198
"RPL17P7",302,140,213,244,219,523,321
"RPS27P6",9,1,14,11,10,5,6
"TMEM167B",150,54,131,96,89,216,133
"DAP3",375,479,306,281,246,397,229
"SYT11",36,42,54,87,20,81,35
"KHDC4",563,653,556,611,426,591,402
"SNORA80E",19,9,38,41,33,12,28
"SSR2",434,357,411,449,332,559,333
"UBQLN4",203,228,188,266,181,190,128
"RAB25",1,1,17,46,19,29,9
"BGLAP",6,12,3,3,1,5,1
"SMG5",435,824,551,744,456,575,284
"TMEM79",46,106,76,77,78,46,15
"CCT3",449,424,358,375,311,507,246
"MEX3A",31,36,29,69,30,27,40
"CYP4X1",2,1,16,45,11,32,5
"CYP4Z1",0,2,0,13,1,20,0
"TUBAP9",2,3,5,8,3,11,2
"PDZK1IP1",0,1,2,3,3,10,3
"FOXE3",1,0,4,2,0,0,4
"FOXD2-AS1",25,2,18,19,23,12,19
"IGSF3",558,364,245,306,208,260,175
"ELAVL4",15,0,9,5,6,12,2
"COA6",11,7,9,1,7,14,4
"CORT",2,0,1,2,5,3,1
"AHCTF1",642,600,493,368,369,858,562
"FRRS1",21,1,27,23,11,33,11
"LRRC7",31,13,43,45,27,46,28
"LEPR",27,20,77,334,36,166,47
"PSMD4",235,407,299,386,236,366,146
"TAGLN2",482,1044,571,898,335,1178,341
"H6PD",807,512,932,1471,636,1271,532
"DDOST",322,154,288,337,180,550,156
"PRG4",17,5,46,244,25,64,9
"ST3GAL3",326,285,341,380,324,255,144
"ZNF692",199,353,265,449,323,178,163
"FGGY",80,93,127,171,73,137,49
"PLA2G2F",3,2,15,0,8,12,10
"PRXL2B",75,21,65,77,26,52,33
"DPM3",34,20,10,36,13,31,7
"RXFP4",8,0,10,24,9,19,1
"RNU5E-4P",1,1,0,0,3,1,5
"PLOD1",42,87,73,263,64,144,33
"MIIP",77,42,72,80,35,47,17
"TNFRSF8",3,0,21,18,10,16,6
"RBBP4",1449,451,911,802,725,1418,887
"SYNC",7,16,12,29,9,10,3
"NHSL3",176,275,284,832,144,224,183
"S100PBP",652,212,508,476,451,527,384
"HPCA",3,0,0,2,2,3,2
"TMEM54",0,7,5,27,1,8,3
"UFC1",143,272,155,169,142,220,130
"PPOX",120,135,113,195,100,112,58
"B4GALT3",112,173,154,275,124,158,88
"ADAMTS4",58,185,18,191,12,1107,96
"FCER1G",34,37,59,70,22,141,23
"TOMM40L",24,52,36,43,23,69,25
"PCP4L1",12,324,25,22,25,21,34
"CFAP126",102,320,89,124,127,91,108
"GJA5",3,17,7,34,4,27,0
"GPR89B",310,126,326,182,231,315,232
"RNVU1-7",6533,6878,9771,12015,10327,6727,16119
"ABHD17AP1",16,13,19,52,22,13,11
"MFN2",619,704,465,629,314,659,276
"ZMPSTE24",140,66,90,79,54,191,63
"COL9A2",31,11,47,50,20,56,9
"ZFP69B",35,15,26,24,42,43,8
"AUNIP",23,16,18,13,17,23,15
"PAQR7",38,77,55,131,29,39,39
"SNRPFP2",7,6,6,1,2,9,26
"TMEM53",25,17,30,54,18,24,12
"ARMH1",114,41,122,95,112,101,39
"KIF2C",280,138,176,116,177,253,127
"RPS8",1612,951,1280,1933,1017,2739,974
"SNORD46",11,4,31,19,14,14,20
"RPS15AP11",10,5,4,7,5,8,1
"EIF2B3",69,27,98,86,59,123,41
"RNA5SP47",2,3,2,3,1,0,0
"HECTD3",183,98,266,397,207,251,163
"UROD",93,74,119,163,75,189,66
"NOL9",412,247,404,452,294,424,231
"TAS1R1",0,0,1,7,1,5,0
"ZBTB48",141,112,216,334,173,217,105
"LRRC8C",103,24,104,102,49,150,66
"ZBTB40-IT1",5,1,18,19,17,10,6
"LGALS8-AS1",5,0,2,6,3,7,3
"HEATR1",329,199,317,310,186,454,96
"RPSAP21",8,2,8,5,5,8,2
"RPL35P1",8,2,2,7,6,9,2
"RPEP3",5,0,7,14,7,10,13
"STX12",150,115,138,159,97,280,157
"PPP1R8",236,116,155,169,141,236,154
"SCARNA1",10,0,14,1,1,21,19
"THEMIS2",168,47,215,238,232,628,119
"RPA2",135,88,120,105,89,215,89
"RNU1-2",6389,6899,9749,11777,10358,6408,17177
"MFAP2",13,5,7,23,19,20,5
"ATP13A2",128,62,104,182,71,117,44
"PADI2",24,12,36,17,18,143,14
"CCN1",79,126,45,246,50,2118,72
"CICP13",51,76,98,141,59,18,31
"HHIPL2",1,1,4,4,2,5,0
"TAF1A",21,13,39,33,27,37,11
"MIA3",480,484,559,646,485,810,485
"AIDA",254,179,176,204,158,282,183
"BROX",228,173,178,119,80,237,129
"NDUFB1P2",2,0,4,4,2,3,6
"ERMAP",84,83,105,172,89,111,57
"ZNF691",81,27,85,96,56,71,47
"ATP6V0CP4",2,14,17,9,6,5,9
"DISP1",184,137,198,169,180,219,114
"HSD3BP3",1,3,2,8,0,1,2
"GAPDHP33",1,2,3,14,2,1,0
"LINC00622",2,0,10,17,4,5,2
"HSD3BP5",1,3,1,6,7,3,0
"ZNF697",15,10,48,91,31,35,20
"HMGCS2",22,1,1,0,0,0,1
"PHGDH",183,41,204,243,130,205,79
"INSRR",43,262,16,42,26,20,10
"RPL7P9",430,233,384,331,355,424,540
"LRRC47",204,146,237,311,155,233,104
"RN7SL574P",2,1,8,9,4,4,4
"TBCE",116,118,81,122,75,59,84
"DENND4B",428,548,573,800,491,547,265
"CRTC2",335,428,390,545,333,365,291
"CREB3L4",66,66,94,100,63,77,30
"JTB",34,25,30,31,29,86,29
"RAB13",12,75,34,81,25,38,37
"RPS27",1297,607,1294,1510,819,3419,819
"C1orf52",114,27,85,117,84,120,53
"CEP104",451,336,450,538,373,449,229
"DFFB",42,30,67,83,39,43,18
"ACP6",255,426,245,357,237,248,174
"C1orf21",72,475,175,350,133,259,132
"HSPA6",6,41,18,34,4,40,14
"NRBF2P3",0,3,6,2,5,4,8
"KCNA2",480,248,318,312,366,364,173
"RNU6-106P",4,11,2,4,1,0,2
"ASH1L-IT1",22,20,17,16,11,11,15
"POU5F1P4",57,45,67,56,45,32,28
"DAP3P1",4,4,7,10,5,2,1
"FDPS",230,321,250,295,218,234,201
"GPSM2",319,188,224,160,162,221,189
"DYNLT4",13,20,26,29,18,50,6
"RNVU1-18",1,0,6,2,4,1,15
"KCNK2",8,1,2,1,8,7,1
"RO60",520,524,344,327,227,502,415
"SYT6",0,3,0,5,0,3,2
"TSACC",17,14,13,27,10,10,13
"CFAP57",5,0,11,18,4,7,3
"EBNA1BP2",61,65,91,97,55,116,33
"WARS2",75,56,55,72,29,72,37
"PACC1",95,39,116,101,118,104,68
"FAM76A",135,41,94,116,64,154,55
"GLRX2",40,194,43,100,39,63,49
"TNFRSF25",166,471,151,198,110,69,109
"RCOR3",647,843,560,494,383,681,552
"POGK",253,394,304,415,235,434,208
"PAQR6",37,178,40,86,30,55,29
"RGL1",96,81,230,354,108,432,101
"KCNC4",721,2034,803,1094,683,567,369
"MEAF6",249,105,204,210,187,296,204
"PPT1",300,129,300,231,182,514,132
"PLEKHG5",108,444,141,373,35,100,30
"LGALS8",342,428,358,374,318,503,496
"HYI-AS1",1,6,4,4,0,1,0
"MRPL20",151,144,184,272,147,232,114
"MRPL20-DT",50,34,40,73,39,32,20
"VWA1",19,37,36,140,7,61,9
"ATAD3C",37,65,9,34,17,8,7
"AMYP1",0,8,4,1,1,1,1
"ABCB10",90,107,79,100,62,126,63
"RNU4-21P",8,2,3,3,1,1,2
"RNA5SP78",4,7,9,9,8,4,4
"URB2",114,162,105,82,78,148,45
"OTUD3",361,113,274,414,144,253,209
"MKNK1",643,286,718,699,643,641,620
"ARTN",0,22,9,29,6,6,0
"IPO13",169,170,157,215,132,155,49
"ATP6V0B",178,79,114,151,69,178,97
"CCDC24",17,50,33,78,9,8,9
"SLC6A9",8,16,39,85,17,27,7
"GAPDHP46",9,6,8,10,9,1,2
"PRKAR1AP1",4,0,8,19,15,6,4
"FNDC10",19,20,0,2,1,5,1
"MMP23B",9,23,14,24,6,19,2
"SLC35E2B",1730,735,2207,2248,1546,1354,960
"CDK11A",59,34,96,101,70,87,49
"NADK",210,133,264,471,182,334,129
"TMEM52",1,6,2,5,2,2,0
"CD1A",2325,550,1105,701,1101,1719,1374
"HMGN1P5",11,3,13,1,8,7,7
"CD1C",1098,294,975,596,633,861,849
"CD1B",2974,637,1922,1119,1718,2679,1830
"CD1E",3554,694,2104,1331,1723,2772,1479
"OR10T2",31,2,20,8,32,19,31
"OR10T1P",42,4,24,8,62,12,12
"EI24P2",29,3,26,20,83,15,13
"OR10R3P",222,41,167,67,221,290,132
"OR10R1P",10,0,4,1,7,3,3
"HSP90AA3P",10,9,7,5,12,5,15
"DR1",714,305,525,445,532,732,631
"RNA5SP53",2,0,5,3,1,1,5
"MAPKAPK2",525,566,468,539,338,848,372
"IL24",37,13,59,27,60,70,40
"FCMR",361,81,455,301,499,686,160
"RPL13AP8",22,9,36,29,29,28,20
"PIGR",0,14,14,4,0,14,3
"C1orf116",3,10,12,17,4,10,5
"PRMT6",69,17,52,55,51,79,56
"SH3BGRL3",399,367,385,428,310,503,318
"CD52",280,31,240,245,200,325,104
"ZNF683",11,11,5,25,14,8,4
"TINAGL1",80,16,167,466,80,177,81
"PEF1",161,136,145,188,118,195,76
"RN7SL788P",1,3,3,8,4,1,0
"ANAPC10P1",3,1,4,4,3,0,5
"ORC1",112,57,79,49,79,104,46
"SDE2",294,342,283,273,175,445,295
"H3-3A",1372,574,752,463,702,2031,1057
"ACBD3",163,206,195,186,117,283,126
"MIXL1",3,0,7,7,4,2,1
"NVL",190,225,187,194,161,250,103
"MIR320B2",5,14,5,5,9,13,16
"CNIH4",164,210,165,319,154,211,132
"AKR1B1P1",2,0,0,6,3,3,0
"BMP8A",152,51,151,216,148,100,113
"OXCT2P1",15,1,16,20,12,15,19
"HEYL",35,62,43,347,14,115,19
"HPCAL4",3,0,3,0,1,2,2
"PABPC4",531,227,435,612,355,693,402
"RPS3AP7",4,0,1,7,3,2,2
"ECM1",13,49,20,89,35,71,7
"MIR4257",1,5,3,7,2,17,0
"RN7SL473P",10,31,22,29,19,90,23
"RN7SL600P",7,5,13,25,14,104,18
"ENSA",892,1357,810,1020,812,893,968
"GOLPH3L",160,221,139,133,138,173,124
"HORMAD1",2,2,1,3,2,1,0
"UBE2D3P3",4,17,4,4,3,5,12
"MCL1",1278,1076,1208,1356,998,4947,1550
"WNT3A",1,18,4,6,1,3,1
"LINC02809",39,65,68,93,61,34,16
"C1orf35",77,108,92,135,81,74,38
"MRPL55",31,30,30,70,24,46,13
"CIAO2AP2",4,10,6,13,5,4,1
"GJC2",18,13,29,46,10,17,8
"IBA57",227,282,223,365,187,274,115
"OBSCN-AS1",37,32,56,57,30,64,50
"TRIM11",283,168,285,306,307,241,228
"TRIM17",133,157,198,236,119,114,60
"PPIH",135,69,101,116,82,109,73
"YBX1",1388,1672,1210,1593,1096,2018,985
"CLDN19",3,6,20,33,16,9,1
"P3H1",148,83,201,242,179,198,120
"STPG1",26,41,64,55,38,46,32
"RCAN3",275,104,236,120,181,319,231
"NCMAP",2,0,2,2,0,7,9
"ASH1L",2067,2350,2709,2476,2305,3337,1872
"TXLNA",551,487,557,728,436,744,299
"IQCC",84,44,97,115,80,73,48
"FAM167B",3,20,7,17,4,3,2
"MARCKSL1",1031,360,653,438,557,801,657
"TSSK3",17,20,16,34,15,14,11
"SLC16A4",139,59,170,156,150,140,112
"LAMTOR5",85,33,40,39,55,123,57
"YTHDF2",418,213,336,325,274,539,265
"TMEM200B",3,29,33,76,20,19,19
"MECR",39,48,69,142,55,49,10
"LINC01352",0,0,3,2,3,3,0
"HLX",7,4,17,40,10,41,1
"MARK1",43,85,86,189,30,109,63
"RN7SL464P",4,11,2,2,1,0,2
"C1orf115",16,9,46,154,26,61,14
"DARS2",196,283,205,180,181,221,103
"RC3H1-IT1",51,20,39,43,50,54,42
"KRT18P57",69,8,68,60,39,68,57
"INKA2",102,121,120,204,164,174,80
"KCND3-AS1",0,9,1,5,1,4,1
"RAB7B",28,128,51,126,25,88,12
"ITPKB-AS1",78,13,55,29,63,49,41
"GLRX5P2",4,2,7,5,9,9,2
"TSTD1",89,34,92,88,81,112,32
"USF1",193,144,310,280,207,383,159
"ARHGAP30",1016,479,1387,1062,1292,1260,1207
"NECTIN4",2,10,23,6,6,9,16
"KLHDC9",9,18,10,20,6,10,0
"PFDN2",30,60,62,58,21,81,29
"NIT1",146,159,153,238,191,197,115
"DEDD",175,251,219,238,211,268,196
"CTSE",1,7,2,0,2,4,2
"COQ8A",17,21,31,36,15,13,11
"AKIRIN1",318,126,210,164,207,427,306
"NDUFS5",109,102,87,181,93,302,105
"RNU6-608P",1,0,1,6,0,3,0
"RNA5SP44",1,1,6,5,2,2,9
"HSPE1P8",18,7,3,7,4,6,3
"LRIF1",87,19,58,22,34,88,42
"DENND2D",528,177,938,516,851,674,506
"CHI3L2",453,112,426,213,334,608,233
"DRAM2",168,30,104,53,57,143,104
"RNU7-57P",3,5,1,5,3,8,6
"RPSAP17",1,5,5,2,4,2,6
"PSMD8P1",7,23,14,31,6,31,2
"SHE",28,335,85,260,43,114,31
"PLA2G2C",12,1,10,1,13,12,16
"ARNT",486,535,496,660,321,819,516
"PARP1",697,806,729,676,547,1098,545
"NDUFS2",331,474,380,410,292,504,266
"PRDX1",99,42,80,111,54,224,53
"NASP",1091,545,1057,1014,986,1258,866
"CCDC17",46,13,129,129,127,117,49
"GPBP1L1",844,306,841,703,658,936,749
"RPS15AP10",30,16,16,10,24,23,14
"RPL7AP16",17,7,55,44,28,48,26
"TMEM69",89,57,70,68,61,114,56
"SLC39A1",6,19,4,7,9,12,2
"SERBP1",1238,979,1015,1380,869,1631,892
"MIER1",533,222,371,244,243,623,431
"SLC45A1",1,0,1,11,4,8,1
"UCHL5",256,196,176,110,97,226,211
"SMIM1",0,0,3,19,1,8,2
"RNF19B",57,51,98,123,52,192,55
"GMEB1",251,159,257,270,224,354,208
"CC2D1B",352,245,501,587,429,491,268
"DAB1",8,31,13,17,5,17,2
"LRRC8B",131,19,90,58,78,169,93
"BTBD8",40,31,51,96,34,59,23
"ZC3H11A",32,17,13,20,12,23,21
"CAP1",748,317,745,630,558,1318,492
"EPHB2",22,19,30,44,10,44,8
"CDK11B",280,271,524,584,403,622,272
"ACOT11",137,226,91,368,37,83,19
"AKR1A1",174,82,198,347,122,188,95
"KCNT2",6,2,17,42,7,25,8
"CTSK",103,267,137,274,85,232,186
"TRIM62",174,123,206,195,177,163,178
"FAM133FP",12,1,6,0,3,7,3
"ZNF847P",0,3,1,1,0,5,3
"SNAP47-AS1",25,10,14,23,11,18,2
"CTSS",227,103,235,274,152,854,187
"LIN9",79,23,43,25,23,55,33
"RBMXL1",144,58,155,123,114,217,148
"GBP1",73,43,174,129,65,522,118
"PTGES3P1",8,2,17,11,8,26,12
"GBP2",100,32,210,403,90,462,192
"GBP4",60,41,168,177,46,256,110
"AHDC1",582,740,660,1061,453,542,473
"FGR",66,24,105,121,55,251,49
"IFI6",22,104,97,43,10,55,24
"IFI44L",71,648,942,175,281,491,667
"CYB561D1",219,79,243,269,222,212,136
"AMIGO1",170,55,253,198,329,225,111
"RNU6V",18,0,9,0,6,5,5
"GNAT2",19,10,19,26,28,49,16
"PTGS2",16,11,5,28,0,484,5
"DDAH1",12,6,19,35,17,26,25
"AKR7A2P1",5,2,6,7,4,8,7
"NGF",1,0,6,43,7,8,1
"NOC2L",197,122,256,401,197,236,110
"PLEKHN1",5,4,12,33,7,10,4
"HES4",38,26,36,59,22,30,16
"ISG15",14,39,22,20,8,24,9
"MRPL37",167,146,165,159,115,229,89
"SSBP3-AS1",122,75,160,164,103,131,119
"SERPINC1",0,7,2,6,3,1,0
"COG2",261,174,219,192,188,250,178
"CAPN9",1,4,3,3,5,1,0
"C1orf198",59,119,131,410,49,196,79
"IFI44",79,90,222,80,98,163,154
"TDRD10",5,45,20,64,15,22,7
"NENFP1",12,0,7,6,8,9,12
"TEX38",8,2,23,18,19,10,19
"EFCAB14",1345,609,1070,1038,848,1338,1492
"PSEN2",3,40,31,53,23,22,8
"FCRLA",14,1,57,13,29,68,15
"DUSP12",20,5,29,19,18,40,15
"TRAF5",550,275,561,377,409,665,446
"SNX25P1",0,6,6,9,3,4,0
"ARPC3P2",1,0,3,5,0,1,2
"SLC30A1",109,203,43,80,29,53,28
"FDPSP8",3,1,3,1,2,1,0
"ATF6",462,363,475,371,327,776,384
"RABGGTB",334,137,284,176,204,403,345
"MSH4",7,12,5,8,6,8,2
"DENND1B",202,79,156,90,83,255,145
"EEF1A1P32",45,7,44,15,24,27,17
"FAM204BP",8,1,8,6,3,6,4
"CRB1",9,16,2,10,3,10,0
"MPL",22,23,30,37,47,15,16
"CDC20",195,74,149,100,133,188,84
"ELOVL1",71,42,100,154,72,118,35
"MED8",57,26,61,102,76,91,43
"AMPD2",193,78,151,216,104,283,98
"ASPM",1254,307,633,234,503,770,603
"FCF1P7",33,39,25,34,26,17,24
"MIR4677",1,3,0,0,0,6,3
"FABP7P1",12,23,22,11,12,12,39
"AKT3-IT1",34,51,33,41,26,30,38
"AKT3",819,1253,720,959,445,988,886
"C1orf174",143,68,169,196,95,127,79
"IQGAP3",101,161,77,71,81,89,74
"NAXE",100,237,90,165,71,170,48
"HAPLN2",2,1,1,5,1,4,0
"BCAN",1,9,5,19,3,2,3
"NES",33,46,131,517,52,229,26
"CRABP2",121,1033,41,157,17,46,27
"METTL25B",68,208,76,188,60,111,39
"MRPL24",60,159,55,132,65,101,18
"PRCC",285,547,339,350,304,389,276
"RNF11",121,66,89,115,52,203,116
"RNU6-877P",2,0,5,2,0,2,0
"RNF223",4,11,1,1,3,1,0
"C1orf159",139,88,115,135,54,75,43
"LINC01342",4,0,3,6,0,4,1
"TTC39A",22,6,22,26,9,19,8
"RN7SL653P",1,3,4,8,6,10,1
"SAMD11",20,2,7,25,1,4,1
"MFSD14A",13,12,23,25,18,41,13
"SASS6",79,38,55,49,42,67,79
"DBT",243,162,206,207,161,254,191
"RPL23AP90",10,0,6,0,3,5,4
"BRI3P1",7,1,0,7,0,4,2
"RTCA",184,62,155,127,103,201,108
"MIR553",3,0,0,0,3,4,5
"KHDRBS1",1120,548,806,746,575,1209,779
"TMEM39B",134,77,128,155,105,141,58
"MIR5585",7,4,6,4,3,0,2
"KPNA6",786,454,578,709,554,848,688
"CCDC28B",113,81,155,213,127,131,78
"LINC01160",4,1,10,5,4,5,2
"DDX20",103,44,108,70,71,160,83
"RPL5",2041,954,1360,1662,1207,2979,1480
"DIPK1A",63,31,72,41,92,104,45
"SNORA66",22,14,48,38,32,22,57
"MTF2",588,204,574,331,448,663,584
"SH2D5",0,1,1,6,0,1,4
"RPS15AP6",8,8,7,1,10,7,14
"HSPE1P27",10,5,14,17,7,9,7
"ECE1",192,139,570,1551,239,856,233
"ECE1-AS1",25,11,41,79,22,53,24
"SUSD4",43,297,40,57,30,37,14
"LRRIQ3",5,5,7,6,7,8,0
"LRRC53",26,6,0,10,3,1,0
"ERICH3",4,6,44,116,19,22,22
"CRYZ",97,28,98,97,68,141,60
"TYW3",134,78,99,103,77,123,79
"FPGT-TNNI3K",7,13,8,24,8,11,13
"RNA5SP18",0,33,1,7,0,0,0
"DUSP5P1",0,33,0,6,0,1,0
"OBSCN",1745,1376,2576,4398,2482,1836,894
"RNU1-68P",1,0,3,2,4,4,0
"H3C13",242,59,112,83,75,185,39
"H2AC20",500,262,379,363,391,782,218
"H2AC21",366,116,210,133,182,482,119
"BOLA1",25,25,28,53,30,42,19
"SV2A",84,25,53,87,54,95,109
"SF3B4",246,320,198,224,139,352,135
"FCGR1A",6,49,7,6,8,10,7
"RPL34P6",0,1,0,2,3,2,3
"KIF21B",1012,412,1054,664,617,913,534
"TMEM9",87,40,97,147,61,132,82
"IGFN1",17,10,31,12,19,34,52
"NEDD8P1",0,0,5,12,2,3,4
"SAMD13",13,3,8,6,9,10,3
"RPL13AP11",0,5,2,13,1,4,0
"TMEM81",13,20,17,20,21,22,12
"MTR",1380,1271,1192,1367,896,1404,1151
"SRP9",725,430,296,198,177,492,567
"LEFTY3P",2,1,1,1,1,0,9
"TMEM63A",1254,805,1695,1869,1273,1432,1260
"EPHX1",208,251,337,715,267,580,272
"SRM",64,83,86,100,43,91,8
"EXOSC10",237,106,334,386,222,372,116
"RNU6-537P",9,14,5,2,2,2,5
"SYF2",181,67,158,135,143,277,190
"RSRP1",1148,472,1360,1345,1199,961,849
"RHD",63,0,158,136,133,50,54
"TMEM50A",246,130,170,167,117,344,172
"MACO1",291,271,212,257,203,359,267
"TSEN15",264,197,116,86,99,166,191
"LRRC71",2,124,0,14,0,5,1
"FMN2",3,0,3,23,4,10,1
"GREM2",2,0,3,21,3,11,3
"ADAMTSL4",88,172,186,378,111,720,120
"PTP4A2",4390,1217,2726,1256,2281,3845,3158
"ZFYVE9",168,157,184,287,141,265,165
"PDPN",17,57,57,132,19,82,50
"TMCO4",89,140,103,152,68,119,37
"ADGRB2",394,187,548,221,223,377,172
"NTNG1",6,0,20,22,7,38,14
"ANKRD65",83,173,25,47,31,19,18
"SNAP47",269,220,202,229,182,184,97
"B4GALT2",21,31,38,124,11,42,16
"OLFML2B",23,52,78,282,23,126,18
"TTC24",465,143,565,183,480,405,554
"OR2L2",9,55,12,5,6,5,10
"OR2L3",2,8,4,3,1,0,0
"OR2M4",0,12,0,0,0,0,0
"TNFRSF14",591,756,533,676,338,366,205
"OR10K2",30,4,23,15,45,17,17
"RBM15",576,250,679,773,597,668,311
"JMJD4",49,54,66,74,60,49,23
"KLHDC7A",0,0,10,0,1,1,0
"MTX1",12,6,12,13,9,23,5
"ARL8A",155,337,161,270,113,219,144
"GPR37L1",36,32,40,42,42,15,24
"SNX27",621,609,510,554,452,604,525
"CELF3",9,18,26,19,28,8,17
"MRPL9",71,105,78,65,58,94,47
"OAZ3",10,16,13,27,23,8,4
"LINGO4",17,5,26,33,33,39,9
"THEM5",22,77,24,39,24,20,10
"THEM4",116,183,141,161,105,139,80
"S100A10",97,336,151,343,119,441,109
"STIL",294,87,175,64,206,236,172
"NCDN",201,178,143,158,98,115,65
"TFAP2E",55,45,68,73,51,39,29
"AMY1A",8,206,24,31,27,19,16
"AMY1B",5,193,51,20,18,16,15
"AMY1C",8,188,49,30,29,16,17
"HPDL",11,1,14,9,3,13,9
"OR2L5",4,25,9,2,4,1,1
"MAB21L3",17,4,15,4,13,9,10
"NFASC",34,248,136,450,60,195,72
"CNTN2",24,128,31,37,36,23,24
"SYPL2",0,18,7,25,9,18,3
"CCSAP",505,280,345,317,314,483,413
"ACTA1",1,0,5,5,6,22,0
"ZFP69",67,51,50,63,45,57,32
"ZNF684",25,15,32,25,23,34,13
"DNAJC8P4",15,9,16,16,12,17,17
"RNU6ATAC27P",7,4,6,7,8,4,3
"SNHG3",499,487,343,364,354,246,200
"SNORA73B",1106,621,866,640,630,1073,816
"PRDX3P2",8,17,12,7,16,7,7
"TRNAU1AP",166,161,225,247,165,204,197
"RAB42",134,248,80,80,81,94,54
"AMY2A",7,17,7,4,9,8,5
"CDK18",85,341,90,214,59,63,49
"GOLT1A",13,0,0,1,4,0,1
"RPL21P19",29,7,39,12,20,21,64
"RNA5SP74",2,1,5,3,5,0,2
"RN7SL503P",17,4,15,8,6,4,5
"SNORA62",6,12,6,3,1,5,6
"C1orf146",0,0,0,3,4,5,0
"GLMN",64,41,58,34,30,77,64
"RPAP2",505,423,439,388,524,506,484
"HMGB3P9",1,2,2,8,0,2,0
"CCNJP2",3,0,2,8,1,9,6
"MNDA",13,11,18,43,16,330,21
"TRIM58",10,135,8,13,3,48,1
"OR2W3",4,4,0,1,0,2,0
"OR2L8",7,15,9,1,1,3,2
"OR6Y1",14,4,6,0,7,7,5
"ZSCAN20",60,58,100,133,82,91,23
"MYOC",0,0,46,205,36,191,19
"GABRD",1,0,4,8,2,3,1
"ZBTB17",92,39,121,220,131,167,66
"HSPB7",4,5,32,274,11,64,18
"CLCNKA",2,0,2,35,1,3,1
"EFHD2",315,256,250,309,138,344,143
"CTRC",3,5,2,1,1,5,3
"OR10K1",398,105,269,143,292,131,309
"ZBTB8A",34,53,28,68,24,38,28
"ZBTB8OS",171,117,171,184,126,144,137
"NRAS",425,156,238,220,210,459,304
"RNY1P13",14,12,11,8,20,16,29
"SIKE1",334,150,198,150,111,243,139
"OR2T29",1,0,6,1,2,1,2
"CICP27",87,112,151,166,131,57,45
"OR2G6",2,0,4,4,3,4,3
"OR2M3",2,32,2,0,1,0,0
"OR2T10",2,0,2,2,4,3,1
"OR2T11",5,0,4,2,2,7,1
"OR10Z1",8,0,5,2,5,7,9
"SPTA1",57,10,44,23,30,57,21
"ZRANB2",479,219,430,461,367,590,315
"CERS2",141,120,149,220,167,249,95
"ANXA9",13,57,32,63,16,34,16
"PRUNE1",155,171,141,153,119,196,124
"BNIPL",25,51,37,57,52,25,21
"C1orf56",31,54,35,73,42,58,44
"CDC42SE1",843,679,971,1162,1017,1314,977
"MLLT11",120,66,65,51,36,52,80
"IER5",107,116,141,154,76,221,56
"SLC25A44",424,421,436,395,409,801,369
"FH",170,165,108,102,85,172,91
"KMO",17,0,18,7,13,24,14
"OPN3",12,24,9,17,7,10,7
"CHML",320,178,152,97,141,220,229
"ATAD3A",179,199,121,128,80,85,43
"SSU72",662,317,690,757,569,668,446
"MIB2",482,340,678,661,473,490,200
"BCL9",405,942,465,711,392,446,316
"EXO1",133,52,98,40,78,94,44
"RPL23AP20",3,1,3,2,1,1,1
"MAP1LC3C",1,0,1,7,3,6,1
"WDR64",5,2,5,7,5,6,1
"DYNLT5",0,0,2,2,0,10,8
"DNAI4",75,11,29,48,29,42,29
"SGIP1",41,21,39,68,29,45,31
"LBR",1278,224,699,423,551,1278,815
"DNAH14",134,196,118,84,119,140,154
"DCDC2B",45,54,93,165,61,78,51
"DYRK3",115,164,67,98,46,200,55
"MAP10",58,45,51,35,19,69,38
"PLPPR4",2,0,22,33,4,20,1
"TRIM67",4,10,6,6,2,4,1
"FPGT",28,38,33,38,15,26,11
"ZNF124",411,173,241,165,203,325,211
"FAM72C",125,54,68,60,84,75,60
"LINC01772",63,44,78,111,106,56,47
"RNU1-1",6639,7000,10130,12197,13432,6646,16802
"RNU1-3",6208,6721,9385,11669,9989,6347,15590
"LDLRAD2",2,5,8,71,1,19,5
"HSPG2",683,968,1564,7419,567,2775,387
"RPL21P29",1,0,6,6,3,3,2
"LINC00339",54,30,57,62,48,45,31
"CDC42-AS1",14,0,17,24,6,9,3
"CDC42-IT1",17,8,19,28,15,32,17
"MPHOSPH6P1",16,0,3,2,6,14,7
"WNT4",47,177,59,141,40,49,8
"AVPR1B",3,1,3,6,1,4,1
"FAM72A",120,71,81,57,89,82,59
"SRGAP2",479,317,773,1174,605,740,394
"IKBKE",242,122,233,198,161,255,72
"IKBKE-AS1",74,28,87,56,75,53,48
"RASSF5",1076,276,959,663,974,1291,1004
"RPL7AP20",8,11,15,1,9,16,10
"EIF2D",406,376,388,497,336,435,254
"CROCC",284,165,391,487,571,419,138
"RNU1-4",7022,7616,10735,12338,11134,6839,18521
"VASH2",153,102,139,127,108,108,56
"CYB5RL",55,152,90,155,71,72,40
"ATXN7L2",91,38,143,148,106,125,53
"CENPL",107,49,93,42,99,102,76
"ZNF496",1111,529,1081,950,1255,910,1701
"RABGAP1L",705,639,934,606,628,1049,412
"AMPD1",0,0,13,46,7,21,0
"CD101",37,17,27,27,32,31,10
"H3-7",76,100,54,97,46,46,51
"NPL",50,35,69,81,37,88,46
"RCC1",277,264,175,189,212,210,167
"TEKT2",4,5,4,5,7,9,4
"ADPRS",67,61,58,94,36,65,17
"COL8A2",134,261,74,162,36,56,26
"TRAPPC3",190,85,177,206,178,244,149
"MAP7D1",325,313,375,678,242,452,220
"UBE2V2P4",14,6,9,2,3,9,3
"ZNF362",212,268,247,470,171,308,160
"MIR3605",5,0,3,8,5,3,2
"RN7SKP16",12,16,22,28,11,34,8
"S100A6",32,104,123,405,31,376,60
"S100A4",25,21,76,206,26,185,31
"S100A3",0,0,3,5,2,0,2
"S100A2",0,64,2,28,1,9,0
"S100A16",43,306,47,83,16,58,15
"S100A14",300,1773,175,309,224,236,170
"S100A1",12,34,7,17,3,12,5
"SNAPIN",70,89,66,86,63,87,47
"STK40",271,178,284,433,181,431,129
"LSM10",42,29,35,36,29,84,18
"OSCP1",13,16,13,47,16,31,4
"SNORA63C",2,0,4,5,0,2,1
"MRPS15",124,58,100,125,107,178,55
"ASCL5",4,9,2,1,0,4,0
"LINC02816",1,16,2,6,1,3,0
"KIAA1614-AS1",13,65,12,16,14,9,1
"STX6",466,1217,415,327,343,465,452
"MR1",468,765,422,399,330,401,304
"TMED5",257,111,189,145,182,285,259
"RPL36AP11",5,4,4,0,4,5,4
"CCDC18",252,140,175,93,180,235,173
"TMEM269",25,11,20,24,18,21,23
"SVBP",36,11,31,36,32,63,29
"GORAB",110,89,152,134,117,148,134
"RNU6-514P",4,2,1,0,0,1,4
"RNU6-135P",7,2,4,1,1,1,2
"KDM1A",1252,492,928,891,751,1150,1164
"IVL",0,0,20,1,10,17,2
"SPRR1B",1,0,3,0,1,9,3
"CADM3",3,0,30,72,10,32,3
"FCER1A",5,1,1,20,2,22,0
"MYOM3",3,13,14,25,18,16,9
"IL22RA1",0,0,2,12,0,1,0
"IFNLR1",17,75,51,72,31,56,10
"ELF3",1,9,12,30,7,14,10
"LGR6",17,1,23,56,14,39,3
"SIPA1L2",55,457,143,474,74,276,68
"SRSF4",1115,579,1217,1123,800,1489,1135
"MROH9",18,3,15,6,11,10,5
"FMO3",11,1,26,36,10,15,10
"FMO2",25,11,88,389,54,260,54
"PEAR1",15,123,109,366,53,121,45
"SMU1P1",4,4,10,3,9,11,15
"ETV3L",0,7,10,9,5,7,2
"ETV3",261,426,290,403,222,551,242
"CYCSP52",5,0,3,9,13,9,3
"CSMD2",7,5,20,13,4,21,9
"PBXIP1",810,540,977,1110,840,1052,987
"PYGO2",200,301,250,322,181,264,140
"PYGO2-AS1",1,7,1,12,1,0,0
"SHC1",304,487,389,720,271,576,255
"CKS1B",103,90,60,72,41,123,44
"MIR4258",2,1,1,4,3,2,2
"FLAD1",75,273,113,158,98,125,54
"ZBTB7B",94,306,166,257,95,146,71
"DCST2",7,45,20,57,19,11,2
"DCST1",3,32,10,26,11,3,2
"ADAM15",77,291,115,457,40,135,36
"MTMR11",8,95,26,117,13,33,18
"OTUD7B",105,626,198,415,135,187,156
"RPL6P31",5,10,7,7,6,2,2
"FAM72D",123,49,70,58,65,72,59
"ANKRD35",0,0,8,28,3,9,0
"ITGA10",37,92,67,82,83,44,22
"PEX11B",126,112,67,71,63,86,63
"LIX1L",353,401,285,272,193,353,250
"ANKRD34A",19,25,34,26,29,22,35
"POLR3GL",59,77,92,49,45,101,61
"TXNIP",2908,1660,4306,5438,3429,7600,2290
"HJV",5,0,2,3,1,3,0
"NUDT4P2",63,52,63,58,38,96,68
"RNU4-61P",1,5,2,2,3,0,0
"AGBL4",17,41,13,33,15,18,19
"BEND5",84,123,87,240,56,80,38
"AGBL4-IT1",8,10,0,1,1,6,0
"ZNF859P",3,11,4,7,2,0,1
"ROR1",130,47,33,126,44,82,22
"CFL1P3",10,1,9,21,1,3,3
"PFN1P1",33,46,68,57,52,30,53
"RPL4P3",1,0,11,0,2,4,8
"VAMP4",131,109,98,66,48,116,123
"RNVU1-15",7,0,25,13,19,33,45
"PFN1P6",0,4,10,11,3,3,5
"RNVU1-2A",38,37,308,101,192,37,396
"RNVU1-28",900,717,1640,1433,1562,534,2963
"CFAP74",8,7,10,3,10,7,3
"NOTCH2NLC",1467,362,964,951,574,554,857
"RALGPS2-AS1",13,10,27,14,17,24,7
"RALGPS2",293,77,215,103,177,391,314
"PTPN2P1",42,7,21,8,18,32,28
"ANGPTL1",88,21,109,130,63,237,123
"FHAD1",5,37,7,10,8,7,3
"EIF4G3",610,393,760,847,579,975,423
"ITPKB",1274,644,1632,1452,1424,1620,848
"S100A11",151,292,253,365,117,468,134
"RPTN",0,0,62,0,9,8,52
"HRNR",600,153,870,905,790,206,34
"NBPF15",271,187,388,626,271,343,156
"PIGV",134,100,133,175,220,116,94
"RN7SL165P",0,1,4,4,5,1,1
"ZDHHC18",135,89,200,292,125,309,87
"SFN",27,245,94,157,34,71,35
"GPN2",210,182,203,233,185,156,163
"GPATCH3",58,24,95,99,53,88,38
"NUDC",200,193,222,316,212,324,92
"RPL12P13",2,1,2,4,1,0,1
"TENT5B",2,33,2,20,1,9,2
"CEP85",343,163,290,204,272,262,201
"LIN28A",1,5,8,3,12,3,7
"RPL17P9",29,4,23,16,12,10,14
"UBXN11",211,127,247,347,191,217,78
"PPP1R15B",775,417,735,622,715,1340,603
"GLIS1",9,4,6,8,11,3,2
"NDC1",225,66,112,50,74,170,86
"RGS7",5,1,7,4,4,2,0
"CNR2",23,9,51,28,59,81,21
"BTBD6P1",3,0,16,7,4,5,2
"PNRC2",800,439,439,471,402,775,564
"SRSF10",1589,532,1164,845,910,1488,1318
"GRHL3",13,19,20,29,16,14,6
"METTL13",121,168,175,165,118,154,35
"DNM3",89,270,100,135,111,119,60
"DNM3-IT1",4,15,2,5,8,7,2
"PIGC",115,144,103,88,85,142,53
"C1orf105",3,7,6,4,5,13,5
"RN7SKP55",14,5,34,9,18,3,23
"KIF26B-AS1",5,32,2,8,3,4,3
"EFCAB2",79,59,48,147,70,71,25
"ABCA4",6,0,11,12,4,12,2
"WDR47",89,56,95,70,59,134,63
"PYCR2",188,269,222,339,229,157,135
"NRDC",848,363,805,639,785,1126,645
"FAF1",433,192,419,353,315,582,270
"PRRC2C",3029,4506,4315,4474,4062,5700,2996
"IGSF9",17,789,111,269,33,34,17
"TARS2",133,227,147,169,103,140,88
"TDRKH",105,67,97,88,106,96,41
"NBPF11",459,498,654,980,561,678,304
"NOTCH2",1256,711,1432,2843,965,2167,800
"PATJ",224,297,481,765,291,432,184
"NPPA",6,3,11,15,3,4,3
"MAST2",176,216,257,635,221,378,106
"PRKAA2",33,7,43,62,17,36,24
"SEMA4A",93,176,152,334,73,1221,89
"CCNL2",1205,723,1405,1835,1030,1302,797
"KDF1",12,27,10,39,7,18,6
"ZNF644",495,141,394,274,285,657,311
"CYP4A22",4,3,2,5,0,11,0
"KLHL17",53,19,54,71,51,54,29
"TRIM46",123,33,82,54,69,72,91
"MEF2D",1064,1233,1134,1557,963,1674,1129
"MUC1",5,79,13,26,6,22,20
"OPRD1",3,6,2,1,4,6,1
"CTBP2P8",0,2,12,43,1,9,0
"RPS7P4",2,2,8,0,1,1,3
"GBP5",56,14,203,76,36,111,93
"DIRAS3",2,0,3,17,3,12,4
"ELOA",312,277,314,375,297,419,223
"HMGCL",163,113,201,172,134,158,105
"FUCA1",69,30,60,99,33,180,34
"HCRTR1",12,4,22,43,14,32,13
"COL16A1",104,459,196,866,125,166,46
"MYOCOS",1,9,1,5,7,5,2
"ALDH9A1",194,292,155,209,134,336,100
"OR2B11",1,2,1,0,1,16,0
"H3C15",1017,337,569,333,320,933,163
"H2BC18",986,507,546,445,561,1297,323
"H4C15",1289,900,794,600,643,1598,397
"DCAF6",367,310,326,369,263,537,353
"H2BC21",1106,1085,708,637,702,1663,538
"H4C14",1262,877,797,594,641,1547,395
"TRMT13",99,27,86,101,97,139,36
"H3C14",1048,355,567,339,320,968,171
"SEC16B",0,8,3,15,0,1,1
"IL19",0,0,3,4,9,7,2
"OR2C3",7,0,13,1,0,4,2
"ARID3BP1",3,3,10,11,11,9,5
"ADGRL2",36,13,258,547,132,431,128
"CLCNKB",0,0,1,9,0,1,0
"VWA5B1",0,0,14,4,4,6,0
"KCNQ4",12,0,36,52,34,18,17
"CITED4",4,5,12,34,6,10,6
"SLFNL1-AS1",101,97,112,136,76,97,60
"SLFNL1",58,47,80,103,57,58,16
"RPL23AP17",27,6,12,10,12,18,22
"PKP1",750,3817,299,961,293,343,181
"LAD1",6,2,30,51,13,39,18
"PHLDA3",53,269,79,263,46,57,45
"CSRP1",409,461,453,1600,227,1092,199
"IPO9",828,1231,785,831,711,886,563
"MIR6739",6,6,8,8,5,2,6
"SHISA4",2,45,6,40,1,14,0
"NUDT17",29,61,26,44,27,24,17
"PIAS3",194,373,202,405,202,259,169
"RBM8A",240,183,138,143,97,209,125
"CAPZA1",766,240,440,279,284,882,567
"MRPL53P1",24,8,27,22,13,33,17
"RNU7-70P",7,0,2,3,0,3,2
"RHOC",110,155,130,380,83,194,90
"MOV10",368,327,485,651,347,467,294
"TAF12",140,144,146,147,154,122,76
"TAF13",55,44,32,77,27,71,20
"EPRS1",429,518,389,318,259,668,254
"BPNT1",67,113,82,77,61,81,55
"IARS2",313,371,235,224,154,363,147
"RPS15AP12",8,3,7,4,4,3,6
"RAB3GAP2",701,688,589,518,420,757,541
"SNX2P1",8,3,12,3,5,24,15
"MORF4L1P1",26,17,25,40,28,36,23
"AURKAP1",6,0,4,4,2,1,0
"CDC42BPA",65,598,218,594,148,338,112
"HSD17B7",109,45,71,65,37,79,55
"MACF1",5710,3867,7122,9152,6066,9235,4182
"PIK3R3",247,182,205,248,146,391,154
"COX7BP4",5,3,3,4,6,4,2
"TSPAN1",8,16,30,38,24,19,9
"LURAP1",16,36,22,52,12,18,5
"RAD54L",223,130,144,102,186,193,125
"POMGNT1",257,178,287,459,197,261,158
"BLZF1",135,129,127,96,81,145,71
"CCDC181",10,1,5,3,8,9,3
"SLC19A2",63,9,56,49,47,185,33
"F5",13,13,69,18,19,93,34
"PALMD",100,94,146,345,112,223,63
"STUM",118,19,39,180,37,86,37
"FCGR2C",29,48,173,158,38,152,32
"GON4L",658,982,1297,1436,1064,1312,514
"RNVU1-4",8,0,13,5,6,27,4
"PPIAL4A",2,0,12,4,7,3,5
"PPCS",152,52,145,101,95,153,84
"TMSB4XP1",24,3,67,21,62,55,89
"PPIAL4C",7,13,16,9,11,13,9
"PPIAL4D",3,0,4,2,5,2,3
"PPIAL4E",1,9,9,4,9,5,3
"PPIAL4F",2,9,7,6,7,6,3
"PPIAL4G",7,14,10,4,8,3,6
"PPIAL4H",4,9,11,9,8,9,3
"CSDE1",2348,1131,1760,2003,1479,3566,2120
"KLHL21",206,206,207,439,114,235,126
"PHF13",107,87,105,187,81,145,155
"KLHL12",205,212,224,188,156,260,170
"HNRNPA1P59",34,8,35,37,37,25,21
"ADIPOR1",411,436,223,283,178,555,222
"CYB5R1",273,435,134,154,116,163,67
"TMEM183A",228,182,180,177,153,283,223
"MYOG",0,12,9,6,6,5,0
"MYBPH",1,0,4,6,3,10,1
"CHI3L1",7,16,29,21,15,127,29
"UBR4",3207,1329,3832,3775,2839,4753,2089
"AKR7L",19,24,9,12,6,6,9
"MRTO4",69,51,68,106,57,110,23
"AKR7A3",22,3,7,15,8,11,7
"RNU6-1099P",7,1,8,3,3,2,5
"SLC66A1",53,63,44,97,35,58,21
"RN7SL277P",14,26,24,14,13,8,14
"COX7CP2",17,17,13,13,11,12,38
"SLC25A39P1",78,50,47,48,74,41,69
"RABIF",86,96,73,52,44,79,40
"CHIT1",83,42,98,47,129,114,87
"NPM1P40",7,0,3,4,2,2,7
"PPFIA4",40,260,45,97,27,37,58
"SETDB1",324,315,413,518,385,530,223
"DNAJC11",293,239,468,393,353,401,204
"PRDM2",805,581,1160,1223,849,1391,666
"RHCE",25,11,38,34,32,12,17
"EMC1",568,366,595,705,528,583,307
"C1orf50",124,85,137,119,127,102,165
"TAL1",5,13,35,44,14,35,3
"LENEP",1,15,8,13,5,2,1
"ARPC5",457,198,365,310,256,715,321
"APOBEC4",17,11,13,6,8,8,3
"SMG7",1132,1732,958,942,966,1251,864
"AKNAD1",0,0,7,4,6,8,7
"CLCC1",314,195,368,521,242,313,266
"PRKCZ",96,134,89,164,68,131,27
"IPP",114,74,90,103,58,126,51
"PDE4B",91,16,111,93,64,558,127
"TMOD4",14,24,51,72,54,40,12
"SMAP2",1093,371,1132,715,2284,2490,1167
"CALML6",16,36,4,17,6,9,0
"EXO5",32,23,36,60,45,47,10
"PIK3C2B",1722,459,1851,1612,1153,1734,1379
"VPS72",110,123,129,177,118,182,53
"SEMA6C",71,129,136,206,139,107,85
"OVGP1",36,35,19,53,21,44,25
"UBE2FP3",31,10,10,7,7,23,10
"WDR77",203,42,99,114,65,174,69
"ATP5PB",350,166,231,200,155,420,229
"C1orf162",39,22,75,73,64,109,40
"TMIGD3",2,1,6,0,12,9,2
"ADORA3",1,8,10,6,9,12,2
"RAP1A",327,131,276,224,224,429,401
"FOXO6",69,128,57,92,38,33,43
"ATP1B1",105,138,163,161,81,300,99
"HS2ST1",196,54,129,99,84,171,111
"LINC01140",8,11,19,60,20,19,5
"MIR4711",1,3,3,1,0,2,3
"HOOK1",71,26,45,53,28,58,54
"CYP2J2",0,0,8,4,1,9,3
"H2AC25",82,55,25,20,25,37,14
"H2BC26",188,144,100,78,78,174,65
"RNF187",402,833,300,464,199,268,176
"AGTRAP",59,47,62,105,45,57,43
"MTHFR",285,222,476,594,277,454,194
"FAM177B",12,4,37,13,39,27,6
"SLC44A5",0,0,0,9,12,73,0
"FAM229A",63,86,68,132,71,63,71
"THAP3",24,17,53,90,37,52,25
"FCGR2B",18,29,188,151,119,96,50
"PPM1J",9,6,10,32,15,13,12
"TCHH",6,7,22,3,8,14,14
"PMF1",146,140,153,207,105,174,80
"NFYC",415,264,416,446,313,493,232
"SPOCD1",5,7,19,27,7,12,3
"MOB3C",106,108,218,365,169,287,140
"SRSF11",992,327,1118,946,869,1644,828
"LINC03108",0,1,2,8,0,15,0
"LNCATV",10,14,4,8,2,12,1
"GPR137B",57,15,70,60,39,86,51
"ERO1B",254,124,219,181,155,272,304
"C2CD4D",17,88,35,58,28,9,6
"MTARC2",41,86,44,91,15,53,26
"MTARC1",11,41,49,136,24,108,6
"ATPAF1",391,190,237,233,201,313,382
"SRGAP2B",205,119,288,402,196,378,247
"RGS16",27,30,14,36,10,92,9
"SARS1",264,196,359,476,299,483,210
"CELSR2",155,319,176,419,113,132,50
"PSRC1",63,51,68,67,62,43,40
"SORT1",426,196,351,544,240,554,346
"PSMA5",298,135,208,124,99,381,182
"ZBTB37",1202,670,1049,774,899,1164,992
"UAP1",66,73,65,162,40,377,72
"PYHIN1",14,6,54,48,26,50,27
"IFI16",893,811,1092,793,630,1628,1122
"AK2",618,563,666,810,560,700,563
"C1QA",57,11,90,137,48,123,16
"C1QC",122,84,231,291,97,371,69
"C1QB",110,72,181,354,133,398,64
"CD46",1051,906,873,934,523,1033,874
"RN7SL326P",1,0,0,4,3,0,4
"G0S2",10,6,20,86,5,170,45
"HSD11B1",11,3,12,25,8,23,4
"ADORA2BP1",2,0,5,2,1,3,0
"TRAF3IP3",1021,205,899,518,1048,944,771
"C1orf74",4,3,0,1,0,3,0
"IRF6",221,858,144,188,82,240,236
"UTP25",124,185,129,181,73,168,56
"RIMKLA",23,35,9,23,8,9,8
"ZMYND12",3,2,2,3,2,4,3
"YARS1",315,212,376,320,278,432,316
"DCAF8",1092,1078,891,790,784,826,1062
"RPSAP18",8,9,9,16,13,10,3
"PEX19",261,300,210,300,171,274,165
"NHLH1",5,22,10,5,13,9,8
"SLAMF6",112,22,187,77,128,148,57
"CD84",540,163,632,457,492,708,429
"COPA",1521,1292,1263,1403,1031,1817,1786
"SPRR1A",0,0,2,0,6,8,4
"INAVA",55,49,84,85,35,27,81
"MIR7856",3,1,1,0,3,4,6
"CLCA2",1,4,7,7,4,12,9
"MIR4753",4,6,3,0,3,7,4
"PFN1P8",75,78,53,128,73,10,42
"PRKAB2",261,199,152,144,108,148,93
"RNVU1-27",27,3,80,13,33,124,28
"NUDT4B",248,207,205,211,133,307,251
"SLC25A34",13,22,27,50,23,12,0
"FBLIM1",15,223,36,186,16,96,29
"NBPF2P",7,3,9,15,7,15,4
"HS6ST1P1",16,8,22,21,1,7,4
"NBPF3",25,57,179,166,95,91,58
"RAP1GAP",6,15,12,20,5,9,2
"USP48",597,205,595,448,458,769,465
"CCDC30",115,116,117,152,100,75,26
"MATN1",4,0,1,3,2,6,2
"SFPQ",3975,1547,3851,2948,3042,5478,3005
"NT5C1A",2,2,6,11,3,15,0
"PPIE",150,79,196,265,132,332,136
"BMP8B",31,22,43,77,35,38,32
"OXCT2",15,0,22,13,19,19,28
"TRIT1",251,141,230,222,192,244,258
"MFSD2A",17,22,22,19,17,24,9
"DNAI3",1,10,21,4,9,10,2
"MCOLN3",91,441,128,161,90,106,39
"SYDE2",23,10,23,38,10,31,15
"ATP8B2",465,260,615,721,487,577,306
"RUSC1",188,181,228,362,172,207,132
"ARHGEF2",1014,544,1281,1541,1147,1105,1143
"FCRL5",45,5,159,110,89,201,75
"FCRL4",1,0,2,0,2,7,1
"FCRL3",35,0,91,26,35,64,30
"FCRL2",10,1,75,20,55,56,21
"SPATA46",9,36,6,9,3,4,6
"C1orf226",18,98,14,36,8,15,6
"SH2D1B",5,11,2,1,1,5,2
"UHMK1",889,715,494,282,271,726,522
"DDR2",35,84,257,868,65,944,152
"RASAL2",253,116,180,334,91,266,50
"C1orf220",16,21,36,32,29,25,8
"RNA5SP69",3,0,1,8,3,3,0
"ENAH",1201,3551,320,702,239,451,272
"GFI1",826,160,702,475,552,682,807
"UQCRHL",34,39,45,58,60,33,47
"COX20",196,225,171,186,203,171,174
"IL12RB2",70,261,93,164,72,79,62
"ALPL",12,8,10,37,14,76,20
"IL10",6,1,1,7,5,41,2
"CFH",23,36,52,155,60,118,80
"KIF1B",408,269,517,684,339,719,278
"CTPS1",465,206,329,316,286,480,214
"AGT",27,11,21,34,6,37,14
"EIF3I",263,177,292,412,197,422,175
"CFAP141",0,0,3,2,4,6,0
"C1orf43",381,755,358,401,222,486,262
"BSDC1",549,450,629,946,535,673,440
"RPL5P4",20,24,42,29,32,39,38
"LAMTOR2",46,65,55,53,44,65,22
"LCK",1443,311,1360,797,1124,1763,663
"ARHGEF16",8,3,21,49,5,8,3
"MIR551A",2,4,0,7,0,3,0
"TPRG1L",141,105,83,216,56,184,47
"WRAP73",100,66,148,154,124,133,84
"TP73-AS3",0,5,8,6,4,3,2
"TP73-AS2",1,4,14,65,8,1,0
"MEGF6",266,148,431,1015,213,324,110
"RSBN1",257,90,226,185,150,328,198
"PTPN22",284,17,211,87,109,481,176
"BCL2L15",34,30,34,30,23,30,39
"HIPK1",2599,740,2136,1651,1899,2549,2331
"DCLRE1B",65,44,44,62,40,78,47
"LDHAP2",32,11,26,19,32,35,35
"MIR1537",13,0,17,10,10,4,6
"RNU6ATAC18P",1,0,4,10,8,4,1
"HNRNPCL1",0,1,3,3,3,1,1
"RNU6-1072P",0,0,4,1,5,0,6
"IL23R",0,0,6,1,0,7,0
"LRRC38",7,2,15,10,35,10,3
"LYST",3105,1228,2935,1879,2769,3514,1856
"TACSTD2",5,9,38,40,13,56,18
"MYSM1",974,345,771,706,522,994,760
"FBXO2",76,75,40,109,23,42,13
"FBXO44",72,143,97,212,70,74,39
"FBXO6",21,9,19,21,11,24,18
"DRAXIN",9,10,11,9,11,6,8
"RPF1",97,25,79,50,53,160,54
"GNG5",118,39,95,90,67,104,95
"CTBS",48,15,75,59,35,101,50
"SSX2IP",213,81,148,88,103,128,195
"PRAMEF19",0,0,0,18,0,1,0
"FAM72B",127,62,77,55,82,72,55
"ZBED6",78,66,95,165,105,103,76
"SLC2A1",156,479,215,130,120,233,197
"KCNA3",1875,336,1289,913,1068,1695,1473
"ZC3H11B",106,54,97,102,78,70,70
"NCF2",46,44,80,167,70,390,47
"ALG6",148,29,78,49,52,132,81
"PEBP1P3",96,39,92,47,74,77,61
"MSTO1",145,104,214,285,169,150,43
"RORC",1678,491,1916,1124,2580,1594,1858
"CAPN2",369,486,563,1245,310,672,159
"ACTBP11",3,3,23,17,21,21,12
"CICP5",46,80,70,101,46,9,21
"TP53BP2",311,494,311,332,259,575,288
"RGS13",2,0,1,6,2,28,7
"RGS2",66,25,27,53,25,922,44
"HAX1",151,318,136,279,135,240,78
"GLMP",59,108,70,112,74,97,23
"CRYBG2",17,4,29,32,42,33,16
"TTC13",218,81,245,196,219,336,218
"ARV1",62,82,44,48,56,89,37
"TMEM234",85,37,126,165,99,130,30
"GADD45A",84,63,62,65,58,173,70
"GNG12",163,172,97,231,47,212,93
"RNU7-80P",2,14,5,10,0,3,1
"WLS",35,54,138,324,69,279,47
"ESRRG",80,335,19,48,30,28,10
"CHRNB2",25,85,47,47,36,45,27
"KCNN3",84,188,67,147,48,116,35
"LORICRIN",3,0,6,0,1,2,3
"PGLYRP3",0,0,6,2,1,8,1
"PGLYRP4",0,0,11,0,5,5,7
"S100A9",11,4,110,34,33,952,37
"S100A12",4,0,3,1,5,111,3
"S100A8",13,2,65,14,25,688,48
"S100A7",0,0,7,0,1,6,1
"NBPF8",362,240,761,811,520,733,192
"TNFRSF18",4,3,8,6,5,7,7
"SDF4",327,201,373,535,240,406,205
"B3GALT6",106,31,82,118,48,77,30
"C1QTNF12",5,5,8,13,2,3,7
"UBE2J2",347,136,306,449,242,330,238
"PLEKHO1",367,161,430,509,386,475,383
"ANP32E",589,496,416,380,341,713,681
"CA14",20,67,38,50,30,44,40
"APH1A",332,383,252,396,210,407,254
"C1orf54",14,11,15,21,15,33,9
"CIART",8,88,11,34,4,9,6
"MRPS21",131,233,147,177,136,231,69
"PRPF3",540,672,736,868,719,917,510
"ACAP3",521,1048,548,831,315,346,235
"INTS11",377,317,527,755,336,399,218
"CPTP",52,77,85,108,55,59,15
"TAS1R3",31,30,27,58,21,15,13
"DVL1",89,97,109,267,52,93,30
"MXRA8",93,182,167,594,121,242,59
"AURKAIP1",97,48,67,112,42,105,27
"NDUFB4P8",0,3,1,1,5,2,1
"TMEM222",195,99,206,272,158,213,83
"RNU6-48P",25,0,174,13,92,26,152
"ACTG1P20",4,7,6,5,2,8,0
"SYTL1",306,507,426,581,244,318,208
"MAP3K6",35,120,96,226,85,151,39
"CD164L2",0,8,5,9,2,3,2
"VPS45",320,314,347,314,274,306,210
"IL6R",138,1569,240,545,126,506,121
"ACADM",322,88,312,343,249,303,292
"ZBTB18",749,550,640,447,526,685,465
"TMEM201",198,125,158,213,104,142,80
"PIK3CD-AS1",114,7,96,49,72,63,83
"CLSTN1",817,848,976,1764,632,1345,627
"MZT1P1",8,0,8,2,5,3,8
"CTNNBIP1",119,123,87,124,54,130,54
"LZIC",203,141,140,184,109,183,149
"RN7SKP269",13,14,15,14,13,12,5
"TMEM274P",22,14,26,24,23,10,9
"PDZK1",87,101,95,72,100,91,80
"CD160",50,177,40,66,75,55,39
"RNF115",556,724,561,490,484,689,510
"POLR3C",311,433,310,370,292,353,199
"PIK3CD",680,139,692,597,445,794,316
"SLC25A38P1",2,5,3,0,5,2,1
"FASLG",0,1,4,10,2,4,2
"NBPF9",681,500,667,1153,530,664,371
"RNU1-154P",9,0,3,0,0,2,1
"NBPF20",3643,747,2680,4051,1915,2823,773
"NBPF12",953,863,1552,1835,1497,1594,520
"VAMP3",167,70,165,203,89,290,100
"PER3",102,185,204,782,36,197,59
"UTS2",1,0,3,0,0,0,8
"TNFRSF9",22,8,47,26,29,56,33
"PARK7",250,170,230,286,201,392,167
"ERRFI1",36,117,263,388,227,1030,107
"CMPK1",325,152,221,218,139,371,333
"C1orf127",1,0,0,11,3,0,0
"SLC2A3P2",11,6,19,71,8,24,17
"RNU6-1176P",3,0,5,10,3,2,3
"MIR3671",2,0,6,5,5,10,0
"FCGR2A",43,47,97,118,37,218,82
"SERTAD4",29,12,23,50,5,41,18
"ST13P19",4,3,1,4,3,1,2
"RPS29P7",0,0,1,3,3,2,2
"DPH2",40,42,58,66,37,66,28
"JAK1",1780,473,1770,1596,1397,2748,1333
"SETSIP",0,3,6,5,4,2,7
"BCL10",86,27,88,62,62,151,48
"UBE2T",43,12,48,17,35,68,34
"CFHR1",0,5,8,7,3,7,0
"CFHR4",9,3,6,1,4,1,0
"RPL17P5",1,0,3,0,5,3,5
"FCGR3A",34,95,82,21,50,113,41
"FCGR3B",5,6,19,32,12,375,4
"NUAK2",42,22,64,87,23,77,30
"KLHDC8A",1,5,4,2,7,7,0
"SNRPGP10",4,0,6,0,2,11,5
"NCSTN",530,387,606,563,450,699,392
"LINC02942",3,9,2,4,2,1,0
"CD55",165,71,144,148,88,1022,129
"CR2",103,33,150,64,125,292,53
"CR1",85,11,195,84,175,635,74
"CR1-AS1",5,5,3,1,5,15,2
"SYT14",2,0,6,3,3,12,6
"AGO1",905,559,837,1018,738,931,817
"AGO3",870,569,808,772,504,859,531
"RNU6-171P",6,22,19,39,13,7,9
"PBX1-AS1",13,22,16,40,7,17,6
"WNT9A",27,234,22,121,9,49,14
"MIR5008",1,12,0,7,0,5,1
"CICP26",6,16,34,34,15,3,4
"ARF1",821,896,719,919,460,1095,477
"PBX1",584,2151,698,1855,427,954,383
"CHCHD3P3",1,3,1,1,1,4,1
"NPM1P39",9,25,25,15,21,3,15
"WDTC1",662,372,720,845,545,705,446
"WASF2",1451,995,1637,2433,1555,2284,1203
"FCN3",0,4,1,7,2,3,0
"PLA2G2A",3,1,1,56,1,25,5
"OR2AK2",4,20,3,1,6,4,1
"FCRLB",1,3,0,9,1,1,0
"PRSS38",3,45,3,9,2,4,0
"OR10R2",26,0,20,3,15,11,14
"OR2L13",0,18,5,1,1,0,0
"NOTCH2NLR",109,35,103,137,89,60,72
"PRAMEF18",0,0,3,54,0,2,0
"TTC34",78,33,157,168,99,72,30
"NBPF14",1224,517,1881,3071,1051,2797,536
"TAF5L",162,181,171,162,145,215,102
"TNFRSF4",12,4,11,10,5,13,3
"NFIA",2011,2347,2056,4008,1314,2508,1505
"AKR1D1P1",8,7,3,5,3,3,2
"CREG1",73,141,114,179,72,165,86
"CD247",1939,427,1988,1095,1511,1883,2090
"MASP2",134,82,157,195,139,165,136
"AXDND1",5,18,8,9,2,5,5
"HNRNPA1P54",14,20,14,15,13,11,23
"CEPT1",375,116,311,280,250,426,342
"ANGPTL7",61,73,63,56,47,66,51
"RNU6-291P",0,0,5,2,2,4,1
"RPL39P6",5,0,2,3,1,0,6
"UBIAD1",164,62,150,174,121,204,97
"UBE2V2P3",18,1,6,4,6,8,21
"ZNF687",230,295,278,423,248,322,159
"PI4KB",420,590,635,836,522,648,285
"RN7SL444P",10,4,7,8,4,6,3
"RFX5",484,327,481,416,441,489,350
"SELENBP1",21,32,80,319,33,158,11
"PSMB4",358,305,256,291,206,494,213
"RNY4P25",16,6,15,11,7,7,9
"CGN",16,14,23,22,15,18,10
"TUFT1",42,15,25,47,12,43,16
"RPS6KA1",169,169,237,219,171,305,110
"OR4F29",18,6,3,6,5,8,10
"DHDDS",431,335,518,688,512,545,270
"TARDBP",938,494,910,1035,787,1032,924
"NSRP1P1",14,10,34,30,34,24,14
"HSPE1P25",12,2,14,5,6,12,14
"NEXN-AS1",14,11,21,21,18,9,12
"NEXN",21,36,51,96,43,87,28
"DNAJB4",109,78,85,81,73,146,49
"FUBP1",1090,760,1072,1012,1084,1594,941
"NPR1",5,28,64,309,25,138,15
"INTS3",813,1227,997,1693,1043,925,335
"SLC27A3",44,174,98,239,71,124,26
"GATAD2B",1965,1571,1543,1397,1502,1971,2638
"KCND3",12,47,57,126,26,83,39
"KCNH1",23,71,33,30,16,17,11
"PRELID1P5",0,5,0,3,2,2,1
"GNB1",1363,764,1142,1279,824,1567,865
"GSTM4",39,16,53,141,45,44,22
"GSTM1",2,10,6,11,3,60,17
"GSTM5",7,8,26,160,33,89,10
"GSTM3",19,11,51,197,31,106,31
"EPS8L3",1,7,5,18,2,2,0
"MTND1P23",818,395,1979,1164,702,1978,1083
"MTND2P28",2858,1259,2916,2565,1257,5919,1890
"MTCO1P12",6995,4525,6163,6404,3375,8596,3659
"MTCO2P12",201,60,334,41,214,252,276
"MTATP8P1",4,4,21,11,12,19,3
"MTATP6P1",2610,1882,2657,2821,1598,3784,2022
"MTCO3P12",229,148,328,372,275,246,280
"WBP1LP6",3,8,3,3,3,0,0
"OR4F16",13,7,3,5,4,6,6
"CICP3",50,45,86,111,53,28,16
"CICP21",21,26,33,51,22,8,7
"GYG1P3",3,0,4,1,5,4,4
"USP24",1395,447,1586,1089,1146,2251,1311
"ODF2L",576,170,505,403,379,588,561
"PERM1",5,0,13,18,9,4,5
"KIRREL1",276,117,325,856,150,493,304
"KIRREL1-IT1",16,4,27,47,13,26,48
"ELL2P1",16,5,5,5,6,12,9
"CD1D",325,48,272,222,194,299,370
"RERE-AS1",63,38,62,67,53,40,55
"RPL7P11",49,26,35,13,29,30,29
"RPL7P7",24,6,37,11,29,24,26
"ENO1",956,780,936,953,593,1794,817
"CA6",36,5,23,0,9,17,4
"RERE",1134,983,1438,2402,1254,1776,889
"RIT1",214,147,153,150,138,249,215
"HNRNPU",4679,3808,3978,3123,3101,5830,4941
"SPEN",1651,1517,2131,2916,1883,2804,1491
"PRKCZ-AS1",24,23,28,52,44,34,20
"FAAP20",220,181,301,467,198,227,125
"SKI",399,463,554,1221,299,805,238
"WDR26",1240,1108,981,921,839,1378,1220
"RNVU1-2",9,7,84,16,57,14,126
"CYCSP4",5,1,10,4,10,6,8
"RPS27P8",55,25,123,92,65,81,87
"SYT2",44,95,94,198,87,99,14
"KDM5B",1426,799,1036,709,830,1297,1472
"PPP1R12B",805,827,1120,1785,794,1503,775
"FAM20B",263,445,238,302,178,383,201
"TOR3A",111,170,145,121,139,187,82
"ABL2",446,582,390,390,331,919,356
"SETP10",20,1,11,6,11,25,16
"EIF4A1P11",17,2,8,8,8,9,5
"GPR3",3,24,2,7,3,26,4
"ACTN2",0,2,8,32,7,24,5
"FAM163A",134,137,79,55,74,98,137
"TOR1AIP2",681,1005,614,735,490,694,565
"RN7SL230P",2,0,18,8,6,7,13
"RPSAP16",10,0,10,1,3,8,3
"QSOX1",120,176,144,236,104,247,63
"LHX4",99,180,106,106,113,106,48
"SH3GLB1",379,183,393,373,197,668,395
"KMT2CP2",7,0,1,4,0,0,2
"CROCCP2",5,1,3,8,5,2,2
"PPIEL",5,3,9,13,6,9,2
"FAAHP1",1,2,0,4,5,0,1
"PDE4DIPP6",4,0,15,4,5,7,4
"TPM3",1357,856,1277,1091,956,1892,969
"CLIC4",416,235,200,279,302,609,369
"RNU6-1208P",6,3,1,1,0,2,0
"SRRM1",788,534,865,1054,720,1280,724
"PRELP",29,75,133,811,65,508,60
"ATP2B4",1383,1001,1416,2296,1242,1941,1034
"CAPZB",1989,1433,1867,2026,1605,2470,1613
"MICOS10",103,53,79,106,74,75,41
"RNU4-28P",0,8,2,1,0,2,0
"NBL1",39,434,185,935,99,280,67
"HTR6",2,28,7,24,8,9,2
"RUNX3",169,120,265,190,178,315,118
"RUNX3-AS1",14,12,22,7,15,17,6
"CDC42",820,183,727,735,621,807,708
"RNU6-487P",1,3,2,0,0,2,7
"FMOD",20,49,107,292,50,205,74
"RNVU1-29",6500,7165,10070,16397,10500,6743,17417
"RNVU1-25",1,4,4,4,3,26,0
"HYDIN2",15,108,126,365,81,133,20
"FMO5",34,80,48,62,45,38,18
"CCT8P1",17,16,13,14,12,22,13
"RPL7AP15",5,2,3,8,7,3,0
"CHD1L",40,25,30,13,31,29,27
"TRABD2B",8,7,43,84,49,70,11
"LINC02794",6,0,3,2,4,3,1
"SLC5A9",28,147,32,103,40,94,13
"SPATA6",128,111,87,195,60,153,41
"PPP1R8P1",3,9,12,28,9,16,0
"COL11A1",6,249,5,4,0,6,0
"EPS15",742,219,681,669,484,1046,705
"PHC2",251,154,327,481,231,551,179
"EPB41",2526,869,2239,1624,2024,2856,2463
"BTG2",2954,3257,2336,2471,2641,6000,2779
"CHD5",65,37,25,45,19,4,9
"RPL22",650,171,313,369,229,553,362
"RNF207",26,93,124,342,48,64,26
"ICMT",282,288,222,386,152,303,108
"GPR153",58,44,56,152,23,63,23
"HES2",0,7,5,12,0,0,2
"PTBP2",665,187,509,374,416,631,793
"MIR200B",0,0,2,16,0,5,0
"MIR200A",2,3,7,8,2,2,1
"MIR429",1,2,7,14,2,1,3
"TTLL10",8,6,11,25,6,3,7
"PUSL1",44,38,25,51,21,31,10
"TMEM88B",17,0,0,7,2,4,0
"PDE4DIP",263,219,713,927,396,576,188
"RGS4",3,5,4,3,3,14,5
"UBE2V1P13",21,3,4,4,2,2,9
"CENPF",1886,1320,1076,512,1171,1459,1380
"ENTREP3",65,117,60,139,53,31,22
"UBXN10",4,2,5,12,6,12,6
"SSBP3",1282,691,926,908,710,1142,879
"NUP210L",49,45,35,41,75,66,39
"EVI5",132,98,147,246,52,181,58
"GUK1",575,600,612,885,445,617,311
"IFFO2",163,63,143,231,65,220,166
"NTRK1",18,176,24,17,13,22,3
"ACOT7",116,145,53,71,38,58,16
"ESPN",52,219,22,40,23,13,11
"CACNA1E",6,7,4,8,3,11,4
"ZNF648",0,11,0,1,1,2,0
"RAVER2",180,95,99,102,73,146,66
"SPATA1",57,13,49,40,31,55,24
"UBAP2L",960,1399,1022,1343,888,1371,647
"AHCYL1",479,325,397,507,342,673,454
"STRIP1",347,171,386,480,346,396,222
"TTLL7-IT1",1,0,6,6,1,6,4
"PRKACB",734,97,421,149,267,636,455
"TXN2P1",7,11,8,7,8,5,8
"ST6GALNAC3",11,3,5,11,1,15,11
"TPI1P1",20,49,21,37,14,17,39
"NTPCR",199,319,233,317,194,182,167
"PCNX2",253,500,493,511,317,416,128
"RPS7P3",2,0,5,1,1,4,10
"MAP3K21",10,19,14,37,13,12,4
"KCNK1",1,22,2,11,2,10,1
"ADORA1",4,7,5,12,1,2,6
"CYP4B1",1,7,38,81,36,70,3
"TUBAP8",2,3,6,9,5,8,3
"CYP4A11",0,1,9,24,4,26,4
"NBPF19",86,16,117,101,101,34,75
"AZIN2",78,53,118,131,66,80,71
"GBP6",24,3,23,58,5,21,9
"KCNAB2",716,252,957,610,572,985,452
"POGZ",1368,1667,1583,2275,1439,1891,1024
"FNBP1L",121,130,118,208,107,181,95
"JUN",332,440,231,613,133,2380,211
"CAMTA1",160,120,198,166,132,266,153
"BSND",3,1,3,1,2,6,1
"ATAD3B",265,307,239,382,159,171,84
"TMEM240",9,3,6,17,3,9,2
"PTGER3",9,0,32,105,19,44,19
"KIAA2013",163,79,136,224,99,161,46
"AIRIM",75,53,74,84,73,68,41
"CDCA8",254,92,125,77,136,210,140
"EPHA10",7,1,5,1,2,1,2
"MANEAL",13,6,7,20,6,11,1
"YRDC",43,14,31,35,35,64,26
"C1orf122",19,24,21,38,21,36,6
"MTF1",208,150,199,318,221,346,142
"INPP5B",374,134,432,352,272,607,247
"RNU6-584P",3,0,3,5,4,0,2
"DMAP1",453,189,439,548,446,392,336
"ERI3",187,108,167,239,156,198,86
"ERI3-IT1",41,28,38,25,28,16,10
"RNF220",313,171,401,419,378,378,266
"ZYG11A",9,2,19,6,9,8,9
"ECHDC2",521,886,898,2178,832,652,422
"SCP2",273,153,217,242,136,360,214
"H3P2",4,0,0,1,2,1,3
"RRAS2P1",0,1,2,9,3,1,2
"PODN",42,53,119,535,100,480,68
"SLC1A7",11,7,22,65,7,24,5
"TM2D1",365,138,310,254,282,309,295
"LRRC39",9,0,13,10,7,26,3
"AMY2B",133,341,256,325,204,298,98
"TRIM33",766,275,618,465,511,919,732
"EIF2S2P5",27,7,14,11,8,12,8
"BCAS2",41,20,36,40,23,93,22
"DENND2C",2,24,31,78,12,48,15
"HDGF",1046,1484,870,988,802,1358,1009
"CHTOP",711,488,669,565,454,726,465
"FAM78B",8,80,21,29,5,34,1
"FAM78B-AS1",1,9,7,3,1,7,0
"SUCO",352,280,265,204,160,429,255
"RABGAP1L-IT1",20,13,21,16,7,30,11
"CACYBP",193,135,132,113,118,193,145
"MRPS14",192,178,154,177,164,160,200
"TNN",0,1,8,9,2,5,0
"KIAA0040",194,195,292,317,249,553,220
"LINC01657",0,1,2,2,4,3,0
"TNNI1",0,1,10,22,5,8,6
"LMOD1",8,31,99,633,29,348,17
"TIMM17A",142,160,81,104,52,142,78
"RNPEP",123,214,124,257,68,180,73
"NENF",45,103,55,142,31,86,34
"ATF3",166,105,29,65,7,1288,63
"BATF3",5,3,15,25,14,36,3
"FBXO28",241,258,150,109,108,210,145
"DEGS1",73,179,80,107,55,186,57
"CNIH3",20,94,43,35,12,28,7
"TSNAX",183,246,170,135,120,170,202
"TSNAX-DISC1",5,7,4,2,7,3,1
"DISC1",114,40,87,115,125,151,55
"LYPD8",1,2,0,0,2,6,0
"FNDC5",37,15,26,60,32,14,9
"GPR161",150,451,96,197,88,82,41
"TIPRL",220,86,84,70,80,155,104
"PLXNA2",632,3100,478,1850,414,558,91
"RNA5SP20",6,8,11,7,1,11,11
"RN7SL370P",18,7,21,25,20,15,21
"USP33",537,145,511,326,325,593,428
"MIGA1",227,166,167,231,144,196,140
"GNAI3",342,97,295,266,169,511,274
"CSF3R",35,49,62,178,63,1067,48
"MYCL",44,13,57,42,41,33,9
"LINC01355",460,203,332,337,258,199,337
"HNRNPR",1253,786,1055,1054,942,1702,1140
"ZNF436",94,80,143,407,87,178,120
"TCEA3",9,39,69,279,34,59,19
"ASAP3",17,41,42,202,20,66,30
"RPL23AP23",51,17,44,25,29,31,66
"GGPS1",46,69,51,47,23,54,44
"B3GALNT2",324,339,170,283,139,194,215
"DNAJC8",353,249,272,297,263,551,269
"ATP5IF1",173,134,172,198,213,161,123
"SESN2",81,98,61,104,42,87,38
"MED18",45,29,43,67,43,51,21
"SLC25A24",77,31,87,77,66,135,72
"NBPF6",0,2,1,5,5,0,0
"NBPF26",777,243,825,1427,520,1133,385
"NBPF1",295,148,356,758,326,266,78
"HDAC1P2",0,9,13,15,5,5,1
"PDIA3P1",14,38,31,31,28,43,17
"KIF28P",13,13,6,9,1,4,6
"PTPRVP",4,12,16,21,7,7,3
"MINDY1",27,72,79,278,57,145,21
"F11R",213,605,166,184,103,177,160
"YIPF1",85,15,96,78,54,124,60
"DIO1",28,21,19,29,15,23,21
"IFT25",111,39,82,71,52,105,75
"LRRC42",52,41,46,44,17,62,32
"HNRNPA3P12",6,7,5,10,8,7,7
"TMEM59",361,246,256,374,217,526,239
"COX7BP3",3,0,3,2,1,1,2
"LAPTM5",533,151,671,512,454,1202,424
"MIR4420",1,0,0,3,0,10,3
"RN7SKP91",1,0,5,4,5,2,7
"SDC3",230,80,198,407,152,317,106
"PUM1",961,603,919,1062,867,1358,767
"SNRNP40",243,106,218,168,154,249,148
"ZCCHC17",84,63,84,82,57,125,62
"FABP3",43,30,78,88,55,69,41
"SERINC2",84,66,35,86,78,65,24
"LDC1P",626,148,376,300,465,400,189
"TP73",38,148,134,543,56,59,24
"CCDC27",4,0,1,11,3,2,3
"MAN1C1",200,227,281,434,202,372,152
"EXTL1",5,2,7,5,2,2,4
"SLC30A2",1,4,6,8,2,1,0
"PDIK1L",101,22,60,39,47,85,86
"FAM110D",7,4,22,38,5,41,4
"ZNF593OS",1,2,8,5,3,3,1
"CNKSR1",21,71,30,89,15,29,7
"GPR61",13,6,16,11,26,11,13
"USP21",187,187,174,272,180,177,144
"KIFAP3",168,96,125,138,81,205,61
"RN7SL269P",6,15,14,13,5,1,3
"RN7SKP160",4,1,11,9,9,7,4
"RC3H1",744,615,897,844,846,1246,584
"CEP350",1594,1453,1654,1219,1320,2132,1437
"KIAA1614",146,1269,151,248,185,117,72
"ADAR",2352,4400,2884,2691,1887,3257,2088
"AP4B1",179,32,184,188,186,174,122
"CDC73",472,464,445,478,348,654,391
"SOX13",45,43,115,351,50,138,21
"ETNK2",16,15,15,26,11,15,9
"REN",1,0,7,25,3,3,2
"PLEKHA6",75,28,87,231,44,105,13
"LYPLA2",252,285,133,185,115,151,87
"CEP170",626,489,636,527,496,895,607
"CACNA1S",0,0,3,4,1,2,2
"LMNA",246,1053,298,1201,107,2698,126
"PCSK9",1,3,0,3,1,1,2
"MIR4422HG",94,2,23,34,99,95,77
"TOR1AIP1",240,181,224,301,145,450,196
"DEPDC1",110,36,42,15,33,52,69
"TNR",5,1,4,6,14,27,8
"RYR2",10,5,48,118,15,49,15
"SDHC",243,279,143,209,204,290,179
"ACKR1",29,0,76,134,20,156,53
"SCAMP3",142,249,161,205,122,165,87
"TLR5",20,71,52,107,42,42,4
"MTOR",964,797,999,1054,805,1107,485
"PMVK",50,100,51,85,35,60,16
"GOT2P2",3,1,6,2,3,5,2
"TNFSF4",55,28,48,74,63,81,40
"PRDX6",191,182,175,315,142,438,159
"SLC9C2",3,0,0,1,1,3,3
"ANKRD45",1,0,13,7,29,22,1
"SNORA59A",13,5,17,16,15,19,22
"DHRS3",176,48,185,422,241,413,164
"TMEM125",2,7,4,6,2,2,0
"C1orf210",7,0,7,19,2,9,5
"TIE1",29,40,105,229,55,100,31
"YY1AP1",1354,1779,1451,1664,1455,1556,2034
"GSTM2",118,69,264,988,150,391,132
"RNF2",62,26,57,43,39,106,48
"FTH1P25",12,6,3,6,6,2,6
"TRMT1L",107,136,98,81,82,153,51
"TSEN15P2",16,0,9,4,11,9,12
"RAB3B",13,14,17,34,16,18,21
"TXNDC12",40,29,31,38,35,21,28
"KTI12",12,1,17,5,6,19,9
"TXNDC12-AS1",21,4,10,13,13,14,18
"RBBP5",290,305,241,185,160,284,168
"NUCKS1",2583,2753,1423,1509,1228,2755,2392
"RAB29",54,91,95,93,67,102,78
"SLC41A1",179,160,193,360,164,435,384
"PM20D1",2,10,10,29,52,76,10
"TTLL10-AS1",2,1,1,14,2,0,2
"MTOR-AS1",39,32,31,11,25,23,29
"CROCCP3",164,77,156,211,121,104,84
"DSTYK",317,905,317,331,221,360,192
"RPL17P8",19,23,11,16,8,3,8
"TMCC2",64,418,50,59,23,35,21
"TMCC2-AS1",2,27,1,3,6,0,0
"BLACAT1",5,0,5,2,0,2,3
"MFSD4A",45,34,58,61,48,75,71
"RNU6-418P",7,8,8,9,7,8,13
"ELK4",1747,1502,1383,1005,1107,1778,1588
"SLC45A3",15,14,8,40,9,25,10
"SDHB",105,52,121,108,73,166,43
"TNNT2",1,2,9,18,7,7,6
"NECAP2",299,111,365,401,286,329,248
"PDE4DIPP2",35,35,135,168,40,63,17
"DPT",3,6,86,399,12,143,33
"KCNJ10",37,17,32,11,20,41,17
"PIGM",219,232,140,162,111,165,110
"KCNJ9",19,11,37,25,32,29,37
"IGSF8",101,96,134,231,80,111,64
"ATP1A2",17,8,184,510,49,439,53
"ATP1A4",0,0,2,5,2,1,1
"CASQ1",8,21,9,8,8,10,8
"PEA15",287,1115,403,827,265,654,288
"SLC22A15",9,25,18,30,22,52,11
"ZNF669",52,61,50,47,40,84,42
"NLRP3",13,1,35,59,5,169,9
"ARHGEF11",146,763,243,700,124,323,83
"ALG14",55,34,44,43,26,39,16
"SLC16A1",133,47,100,90,53,163,83
"LRIG2",544,210,452,485,291,490,334
"DUSP10",49,38,69,74,41,159,30
"RHEX",5,0,9,21,6,14,4
"CD53",610,75,694,309,751,1107,424
"WARS2-AS1",257,196,364,408,302,261,136
"RPL6P2",12,6,13,14,6,7,6
"LINC01780",2,0,5,12,3,9,5
"HAO2",65,2,52,25,70,59,40
"HAO2-IT1",2,0,1,4,2,5,3
"HSD3B2",10,5,8,7,5,3,3
"RNVU1-22",0,2,1,3,0,6,2
"CLK2",234,167,355,412,299,368,171
"LINC01362",3,4,5,16,3,8,5
"PROX1",2,0,13,23,5,15,6
"SMYD2",242,307,276,294,198,278,182
"RAB4A",156,107,89,113,90,158,78
"RWDD3",48,29,47,31,40,36,21
"DPYD",389,68,475,379,367,694,234
"DPYD-AS1",46,9,38,20,16,36,34
"DPYD-IT1",3,0,5,3,6,7,2
"SEC63P1",27,9,24,13,10,27,26
"RPL26P9",13,0,6,3,2,3,5
"DPYD-AS2",23,0,14,6,11,10,12
"GOT2P1",0,0,1,4,7,6,3
"MTCO2P34",0,0,2,1,5,1,6
"RN7SKP291",4,1,1,8,8,8,11
"TBX15",5,5,9,42,9,27,2
"WARS2-IT1",18,16,29,29,8,13,4
"RBMX2P3",2,0,5,7,6,7,1
"RPS3AP12",3,2,9,5,5,8,1
"SFT2D2",1183,663,850,918,625,1081,664
"TBX19",64,83,79,71,68,37,75
"EDEM3",673,343,462,289,334,560,494
"ALDH4A1",295,495,102,244,71,189,42
"RN7SL180P",1,3,1,6,1,0,2
"L1TD1",1,4,7,12,0,6,2
"KANK4",24,5,52,197,31,30,13
"MAD2L2",143,50,97,95,81,113,81
"ITGB3BP",166,43,111,72,82,118,91
"EFCAB7",97,49,75,62,53,89,54
"RN7SL488P",1,1,3,9,0,1,0
"RNU7-123P",6,0,1,1,0,4,0
"PGM1",65,37,92,124,53,184,81
"RN7SL130P",2,0,6,2,1,4,2
"DISC1-IT1",10,2,9,15,11,10,4
"CDC14A",121,15,137,187,93,185,88
"BCAS2P2",29,4,25,15,15,24,37
"GPR88",4,0,0,11,0,5,4
"PFKFB2",656,644,480,167,1602,1519,344
"YOD1",206,89,168,79,188,334,162
"C4BPB",7,3,6,4,3,14,5
"C4BPA",2,2,1,6,0,1,0
"ADAMTSL4-AS2",13,22,16,27,6,70,12
"RPRD2",698,1269,680,1025,658,1044,549
"ACBD6",205,280,258,373,230,253,70
"TMEM269-DT",11,1,7,6,5,7,6
"LINC02814",4,12,9,6,13,5,11
"TMEM78",2,7,1,1,1,1,0
"RAB4A-AS1",32,159,34,77,26,25,12
"BTBD19",78,165,78,262,54,197,31
"PTCH2",27,92,34,107,23,63,12
"ASH1L-AS1",174,317,144,195,142,105,134
"SLAMF1",982,176,1332,590,1243,1393,1001
"CD48",454,153,441,279,541,396,357
"SLAMF7",57,2,135,149,44,190,71
"LY9",237,34,320,155,265,350,154
"CD244",40,12,48,40,43,49,18
"ITLN1",0,0,2,25,1,3,1
"ITLN2",4,17,0,0,1,1,1
"TMCO1-AS1",24,22,23,37,33,23,6
"MGST3",132,301,132,262,95,210,44
"TMCO1",225,227,169,138,129,304,154
"UCK2",165,268,194,186,208,202,118
"APOA2",0,1,0,5,3,11,0
"PTPRC",4522,1055,4173,1872,3510,6343,5945
"ISG20L2",203,505,299,375,284,263,166
"HDAC1",754,346,649,624,635,884,721
"GAS5-AS1",23,69,33,52,24,32,25
"KLHL20",140,143,205,233,183,278,133
"RPS27P7",4,2,3,5,3,5,5
"LDLRAP1",180,194,311,569,254,206,111
"HMGN2",2871,708,1500,1139,1072,2591,1074
"IRF2BP2",465,1131,472,888,215,695,305
"LINC02961",7,0,4,0,2,2,0
"EPHA2",29,10,88,235,28,142,49
"ARHGEF19",18,9,55,172,36,39,10
"ANO7L1",1,3,4,7,3,4,3
"CPLANE2",18,9,16,31,12,20,3
"FBXO42",492,264,458,474,353,489,407
"SZRD1",381,322,371,523,255,527,253
"RPL22P3",9,2,10,11,4,17,7
"SPATA21",11,3,24,43,29,30,10
"FCRL1",31,3,146,25,167,146,35
"CD5L",77,0,30,3,34,37,21
"ATP1A1-AS1",339,149,422,436,422,556,226
"LINC01762",6,0,6,4,3,3,0
"CD58",29,9,40,35,41,60,28
"NAP1L4P1",6,0,8,8,4,13,4
"SWT1",114,120,91,58,72,183,56
"RPL22P24",9,8,3,1,1,2,10
"RPL5P5",3,4,1,0,1,3,2
"IVNS1ABP",699,1147,715,489,579,1467,506
"BEST4",17,60,19,26,13,10,3
"SH2D2A",129,443,204,152,198,203,68
"UBE2Q1",250,321,184,285,202,305,97
"ZMYM4-AS1",12,7,9,3,8,14,10
"KIAA0319L",1023,685,1149,1142,961,1092,909
"LRRC41",570,353,538,657,551,588,580
"UQCRH",209,204,160,173,137,251,179
"NSUN4",209,93,208,290,196,298,142
"FAAH",126,15,99,141,70,67,20
"LAX1",254,63,211,180,271,185,162
"CIMAP2",0,10,0,10,3,2,1
"DHCR24",58,84,96,154,55,166,42
"LINC01307",15,0,5,1,8,15,9
"DNM3OS",10,55,13,49,8,29,12
"IGSF21-AS1",8,2,5,5,7,12,0
"COA6-AS1",4,15,7,6,11,9,5
"LINC01562",2,0,3,8,3,1,2
"ELF3-AS1",53,87,39,79,47,37,62
"LINC01767",31,42,31,32,39,53,40
"PABPC4-AS1",36,0,13,7,12,21,14
"HIPK1-AS1",2,0,13,24,12,8,5
"NTRAS",1,5,0,1,2,1,1
"MMEL1-AS1",1,3,4,5,1,4,1
"ZNF436-AS1",20,55,44,179,49,19,26
"LINC02574",3,8,9,8,6,1,1
"NFIA-AS1",12,16,27,25,8,19,12
"RC3H1-DT",6,5,18,14,17,12,3
"LINC02795",27,1,28,20,24,18,13
"EFCAB14-AS1",1,2,1,7,3,8,7
"CD101-AS1",30,14,17,15,20,24,23
"LINC02818",1,6,1,5,1,8,2
"ITPKB-IT1",135,71,183,128,203,136,127
"THBS3-AS1",35,168,69,130,64,78,53
"INKA2-AS1",3,4,1,7,4,5,2
"LINC01359",71,46,128,388,67,134,87
"KCNC4-DT",12,28,21,18,12,13,6
"LRRC8C-DT",105,28,118,107,117,109,123
"CNN3-DT",37,41,39,73,28,38,30
"NFIA-AS2",1,1,7,15,1,2,1
"LINC01783",1,2,0,4,1,6,3
"RABGAP1L-AS1",24,32,18,12,15,16,24
"LITATS1",44,37,43,62,45,37,25
"DHDDS-AS1",105,71,106,142,117,74,53
"RUSC1-AS1",180,315,222,171,187,114,193
"BCAR3-AS1",44,12,60,86,44,56,32
"LINC02884",3,2,62,76,54,84,14
"LINC01750",0,5,1,15,2,4,0
"LINC02812",5,0,9,7,4,4,5
"RBM15-AS1",50,27,30,39,28,35,23
"CAMTA1-AS2",5,5,3,2,6,3,7
"PPM1J-DT",0,13,0,0,1,2,0
"LINC01397",0,0,4,2,0,4,1
"SLC2A1-DT",25,65,15,11,3,12,32
"PRKACB-DT",18,6,3,10,6,10,3
"DCAF8-DT",63,129,68,111,78,51,48
"ARHGEF2-AS2",22,15,34,55,31,26,15
"LINC01344",6,3,1,16,6,8,2
"LINC02798",3,0,5,6,1,5,1
"LINC01134",15,81,23,24,13,12,2
"SRGAP2-AS1",42,14,54,40,37,49,27
"LINC02796",52,5,41,23,33,45,52
"H3-3A-DT",66,15,32,39,39,63,24
"LINC02609",2,21,6,48,7,12,2
"PKN2-AS1",72,30,75,81,58,40,24
"LINC01703",3,44,4,15,4,5,7
"LINC01763",3,0,4,2,3,10,0
"CRYZL2P-SEC16B",1,0,10,29,2,9,1
"LINC00862",23,25,22,20,34,26,52
"LINC02786",1,7,1,6,3,1,0
"LINC02805",2,6,6,7,4,2,2
"LINC01132",16,32,10,44,6,21,1
"SSU72-AS1",12,2,7,7,3,8,3
"SLC16A1-AS1",157,111,229,353,145,124,112
"LRIG2-DT",35,24,46,64,21,19,14
"LINC01356",3,8,7,6,9,4,5
"LINC01364",1,0,5,9,6,4,6
"LINC01031",7,24,7,4,5,2,6
"RASAL2-AS1",1,11,4,16,1,9,4
"GORAB-AS1",4,14,2,2,2,6,2
"SLC35F3-AS1",4,14,17,6,8,3,5
"RRAGC-DT",18,34,21,24,16,25,10
"LINC02608",24,14,33,19,17,16,13
"DLEU2L",47,17,35,23,23,52,28
"LINC01755",61,71,40,56,58,70,54
"SMG7-AS1",11,19,11,29,14,8,5
"FHAD1-AS1",0,8,2,2,0,0,0
"EFHD2-AS1",6,23,14,18,14,25,17
"TGFB2-AS1",2,7,8,5,0,3,4
"HSD11B1-AS1",34,2,19,19,27,33,17
"LINC02606",1,10,4,10,1,8,1
"PIK3CD-AS2",31,5,30,12,19,21,18
"PDC-AS1",38,70,51,42,14,32,24
"LINC01139",43,289,60,183,51,52,20
"PRDX6-AS1",113,85,153,216,114,121,66
"BTG2-DT",68,315,51,54,90,60,42
"LINC01353",6,0,10,3,12,17,6
"LINC01685",0,0,3,3,0,5,1
"NCMAP-DT",25,3,21,17,29,48,19
"MIR34AHG",40,49,119,179,57,49,56
"LINC01221",51,78,101,31,79,64,50
"LNCTAM34A",10,64,53,97,25,16,22
"CAMTA1-DT",5,0,0,11,2,4,0
"DHX9-AS1",6,9,3,3,5,4,1
"CNIH3-AS2",5,10,4,10,5,5,5
"LINC01781",2,0,2,2,3,13,0
"LINC02768",14,0,14,4,13,9,2
"ACBD3-AS1",21,11,21,15,23,12,18
"ZRANB2-AS1",9,11,13,15,12,19,11
"LINC03126",2,1,0,3,2,7,2
"BCL10-AS1",14,7,14,6,13,16,15
"SMYD3-AS1",70,36,64,51,61,69,76
"RABGAP1L-DT",16,12,15,21,14,13,5
"ATF6-DT",10,8,9,12,13,10,5
"LRP8-DT",3,1,2,1,4,2,2
"MIR9-1HG",4,10,5,7,5,11,6
"NGF-AS1",0,0,1,7,1,11,0
"LINC01712",10,23,19,52,26,36,18
"MDS2",11,7,9,6,10,18,4
"ICMT-DT",5,4,7,6,8,7,2
"LINC01732",1,0,5,7,12,5,1
"GNB1-DT",14,5,13,24,15,9,1
"POU2F1-DT",25,12,15,24,22,11,14
"LINC00624",57,14,25,14,9,20,56
"LINC01354",2,1,17,56,8,19,5
"EXOSC10-AS1",41,19,43,62,26,22,7
"LINC02774",7,14,6,3,15,6,1
"MIR181A1HG",2447,729,1981,834,1661,1751,1915
"JTB-DT",11,19,10,20,7,8,3
"GS1-279B7.1",9,14,14,5,8,8,11
"TFAP2E-AS1",27,9,18,29,13,20,5
"LINC02803",10,10,18,14,15,13,3
"LINC02897",0,17,1,4,1,1,0
"C1orf21-DT",2,6,2,2,2,0,0
"LINC02766",32,13,24,25,42,18,12
"LYPLAL1-DT",5,19,8,26,10,17,4
"LYPLAL1-AS1",4,30,8,28,5,5,5
"LINC02811",2,2,5,6,2,2,1
"LINC01645",3,0,1,1,6,4,0
"LINC01661",2,0,12,7,7,3,2
"DOCK7-DT",19,16,16,17,18,9,9
"ZNF496-DT",711,636,482,570,650,446,506
"ZNF687-AS1",1,0,3,6,4,9,0
"LINC01222",104,126,108,30,67,69,58
"LINC01632",0,5,0,3,4,2,0
"DCST1-AS1",3,22,5,10,6,3,1
"PACERR",0,0,4,6,4,29,1
"ZNF692-DT",5,11,6,4,5,1,1
"MICOS10-DT",5,3,0,2,2,0,0
"PRDM16-DT",0,0,12,48,4,7,4
"LINC00467",50,95,41,62,43,52,31
"ROR1-AS1",27,8,9,25,18,11,5
"VAV3-AS1",10,1,16,7,7,18,8
"LINC01765",3,3,3,6,3,15,9
"S1PR1-DT",1,0,9,9,7,10,1
"ANKRD13C-DT",20,27,21,37,15,19,13
"LINC03102",0,2,4,8,2,0,2
"LINC02765",9,5,9,3,4,3,0
"CLCA4-AS1",27,9,23,27,12,35,12
"ZMPSTE24-DT",24,11,22,48,18,32,6
"LINC02607",5,0,3,7,1,5,0
"MGC27382",9,1,4,0,6,3,2
"FALEC",7,14,9,6,2,25,9
"LINC02773",6,1,8,19,10,64,8
"FLVCR1-DT",9,15,19,16,19,14,13
"LINC02591",54,9,118,154,85,118,49
"LINC00582",2,0,4,8,5,9,4
"LINC01705",3,9,6,4,0,5,1
"LINC01707",3,6,4,4,2,0,1
"LINC02802",27,53,35,136,17,23,1
"MAGOH-DT",8,1,1,6,6,6,4
"LINC01748",0,5,15,38,22,17,7
"RWDD3-DT",10,1,11,25,2,5,2
"GAS5",383,298,296,317,188,397,172
"EPS15-AS1",45,5,63,60,51,36,38
"LINC01389",21,22,26,7,17,18,20
"ZRANB2-DT",123,59,49,48,51,65,29
"PHC2-AS1",2,5,4,9,7,2,0
"TNFRSF14-AS1",60,81,71,118,52,48,25
"DAB1-AS1",15,6,10,3,6,7,7
"IBA57-DT",2,0,2,17,3,2,2
"MIR29B2CHG",1670,2096,1817,2565,1580,1661,1137
"DEPDC1-AS1",1,0,3,1,3,1,5
"MATN1-AS1",15,19,34,56,22,39,20
"MIR205HG",409,2448,1041,2825,642,549,658
"TMEM51-AS2",3,2,14,36,8,11,10
"TAF1A-AS1",10,2,6,6,2,7,2
"CCDC18-AS1",699,228,861,723,679,724,758
"ELOA-AS1",115,140,114,152,147,57,87
"RTCA-AS1",88,34,109,115,132,117,60
"CHRM3-AS2",142,20,145,31,149,124,91
"EXO5-DT",40,59,49,48,50,25,25
"LINC02789",32,24,26,12,39,36,24
"RGS5-AS1",5,9,7,8,4,5,2
"GNG12-AS1",11,12,42,110,18,39,22
"ENO1-AS1",7,9,2,7,1,5,2
"ARHGAP29-AS1",2,0,5,10,5,3,1
"MKNK1-AS1",91,30,59,65,84,58,124
"LINC01348",46,75,10,29,4,75,8
"LINC01226",5520,1525,3487,2250,5259,3770,4353
"AP4B1-AS1",135,27,125,72,87,116,140
"RNPC3-DT",4,6,4,3,4,2,1
"LAMTOR5-AS1",602,153,382,349,348,320,371
"CAMTA1-AS1",2,3,2,4,0,0,2
"MYCL-AS1",17,0,17,32,24,15,14
"ERICH3-AS1",0,0,5,6,0,1,4
"LSP1P5",29,65,39,160,34,35,4
"JUN-DT",53,44,86,87,77,50,36
"FGGY-DT",0,5,5,10,2,9,4
"LINC02777",13,7,11,13,8,4,0
"LINC01725",128,141,240,365,225,218,130
"LINC01036",25,3,26,8,13,26,11
"SERTAD4-AS1",5,4,6,17,2,9,3
"KAZN-AS1",13,246,157,227,66,82,110
"CAMTA1-IT1",2,0,7,4,1,2,1
"LINC02988",3,0,9,8,9,5,5
"LINC02971",3,11,2,6,1,1,0
"GTF2B",100,17,91,42,58,228,68
"KYAT3",122,16,58,24,38,156,57
"GBP3",78,15,114,141,89,82,58
"S100A13",12,127,40,91,15,44,12
"ILF2",574,396,414,392,401,968,347
"VANGL2",342,768,333,510,246,279,283
"PTPN7",743,308,936,690,855,853,442
"SF3A3",335,249,310,299,264,488,282
"FHL3",15,11,25,80,17,40,28
"UTP11",108,65,71,72,53,136,63
"MIR3659HG",3,64,28,41,19,9,1
"POU3F1",2,31,8,7,4,9,0
"KIF14",448,182,208,66,178,264,287
"DDX59",156,87,226,182,108,305,157
"DDX59-AS1",4,40,8,19,20,4,4
"CAMSAP2",104,534,152,268,103,323,131
"DDX11L16",9,11,16,22,21,17,11
"MIR1302-2HG",16,17,19,40,27,23,15
"FAM138A",4,0,6,5,10,4,1
"TRNP1",20,78,16,54,13,26,8
"EMC1-AS1",47,26,43,73,48,50,41
"VANGL1",288,407,140,214,171,204,155
"CASQ2",1,0,21,58,3,45,5
"PLK3",59,37,87,136,54,238,33
"TDRKH-AS1",12,3,11,9,6,4,2
"C2CD4D-AS1",57,313,88,78,86,56,31
"GLUL",1893,3113,2132,2636,2176,5567,2141
"TEDDM1",4,10,18,32,10,6,1
"RGSL1",3,6,3,3,2,1,3
"RNASEL",156,118,194,190,187,197,98
"CADM3-AS1",6,0,61,116,29,81,16
"AIM2",21,5,165,84,130,179,52
"DPH5",171,115,163,104,103,179,148
"DPH5-DT",170,71,114,88,84,87,86
"VCAM1",277,10,163,81,139,393,89
"EXTL2",83,25,37,38,31,51,19
"SLC30A7",556,164,318,203,208,462,433
"HNRNPA1P68",102,26,61,46,61,70,115
"LINC01409",328,135,251,222,229,210,172
"FAM87B",20,1,25,17,36,27,13
"LINC00115",1347,659,2058,2095,1208,1725,582
"KMT2CP3",6,0,1,4,0,0,4
"COP1-DT",3,16,11,21,5,10,3
"MTX1LP",0,5,3,1,0,4,2
"ZNF691-DT",21,11,30,46,34,19,12
"SRGAP2D",49,40,87,155,58,105,37
"CHIAP1",5,1,1,3,1,0,1
"MST1P2",2,14,11,41,8,18,0
"KMT2CP1",7,0,2,2,0,0,2
"UAP1-DT",5,0,6,4,8,10,12
"SUMO1P3",1,1,2,1,2,4,1
"CICP7",44,39,68,89,41,22,12
"LINC01138",430,97,679,569,548,484,346
"LINC01133",5,26,7,21,6,13,8
"DDX11L2",9,11,17,26,26,22,14
"BCAN-AS2",5,34,3,6,3,2,3
"CSRP1-AS1",46,64,79,128,42,57,27
"NAV1",184,226,485,1305,203,681,152
"IPO9-AS1",2,2,3,13,2,9,5
"AKR7A2",200,189,137,194,68,167,103
"ERRFI1-DT",2,0,10,44,15,14,2
"LINC01714",0,0,4,11,1,1,2
"SCCPDH",99,97,69,80,45,126,30
"RPL35AP6",4,5,1,7,1,3,1
"LINC01341",43,116,48,125,45,33,9
"LINC00623",477,79,729,545,560,565,386
"CYCSP5",0,8,0,3,1,0,0
"DESI2",285,145,130,131,81,185,197
"GPR199P",14,14,13,26,18,22,27
"TMEM35B",2,3,1,6,0,7,1
"ZMYM6",139,47,112,108,70,116,52
"ZMYM1",102,39,112,135,93,95,47
"STMN1",3201,1123,1787,904,1706,2999,2200
"LINC02767",12,11,36,98,18,20,9
"LINC01128",259,140,320,317,258,302,182
"FAF1-AS1",75,28,67,27,56,72,73
"LINC02806",3,17,1,7,3,3,0
"NFYC-AS1",73,5,64,42,58,39,46
"HLX-AS1",4,0,5,12,3,9,0
"LINC02918",21,49,45,59,44,24,11
"EPHA2-AS1",6,9,14,54,14,29,8
"RFX5-AS1",7,10,6,12,5,5,0
"PEF1-AS1",15,36,27,38,26,27,15
"PINK1-AS",53,34,47,77,45,53,31
"KIF17",3,3,6,11,0,14,1
"HP1BP3",2020,935,1782,2129,1648,2019,1474
"IL6R-AS1",6,17,7,9,2,26,2
"UBE2Q1-AS1",13,18,18,16,21,15,5
"H2AC19",1664,757,958,684,805,2025,500
"LINC01704",1,0,3,3,1,4,1
"CCDST",66,15,84,122,111,85,25
"FLG",99,15,194,268,181,242,76
"FLG2",10,1,44,27,51,47,18
"NIPAL3",482,422,462,476,414,486,380
"SPEN-AS1",83,43,57,73,57,76,35
"LINC02593",1,0,3,20,3,5,1
"LINC01786",25,29,15,32,9,7,10
"SCNN1D",32,80,27,124,29,25,12
"MRPL20-AS1",91,93,140,155,83,109,67
"ANKRD65-AS1",3,5,1,9,1,1,0
"LINC01770",4,0,14,21,2,12,5
"TMEM167B-DT",3,13,8,18,6,6,1
"CFAP276",2,37,19,19,12,13,4
"ELAPOR1",15,15,18,24,11,68,11
"SYT2-AS1",1,11,3,10,6,6,1
"PCAT6",2,12,1,4,8,3,2
"EYA3",387,197,347,381,338,364,223
"SPCS2P4",21,1,18,5,6,11,9
"LINC01719",20,18,20,33,21,25,10
"NR1I3",12,27,13,19,8,15,4
"NOTCH2NLA",1511,568,1230,1383,798,785,1023
"THRAP3",1296,1059,1398,1779,1270,2309,1236
"SH3D21",27,78,72,174,35,48,11
"PYDC5",2,3,6,6,8,18,3
"NOTCH2NLB",1208,447,842,1027,532,635,787
"PPP1R15B-AS1",131,55,138,91,115,100,176
"MDM4",10446,2395,8471,4947,5591,7831,7584
"LRRN2",656,140,800,600,773,424,246
"MTFR1L",204,148,151,258,168,161,97
"ARID1A",3319,2193,3352,3258,3068,3594,2438
"MPZ",38,84,56,82,64,50,36
"CELA2B",4,16,7,24,10,10,6
"CASP9",97,44,95,172,60,110,46
"DNAJC16",275,197,271,276,217,289,156
"SCARNA21B",0,2,3,9,1,4,2
"AGMAT",34,32,26,22,22,28,10
"DDI2",436,266,391,398,305,447,371
"PLEKHM2",242,210,312,445,217,399,129
"LUZP1",356,437,460,720,386,598,297
"SELENON",177,338,263,597,165,368,108
"SELENOF",257,50,160,100,79,307,110
"MUTYH",62,38,53,65,72,37,58
"SCMH1",387,232,379,566,298,497,275
"SCMH1-DT",5,2,9,35,2,17,0
"FOXO6-AS1",7,13,18,37,8,12,8
"CDC20-DT",17,10,22,26,20,8,6
"MED8-AS1",39,21,73,82,85,38,34
"SZT2",1365,584,1790,2137,1322,1538,908
"PTPRF",1814,2906,1101,2877,714,1199,559
"KDM4A",153,139,227,220,188,267,141
"KDM4A-AS1",118,83,122,100,91,76,92
"ST3GAL3-AS1",20,12,17,30,21,8,13
"LIX1L-AS1",25,48,29,22,30,22,37
"NBPF10",810,428,1253,2268,971,1486,506
"AGRN",223,344,303,723,100,145,95
"ASTN1",1,1,0,8,1,4,2
"VDAC1P4",4,20,5,3,4,7,5
"CLCN6",275,139,392,452,251,338,190
"RNU5F-1",9,6,6,3,4,14,11
"RNU5D-1",1,3,13,3,2,20,6
"SNHG12",162,135,144,144,125,130,111
"TAF12-DT",5,8,8,16,6,9,4
"TPO",0,0,31,49,8,16,3
"TRAPPC12",418,379,513,731,440,479,185
"ADI1",185,233,218,234,131,235,85
"TRAPPC12-AS1",16,9,20,32,20,12,2
"SNTG2",14,14,16,42,19,54,15
"RNASEH1",225,213,152,187,109,197,125
"RPS7",1271,639,974,896,738,1892,830
"SMC6",250,97,281,162,187,307,185
"EIPR1-IT1",23,6,28,7,20,21,11
"LRATD1",32,41,59,112,13,43,37
"ASAP2",34,33,120,384,32,140,41
"HADHA",605,520,492,701,394,984,394
"OSR1",3,16,30,193,10,48,0
"TTC32",61,14,25,22,25,42,64
"EFR3B",84,26,32,130,53,39,20
"GREB1",90,15,10,135,29,47,9
"GEN1",320,115,217,100,162,205,130
"VSNL1",4,11,11,57,11,22,0
"RPS13P4",16,0,13,7,9,2,4
"LDAH",138,139,114,93,117,148,60
"MATN3",3,8,1,1,0,2,1
"HS1BP3",85,140,144,280,114,137,24
"ATAD2B",853,235,775,499,619,1067,700
"SRBD1",194,72,158,132,163,279,70
"LTBP1",65,194,114,290,41,218,72
"CAPN14",9,1,10,7,8,8,11
"GDF7",14,13,35,67,54,83,26
"XDH",2,0,18,9,2,8,1
"PRKCE",152,98,266,443,252,335,120
"LHCGR",5,50,15,22,6,14,3
"KCNG3",30,4,38,23,31,44,25
"EFEMP1",18,251,142,468,57,443,74
"FSHR",1,0,22,69,8,4,1
"RPS13P3",5,0,6,3,1,1,2
"EHD3",60,44,79,100,84,80,30
"PAPOLG",331,81,234,149,178,313,209
"PGAM1P6",8,17,24,27,7,18,5
"PRKCE-AS1",11,0,17,33,24,42,9
"FEZ2",227,83,217,210,168,265,186
"VDAC1P13",3,0,6,3,11,7,2
"SLC3A1",5,2,14,29,9,14,12
"ANXA4",105,211,202,324,125,175,135
"DNAJB12P1",3,8,3,0,1,0,1
"WDPCP",233,129,271,207,179,289,127
"COX7A2L",254,128,174,192,177,280,189
"PPP4R3B",746,414,612,524,359,917,503
"SUPT4H1P1",4,0,3,4,4,1,3
"USP34",1652,709,1830,1392,1366,2450,1223
"RPS20P9",4,3,5,6,3,8,9
"LBH",915,229,803,580,786,956,560
"DNAAF10",31,57,38,52,28,33,25
"RPL21P37",6,3,15,5,13,5,14
"TRABD2A",182,9,194,47,131,168,82
"RPLP0P6",128,155,186,240,151,202,99
"EVA1A",30,46,21,62,25,35,26
"HNRNPLL",369,102,290,176,171,365,230
"PNO1",36,18,30,36,25,67,20
"PPIAP64",2,5,2,2,3,3,0
"PNPT1",167,167,146,109,93,173,83
"LINC03050",2,26,3,11,10,4,4
"GEMIN6",36,38,51,56,41,34,21
"ASB3",229,46,171,123,154,262,129
"EPAS1",234,238,543,1988,298,1830,332
"ADD2",31,12,68,34,67,77,11
"KCMF1",230,129,200,196,175,256,165
"BCL11A",2620,2206,2156,1786,1214,1760,2135
"TMSB10",1170,799,1276,1320,1238,2524,756
"KMT5AP2",3,2,8,7,14,3,10
"RPL12P19",0,3,3,0,3,1,4
"MRPL19",310,136,159,129,96,209,135
"PAIP2B",127,58,70,155,85,124,77
"EVA1A-AS",22,51,31,52,27,26,25
"PKDCC",88,21,181,458,64,124,68
"ANAPC1P3",6,3,3,3,5,1,5
"TCF7L1",46,126,169,550,144,192,58
"RPS2P17",0,8,7,3,6,3,6
"NDUFB4P7",5,13,3,2,3,3,7
"GALNT14",6,0,4,10,10,6,1
"CNOT11",273,153,227,215,195,306,167
"TACR1",33,26,94,145,48,99,25
"PPM1B",189,70,117,83,85,180,207
"MRPS9",71,54,60,59,49,75,39
"CTBP2P5",1,0,1,11,0,0,0
"LDHAP3",34,0,17,2,23,12,12
"MTFR2P1",24,9,23,6,7,18,5
"SLC9A2",6,0,14,4,8,12,3
"RPL31",1545,1095,1280,1722,981,2212,929
"TMEM131",805,855,752,974,645,963,552
"WBP1P2",6,6,11,13,9,6,4
"RNF149",412,142,373,338,256,679,398
"GCFC2",122,89,82,86,72,114,86
"DNAH6",52,13,106,57,76,54,16
"LAPTM4A",209,188,202,298,103,504,142
"RPL37P12",3,6,3,21,4,3,5
"KRCC1",110,183,110,124,102,145,98
"FAM110C",90,62,37,11,56,43,40
"UBXN2A",129,146,128,178,69,135,76
"TCF7L1-IT1",1,0,15,23,9,8,5
"ALK",36,18,64,75,62,65,59
"TGFA",16,19,15,25,8,38,9
"SRSF7",475,147,466,447,421,1042,220
"PPP1R21",264,104,258,235,203,335,149
"ANAPC1P5",4,10,3,0,3,9,5
"TSGA10",115,94,135,105,102,86,54
"NPAS2-AS1",2,4,3,1,4,1,3
"MFSD9",150,60,143,123,119,123,109
"IL1B",48,29,33,61,43,147,17
"CRIM1",236,156,364,855,209,698,233
"SUCLG1",152,60,146,126,90,233,88
"RPS12P4",5,0,11,2,10,3,11
"EML4",386,139,612,400,316,805,512
"MTND4P26",14,21,19,30,24,11,9
"SMC3P1",43,29,25,18,18,23,22
"SH3RF3",116,66,117,245,82,121,38
"TMEM182",23,8,16,11,11,17,6
"GALM",86,40,117,104,67,122,85
"LYPD1",3,2,7,18,4,17,6
"AMANZI",21,6,11,44,18,18,12
"MTND5P28",15,50,28,21,40,12,22
"DDX18",405,256,309,251,206,531,291
"SMYD1",0,0,6,4,0,9,2
"RDH14",19,9,16,24,9,17,24
"LINC02898",20,9,11,3,19,12,7
"NCKAP5-IT1",1,4,0,7,1,2,0
"NDUFAF2P1",2,0,4,1,4,2,2
"MAP3K20",242,458,215,639,123,418,209
"TMEM185B",204,340,232,335,183,266,116
"RPS14P4",1,0,6,1,1,7,1
"STON1-GTF2A1L",3,0,0,2,5,3,1
"SOWAHC",39,44,41,88,28,66,20
"NCK2",137,67,207,216,173,224,87
"SDHCP3",12,6,14,8,13,7,5
"MAP3K20-AS1",8,8,11,24,8,13,5
"SNRPGP9",6,0,7,5,3,6,13
"DRC1",1,0,1,2,5,3,2
"MGAT4A",748,352,611,425,463,626,636
"NPAS2",13,62,55,29,103,36,15
"FHL2",79,44,159,248,67,283,117
"PTPN4",555,179,330,387,332,503,270
"TOMM40P4",5,8,5,16,0,8,1
"IMP4",115,84,101,169,84,138,68
"ATP5MC2P3",80,32,119,71,107,99,75
"LRP1B",5,15,49,89,27,82,6
"TMEM177",38,44,48,68,61,40,40
"PTPN18",223,321,393,739,403,370,136
"MGAT5",659,423,774,724,718,1021,425
"FARSB",175,88,133,136,91,258,61
"HNMT",18,9,42,122,9,76,10
"COPS8",239,121,173,128,94,284,197
"RPS15AP13",1,0,1,4,2,4,2
"CFAP221",7,5,3,7,0,4,0
"RAPGEF4",65,52,44,79,49,88,23
"SEPTIN10",70,159,109,235,47,188,87
"FIGN",8,2,44,69,18,61,9
"EDDM3CP",24,6,21,11,11,19,11
"LINC01832",4,2,4,3,0,2,0
"ADAM23",21,220,81,29,51,88,114
"RPL17P15",1,3,7,6,2,4,6
"TMEM163",23,59,25,24,31,41,5
"RPL15P5",30,10,33,23,21,34,40
"CWC22",135,156,188,143,99,299,133
"HECW2",45,45,74,171,49,73,28
"HSPA9P1",3,9,5,3,3,4,5
"RFTN2",26,21,49,77,47,50,15
"MYO3B-AS1",0,0,3,12,0,8,3
"INHBB",1,4,12,53,2,81,24
"LNPK",351,283,207,197,162,303,209
"YWHAEP5",0,5,0,0,3,2,3
"ZNF385B",7,4,6,37,5,16,6
"RALB",94,125,98,148,92,257,88
"ARL4C",926,447,317,593,474,854,557
"EDAR",21,10,21,16,29,27,11
"RNF103-CHMP3",27,6,12,11,16,13,5
"ICOS",105,17,98,39,69,130,81
"MDH1B",14,7,8,14,13,10,1
"BARD1",241,67,126,58,126,215,226
"ANKRD49P1",28,4,34,28,36,39,26
"RNF14P1",2,6,3,6,8,6,0
"RPS6P2",6,0,5,1,0,1,0
"UBE2E3",250,217,118,141,85,247,124
"LY75",409,785,217,116,210,212,184
"ITPRID2-DT",13,0,3,12,3,2,3
"RPL5P8",8,0,4,5,6,5,1
"NCKAP5-AS1",17,30,11,12,12,8,6
"FAM124B",5,9,9,3,2,12,2
"ITPRID2",670,353,558,627,443,737,485
"PPIAP67",1,7,5,2,2,8,1
"DNAH7",23,15,28,12,14,36,10
"DPP10",1,10,0,0,0,1,0
"PIKFYVE",1236,676,1172,826,843,1535,911
"VWC2L",92,10,47,27,72,96,54
"EPB41L5",123,113,108,137,100,164,113
"FTH1P20",7,5,21,10,9,17,12
"GYPC",133,286,146,304,171,398,158
"VWC2L-IT1",18,0,14,5,12,17,4
"MTCO3P43",5,29,10,20,8,3,10
"MYL1",0,0,11,2,1,15,1
"ANAPC1",624,378,546,498,470,773,357
"SGPP2",118,113,114,157,115,166,70
"CRACDL",52,211,25,73,10,37,7
"NANOGP2",6,5,3,3,0,0,4
"TANC1",202,309,352,708,271,388,168
"GAPDHP49",7,8,10,7,2,8,4
"TMEFF2",0,24,0,2,0,2,1
"KRT18P29",14,0,4,5,1,5,3
"BANF1P3",26,22,26,42,25,28,21
"TBC1D8-AS1",7,17,16,49,11,5,3
"ABCA12",43,27,52,6,26,34,52
"FASTKD2",220,106,131,116,77,201,84
"MTND3P10",4,6,0,1,7,0,3
"TANK",238,134,248,182,210,423,188
"CALCRL",16,4,50,95,24,93,24
"ANKRD44",1338,304,1729,811,1368,2445,1533
"C2orf88",130,150,118,104,86,111,77
"PSMD14",155,112,127,62,83,195,98
"SH3BP4",43,151,97,288,63,191,43
"SLC4A10",2,2,1,1,2,6,3
"MTND4LP14",2,1,2,2,2,1,6
"ITM2C",821,373,692,812,610,930,420
"TLK1",647,579,615,565,434,812,595
"KIAA2012",16,4,12,12,11,15,7
"GPR55",14,6,31,16,26,19,4
"SLC39A10",325,90,293,195,198,342,157
"GSTM3P2",7,3,4,7,3,3,7
"TFPI",67,37,152,274,159,333,133
"AHCTF1P1",102,108,94,46,80,138,132
"BOK",23,11,40,149,20,46,12
"CCDC115",120,93,122,151,80,102,67
"MXRA7P1",17,29,31,60,14,26,9
"SLC25A12",210,168,195,189,159,249,134
"OSBPL6",38,167,38,55,33,62,19
"HNRNPCP2",62,72,82,63,87,48,91
"LINC02991",5,5,8,0,6,3,1
"ACKR3",13,20,30,134,9,141,17
"DTYMK",217,80,91,120,94,123,54
"MYL6BP1",9,0,8,6,12,5,3
"PPP3R1",269,199,192,187,131,358,160
"RBM43",103,54,60,95,45,106,82
"SP100",659,800,1234,802,795,1314,706
"ZRANB3",148,102,123,89,117,143,91
"SPHKAP",19,48,39,4,12,5,5
"HMGB1P3",1,0,6,9,5,4,1
"TMEM17",9,13,10,13,3,7,2
"SPATS2L",189,127,229,368,147,278,141
"PLEKHM3",344,305,348,454,319,511,205
"IQCA1",49,54,48,99,41,54,23
"MTATP6P26",2,18,8,3,8,8,6
"INPP5D",483,295,774,623,629,1065,414
"B3GNT2",148,52,93,91,71,185,105
"CCDC93",454,357,517,557,482,590,396
"MTX2",77,68,49,77,39,68,35
"WDR75",243,103,154,139,101,249,109
"KRT18P19",3,1,1,3,1,14,0
"FARP2",258,286,385,471,213,377,195
"KCNS3",5,10,6,25,3,10,1
"YWHAZP2",25,32,38,33,35,24,50
"KCTD5P1",0,1,4,7,3,2,0
"STK25",381,380,443,622,284,369,135
"ATG4B",469,262,538,619,340,411,246
"MYO1B",107,68,217,376,323,394,199
"SEPTIN2",1268,880,971,1077,760,1538,1404
"RN7SKP112",1,1,1,1,4,4,2
"RNA5SP88",11,12,14,18,8,4,9
"RN7SL610P",5,2,4,12,0,3,3
"RNU4-63P",2,0,4,2,6,2,3
"RN7SL414P",5,5,2,7,6,6,7
"RNU4-49P",1,2,3,0,2,3,2
"RN7SL531P",7,13,5,4,1,6,2
"RN7SKP203",14094,4748,9145,10410,7302,15059,6845
"RNU6-674P",4,2,3,4,2,3,3
"SNORD89",49,15,173,187,152,128,164
"MIR4265",5,10,7,4,9,10,3
"MIR4266",3,0,0,3,5,1,0
"VTRNA2-2P",1,6,2,1,2,0,0
"RN7SKP102",2,1,3,1,3,1,7
"MIR3679",27,5,29,14,23,30,13
"RNA5SP104",3,2,7,2,5,7,8
"RN7SKP154",3,9,8,16,4,1,1
"RNA5SP108",0,2,7,4,2,3,1
"RN7SL813P",2,2,2,1,4,2,0
"MIR4437",13,1,4,0,1,2,4
"RN7SKP42",0,0,10,2,1,2,1
"RNU6-1045P",0,0,1,4,3,3,1
"MIR4774",10,1,2,1,2,3,6
"RNU6-766P",14,0,2,1,2,5,6
"RN7SL834P",34,40,69,31,31,48,37
"RNU6-268P",6,8,10,2,6,10,8
"RNU6-619P",1,2,2,1,1,3,2
"KCNF1",5,41,0,0,1,0,4
"CIMIP5",8,5,13,18,5,5,1
"SLC66A3",47,26,65,39,31,66,17
"AIDAP1",23,6,14,13,12,24,16
"E2F6",66,62,37,77,43,87,43
"HEBP2P1",5,19,11,17,0,9,4
"NAB1",185,115,191,278,139,275,111
"RAB1AP1",12,8,40,12,17,17,43
"STAT4-AS1",0,1,10,6,5,9,2
"RPS27AP7",44,9,27,18,44,25,49
"ATP6V1E2",19,5,26,35,15,25,17
"RHOQ",295,193,241,220,115,331,239
"PPFIA1P1",37,21,21,19,8,20,19
"UGT1A13P",0,0,2,11,3,1,0
"UGT1A6",0,0,4,16,5,8,2
"RPL17P11",0,0,0,6,1,0,4
"UGT1A1",0,0,4,4,4,1,2
"HJURP",343,150,221,131,221,237,117
"FAM168B",889,763,641,756,434,933,596
"HEATR5B",437,179,475,334,323,619,208
"ARL14EPP1",0,1,4,4,2,2,0
"CEBPZOS",161,158,114,202,104,156,113
"CEBPZ",174,97,132,119,125,276,108
"NDUFAF7",122,63,142,127,142,195,70
"PRKD3",556,156,412,353,240,517,403
"QPCT",10,2,12,9,3,41,5
"CDC42EP3",400,259,366,241,402,714,235
"RN7SL670P",4,1,4,2,1,3,0
"MRPL50P2",3,0,4,5,1,6,6
"RAPH1",56,40,100,105,64,167,73
"NECAP1P2",10,6,5,7,5,7,8
"HMGA1P8",2,1,4,6,4,0,4
"WDR54",77,73,52,78,65,74,52
"INO80B",14,12,6,18,12,15,8
"WBP1",87,79,95,204,121,114,65
"TTC31",229,201,364,332,241,246,195
"PCGF1",34,36,50,66,22,50,19
"TLX2",26,5,10,5,16,8,1
"DQX1",22,4,9,9,10,3,15
"AUP1",239,167,365,530,301,314,124
"ATIC",187,152,219,123,146,313,92
"SPC25",92,21,40,17,28,54,38
"ABCB11",1,0,9,4,7,20,0
"LRP2",0,3,2,183,0,4,0
"EEF1A1P12",58,17,125,46,83,52,102
"CD8B2",268,237,509,401,328,247,620
"PTCD3",742,314,579,560,461,632,438
"SNORD94",82,27,108,205,37,72,38
"MRPL35",142,192,96,106,97,147,83
"KDM3A",805,601,736,604,558,1150,1000
"UBE2F-SCLY",3,5,1,3,1,2,1
"RNU6-1333P",3,0,2,0,1,3,2
"SCLY",153,87,134,127,108,93,111
"ESPNL",4,11,16,12,11,2,6
"KLHL30",1,1,2,7,1,2,2
"ERFE",8,6,11,21,15,4,4
"ILKAP",283,122,242,235,128,260,201
"HES6",44,101,13,10,8,12,3
"TRAF3IP1",87,173,66,149,89,143,48
"PDE6D",229,174,162,150,155,189,183
"RPL28P2",14,5,9,18,7,2,4
"NPPC",22,4,12,8,6,8,17
"DIS3L2",503,309,669,721,574,652,233
"MIR562",4,1,3,0,1,2,5
"NRBF2P6",4,8,6,4,3,4,0
"ECEL1P3",0,20,0,0,1,1,0
"CHRND",8,16,14,7,7,21,20
"CHRNG",32,36,59,34,37,50,29
"MIR663B",1,0,5,2,2,1,1
"VPS54",254,185,220,160,151,263,187
"PELI1",361,136,231,284,190,854,586
"RPL7L1P9",5,3,18,30,14,9,2
"MIR6809",1,0,6,19,1,2,0
"RHOQP2",6,2,3,7,6,6,5
"MZT2A",164,153,198,203,120,115,88
"TUBA3D",28,50,57,54,60,20,34
"DAPL1",1,1,4,4,2,7,0
"RGPD3",183,154,375,257,275,305,226
"PREPL",273,183,209,292,200,389,147
"PDK1",325,489,331,278,218,428,800
"UGT1A4",4,1,8,4,2,4,0
"SLC40A1",312,33,279,386,176,575,65
"EXOC6B",180,139,213,407,199,341,107
"ING5",415,294,430,606,295,371,250
"CFC1",3,0,3,4,6,6,3
"PAX3",0,0,24,7,2,1,0
"RGPD4",163,118,288,201,206,202,258
"HTR2B",25,4,43,15,20,45,23
"RNU1-93P",5,0,1,1,1,5,2
"RPS28P4",31,22,26,30,13,20,28
"SNORD82",0,0,1,1,3,3,4
"NMUR1",4,0,2,14,2,7,1
"RNPEPL1",274,190,334,397,214,288,116
"CAPN10",354,120,293,317,223,201,177
"MAB21L4",2,1,12,8,1,5,5
"WNT10A",16,39,23,53,10,15,2
"RN7SL764P",2,1,2,3,1,0,2
"SLC23A3",14,116,29,35,42,1,10
"CNPPD1",200,208,269,289,162,187,118
"RETREG2",387,308,366,469,267,393,251
"ZFAND2B",123,72,149,158,118,190,73
"ABCB6",17,32,25,39,31,7,5
"ATG9A",120,77,155,152,120,145,50
"ANKZF1",387,278,520,470,537,519,386
"GLB1L",81,74,81,114,106,103,32
"STK16",75,41,80,92,124,108,54
"ECRG4",0,0,8,16,4,24,4
"UXS1",173,86,137,166,106,169,106
"CCDC74B",15,163,10,48,12,9,4
"MZT2B",91,62,63,86,43,94,39
"TUBA3E",5,22,11,6,8,5,3
"RHOQP3",6,1,5,4,6,4,7
"DUSP28",108,73,162,125,92,98,56
"KRT18P52",1,0,2,7,5,4,0
"DPY30",57,26,33,44,29,50,18
"SLC30A6",269,146,165,106,100,204,138
"DDX50P1",42,26,49,63,45,47,28
"RNU6-613P",16,7,2,3,7,7,5
"FBXO36",27,33,27,31,22,34,16
"FBXO36-IT1",8,15,12,7,2,3,1
"SLC16A14",42,33,24,38,21,29,16
"SLC19A3",9,2,29,93,23,135,11
"CCL20",0,0,2,0,0,8,2
"DAW1",0,18,3,1,0,1,0
"GLI2",264,615,73,266,79,80,38
"SP140",78,29,280,146,165,298,119
"LPIN1",369,329,639,581,437,719,373
"CLHC1",169,149,145,141,157,153,100
"CDPF1P1",41,58,61,66,53,48,21
"MTIF2",129,144,119,111,119,184,85
"PRELID1P6",13,6,7,16,9,29,6
"MDH1",365,290,281,268,246,460,224
"ALMS1-IT1",39,33,33,31,42,31,49
"TPRKB",48,50,48,49,56,39,34
"SNX17",352,204,306,384,274,370,202
"ZNF513",68,57,107,143,80,104,41
"PPM1G",340,336,381,366,289,485,265
"FTH1P3",9,5,21,12,8,21,11
"NRBP1",427,282,412,590,432,487,414
"KRTCAP3",12,27,32,61,27,19,8
"FNDC4",0,0,14,35,2,52,5
"IFT172",257,243,393,664,326,315,96
"RPL12P15",24,7,14,9,17,14,18
"NPM1P32",7,3,8,6,3,3,14
"NIFK",69,38,54,46,36,64,28
"TSN",295,145,189,158,116,286,148
"ACVR2A",76,81,83,102,54,137,65
"ORC4",257,139,167,152,137,230,148
"MBD5",979,591,920,879,891,1082,792
"USP12P2",34,13,13,9,15,17,14
"RGPD5",723,306,868,905,528,974,763
"ZBTB45P1",0,0,3,10,3,3,1
"MALL",14,10,33,79,12,66,21
"ZBTB45P2",0,0,3,16,4,3,1
"NPHP1",31,71,46,100,25,40,21
"MIR4440",11,21,19,10,5,18,11
"MIR4441",22,61,23,13,36,13,29
"MIR4269",11,21,20,16,16,7,8
"MIR2467",13,22,18,11,13,23,17
"LCLAT1",208,72,212,103,176,215,160
"NOSTRIN",199,45,78,83,87,147,88
"EHBP1",196,126,199,267,133,375,105
"VRK2",85,40,95,71,64,131,39
"STON1",79,36,55,84,50,90,68
"CERS6",302,130,159,105,169,299,293
"UBE2F",79,32,77,44,45,67,50
"DYNC1I2",261,111,291,309,228,523,190
"MTA3",2474,751,2370,1393,2977,2878,2247
"IDH1",96,86,97,138,83,143,77
"EIPR1",175,51,135,93,86,132,52
"MYO3B",16,0,20,31,12,21,6
"TIGD1",98,58,93,57,106,105,44
"CFAP36",134,79,106,143,75,173,113
"CCDC150",89,46,62,30,71,46,31
"GTF3C3",298,74,186,169,179,268,148
"C2orf66",0,19,3,1,1,2,0
"PGAP1",149,305,121,154,66,152,105
"HNRNPA3P15",111,34,117,56,134,114,164
"RPL4P7",28,6,23,13,41,35,22
"IL1R1",47,56,274,410,216,818,239
"IL1RL2",1,0,4,24,3,7,2
"IL1RL1",3,7,26,42,15,102,37
"LIPT1",16,15,22,35,21,27,3
"MITD1",208,92,169,143,149,144,108
"MRPL30",181,112,107,139,90,139,114
"LYG1",26,18,32,30,29,26,12
"TXNDC9",62,17,55,24,41,80,26
"SEPHS1P6",0,0,3,0,3,2,3
"C2orf69",98,53,50,29,35,74,72
"TYW5",244,167,226,185,172,197,207
"MIR1301",2,0,2,2,7,8,5
"TFCP2L1",25,9,12,94,14,18,9
"TRIM43",1,0,4,0,3,4,4
"NPM1P46",1,0,2,3,1,1,5
"SF3B1",2301,793,2692,1848,1847,3812,1733
"HSPE1",55,21,13,18,11,43,35
"MOB4",103,55,51,66,38,59,61
"CFAP210",6,7,9,10,11,12,5
"PHOSPHO2",17,5,13,4,4,8,8
"KLHL23",114,83,81,60,37,129,68
"PTCHD3P2",2,2,6,5,6,5,2
"SSB",164,111,139,127,138,272,129
"METTL5",39,40,37,57,42,57,27
"NSA2P5",21,2,21,12,11,18,22
"HSPD1",595,596,426,501,301,753,738
"UBR3",441,297,369,534,302,702,368
"DNAJC19P5",24,16,22,21,19,38,23
"MIR3128",2,0,2,0,3,12,0
"MIR6512",1,2,4,11,1,2,3
"H3P7",1,0,3,1,1,4,3
"IFT70B",44,18,17,26,18,34,12
"IFT70A",29,25,15,16,5,25,8
"DPP4",328,131,217,112,252,242,243
"RPS26P18",4,4,6,3,7,5,5
"DDX1",399,217,363,329,235,574,242
"NCL",2055,1929,2099,2284,1854,3842,1959
"MIR4786",3,0,4,1,1,5,1
"COPS9",84,21,46,55,34,83,26
"NDUFA10",1165,650,1037,943,826,1133,797
"PRKRA",365,300,429,364,315,277,452
"PJVK",16,18,28,40,15,25,19
"NUDCP2",2,0,8,9,9,3,1
"PLEKHA3",296,176,214,261,168,333,219
"SNRPG",134,31,124,58,81,206,71
"PSMD1",537,359,454,359,307,656,365
"BBS5",30,16,33,68,33,20,8
"KLHL41",5,0,10,5,7,9,3
"FASTKD1",124,99,113,124,127,125,88
"PPIG",429,502,428,428,354,738,609
"TAF1B",129,43,99,67,61,157,72
"GRHL1",4,8,33,19,9,37,25
"KLF11",28,15,45,163,17,167,25
"RRM2",1093,408,637,336,577,886,636
"MIR4261",17,9,9,5,9,14,5
"HPCAL1",124,85,266,193,199,231,127
"SNORA80B",6,24,14,5,3,7,7
"SPEG",55,7,80,417,31,112,32
"OBSL1",88,394,213,762,120,138,40
"INHA",2,11,2,7,3,4,2
"STK11IP",293,100,263,244,275,321,114
"SLC4A3",53,36,58,69,51,51,17
"SNORA70B",3,0,1,2,0,5,1
"SDC1",31,502,91,270,20,136,55
"RHOB",176,148,285,787,101,1517,169
"OLA1",226,212,153,121,102,234,133
"RN7SL65P",6,0,10,8,1,3,2
"HNRNPA1P39",11,12,18,13,22,10,30
"CIR1",142,145,154,145,159,258,158
"SCRN3",105,102,90,99,55,112,45
"RNU6-5P",83,16,338,41,230,80,344
"GIGYF2",955,778,961,1009,792,1209,826
"EEF1B2P7",25,4,10,5,9,18,14
"KCNJ13",75,41,59,55,42,60,64
"NGEF",1,18,0,11,3,2,2
"H3P6",369,105,222,136,121,398,172
"CHRNA1",3,0,5,6,3,11,7
"ARL5A",250,108,178,168,146,174,204
"DHX57",129,91,161,160,122,220,86
"ASS1P2",1,5,4,18,1,3,0
"RNU6-198P",10,0,6,2,3,4,3
"HSPE1P13",22,1,19,6,25,18,43
"BOLA3",15,15,11,19,12,11,10
"MOB1A",1096,602,723,588,520,992,688
"MTHFD2",86,56,120,97,75,176,51
"USP37",226,104,205,131,146,262,133
"RN7SKP38",8,1,5,3,8,3,6
"RNU6-136P",3,0,0,2,1,4,1
"PLCD4",9,7,18,35,8,25,7
"BCS1L",60,29,84,170,104,83,18
"RNF25",39,35,77,106,62,85,39
"STK36",86,136,168,268,117,123,42
"TTLL4",136,137,229,277,150,206,60
"CYP27A1",48,56,78,128,50,122,29
"MIR4439",12,0,15,5,5,14,11
"NFU1",65,54,45,41,39,80,25
"RN7SL604P",1,0,3,5,3,0,2
"RPL36AP16",20,21,23,15,20,17,14
"B3GALNT1P1",42,9,42,25,40,29,37
"ZNF142",260,304,357,513,312,351,108
"TMEM198",8,35,6,20,10,15,1
"POTEJ",11,4,26,10,31,14,26
"TBC1D8",100,118,228,316,172,220,79
"ATP5MC3",266,208,138,159,119,308,112
"PTMA",4436,5872,4438,4813,4243,7481,4942
"SP140L",247,115,343,279,267,436,158
"C2orf15",14,21,2,16,8,3,3
"GPR155",126,182,129,153,81,164,88
"C1D",42,37,46,28,25,77,42
"FN1",628,4685,8362,21430,2149,11449,3464
"RPL22P12",4,4,5,1,8,0,0
"BUB1",424,132,242,144,220,375,181
"RPL5P9",4,0,4,6,4,8,10
"ACOXL-AS1",9,8,5,11,4,14,9
"WDR35",250,51,155,164,100,255,58
"OTOF",2,0,31,10,13,21,12
"BMP10",4,7,6,1,3,0,2
"ANTXR1",237,456,435,1001,214,730,281
"GCA",74,21,59,54,34,217,35
"EIF2AK2",486,736,720,621,385,760,611
"DNAJC10",531,266,434,445,309,569,275
"NRIR",7,2,9,8,6,26,4
"RSAD2",56,111,142,31,60,77,86
"RNF144A",253,94,222,209,193,305,139
"SANBR",75,75,113,108,41,81,43
"BNIP3P45",18,9,8,6,5,16,13
"NMI",95,57,115,74,81,135,84
"TNFAIP6",0,0,2,5,0,10,0
"RIF1",858,480,790,570,491,1027,549
"CYRIA",54,36,77,85,35,234,88
"KANSL3",775,639,785,1033,632,835,571
"FER1L5",24,45,51,85,50,37,15
"LMAN2L",114,63,98,127,80,89,48
"CNNM4",94,62,116,185,110,181,62
"MIR3127",2,3,2,3,1,1,1
"CNNM3",528,325,517,565,449,486,293
"ANKRD23",32,25,23,43,36,26,19
"ANKRD39",70,74,77,125,60,78,50
"SEMA4C",106,126,130,479,73,231,92
"RAMP1",0,0,6,13,5,6,6
"ATG12P2",20,10,14,12,9,6,13
"ACSL3",480,268,398,265,246,599,539
"LOXL3",25,15,45,88,32,46,15
"DCTN1",468,437,642,914,520,704,298
"TTC21B",750,302,645,705,600,687,621
"FLACC1",32,3,55,66,69,80,22
"TRAK2",269,127,353,457,289,479,224
"STRADB",72,38,63,69,53,154,50
"SCYL2P1",15,7,21,21,17,13,11
"C2CD6",7,12,5,14,2,13,0
"MPP4",6,17,2,7,5,1,0
"RPS2P16",14,6,17,29,22,9,4
"CDK15",0,0,9,17,8,11,0
"ALS2",384,359,390,489,376,450,261
"AGPS",456,152,317,203,280,449,288
"RNU6-936P",4,0,8,0,0,12,5
"CENPO",210,71,168,139,158,203,109
"DNAJC27",99,75,94,82,57,151,79
"RPS13P5",2,1,3,1,3,1,1
"ADCY3",413,173,195,340,102,258,81
"RNY4P7",3,3,4,2,5,13,5
"ZFP91P1",1,3,9,13,13,4,3
"POLR2D",263,159,227,242,218,311,153
"SAP130",303,222,356,427,324,438,252
"PSD4",1279,349,1809,1205,1567,1532,1118
"IGKV1OR2-108",0,8,0,2,2,0,0
"RPS27A",1087,235,969,924,723,2089,738
"SULT1C2",58,16,71,60,73,29,26
"SULT1C4",7,11,46,101,40,41,52
"REV1",264,171,341,370,180,398,252
"POTEF",5,3,7,3,17,6,9
"RBM44",8,3,16,22,12,13,38
"NABP1",301,139,451,381,306,1078,498
"CAVIN2",17,19,49,181,22,224,13
"ACTG2",15,13,18,89,1,143,1
"DGUOK",135,50,142,118,95,191,121
"GFPT1",323,176,255,284,183,395,290
"KIF5C",6,6,29,50,31,39,16
"LYPD6B",3,3,9,8,4,14,1
"LYPD6",1,80,2,14,0,0,0
"MMADHC",173,53,82,52,55,219,102
"MTLN",7,10,8,24,7,22,2
"THNSL2",19,32,163,314,58,76,34
"LRRTM4",1,1,1,6,1,2,0
"RND3",24,15,83,104,36,268,38
"FZD7",6,15,31,158,31,66,17
"THADA",513,221,573,454,389,599,216
"IL18R1",18,12,64,45,16,130,28
"ANKRD30BL",2,2,3,0,68,4,2
"PTRHD1",22,8,20,9,10,40,11
"MEMO1",111,43,81,103,50,71,77
"CYP26B1",189,374,302,268,279,249,151
"CMPK2",46,47,88,27,46,100,45
"RNU6-31P",2,6,2,1,6,3,7
"RNU6-762P",6,1,4,1,3,4,1
"ORC2",307,153,299,198,232,313,298
"HNRNPA1P35",144,80,102,76,110,87,163
"RPL23AP30",23,3,9,5,6,2,13
"RPL17P10",2,4,1,14,5,0,3
"IMPDH1P10",15,2,17,24,15,6,9
"CFLAR-AS1",217,104,378,304,259,271,251
"RNU7-45P",5,14,12,14,7,7,6
"RPL38P5",13,2,23,15,9,17,13
"MTND5P25",16,20,24,16,20,15,20
"MTND4P23",53,10,42,29,69,34,70
"MTND4LP13",3,3,2,4,3,3,12
"NDUFB3",98,59,67,56,65,138,67
"PLEKHH2",15,22,120,442,47,160,42
"DYNC2LI1",63,39,42,87,53,87,33
"ABCG5",1,4,3,3,3,4,1
"ABCG8",3,12,15,13,8,15,5
"RNU6-1048P",4,0,1,2,2,2,1
"RN7SL455P",5,2,2,2,2,2,0
"KRT8P15",4,13,16,14,5,6,1
"CARF",246,159,233,211,222,334,124
"KRT8P52",1,3,4,10,9,15,0
"RPL7P14",4,3,10,6,2,8,1
"LRPPRC",1034,687,731,602,471,1130,631
"POLR1A",575,681,530,585,558,722,247
"ITGA4",2073,567,1520,640,926,1877,1687
"RPIA",183,72,137,108,121,242,132
"MIR4436A",4,0,4,9,7,3,0
"IGKC",909,21,1919,6590,896,9043,2554
"IGKJ5",7,0,12,10,7,3,6
"IGKJ4",2,0,5,14,6,11,7
"IGKJ3",3,0,4,8,1,2,1
"IGKV4-1",14,0,41,147,19,137,27
"GMCL1",218,106,116,120,88,192,103
"RPL23AP92",4,3,5,3,7,4,2
"SNRNP27",73,54,67,68,66,118,55
"MXD1",746,172,472,342,391,1058,621
"RN7SL470P",6,5,6,10,1,6,5
"PCBP1",115,81,129,152,79,78,74
"C2orf42",92,22,106,104,89,107,45
"RPL39P15",5,0,7,1,6,3,5
"RPS26P20",4,11,6,5,4,1,5
"DCAF17",224,197,169,143,150,174,142
"DAP3P2",3,1,2,2,2,2,1
"RPS15P4",59,49,81,97,46,92,30
"CYBRD1",178,396,362,1279,161,947,371
"C2orf74",10,6,19,15,4,6,4
"STAMBP",455,292,400,397,381,444,453
"ACVR1C",3,69,28,39,5,83,17
"ACVR1",82,129,151,191,89,141,84
"HOXD10",4,6,1,0,0,1,0
"HOXD9",11,21,14,17,1,3,3
"HOXD8",2,8,7,23,1,6,4
"HOXD4",3,0,13,26,6,16,1
"HOXD3",14,10,16,43,7,9,7
"AFF3",573,176,709,503,659,1028,347
"LONRF2",80,249,65,216,126,119,66
"CHST10",44,22,44,66,50,67,15
"TUBA4A",65,60,124,79,122,185,50
"DNAJB2",216,234,260,513,300,279,148
"ASNSD1",52,11,22,21,20,53,25
"OSGEPL1",57,44,72,80,54,56,22
"ANKAR",76,33,80,103,46,112,39
"MIR128-1",2,0,3,2,0,1,3
"UBXN4",1156,470,818,624,651,1137,1099
"LCT",81,67,69,46,89,79,33
"IRS1",397,491,445,553,533,432,253
"RHBDD1",838,318,751,526,646,719,465
"COL4A3",74,102,166,156,114,136,69
"TM4SF20",0,0,4,7,6,3,0
"AGFG1",611,234,325,239,227,557,364
"TPM3P7",10,0,7,8,14,19,3
"KIF3C",50,30,50,88,59,79,22
"TRMT112P6",9,12,9,19,7,9,9
"RAB10",431,261,259,292,221,394,170
"RNU6-942P",17,27,26,12,10,8,25
"RPS2P15",45,30,37,36,33,22,55
"EMP2P1",2,11,9,2,2,10,2
"SMARCE1P6",3,2,9,2,5,9,0
"GAREM2",11,6,23,61,8,35,6
"ARMC9",133,194,166,283,162,147,69
"POMC",5,3,12,6,10,10,1
"COL4A4",114,38,281,248,254,289,140
"NEU4",3,1,0,3,0,2,3
"RTP5",48,13,45,41,34,33,10
"CICP10",0,2,1,1,3,2,4
"COL6A3",906,1028,1561,4362,1141,3574,784
"DES",12,0,43,268,2,166,7
"SCN2A",11,10,19,9,36,4,6
"KCNK12",125,81,90,134,127,84,24
"FBXO11",452,311,461,407,476,707,539
"RNU4-48P",4,4,5,3,6,3,2
"EIF2AK3",323,133,338,218,267,390,404
"CERKL",42,3,24,22,46,16,28
"GMPPA",123,105,166,237,159,107,84
"SP3",1255,491,1035,723,851,1642,1135
"PTH2R",1,5,3,4,4,3,0
"TRIB2",326,283,472,428,332,521,241
"UGT1A8",0,0,1,7,2,6,0
"UGT1A5",0,0,2,7,2,7,0
"UGT1A7",0,5,4,27,5,4,2
"RAB6D",17,27,15,9,13,5,21
"IGKV1-6",0,0,3,15,1,14,2
"IGKV1-9",2,0,9,13,2,10,7
"IGKV3-11",3,0,0,47,15,33,15
"IGKV1-12",3,0,19,21,0,40,4
"IGKV1-13",0,0,3,0,0,41,2
"IGKV3-15",23,0,18,82,8,99,41
"IGKV1-16",4,2,6,11,4,21,3
"IGKV1-17",3,0,14,15,2,23,12
"IGKV3-20",17,0,49,56,11,175,43
"IGKV6-21",2,0,3,9,2,2,1
"IGKV2-24",4,0,3,4,1,11,2
"IGKV1-27",2,0,6,16,0,25,6
"IGKV2-28",8,0,14,62,7,87,16
"IGKV2-29",0,0,1,2,0,2,6
"IGKV2-30",4,0,20,32,3,19,4
"IGKV1-33",12,0,27,75,16,157,49
"IGKV1-39",20,0,43,136,22,166,51
"IGKV1D-39",11,0,50,150,25,182,59
"IGKV1D-33",11,0,25,65,15,155,41
"IGKV2D-30",3,0,3,41,1,15,4
"IGKV2D-29",2,0,4,13,0,3,3
"IGKV2D-28",9,0,17,94,7,101,19
"IGKV6D-21",3,0,3,1,2,5,3
"IGKV3D-20",16,0,14,51,9,36,24
"IGKV1D-17",0,0,1,2,0,8,4
"IGKV1D-16",2,0,2,4,0,9,6
"IGKV3D-15",14,0,17,77,10,73,11
"IGKV1D-13",0,0,6,0,0,60,6
"IGKV1D-12",3,0,15,9,0,15,2
"IGKV3D-11",3,0,1,20,6,4,4
"CNTNAP5",15,118,1,1,2,1,0
"NBEAL1",211,155,333,482,198,401,148
"METTL8",156,327,138,143,108,170,108
"PPP1R1C",119,13,45,19,60,118,78
"SULT1C3",2,0,1,3,1,4,1
"IL37",6,0,2,1,1,3,2
"NCOA1",895,729,1036,1097,695,1610,822
"C2orf81",5,7,6,7,6,5,2
"HYCC2",404,216,322,338,265,459,391
"PROC",11,63,17,18,16,15,3
"LIMS2",89,64,211,526,145,144,38
"GPR17",12,12,55,176,34,18,1
"ALMS1",1276,632,1297,1248,1260,1783,658
"HDAC4",1411,1408,947,782,821,967,554
"ID2",100,37,91,145,54,221,37
"MBOAT2",130,31,88,78,54,110,89
"KCNE4",30,12,18,37,8,41,10
"KIDINS220",1110,677,1307,1502,1064,1525,1103
"YIPF4",607,479,599,672,363,550,558
"MIR558",14,3,3,1,2,3,2
"TTC27",76,37,102,111,64,117,24
"ATG16L1",332,145,370,267,330,408,258
"SCARNA5",601,110,600,602,372,674,452
"SCARNA6",156,26,118,207,54,95,83
"DGKD",565,228,669,674,453,835,500
"NEB",326,101,565,377,346,617,154
"MOGS",240,198,362,429,240,277,232
"IL1R2",5,4,18,26,19,221,21
"WDR12",161,141,112,119,63,138,68
"SUMO1",250,81,152,96,119,350,181
"NOP58",207,107,172,136,108,324,111
"SNORD70",3,1,4,3,2,12,4
"SNORD11",8,8,5,3,1,1,6
"RN7SL753P",1,1,9,9,2,2,0
"PIMREGP1",9,1,5,10,1,2,2
"RN7SL40P",1,0,4,2,2,1,2
"BMPR2",249,419,335,661,223,703,277
"H3P8",1,5,1,2,0,4,2
"RPL13AP12",3,4,8,16,4,9,3
"MTCO1P17",2,0,0,4,2,1,3
"MTCO2P17",2,9,0,0,0,1,6
"MTATP6P17",2,4,6,2,7,3,6
"MTCO3P17",2,0,3,0,2,1,4
"MTND4P30",6,2,2,2,4,0,1
"MTCO1P54",3,6,0,2,3,1,2
"FAM117B",327,99,265,173,187,362,263
"SPTBN1-AS2",41,20,41,59,32,57,46
"ZNF512",352,205,274,253,284,253,248
"CCDC121",19,15,11,23,10,25,5
"GPN1",104,64,84,59,63,122,78
"SUPT7L",267,120,317,249,193,268,164
"ADRA2B",0,6,5,10,2,8,2
"MAP4K3",127,59,137,148,116,219,94
"IMMT",382,337,354,399,262,455,307
"CLK1",1009,443,1029,938,1078,1469,912
"CAB39",360,193,305,264,218,480,322
"XIRP2",0,0,5,2,1,6,0
"ATF2",452,233,308,331,272,488,266
"NIF3L1",89,46,97,81,79,138,41
"CYP20A1",383,388,483,686,404,453,312
"NCKAP5",112,146,78,352,60,94,28
"THAP4",66,93,121,169,81,110,42
"POTEE",9,3,22,9,21,9,20
"CFLAR",1426,900,2387,2667,1926,2811,1491
"RBMS1",485,214,488,482,488,691,391
"INSIG2",229,70,164,83,164,143,234
"THSD7B",23,16,21,29,20,18,7
"SPAG16",95,74,62,38,45,68,52
"EFHD1",10,9,30,171,10,51,10
"POTEI",26,4,51,12,59,30,29
"FOXN2",151,68,123,83,76,192,86
"KCNK3",1,7,15,24,3,25,3
"NRXN1",2,3,17,38,15,22,12
"CCDC88A",1268,379,898,737,676,1182,1097
"FAP",2,10,2,13,0,13,0
"CUL3",539,207,431,304,351,705,491
"MYT1L",4,1,2,3,0,16,1
"NT5DC4",6,7,5,11,9,5,12
"SOS1",955,695,795,814,697,1032,691
"MYO7B",186,46,110,173,241,131,59
"MORN2",13,1,6,5,6,19,4
"UGT1A10",0,0,1,10,0,3,0
"COQ10B",128,58,70,80,39,128,44
"CCDC141",148,46,295,179,286,368,103
"ASIC4",1,1,5,11,8,1,1
"DNMT3A",1001,520,1168,1310,880,1102,812
"MLPH",5,10,83,92,16,42,6
"RAB17",43,20,14,35,12,13,5
"MAPRE3",53,124,63,133,57,95,38
"TMEM214",181,123,270,425,218,273,132
"AGBL5",241,248,276,458,278,272,179
"AGBL5-IT1",15,18,18,22,12,11,8
"OST4",115,40,69,119,74,180,58
"EMILIN1",10,25,72,188,30,84,40
"ABHD1",51,42,79,77,64,33,47
"PREB",180,125,181,256,174,177,81
"SLC5A6",131,88,173,130,133,147,55
"CAD",369,283,394,539,280,389,92
"TRIM54",0,0,5,2,1,3,1
"UCN",8,19,9,4,3,5,2
"MPV17",281,350,271,321,267,262,151
"SCN9A",113,106,128,115,79,126,40
"ATRAID",124,91,84,134,74,200,64
"TMEM237",160,44,104,157,70,150,71
"ARL6IP6",365,126,267,278,185,199,222
"COX5B",130,177,104,147,88,163,63
"ACTR1B",247,160,229,288,165,251,138
"C2orf92",72,94,90,116,50,65,31
"RNU4-8P",2,8,1,1,1,2,0
"ANKRD36B",655,246,1026,849,702,974,410
"ZEB2",638,1575,728,1421,308,1397,393
"ANKRD36C",2245,530,3164,1770,2792,4221,1309
"ACMSD",30,12,38,17,31,28,24
"MAP3K19",10,2,11,11,16,8,13
"FBLN7",19,17,95,145,45,66,34
"ZC3H8",162,145,234,199,205,262,151
"NDUFB4P6",44,24,51,41,45,41,46
"SCN7A",16,105,75,59,38,115,41
"HNRNPA1P51",4,0,4,5,5,1,7
"AOX1",64,12,34,187,77,327,29
"RNU1-133P",18,8,19,13,16,36,50
"BZW1",849,274,438,232,314,980,508
"CLIP4",813,359,738,594,516,854,1346
"CXCR1",1,0,2,9,3,214,0
"ARPC2",1127,715,1316,935,907,1548,1277
"GPBAR1",6,15,20,29,21,9,3
"AAMP",185,203,192,328,137,313,123
"TMBIM1",256,381,317,652,256,507,265
"MIR26B",2,0,0,7,5,3,0
"VIL1",6,3,5,8,10,12,7
"PNKD",84,142,129,188,111,136,60
"B3GALT1",2,1,3,13,1,4,3
"TGOLN2",2839,890,1558,1499,1548,2232,1479
"RETSAT",115,197,253,426,121,300,96
"ELMOD3",175,223,273,360,210,195,113
"CAPG",37,21,92,151,69,163,41
"MAT2A",1275,473,1076,920,867,2115,755
"VAMP8",105,126,112,174,87,158,57
"VAMP5",41,8,28,41,24,47,23
"RNF181",59,39,60,98,43,88,46
"TMEM150A",37,27,48,110,50,34,18
"USP39",243,119,230,204,204,297,124
"C2orf68",600,341,566,658,514,490,440
"GNLY",4,0,10,34,6,7,4
"SLC38A11",6,4,11,14,13,19,8
"SH2D6",1,4,0,0,2,5,0
"RN7SL359P",3,0,8,6,2,0,4
"EIF4E2",347,189,389,352,335,415,186
"CHAC2",24,6,13,16,7,13,12
"GPR75",16,3,72,72,50,48,8
"PSME4",687,190,659,386,405,1002,572
"ERLEC1",269,147,242,278,168,299,196
"HNRNPA1P61",2,14,2,7,6,0,3
"RN7SL113P",19,19,9,15,11,1,2
"GGCX",349,279,351,577,370,415,212
"KLHL29",157,316,375,479,185,286,158
"DHRS9",1,0,10,4,1,9,3
"COBLL1",105,116,261,495,169,452,157
"IL18RAP",7,0,11,10,3,103,11
"FKBP7",10,17,32,40,15,44,13
"CROCC2",3,0,3,3,2,1,0
"PLEKHB2",421,242,292,263,200,473,259
"CHPF",60,98,62,126,44,79,26
"CYS1",1,2,4,33,2,9,0
"ST6GAL2",5,7,13,23,5,15,9
"MROH2A",1,0,0,4,10,1,1
"LIMS3",15,10,12,21,8,10,19
"MAIP1",47,17,33,24,16,43,11
"DTNB",146,59,214,264,162,195,123
"PDE11A",4,4,19,41,20,36,14
"ANKRD53",24,13,21,46,23,32,9
"NAGK",685,567,690,848,578,604,383
"MCEE",55,61,60,71,33,53,26
"SMPD4",524,618,497,756,396,522,283
"RNU6-137P",34,11,19,6,15,21,33
"HAAO",147,68,157,198,193,118,52
"FTOP1",47,6,36,44,32,31,22
"CHORDC1P1",13,0,4,2,1,4,1
"OXER1",78,35,110,118,162,74,46
"RN7SL575P",1,0,3,1,4,2,4
"MAL",761,183,512,315,550,828,363
"ZNF2",35,18,49,50,34,28,12
"PROM2",5,24,72,174,46,27,25
"FABP7P2",27,8,9,0,8,6,13
"FAHD2A",198,108,221,300,212,241,105
"GTF3C2",325,149,350,341,273,399,198
"RN7SL832P",2,3,5,8,4,4,0
"ATP6V1C2",20,8,26,16,30,19,19
"PDIA6",201,124,167,216,130,337,137
"NOL10",429,262,324,356,242,442,297
"GCC2",805,336,840,612,500,792,941
"LIMS1-AS1",8,14,6,6,5,16,6
"CCDC138",112,52,77,48,74,110,54
"RPL39P16",5,5,7,3,9,6,1
"LIMS1",275,260,276,398,172,367,250
"LYG2",32,29,28,28,33,17,12
"RNU6-107P",20,4,6,1,13,12,9
"SNORC",10,51,13,37,22,20,9
"LGALSL",10,14,33,58,17,85,32
"MIR4434",10,0,1,1,1,6,2
"RNU6-100P",14,0,10,4,4,8,5
"SERTAD2",1066,393,1008,688,867,1203,1222
"RPS10P9",13,3,19,11,31,18,7
"PDE1A",35,30,34,109,20,89,45
"SLC4A5",9,38,34,40,26,26,25
"GPATCH11",156,207,135,109,132,168,159
"NRAL",1,0,5,2,2,1,0
"RPL37A",1495,805,1157,1893,857,2589,738
"IGFBP2",132,408,72,131,53,93,79
"IGFBP5",482,7424,3817,13931,3413,10097,1678
"NYAP2",3,0,12,5,2,5,3
"AFTPH",308,113,311,165,221,417,262
"TRIM43B",1,0,3,0,3,5,1
"KRT18P39",11,0,12,3,13,21,22
"NPM1P33",2,4,2,2,8,5,10
"CASP8",273,59,336,248,378,498,250
"MARS2",61,30,50,30,37,81,24
"BOLL",0,1,3,5,4,5,4
"HNRNPKP2",14,13,17,2,23,16,19
"CASP10",339,138,333,258,332,377,295
"CXCR4",1852,342,1567,696,1648,3608,856
"UBBP1",1,0,4,1,2,3,4
"EIF3FP3",63,39,67,71,45,103,37
"LIMS4",15,6,10,21,6,6,16
"RGPD6",659,296,849,796,512,1016,684
"FANCL",657,408,631,661,458,474,545
"CTLA4",8,4,84,10,20,94,52
"HTRA2",72,32,79,74,71,85,28
"DOK1",56,46,58,127,60,58,29
"FAM161A",22,65,40,58,27,27,10
"CCT4",327,215,226,251,232,413,141
"HMGN2P23",0,2,4,0,2,1,7
"IL36A",2,0,7,1,2,4,1
"IL1RN",4,6,20,15,4,59,11
"CDCA7",347,156,258,265,179,287,212
"FAM171B",55,35,47,52,24,64,81
"ITGAV",329,279,364,448,210,542,350
"RTKN",90,276,117,269,65,64,52
"PHF5AP5",13,12,21,17,12,21,9
"STK39",531,432,388,306,390,522,368
"IFIH1",76,133,153,100,80,185,74
"CXCR2",1,3,1,19,3,328,2
"RUFY4",11,28,139,80,26,24,16
"HMGB1P4",3,0,6,1,11,4,6
"LINC01124",4,0,0,8,0,0,0
"EIF2S2P4",22,20,23,11,14,29,19
"GAD1",3,0,13,42,14,13,21
"GORASP2",288,214,290,314,238,391,295
"NLRC4",8,9,6,12,4,23,5
"RANBP2",1890,1079,1870,1660,1416,2513,1770
"RN7SL674P",68,40,227,140,63,25,139
"ARHGAP25",240,78,355,290,281,573,209
"COPS7B",354,289,381,431,286,243,298
"MANEALP1",0,0,3,4,6,3,1
"DARS1",309,131,178,135,126,312,172
"M1AP",15,17,17,18,13,12,7
"EPHA4",76,507,188,480,113,197,55
"TMEM256P2",1,8,10,8,0,2,2
"MSTN",3,5,3,5,2,2,0
"INPP1",75,23,90,147,74,166,45
"HIBCH",319,183,299,280,274,334,247
"SESTD1",254,104,212,296,155,421,244
"GTDC1",153,97,160,155,102,173,106
"TTL",435,321,445,392,365,358,255
"POLR1B",119,96,142,147,100,172,56
"CHCHD5",59,30,58,68,43,43,14
"CKAP2L",191,79,106,44,159,160,150
"IL1A",9,14,9,2,10,5,5
"EIF2B4",150,143,161,250,179,163,139
"RRN3P4",2,0,4,1,1,5,2
"KYNU",31,0,101,58,63,96,43
"ARHGAP15",747,91,569,218,476,969,500
"MTCYBP11",0,0,0,0,1,15,3
"MTND5P24",1,0,1,2,1,17,1
"MTND4P22",0,0,0,0,0,10,1
"ICA1L",160,89,141,121,120,193,130
"COMMD1",56,23,62,63,43,74,21
"MIR5192",9,1,10,11,21,9,10
"RN7SL297P",3,7,15,10,9,4,2
"SLC30A6P1",4,7,4,3,2,5,1
"SLC20A1",659,193,470,285,296,666,342
"TIA1",1121,433,875,608,715,970,852
"PCYOX1",190,202,206,440,96,410,99
"THUMPD2",117,67,95,73,95,107,70
"ST3GAL5",893,341,927,649,665,1095,717
"MRPL33",62,34,49,33,39,145,47
"RBKS",19,9,25,47,25,35,12
"MYG1P1",12,12,11,13,8,9,8
"MIR4263",5,2,0,0,2,5,0
"FAM133EP",6,2,4,2,1,2,0
"FOSL2",216,960,397,1417,326,2925,495
"PLB1",29,80,45,135,42,76,13
"SPDYA",24,13,16,19,12,20,8
"TRMT61B",64,42,85,71,68,85,37
"WDR43",252,202,205,178,157,439,201
"SNORD53",4,0,7,0,3,7,8
"SNORD53B",6,1,5,1,0,5,3
"TOGARAM2",15,2,30,10,17,16,2
"SMARCAL1",292,230,256,244,227,213,99
"SOCS5",130,70,135,160,116,215,149
"MCFD2",359,313,330,378,282,429,430
"STPG4",35,10,39,19,28,32,31
"CALM2",1128,244,698,498,446,1366,681
"EPCAM",10,4,22,30,14,24,16
"KCNIP3",569,198,209,70,145,181,115
"DOCK10",1197,218,1335,588,886,1951,744
"SP110",524,291,962,665,835,1038,465
"STAT1",1030,998,1749,688,711,1627,1542
"NHEJ1",78,115,59,57,79,78,40
"MPHOSPH10",147,115,146,133,103,203,95
"TTC7A",1651,614,1613,1297,1210,1390,1210
"HMGN1P36",61,33,27,23,26,45,52
"RNU7-96P",8,4,6,4,1,11,4
"WIPF1",1630,624,1635,1330,1298,2082,1613
"MRPS5",361,261,265,292,292,186,324
"ZNF514",225,254,255,334,180,188,130
"PRPF40A",650,261,451,345,325,938,536
"MFSD2B",17,26,30,45,19,12,9
"WDCP",89,40,57,68,63,69,37
"FKBP1B",3,2,7,7,1,2,1
"SF3B6",98,32,77,60,56,202,77
"FAM228B",91,91,114,140,95,104,51
"TP53I3",103,51,100,124,84,97,50
"PFN4",15,17,32,25,27,25,13
"ITSN2",748,413,991,846,779,1288,623
"HMGN2P20",17,10,8,2,9,4,9
"RPL36AP13",19,8,11,7,9,10,9
"FAM228A",5,3,12,3,6,16,10
"SLC4A1AP",180,170,190,255,182,255,150
"RPL23AP32",2,2,9,23,2,13,0
"EML6",103,120,118,115,146,176,89
"RTN4",677,339,469,607,342,856,509
"RNU6-433P",7,5,3,3,10,4,9
"UGP2",980,262,645,491,633,909,837
"REEP1",5,2,18,49,7,22,3
"CHMP3",245,165,219,267,165,325,196
"RNU6-640P",3,1,5,3,2,2,1
"RNF103",169,50,128,123,64,169,112
"AMMECR1L",217,154,237,285,222,234,174
"GPC1",205,2195,465,1704,223,217,92
"MIR149",0,2,1,11,3,4,1
"GPR35",104,60,77,94,53,51,22
"RNU4-51P",1,0,2,1,1,2,5
"NONOP2",20,14,37,51,32,47,12
"RPS12P3",19,31,25,19,13,19,11
"PEX13",150,114,137,164,113,157,110
"REL",504,191,374,291,269,695,477
"ANKMY1",310,277,401,458,290,268,149
"ITGB1BP1",268,126,336,445,208,304,145
"CPSF3",222,96,151,119,125,260,111
"IAH1",172,107,216,245,177,195,119
"YWHAQ",661,194,389,353,288,737,327
"ADAM17",541,331,543,484,437,763,565
"TMSB10P1",1,0,1,4,0,3,6
"AGAP1",138,130,128,374,77,144,48
"SCG2",5,0,0,0,5,9,5
"WDFY1",199,121,115,93,81,153,176
"MRPL44",68,54,68,36,27,91,38
"SERPINE2",115,160,76,72,30,117,46
"AP1S3",48,36,23,30,17,35,15
"RMND5A",1141,373,590,479,489,959,830
"CD8B",2672,760,2402,1658,1748,2239,2732
"WBP1P1",5,9,10,16,7,7,6
"NDUFB4P5",5,16,4,5,4,5,9
"CD8A",3589,782,2463,1981,2281,3370,2336
"NFE2L2",697,564,510,590,460,1067,654
"ODC1",231,289,172,75,91,373,101
"NT5C1B",9,2,12,13,7,13,8
"ZNF892",231,106,170,106,174,122,112
"MAP4K4",1023,597,1246,1067,1062,1800,1068
"RNF228",0,11,0,0,2,0,1
"GULP1",4,6,27,91,10,39,8
"NBAS",754,405,836,620,601,1011,394
"SATB2",133,11,15,61,20,36,4
"NR4A2",65,18,42,207,27,595,30
"NEMP2",295,107,225,116,227,296,267
"BIRC6",2923,1015,3247,2041,2282,3941,1735
"CLASP1",1077,510,1010,1093,766,1325,727
"MFSD6",490,256,500,330,362,598,437
"MYCN",43,40,11,39,3,6,2
"FSIP2",120,242,77,48,33,100,32
"RPL21P32",13,2,5,2,6,11,8
"RPL23AP35",2,2,3,6,1,6,2
"DPRXP1",11,3,6,9,4,12,13
"PPP1CB",591,549,349,431,287,896,509
"GPAT2",17,7,21,53,28,23,8
"NUDCP1",2,2,14,21,6,25,4
"FTCDNL1",39,115,24,74,22,18,15
"NAT8B",1,3,2,3,3,0,0
"CPO",8,11,2,8,3,3,0
"MIR2355",5,0,6,0,4,10,6
"KLF7-IT1",74,12,78,56,74,84,97
"MIR7845",3,3,0,4,0,2,0
"KLF7",672,328,868,722,956,1189,747
"HMGN2P21",7,0,12,4,3,9,5
"CLEC4F",4,8,7,16,5,6,0
"CD207",5,5,15,17,2,21,0
"TEX261",288,151,263,340,192,327,151
"DUSP19",23,18,16,31,22,15,3
"NUP35",67,15,48,44,28,94,23
"NCKAP1",265,432,226,399,152,365,237
"IWS1",326,252,403,398,350,567,302
"RPL11P1",20,18,13,16,29,11,24
"SLC1A4",556,287,397,268,493,446,282
"RNU6-548P",10,0,11,6,9,9,8
"RAB1A",273,141,180,137,115,337,241
"VDAC2P5",57,33,36,48,33,61,49
"ACTR2",1698,533,1026,613,895,2076,1448
"USP40",366,297,305,449,261,404,147
"AQP7B",0,15,8,52,3,35,5
"LANCL1",452,321,166,167,131,292,132
"CPS1",9,29,17,31,10,32,9
"RPE",296,121,236,210,125,272,196
"MAP2",33,303,85,169,69,123,63
"TRIP12",2000,1365,1825,1469,1502,2750,1543
"TMEM87B",207,127,146,103,80,211,123
"PUM2",1510,738,1295,935,1023,1918,1167
"PXDN",36,123,101,432,28,391,43
"SH3YL1",260,224,248,310,223,225,130
"ACP1",361,208,213,242,214,299,290
"RNU6-242P",3,1,1,1,2,10,2
"ZFP36L2",1398,599,1963,1278,1430,3345,1020
"RPL21P30",27,28,26,20,22,25,17
"HMGB1P31",4,0,18,4,8,13,5
"RNU7-172P",3,0,3,5,6,7,4
"TSPYL6",29,25,50,63,25,54,25
"TNS1",1325,660,2800,10199,1223,5148,1134
"RFX8",21,5,44,14,49,35,24
"RGPD1",447,439,560,287,611,663,368
"PLGLB1",295,177,263,142,338,243,260
"BIN1",176,214,221,359,189,218,81
"WBP11P2",3,2,2,4,1,1,2
"ERCC3",319,190,448,395,382,430,204
"KMT2CP5",7,0,2,4,0,0,3
"CDRT15P3",0,2,0,9,0,0,0
"MALLP2",2,0,5,3,9,1,0
"AOX3P",61,42,65,81,91,156,152
"AOX2P",20,16,19,32,29,61,47
"ANAPC1P1",36,68,36,14,26,45,14
"RN7SKP283",4,9,8,7,2,1,4
"SLC8A1",518,131,486,235,470,508,294
"PID1",17,85,39,166,27,131,36
"CNRIP1",26,112,38,93,29,89,23
"PLEK",91,17,210,126,121,366,69
"FBXO48",60,37,34,42,36,32,25
"APLF",30,36,49,90,31,62,40
"CACNB4",39,248,238,428,82,166,136
"STAM2",216,154,196,152,136,314,186
"RPL30P2",3,0,2,2,2,7,2
"PCED1CP",7,5,3,2,5,2,1
"SCN3A",181,32,101,38,267,207,104
"CCNT2",508,199,445,344,331,554,373
"CHN1",21,30,33,33,12,58,5
"RAB6C",3,40,2,5,4,0,7
"SSBP3P6",2,5,2,3,4,0,3
"ARHGAP42P2",0,6,0,5,0,0,0
"KCTD18",131,100,117,156,110,166,100
"SGO2",178,55,72,36,49,101,82
"CEP68",626,814,609,897,472,640,515
"FRZB",26,28,35,61,12,42,24
"GLS",629,272,599,376,337,650,638
"PPIL3",174,52,150,103,112,137,132
"LBX2",7,3,15,11,9,10,5
"WNT6",3,9,9,19,3,3,2
"PAX8",83,12,33,227,4,77,24
"COA5",262,179,239,199,180,236,191
"UNC50",170,53,128,120,119,193,106
"YWHAQP5",48,32,55,53,36,24,52
"BABAM2",107,96,102,113,89,168,60
"COLEC11",21,14,19,30,22,18,13
"TMSB4XP2",7,3,13,0,4,6,13
"ALLC",1,1,4,0,10,0,0
"GAPDHP48",6,1,3,0,5,0,0
"KHK",7,8,3,18,3,10,1
"CCDC148-AS1",0,7,0,5,0,0,0
"CCDC148",7,10,5,19,5,5,1
"HNRNPDLP2",3,1,0,7,0,1,0
"RN7SL393P",2,5,2,6,1,1,0
"PKP4",643,1229,467,1162,407,559,270
"RPL7AP22",14,42,12,23,10,8,3
"MFF",309,120,215,142,191,287,223
"AAK1",1938,1408,1831,1804,1767,2089,1715
"ABI2",843,616,631,700,536,860,825
"ACOXL",23,10,9,9,16,13,4
"PER2",121,147,228,544,120,500,82
"ASB1",363,136,299,392,252,352,205
"DYSF",106,70,131,283,64,455,56
"LRRFIP1",1417,1646,1454,1341,1195,1923,1608
"ROCK2",439,439,434,443,278,716,381
"DCDC2C",0,2,9,3,5,11,0
"SOX11",0,3,1,3,3,0,1
"G3BP1P1",7,7,7,4,7,9,1
"R3HDM1",903,573,730,585,719,802,746
"MCM6",507,204,343,184,289,591,296
"NRP2",196,257,257,495,187,347,113
"NRP2-AS1",14,13,21,33,15,20,6
"RN7SKP178",17,4,33,15,10,5,13
"Vault",0,0,6,0,1,2,2
"RPL27P8",19,2,6,5,4,3,8
"PARD3B",73,347,118,359,63,207,50
"ERBB4",7,19,1,24,1,7,1
"KCNH7",7,8,2,6,9,13,7
"CAMKMT",94,52,68,43,33,94,47
"SIX2",19,170,59,142,24,71,25
"PLCL1",712,155,739,394,504,858,563
"SNED1",237,120,356,688,279,457,158
"MTERF4",373,256,461,456,451,481,263
"PASK",800,2021,935,828,706,503,368
"PPP1R7",171,112,169,204,140,235,90
"ANO7",6,24,29,61,22,29,7
"HDLBP",1296,1463,1343,2456,1155,2143,752
"SLC35F6",195,81,240,290,163,223,93
"CENPA",124,51,50,40,62,69,72
"CGREF1",1,2,3,15,1,1,0
"APOB",3,1,7,65,35,28,4
"RMDN2",96,74,42,62,34,55,36
"RMDN2-AS1",214,150,71,74,56,63,24
"ATL2",399,234,343,279,204,453,352
"ALKAL2",6,4,6,13,13,12,12
"VIT",1,0,14,67,11,93,5
"STRN",570,225,447,317,323,640,442
"RNU6-577P",4,5,5,3,0,2,3
"TMEM178A",5,5,7,26,14,5,9
"VWA3B",41,15,8,40,27,14,11
"RPL34P8",2,1,3,2,1,3,2
"CENPNP2",3,0,5,0,0,3,0
"MERTK",93,104,125,192,171,222,51
"ZC3H6",576,420,537,579,357,634,381
"RGPD8",506,144,663,530,376,775,502
"GPD2",152,139,114,155,85,229,87
"RBM45",96,56,82,68,83,103,51
"CNOT9",479,258,393,367,311,538,311
"TWIST2",0,0,11,55,1,28,2
"ARHGEF4",46,724,55,47,39,24,10
"MSH6",661,401,687,614,634,964,613
"CTDSP1",450,449,608,1160,392,789,274
"ASXL2",1012,889,892,829,950,1246,908
"RNU6-360P",5,0,3,7,1,0,2
"RPL12P17",3,4,4,7,2,2,6
"FAM136A",125,73,99,94,85,136,117
"SMIM39",10,3,2,6,4,3,0
"HNRNPA1P57",10,1,19,7,9,6,17
"PAFAH1B1P2",0,3,6,0,0,6,3
"NOC2LP1",0,8,2,6,5,2,0
"INO80D",973,556,948,894,690,1142,805
"NDUFS1",650,845,551,617,442,693,407
"EEF1B2",671,372,448,553,483,1147,582
"ZDBF2",96,46,109,100,63,172,214
"TUBA4B",1,1,5,1,9,3,0
"FAM95A",0,27,1,0,1,2,10
"EIF5B",415,424,473,479,416,736,456
"SPTBN1",1537,1108,3265,8683,1925,6447,1661
"SPR",9,47,15,38,3,13,10
"EMX1",4,1,5,5,6,12,4
"SFXN5",177,148,185,157,172,154,87
"RAB11FIP5",35,69,68,270,27,85,22
"SMYD5",46,99,70,216,47,99,25
"PRADC1",23,27,17,36,12,32,4
"CCT7",395,237,368,405,290,558,170
"FBXO41",237,132,284,263,229,243,133
"COL3A1",225,1786,658,1989,179,1369,244
"COL5A2",88,399,145,534,69,590,99
"XPO1",1957,1287,1469,1350,1254,1432,1033
"MSH2",344,112,281,209,230,372,149
"RAB3GAP1",830,514,828,716,648,1011,784
"SLC11A1",17,33,27,49,31,389,43
"B3GNT7",26,24,53,100,52,93,18
"STAT4",64,9,101,80,113,129,79
"SPRED2",648,490,491,639,603,626,459
"STK17B",1046,258,795,405,619,1787,840
"CYP1B1",591,872,287,333,209,480,267
"KIF1A",110,1,37,10,16,36,13
"BCL2L11",299,242,274,221,570,830,224
"UPP2",4,12,7,12,6,2,0
"IGKV3OR2-268",1,0,0,6,1,4,3
"CYTOR",76,87,202,187,83,495,138
"NCAL1",120,70,97,73,135,125,159
"PAFAH1B1P1",4,1,8,1,1,4,1
"PLGLB2",171,108,159,69,192,135,174
"RGPD2",407,383,554,283,624,603,365
"MTATP8P2",4,2,9,3,3,3,16
"PLA2R1",44,57,67,183,47,77,29
"ITGB6",2,1,1,2,0,6,1
"LINC02478",2,0,13,10,7,6,3
"CSRNP3",20,96,26,94,30,57,12
"GALNT3",19,6,31,38,28,30,16
"HAT1",172,49,115,77,73,197,88
"METAP1D",35,39,43,91,18,53,9
"DLX1",0,4,3,15,2,5,2
"ITGA6",471,318,482,577,596,1130,506
"IKZF2",2748,964,2068,1083,1731,2204,2011
"SPAG16-DT",12,0,19,4,9,9,5
"DCTN1-AS1",41,15,67,77,91,30,46
"CCDC142",171,112,245,293,165,127,84
"BIRC6-AS1",3,0,0,0,0,3,5
"SPAST",291,154,215,188,122,272,116
"UNC80",76,8,51,101,30,77,12
"KANSL1L",723,215,529,515,462,624,508
"KANSL1L-AS1",164,72,182,171,158,179,138
"RPL6P6",89,9,48,27,31,45,43
"ACADL",191,50,58,88,38,90,59
"PIGF",96,51,71,47,35,52,77
"IGKV2D-40",1,0,1,5,0,6,2
"SPTBN1-AS1",6,0,9,5,5,9,3
"ACYP2",88,37,98,78,58,91,49
"ELF2P4",13,24,15,6,17,9,14
"MREG",45,34,58,61,40,45,44
"PECR",23,28,62,80,32,52,35
"TMEM169",12,2,10,6,10,8,13
"XRCC5",1498,719,1272,829,926,2179,1031
"POLHP1",22,1,17,5,24,17,15
"LINC03100",4,5,0,0,2,1,0
"SCN1A",2,0,7,0,0,3,2
"GALNT5",2,26,20,66,7,15,9
"ERMN",47,7,41,9,44,85,93
"FAM133DP",18,6,29,20,9,35,23
"CYTIP",464,63,583,159,436,925,546
"INPP4A",1293,1035,1297,1130,1048,1439,1122
"CATIP",2,3,2,3,1,15,2
"PCBP1-AS1",7,5,15,18,25,3,7
"LINC01816",21,11,21,37,39,25,18
"IGKV1-5",18,0,34,164,25,126,22
"FAM178B",1,0,2,9,1,0,0
"ACTR3",1189,333,882,464,695,1569,902
"ATOH8",19,15,104,373,66,67,7
"LINC01819",92,70,59,53,217,166,48
"LINC02580",122,69,145,159,318,187,99
"DNER",0,0,6,0,2,3,2
"POU3F3",8,1,2,12,14,4,1
"LINC00486",2,8,2,19,2,1,0
"CCDC85A",2,10,8,57,3,5,1
"RNA5SP93",0,7,4,8,2,0,0
"RNA5SP94",20,16,14,6,13,22,12
"CFC1B",13,0,14,4,24,28,18
"SPOPL",128,130,105,92,69,153,95
"LINC02631",0,8,1,1,3,3,3
"DUSP11",179,182,202,210,217,233,181
"HK2",107,108,118,224,62,279,214
"POLE4",25,18,48,32,24,43,25
"MIR5000",1,3,7,7,1,2,2
"SPATA31H1",35,19,15,40,22,27,9
"ZNF638",1543,699,1579,1301,1429,1924,1002
"TMEM18",360,111,312,250,251,330,327
"CCDC74A",41,161,26,83,16,23,13
"LINC01087",2,9,4,3,6,1,4
"TTN",3530,2188,6928,4714,5837,6663,1981
"CRIPT",485,148,346,283,176,318,305
"ZAP70",1404,300,1622,1141,1428,1337,806
"PDCL3",49,61,56,60,65,84,36
"MAP3K2",1018,1063,667,480,482,1003,909
"WDR33",960,422,876,773,594,1171,776
"UGGT1",879,461,845,715,647,1213,508
"SRMP3",4,4,7,7,8,5,5
"HS6ST1",259,256,250,384,155,267,115
"TET3",678,450,695,674,519,844,577
"HNRNPA3",1419,873,1298,1206,1267,2235,1644
"ASTL",12,6,26,22,19,62,13
"DUSP2",190,52,227,137,213,332,85
"STARD7",697,855,521,465,471,703,464
"TMEM127",350,607,401,591,325,521,244
"ZC3H15",213,143,231,179,184,337,243
"PUS10",172,120,119,115,92,123,71
"WDSUB1",47,24,36,35,29,71,29
"BAZ2B",656,565,819,1074,702,1398,614
"RPS3AP13",4,12,6,2,1,6,4
"MARCHF7",497,121,443,212,337,691,283
"CD302",49,38,56,44,34,65,49
"CREB1",789,343,629,458,498,861,647
"METTL21A",171,56,134,95,93,142,114
"CCNYL1",92,87,87,89,69,113,84
"FZD5",213,334,90,156,39,122,94
"GPR45",2,0,4,10,2,2,0
"TGFBRAP1",225,179,179,220,150,271,145
"TGFBRAP1-AS1",1,0,4,6,3,2,2
"C2orf49",254,168,222,192,190,253,238
"CD28",510,168,548,232,347,758,861
"DNPEP",144,202,163,282,100,185,59
"D2HGDH",213,252,306,650,221,199,141
"GAL3ST2",2,27,4,3,2,0,3
"PDCD1",49,40,66,84,39,48,32
"CIAO1",474,564,487,554,367,519,446
"SNRNP200",2002,1078,2400,2411,1893,3153,1192
"ITPRIPL1",33,14,47,70,36,42,22
"NCAPH",270,103,197,105,212,304,149
"NEURL3",42,63,19,11,18,11,36
"ARID5A",180,63,262,281,244,534,149
"LINC01796",5,7,6,1,4,3,1
"GCC2-AS1",115,46,86,43,64,56,135
"CHROMR",388,261,456,349,317,174,289
"FN1-DT",0,0,6,20,1,3,3
"CHMP3-AS1",40,23,52,35,42,57,51
"MIR4435-2HG",248,313,456,391,289,759,240
"SOCAR",5,19,6,8,6,6,3
"TNS1-AS1",46,13,35,104,30,41,33
"C2orf49-DT",51,36,43,64,53,52,41
"LINC01106",27,56,46,241,28,29,39
"MAL-AS1",219,53,199,111,204,218,133
"MIR4432HG",20,8,43,22,25,52,18
"LINC00487",0,1,5,0,1,9,3
"SATB2-AS1",3,0,4,3,1,1,0
"TTC32-DT",1,0,2,5,5,2,1
"GTF3C2-AS1",40,23,55,38,44,32,68
"KIAA2012-AS1",0,0,5,4,0,1,2
"PANTR1",8,0,3,8,8,8,1
"C2orf74-AS1",68,64,74,81,51,52,27
"LBX2-AS1",4,10,15,20,11,8,5
"ARNILA",15,19,42,54,29,28,23
"WDR35-DT",2,8,2,10,5,3,0
"LINC01473",310,324,238,309,230,257,232
"THORLNC",7,10,10,8,16,4,9
"LINC01964",69,9,36,16,15,29,34
"CCNT2-AS1",36,20,57,35,40,41,43
"LINC00276",3,5,1,2,2,1,1
"HECW2-AS1",4,0,5,2,2,9,1
"LINC01107",8,0,8,15,3,8,5
"REL-DT",22,23,29,16,15,40,46
"PPP4R3B-DT",30,19,18,16,19,31,20
"HDAC4-AS1",6,11,13,14,8,8,2
"CDC42EP3-AS1",81,65,110,70,92,110,51
"PIRAT1",8,3,5,2,2,6,0
"FOSL2-AS1",9,17,13,47,12,70,6
"EML4-AS1",16,3,25,28,20,52,40
"LINC01794",23,0,3,4,7,7,1
"LINC01857",6,0,10,2,3,8,0
"PPP1CB-DT",30,19,41,57,39,60,30
"SNTG2-AS1",11,2,8,15,8,23,12
"CALCRL-AS1",10,3,28,34,22,30,19
"LINC00954",403,141,469,381,522,411,285
"NCKAP5-AS2",18,11,4,34,4,8,4
"LINC01825",1,1,3,4,1,4,5
"LINC01877",2,10,4,6,2,4,2
"TEX41",17,15,41,73,19,37,11
"GBX2-AS1",1,4,1,5,4,3,0
"DARS1-AS1",58,52,62,29,62,41,90
"GPR155-DT",0,5,1,3,1,6,2
"EHBP1-AS1",18,21,19,30,19,25,10
"LINC01123",33,32,48,178,33,26,33
"LINC01614",1,19,40,128,37,28,7
"TTN-AS1",175,92,150,160,110,120,99
"FSIP2-AS1",20,120,20,24,16,30,19
"LCT-AS1",395,272,330,161,311,343,232
"GCSIR",3,5,7,11,11,6,9
"SLC30A6-DT",1,1,2,6,3,3,0
"LINC02245",165,68,110,69,138,94,81
"LINC02576",115,99,104,103,153,89,74
"NEMP2-DT",47,30,29,28,25,16,18
"LINC01890",2,0,8,3,1,6,4
"TTC21B-AS1",12,3,10,15,22,2,17
"RAPGEF4-AS1",4,11,8,6,6,5,7
"UBE2E3-DT",0,5,0,6,1,1,0
"LINC01936",3,3,5,2,4,4,6
"LINC01865",0,0,1,5,3,1,1
"LINC01376",95,148,133,186,105,119,59
"PAX8-AS1",564,33,181,1158,26,585,227
"LINC01821",6,1,3,0,3,2,3
"MAP3K2-DT",47,90,59,41,40,86,34
"LINC01934",637,100,271,124,265,376,401
"LINC00299",103,27,146,148,101,149,66
"GRASLND",18,2,15,7,11,13,7
"DTNB-AS1",21,3,26,19,20,23,25
"EPCAM-DT",0,1,17,33,14,13,3
"SCHLAP1",2,13,0,2,0,4,2
"MAPRE3-AS1",13,44,8,25,12,15,15
"TMEM18-DT",2,4,5,11,7,6,2
"LINC01792",95,71,87,112,133,258,211
"LINC01913",122,0,90,34,81,29,52
"LINC01963",124,138,84,83,119,111,60
"LINC02579",1,0,5,3,1,4,5
"AFTPH-DT",3,1,8,4,4,14,5
"EIF2AK3-DT",27,17,19,18,26,23,6
"MMADHC-DT",7,5,3,12,4,4,6
"MRPS9-AS2",10,5,14,13,17,9,7
"LINC01931",1,4,6,5,2,1,0
"MRPS9-AS1",36,30,26,26,23,15,26
"CAPN10-DT",99,61,101,101,100,62,58
"CAVIN2-AS1",4,7,13,13,3,7,0
"LINC01280",1,6,0,3,1,0,2
"LINC01878",60,29,37,26,37,35,29
"LINC03052",16,14,5,11,1,3,2
"RNASEH1-DT",34,57,45,69,49,31,15
"LINC02610",6,13,2,24,6,1,1
"IL1R1-AS1",3,0,11,6,5,26,7
"NIFK-AS1",205,93,228,205,201,132,199
"BOLA3-DT",40,13,70,98,62,51,44
"LINC01823",1,9,1,5,4,0,3
"SLC8A1-AS1",260,42,153,74,218,213,130
"PSMD14-DT",9,20,14,8,14,18,19
"APPAT",307,419,520,681,488,520,191
"LINC02966",4,74,7,23,7,5,2
"LINC01806",68,56,45,28,37,61,75
"COPS8-DT",26,16,38,69,21,39,18
"DGUOK-AS1",79,51,85,57,75,94,70
"USP34-DT",121,86,104,113,112,67,87
"BZW1-AS1",15,12,13,30,29,56,19
"LINC02572",5,4,7,10,3,6,2
"INO80D-AS1",39,30,48,72,41,38,21
"ODC1-DT",7,35,20,10,11,15,4
"ANKRD44-IT1",530,91,532,256,477,535,549
"ANKRD44-AS1",81,18,103,39,112,125,81
"MYO1B-AS1",4,0,20,30,36,28,4
"LINC01121",3,6,9,22,3,1,1
"LGALSL-DT",18,1,29,70,9,17,4
"PPP1R21-DT",0,4,0,4,2,2,0
"AGAP1-IT1",12,34,15,31,4,14,5
"SNED1-AS1",6,0,8,20,8,20,7
"LINC01460",0,4,5,5,6,5,2
"LINC01412",2,6,2,2,0,3,0
"LINC02993",1,5,6,5,2,6,0
"LINC01117",11,0,18,23,3,20,3
"LINC01116",4,1,11,14,4,4,0
"PDE11A-AS1",0,0,4,5,2,2,0
"CERS6-AS1",5,6,3,3,2,6,8
"LINC02611",62,49,63,54,90,61,24
"MYCNOS",9,9,1,19,2,0,1
"EML6-AS1",6,1,5,0,2,3,2
"STARD7-AS1",60,93,60,89,61,74,47
"LINC01122",105,68,71,48,56,90,65
"HOXD-AS2",3,3,5,11,2,0,1
"LINC01891",83,21,28,79,144,114,39
"CRIM1-DT",3,0,0,8,1,4,1
"LINC01808",1,4,2,5,0,0,1
"LINC01305",1,3,3,1,0,4,0
"ZEB2-AS1",31,73,18,42,7,19,10
"GPC1-AS1",39,310,73,175,35,30,10
"CNNM3-DT",40,18,32,74,48,69,19
"LINC00342",782,343,895,729,787,855,381
"SMANTIS",24,34,49,51,24,17,39
"CNTNAP5-DT",0,9,1,1,2,2,1
"MAP4K3-DT",38,34,59,80,36,50,26
"B3GALT1-AS1",3,10,0,5,5,3,0
"LINC01126",235,84,422,384,385,508,136
"ITGA6-AS1",100,34,66,74,90,184,72
"IDH1-AS1",8,0,4,5,6,3,2
"DIRC3",83,55,109,147,78,78,21
"CATIP-AS2",0,4,1,2,3,2,4
"SCN1A-AS1",34,70,41,32,34,20,78
"LINC01320",0,1,6,3,2,0,3
"UICLM",0,0,2,8,1,2,0
"TESHL",81,325,72,102,90,87,40
"DPP4-DT",9,2,8,7,5,6,8
"LINC01291",122,39,271,311,2,163,188
"LINC02923",0,3,3,4,2,1,0
"SLC20A1-DT",8,1,10,7,8,15,2
"DNAJC27-AS1",39,44,45,120,56,36,10
"MIR3681HG",7,5,5,9,4,6,4
"SPOPL-DT",17,57,32,51,28,21,6
"HAGLR",2,2,3,22,8,7,6
"LINC02583",3,1,0,6,2,2,3
"LINC01820",14,23,30,72,22,104,26
"ID2-AS1",14,15,11,37,5,8,4
"RHOQ-AS1",60,79,59,75,50,80,97
"KLHL30-AS1",6,6,5,17,10,6,1
"LINC01120",3,1,25,2,113,32,15
"PKP4-AS1",150,582,113,291,127,60,116
"LINC01090",0,0,4,17,3,3,4
"GTF3C2-AS2",83,97,114,123,96,64,62
"SH3RF3-AS1",31,8,28,53,10,21,9
"BAZ2B-AS1",21,16,24,41,24,29,25
"FAM98A",89,103,101,104,68,113,62
"RNA5SP91",0,10,0,1,0,0,0
"RASGRP3",43,20,139,97,59,97,65
"EPC2",309,213,285,274,259,480,221
"KIF5C-AS1",4,0,2,11,6,3,2
"YPEL5",396,102,221,208,163,600,374
"SNORA10B",23,24,43,31,32,27,29
"LINC01871",29,0,2,8,8,10,5
"SEMA4F",107,74,128,204,88,100,62
"HK2-DT",11,8,7,8,7,11,12
"MIR4778",1,0,6,6,2,5,0
"LINC01873",9,4,14,40,6,10,6
"MEIS1-AS3",0,1,3,9,1,1,0
"MEIS1",56,249,182,588,82,225,73
"MEIS1-AS2",11,24,28,80,21,5,11
"LINC01798",2,1,7,28,4,12,4
"LINC01828",14,0,8,6,6,18,9
"LINC01829",37,19,41,41,41,30,24
"ETAA1",101,64,53,76,48,97,86
"OSGEPL1-AS1",17,8,6,19,13,10,8
"ORMDL1",287,125,182,159,152,284,225
"PMS1",79,51,85,89,67,84,35
"ZNG1B",255,177,180,281,184,347,160
"FOXD4L1",1,3,12,9,6,5,3
"PGM5P4-AS1",5,0,9,20,20,13,1
"RABL2A",355,398,428,518,440,278,287
"SNRPA1P1",1,1,2,5,3,6,2
"SLC35F5",511,449,399,549,268,541,553
"MIR4782",5,8,6,11,3,5,13
"LINC01118",12,13,24,35,11,25,32
"MYOSLID",10,0,15,16,15,22,12
"LINC01943",2,0,16,3,3,33,9
"ANAPC1P6",7,6,18,10,13,2,5
"SNHG31",26,18,37,9,19,25,34
"BTF3L4P2",7,2,3,0,2,3,3
"GNAQP1",0,1,4,3,4,2,2
"LINC00471",19,36,23,56,36,13,5
"CDK5R2-AS1",1,4,4,6,3,4,2
"HNRNPA1P66",4,0,1,7,0,0,3
"FNBP1P1",7,23,23,30,14,8,10
"DAZAP2P1",2,0,6,3,3,1,2
"CYP1B1-AS1",1042,1818,444,734,549,319,140
"LINC00607",10,19,106,248,37,65,43
"POTEKP",2,3,14,12,13,3,9
"FAM138B",14,11,39,42,52,14,6
"LINC02936",5,21,8,14,13,9,6
"FAHD2B",51,32,60,93,32,51,10
"ANKRD36",1186,423,1507,1246,1167,1445,764
"MSL3B",13,21,12,9,14,18,3
"LANCL1-AS1",40,21,48,17,8,23,27
"ST3GAL5-AS1",29,3,28,34,27,32,14
"LINC01127",5,3,56,37,89,33,95
"ERICH2-DT",7,3,5,18,2,4,2
"LINC02613",13,10,15,27,12,15,4
"LINC01883",4,8,6,4,6,6,2
"LINC01250",25,557,27,80,66,56,10
"MYOSLID-AS1",24,10,42,23,19,47,19
"LINC01800",6,0,13,16,11,12,5
"LINC03124",26,64,85,186,20,48,33
"AOX3P-AOX2P",149,174,212,308,270,548,472
"RPL37A-DT",12,3,16,14,20,6,0
"ARHGAP15-AS1",411,49,272,99,185,265,294
"LINC02934",26,125,72,130,63,86,29
"LINC01876",45,176,77,65,3,64,48
"ACTR3-AS1",304,127,275,188,353,200,199
"LINC01191",25,19,24,9,20,48,42
"PRKAG3",3,11,17,42,6,10,2
"MSH2-OT1",24,1,18,32,19,13,1
"BCYRN1",3,9,15,32,4,32,8
"PARTICL",12,5,27,36,24,28,11
"SFTPB",5,489,6,18,20,9,7
"LINC01237",1316,459,1022,749,881,1105,1093
"FAM240C",78,37,59,56,43,39,42
"MFF-DT",28,49,62,63,39,50,23
"CLASP1-AS1",49,8,26,13,16,21,32
"RNU4ATAC",44,36,78,35,42,39,77
"ARHGEF33",4,19,12,19,8,15,3
"HADHB",385,236,349,303,212,472,266
"ADGRF3",27,9,45,55,53,40,26
"SELENOI",388,138,235,136,120,305,312
"LINC02832",1,1,0,7,2,1,0
"MARCO",5,17,9,54,2,32,3
"STEAP3",11,56,43,114,22,41,14
"STEAP3-AS1",4,6,3,19,8,4,3
"C2orf76",17,8,14,23,13,29,7
"DBI",124,149,158,160,104,296,122
"TMEM37",13,31,44,187,17,44,10
"SCTR",5,9,5,38,6,2,1
"FMNL2",143,60,336,350,207,305,201
"WNT7A",10,14,3,5,0,2,2
"CHL1",21,7,35,63,11,76,18
"RPL31P20",0,0,6,5,3,9,1
"DYNC1LI1",180,121,133,110,119,185,163
"RPSAP32",2,12,0,2,0,2,1
"C3orf20",1,3,17,11,38,23,18
"ZCWPW2",6,5,3,7,0,4,1
"MTND4LP9",2,0,4,1,0,3,3
"ARPP21-AS1",522,126,238,106,211,340,486
"PLCL2",156,39,189,174,141,304,159
"PNPT1P1",15,3,3,6,8,9,14
"RAD18",219,98,143,108,124,164,89
"ITGA9",59,59,97,271,63,190,28
"THRB-IT1",8,0,48,70,29,25,13
"SRGAP3-AS3",17,4,11,10,16,8,6
"EFHB",10,21,1,2,3,14,1
"SGO1",95,56,64,40,78,88,46
"SAP18P3",3,2,2,0,3,2,0
"PP2D1",28,4,25,5,9,32,28
"RBMS3-AS1",10,23,7,10,0,6,16
"HINT2P1",5,1,4,18,0,0,2
"CMTM6",308,196,210,134,139,381,282
"FANCD2P2",9,0,2,0,1,1,2
"SYN2",3,1,12,26,8,16,3
"GRIP2",10,30,40,143,27,23,12
"KAT2B",671,268,712,558,413,777,501
"CMC1",82,56,59,56,60,94,64
"HSPA8P18",9,0,1,1,5,8,0
"XYLB",173,122,94,146,66,89,50
"CNTN6",12,6,3,6,0,4,0
"RFTN1",1105,358,1048,788,766,1241,687
"CMTM8",33,23,33,57,16,28,17
"COX6CP10",7,15,3,2,2,5,3
"FGD5",48,38,131,471,40,248,33
"PDCD6IP",636,370,550,483,435,792,384
"SUMF1",196,99,154,237,116,255,92
"RBMS3",380,739,290,685,205,492,235
"SLC22A13",11,11,9,15,9,14,12
"RPS12P5",4,22,12,19,9,12,2
"LRRN1",325,76,93,110,152,215,55
"RPS24P8",31,2,20,3,18,16,51
"KCNH8",29,15,70,20,44,45,14
"GNAI2",987,852,1003,1593,696,1451,666
"AZI2",77,50,71,99,73,101,96
"GNAT1",0,19,0,2,0,3,0
"RBMS3-AS2",68,291,78,113,55,41,44
"HYAL1",34,61,52,90,30,35,16
"APRG1",142,71,121,117,114,174,222
"KCTD6",52,23,38,71,39,42,31
"RAB5A",226,104,196,195,132,370,264
"ANO10",58,52,70,110,48,115,32
"OXSR1",434,297,345,399,293,553,456
"TUSC2",102,82,98,121,63,105,47
"PTPRG",67,118,269,795,180,505,144
"ILF2P1",13,30,11,30,13,18,0
"SMARCC1",1214,683,1047,993,923,1497,783
"CNTN4",25,36,49,203,21,78,28
"HYAL2",26,32,63,135,26,69,9
"SPATA12",11,27,21,42,3,6,16
"ABHD5",95,42,64,106,49,310,62
"RPS12P6",1,8,1,0,2,1,1
"SFMBT1",104,71,91,87,67,154,68
"RPL10AP6",21,5,31,33,17,21,15
"VGLL3",10,9,33,98,14,151,36
"GBE1",88,92,93,104,42,195,80
"RPL17P17",6,9,17,19,5,19,2
"DOCK3",7,3,32,38,19,11,2
"ID2B",0,9,2,2,0,5,0
"FRMD4B",343,187,389,531,265,522,308
"SETP6",3,0,4,1,1,4,1
"CADPS",5,2,15,1,3,18,5
"KBTBD8",22,0,20,5,17,31,11
"PPATP1",1,0,5,0,0,2,3
"PDZRN3",60,255,61,231,23,129,32
"FAM3D-AS1",1,0,2,6,3,0,0
"FAM107A",388,434,241,610,353,728,187
"WDR82P1",2,14,0,1,0,0,3
"ADAMTS9-AS1",7,29,14,94,3,150,63
"EPHA3",4,11,20,80,16,59,15
"IMPG2",36,28,44,20,25,37,14
"TBC1D23",190,73,126,139,114,206,144
"TOMM70",370,185,224,179,118,380,233
"SENP7",391,124,425,226,241,642,372
"CMSS1",66,52,88,70,34,110,36
"NIT2",177,152,186,198,159,194,104
"CBLB",276,152,375,481,272,603,240
"LNP1",18,1,11,26,10,8,5
"FEZF2",0,0,21,2,6,7,6
"ARMC10P1",23,2,10,4,0,2,8
"ALCAM",91,186,89,111,85,206,87
"EIF4E3",259,59,217,185,184,295,298
"ZNF90P1",46,20,21,24,28,45,38
"TMEM158",1,5,2,2,2,1,2
"TMEM39A",257,251,259,267,217,316,197
"HESX1",1,6,2,2,1,1,0
"TIMMDC1",194,157,128,173,116,203,76
"IP6K1",318,194,326,397,228,404,180
"DZIP3",204,103,156,144,115,190,69
"RABGGTBP1",11,14,23,16,16,16,13
"PLA1A",111,0,9,3,4,21,3
"GPR27",10,7,4,16,1,13,1
"TEX55",0,0,2,8,0,1,1
"CDCP1",11,10,28,23,9,23,20
"CD80",7,0,34,10,30,53,20
"RPS26P21",15,5,25,26,22,17,6
"CFAP44",157,134,232,188,179,234,90
"OR7E66P",4,1,4,6,3,0,2
"ACOX2",46,75,61,205,43,50,17
"IGSF11",11,12,8,32,1,8,3
"CMTM7",383,163,398,275,295,414,349
"MAGI1-IT1",23,21,45,79,23,39,20
"IFT57",117,76,78,86,63,173,92
"SPICE1-CFAP44",9,17,18,33,20,21,4
"RPL10P7",1,0,2,2,6,1,0
"SNX4",126,45,70,65,63,174,114
"B4GALT4",110,62,129,201,109,150,91
"COPS8P2",0,5,5,7,0,6,3
"HSPBAP1",217,72,147,167,130,225,132
"UPK1B",5,15,24,110,14,13,12
"TRAT1",373,110,267,174,316,502,375
"MAGI1-AS1",5,9,13,21,7,19,3
"BFSP2",74,45,98,29,194,91,25
"MRAS",16,22,95,227,55,151,71
"RNF7",140,72,115,109,63,148,120
"PDIA5",21,32,62,86,31,75,27
"SLC35A5",175,94,145,99,122,163,110
"TMEM108-AS1",1,16,11,22,12,3,7
"ESYT3",209,111,119,172,257,136,62
"STAG1",644,288,641,569,490,895,520
"HACD2",162,62,145,158,65,181,97
"PROK2",2,0,2,0,1,56,1
"APPL1",395,172,283,295,167,482,268
"ATP1B3-AS1",30,13,34,31,27,77,48
"NECTIN3",24,29,31,59,12,47,11
"PRICKLE2",29,13,90,255,51,175,33
"PSMC1P1",40,14,55,33,32,45,44
"RUVBL1",167,109,120,173,135,183,54
"PBX2P1",13,6,16,16,19,20,9
"HMGN1P10",11,0,6,2,5,4,7
"CEP70",646,184,232,143,321,380,377
"AFF4P1",23,9,22,2,44,25,9
"SLC9A9-AS1",35,25,18,20,9,26,16
"PPM1L",340,169,259,280,176,342,238
"ARHGAP31",349,252,492,806,414,690,226
"PARP14",862,730,1914,1129,757,1638,725
"CHCHD6",26,29,31,50,18,28,2
"B3GALNT1",16,27,17,68,16,32,13
"BCHE",0,6,8,23,3,24,5
"ARHGEF26",50,61,76,165,52,127,60
"SLC9A9-AS2",5,8,6,8,11,17,8
"TM4SF1",64,22,38,105,12,257,16
"UBTD2P1",8,8,13,32,15,30,3
"SLC9A9",135,104,185,222,160,377,135
"NEK11",27,51,26,61,15,39,10
"TNFSF10",47,54,109,145,61,181,88
"PHC3",2075,1421,1867,1640,1563,2194,1978
"PXYLP1",1375,675,1024,856,1044,1177,827
"FNDC3B",251,275,477,906,277,922,425
"EEF1B2P8",2,2,2,2,2,3,3
"RPL22L1",54,24,36,40,26,92,38
"MECOM-AS1",7,0,3,1,0,0,2
"NAP1L5P1",9,2,4,5,1,2,3
"ATP1B3",384,167,228,232,163,640,394
"GMPS",568,273,370,322,259,504,414
"EEFSEC",63,32,73,110,51,124,41
"RPL19P6",48,16,67,33,43,49,31
"UBE2V1P2",5,11,8,9,6,10,10
"ATP5MC1P4",3,0,0,3,0,3,2
"YWHAQP6",13,3,17,6,7,15,10
"TNIK",204,224,344,462,247,482,390
"TBPL1P1",3,2,1,2,1,5,2
"NAALADL2",88,77,83,107,73,125,50
"LINC02006",5,6,7,1,2,4,1
"DHX36",607,222,469,322,320,787,530
"MECOM",38,30,42,104,18,83,28
"DDX5P1",3,7,3,0,1,0,1
"MAP3K13",133,197,160,197,110,176,125
"VEPH1",59,9,20,23,11,7,8
"SLC49A4",89,58,59,74,31,110,74
"CHST2",193,185,110,103,175,230,118
"SEMA5B",1,2,2,15,0,9,0
"ATR",753,350,747,394,499,712,459
"ACTG1P23",1,0,6,1,2,1,1
"SLC33A1",94,119,130,145,85,107,102
"RASA2-IT1",19,2,18,9,20,18,19
"PCBP2P4",8,2,6,7,6,6,3
"WWTR1-IT1",5,5,8,18,2,5,5
"SNRNP40P1",0,0,6,29,14,18,4
"NDUFB4P1",6,4,2,5,4,10,7
"ADIPOQ-AS1",0,0,15,15,2,14,0
"SETP14",18,12,34,13,17,17,29
"OPA1-AS1",5,0,7,5,1,2,6
"CLSTN2",38,60,139,527,67,507,68
"KLHL24",853,458,613,613,434,963,785
"RTP4",27,25,21,13,19,23,16
"WWTR1-AS1",0,6,3,5,0,3,0
"IL17RD",4,5,15,123,6,77,12
"DNAJC13",559,370,535,475,357,690,400
"HGD",5,0,5,2,6,18,6
"TPRG1-AS2",1,3,2,3,3,2,2
"POGLUT1",212,110,204,151,162,238,173
"DGKG",25,40,48,108,41,102,10
"KLHL6",715,231,749,468,722,718,614
"ADAMTS9",30,47,86,359,29,708,193
"B3GNT5",43,50,52,57,22,234,39
"DDX50P2",0,0,5,3,5,2,2
"GOLIM4",65,193,103,278,72,195,98
"KCNAB1-AS2",3,4,10,31,19,18,2
"MTAPP2",0,3,0,16,0,3,0
"CCDC50",195,120,325,368,90,407,199
"GK5",300,225,319,307,193,270,288
"EHHADH",25,10,32,59,19,41,13
"EIF2B5",308,179,378,453,347,404,227
"SHQ1",222,112,190,127,119,195,125
"FBXO45",101,62,79,43,58,83,46
"IGF2BP2-AS1",9,5,17,19,9,14,13
"YEATS2",598,580,729,773,756,763,566
"PLAAT1",2,2,4,1,4,7,4
"RNF168",419,396,437,529,361,481,508
"MB21D2",8,0,11,31,4,17,5
"P3H2",7,73,49,86,21,93,35
"WDR53",26,10,35,34,35,40,16
"TPRG1",36,44,46,114,46,70,30
"ADIPOQ",2,0,151,591,33,640,102
"ATP13A4",35,53,44,37,16,24,24
"PLCH1-AS1",28,7,19,17,35,11,18
"RPS27AP8",7,0,1,0,1,4,7
"ETV5",76,149,86,116,41,143,40
"C3orf33",1,0,5,11,1,6,1
"ETV5-AS1",1,15,3,5,3,2,2
"GAPDHP47",2,19,19,20,7,12,8
"ST13P15",7,5,24,15,27,28,12
"EIF5A2",28,18,23,20,8,29,19
"VEZF1P1",3,9,6,7,4,2,3
"U2SURP",944,455,798,637,688,1110,679
"RN7SL147P",0,2,0,4,3,0,5
"MIR3135A",9,7,3,4,1,0,3
"MIR128-2",5,0,11,11,2,3,0
"RNU2-10P",0,0,4,4,0,1,2
"RN7SL751P",5,27,12,17,15,8,8
"RNU2-28P",0,3,0,4,0,3,3
"RNU6-1127P",2,0,4,3,2,0,0
"MIR567",4,0,4,2,3,2,3
"RNU6-1284P",17,3,6,3,4,12,11
"RNU6-509P",7,1,2,1,0,6,5
"RN7SL715P",3,2,2,1,1,2,5
"RNU6-425P",40,3,17,10,6,7,23
"RNU1-100P",5,12,10,11,14,9,10
"MIR569",3,0,0,0,1,2,5
"SNORA63D",4,0,11,0,3,12,13
"RN7SKP40",5,0,2,1,1,2,1
"RNA5SP151",2,2,2,7,3,12,0
"RNU4-4P",7,2,2,2,0,5,4
"RN7SL141P",3,2,10,16,14,12,9
"CPA3",3,0,19,34,11,63,26
"UBQLN4P1",7,14,9,26,10,12,7
"GYG1",105,42,81,84,33,95,35
"HLTF",208,83,128,77,83,213,122
"HPS3",223,47,216,134,195,254,111
"RPN1",300,203,313,328,233,589,218
"POU5F1P6",8,18,14,14,11,10,0
"MARK2P8",90,24,89,65,63,91,51
"CBX5P1",41,9,19,13,20,27,44
"C3orf38",113,43,103,54,76,165,69
"FAM136CP",27,14,35,14,19,31,20
"BTF3P16",19,3,19,16,17,12,4
"PCNP",315,198,219,242,147,366,246
"RPS18P5",100,70,119,166,75,137,64
"RPL32P7",4,1,2,3,2,4,1
"RNY1P12",4,0,2,3,7,6,2
"HMGB3P14",14,0,7,7,7,11,12
"DPPA4P2",35,8,17,24,15,14,18
"KY",44,133,31,55,51,34,10
"FANCD2OS",5,1,5,2,7,2,5
"BRK1",357,149,192,250,138,412,169
"IRAK2",36,26,67,96,38,76,33
"LINC00852",152,47,149,127,137,149,73
"GHRL",72,43,115,118,111,108,37
"GHRLOS",115,70,189,168,201,184,79
"SEC13",362,212,415,457,382,469,205
"SLC25A20",88,25,79,66,67,127,40
"P4HTM",150,152,219,323,198,187,109
"DALRD3",79,26,58,94,49,50,13
"NDUFAF3",101,85,85,119,49,112,46
"PTX3",3,5,3,10,0,27,0
"THOC7",123,92,68,74,50,118,83
"H2BP3",3,4,10,2,4,1,1
"ATOSBP1",2,2,17,6,10,10,2
"TIGIT",45,11,155,56,39,119,103
"ZBTB20-AS5",61,23,64,38,61,90,63
"ZBTB20-AS2",12,5,4,5,3,16,0
"MIR4796",8,0,1,0,0,7,0
"ZBTB20-AS3",33,5,30,29,9,22,37
"YBX1P3",31,4,39,18,13,37,22
"ZBTB20-AS4",53,28,12,35,25,27,30
"EIF4E2P2",4,3,5,5,1,0,2
"THRB",50,21,120,412,99,170,78
"CNBP",953,507,662,783,489,1163,903
"IGF2BP2",28,20,45,126,28,92,29
"ZNF80",4,3,10,5,5,13,3
"CCNL1",1066,340,876,761,857,2172,1032
"NCEH1",79,34,43,39,40,69,37
"NUDT16",111,441,296,374,315,284,175
"DIPK2A",126,49,90,169,63,196,80
"RABL3",158,70,128,80,68,173,108
"FTH1P4",35,18,31,23,23,42,46
"RN7SL698P",29,24,25,10,20,16,27
"RPS15AP16",15,3,15,3,5,19,8
"MARK3P3",3,0,1,5,0,4,2
"MARK2P6",5,2,4,6,2,2,4
"ATXN7",1590,784,1561,1508,1674,2060,1722
"ZBBX",3,4,6,1,2,4,0
"TMEM45A",5,4,10,20,7,23,13
"RPL7P15",0,0,9,2,2,2,2
"NGLY1",388,168,407,196,321,456,293
"RPL32P11",23,6,18,21,19,30,12
"TAF9BP1",43,13,40,26,34,15,30
"OXSM",21,14,31,38,25,35,12
"ALG3",60,55,76,73,75,65,41
"EEF1AKMT4",4,0,5,0,5,3,0
"PSMD2",522,353,416,523,362,716,252
"EIF4G1",1125,1441,1206,1940,966,2065,658
"SNORD66",0,0,4,6,2,1,2
"FAM131A",97,234,93,246,80,109,126
"CLCN2",56,90,57,84,45,48,46
"DLEC1",30,11,38,63,26,46,10
"ACAA1",190,107,206,234,136,191,137
"TFG",585,387,411,450,357,656,628
"WDR48",308,154,237,217,181,429,182
"CRIPTO",1,7,80,77,54,48,37
"ALS2CL",52,737,274,606,113,106,62
"TMIE",0,4,13,18,5,4,0
"PTH1R",0,6,14,44,3,14,2
"BLVRBP1",3,0,6,6,5,2,0
"NBEAL2",510,231,833,790,560,869,250
"MRPL57P3",9,10,8,12,6,3,9
"ACVR2B",1134,289,545,662,622,656,744
"DDTP1",13,5,15,16,7,20,4
"RPL18AP7",23,19,35,28,23,28,14
"LRRFIP1P1",15,11,23,31,37,43,40
"ZNF639",120,89,83,124,66,139,97
"MFN1",307,131,304,229,189,380,203
"GNB4",139,72,134,149,88,203,121
"ACTL6A",190,59,129,82,86,222,93
"MRPL47",89,34,46,44,32,94,49
"LRRC15",3,41,7,2,4,9,4
"LSG1",238,157,435,301,285,368,126
"FAM43A",12,18,50,78,28,77,17
"BHLHE40",211,1255,176,359,49,866,398
"ARL8B",288,131,167,135,89,220,191
"EDEM1",4536,895,2984,1764,1945,3413,3108
"RN7SL553P",5,1,2,1,1,3,1
"WNT5A-AS1",6,1,2,6,0,10,2
"ERC2-IT1",1,4,1,1,6,0,2
"CCDC66",355,159,286,278,249,348,179
"H1-8P1",0,2,6,15,0,2,2
"RN7SL418P",4,5,1,6,1,1,4
"SCN11A",29,21,27,34,31,39,17
"MAGEF1",109,115,81,135,79,120,78
"C3orf70",15,8,38,81,10,51,9
"PIK3R4",260,126,298,282,182,368,136
"CSRP2P2",44,15,17,18,32,19,28
"CLDN1",41,13,47,37,39,71,34
"GCNT1P3",4,3,3,5,4,4,1
"CLDN16",2,0,3,3,0,5,4
"ATP2C1",1069,689,501,451,355,616,548
"TFDP2",6613,2136,4161,2950,3455,4458,4643
"CEP15",8,4,4,9,4,11,4
"SUCLG2",144,64,126,153,89,259,114
"PLCD1",62,66,116,213,128,135,67
"ASTE1",83,69,81,63,77,87,36
"PSMD6",638,252,570,416,585,745,708
"PLCH1",527,97,234,224,475,266,101
"WWTR1",46,103,81,203,40,285,83
"LRIG1",33,42,97,249,37,188,41
"THPO",2,5,3,8,2,3,0
"NMD3",114,47,110,116,97,238,91
"ARHGEF3",579,232,481,328,337,553,322
"CCDC14",1120,318,1093,819,1076,1033,757
"C3orf52",693,147,471,197,379,300,533
"CAMK1",28,42,58,92,62,36,28
"JAGN1",81,28,65,83,36,64,24
"IL17RE",57,32,93,165,73,47,58
"AMT",36,38,43,55,49,32,27
"BSN",73,129,119,149,94,76,39
"APEH",252,183,288,366,239,281,92
"RNF123",247,192,297,322,237,286,79
"GMPPB",88,88,160,156,124,140,91
"COX6CP14",32,7,11,14,18,10,12
"CIDEC",2,0,26,145,14,100,12
"KLHL18",217,97,170,175,153,244,84
"EIF4A2",1333,473,1081,991,772,1623,854
"ATP5MC1P3",3,2,1,7,0,0,1
"RBP2",23,27,10,33,16,21,10
"LRRC58",396,340,201,230,139,306,201
"SUGT1P2",16,10,28,16,14,16,10
"RPL23AP43",2,2,4,0,5,1,1
"TRIM71",2,0,6,2,9,4,4
"TIMP4",2,0,16,38,5,61,8
"PFDN1P1",1,5,3,6,1,2,4
"RNA5SP123",16,22,14,20,10,12,3
"RNU6-377P",6,4,4,4,2,6,2
"PDCD10",152,46,133,76,84,176,107
"HMGN1P8",46,12,47,25,51,31,51
"SERPINI1",21,11,27,30,20,23,14
"PLSCR4",16,16,57,198,35,158,42
"PLSCR1",136,89,194,151,108,412,203
"TRIM59",162,62,101,84,111,90,70
"B3GAT3P1",1,6,7,4,4,2,1
"KPNA4",779,363,639,473,498,912,673
"SCARNA7",679,495,1196,1789,806,1383,1040
"CHMP2B",90,47,51,59,37,119,69
"WNT5A",56,22,45,82,25,112,43
"CFAP91",9,4,8,23,3,12,7
"PARLP1",73,24,46,29,42,34,26
"RFKP3",21,8,14,5,15,18,13
"RN7SL762P",1,17,1,1,2,0,2
"RN7SL397P",0,9,1,7,0,0,0
"RRP9",29,36,33,37,25,41,18
"GPR62",1,2,4,14,1,4,1
"ACY1",2,8,1,10,2,3,1
"RPL29",1081,974,835,1585,700,1560,692
"DUSP7",101,178,101,159,77,109,63
"POC1A",41,20,42,26,31,54,19
"ALAS1",91,109,96,132,95,118,87
"TWF2",98,63,120,147,82,112,49
"PPM1M",137,67,293,330,219,282,92
"GLYCTK",159,115,239,161,132,181,85
"PPP2R5CP",4,2,3,3,4,4,4
"BAP1",319,321,383,548,314,435,190
"RPS20P14",62,12,35,12,26,62,62
"RPL39L",20,4,6,14,14,20,3
"ST6GAL1",665,319,987,782,886,1331,523
"KLF15",9,40,49,111,49,53,11
"CFAP100",13,24,13,27,10,24,4
"ZXDC",538,468,593,840,573,647,314
"UROC1",0,10,0,0,1,1,0
"METTL5P2",15,2,6,5,3,3,9
"RCC2P4",7,10,12,16,8,5,2
"NRROS",93,26,76,105,51,85,34
"RNU6-646P",2,0,4,7,3,1,2
"PAK2",1114,497,637,468,456,1170,846
"RNU4-89P",9,0,7,1,1,11,6
"RNU6-42P",24,3,71,13,31,7,80
"CEP19",48,29,41,39,38,43,30
"CADM2",0,0,2,12,7,10,0
"COPB2",473,276,405,320,309,664,335
"RN7SL182P",10,8,17,15,11,18,19
"QARS1",479,392,505,614,415,676,172
"LAMB2",138,323,357,1465,131,598,80
"LAMB2P1",14,44,39,77,32,35,25
"CCDC71",54,43,79,117,43,86,19
"KLHDC8B",28,23,39,134,21,47,8
"ACAD11",27,11,18,15,11,20,4
"ACKR4",54,22,31,25,21,35,38
"HSPA8P19",15,5,7,3,3,14,17
"RN7SL482P",10,14,10,9,17,13,4
"RNU2-11P",7,4,5,4,6,1,0
"PPP4R2P2",36,5,6,4,11,17,7
"PPP4R2P3",18,0,4,1,8,9,7
"ARL8BP1",8,4,1,1,1,8,0
"RNU7-18P",9,0,0,2,2,10,1
"TMEM40",1,17,7,5,4,4,5
"RPL32",1621,972,1577,2312,1503,3248,1071
"GSK3B",1535,1153,1068,1051,874,1387,869
"RAB6B",24,41,23,41,29,39,17
"C3orf36",2,0,5,15,2,5,0
"C3orf62",45,96,80,95,89,90,19
"USP4",606,311,900,761,693,1009,363
"RHOA-IT1",27,34,47,27,22,24,23
"U2SURPP1",32,0,5,2,3,14,8
"TMEM44",57,54,107,119,95,88,41
"PCBP4",33,92,91,147,36,51,31
"ECT2",322,130,143,77,144,250,178
"XRN1",962,384,894,557,614,1392,993
"POPDC2",29,13,30,37,39,34,17
"COX17",88,94,67,88,61,119,48
"ARIH2",625,402,594,708,515,555,481
"ANAPC13",66,28,45,73,38,68,49
"AMOTL2",33,17,118,464,45,333,24
"TMEM108",103,159,145,89,273,101,82
"SLC12A8",8,22,7,35,5,17,2
"OPA1",487,289,387,305,277,655,386
"GPR156",5,3,5,31,6,13,1
"CGGBP1",769,257,414,282,319,682,396
"ZNF654",193,81,155,100,81,185,186
"TP63",276,1101,293,794,277,456,369
"MASP1",3,0,6,65,7,15,1
"RNU6-678P",1,3,3,1,3,2,0
"TF",23,59,34,57,48,71,61
"SLCO2A1",129,80,189,271,92,182,72
"PEX5L-AS1",3,1,1,2,2,0,3
"AGTR1",3,0,10,26,10,40,5
"DNASE1L3",35,2,53,69,34,70,16
"ABHD6",43,21,73,120,34,62,30
"RPP14",102,177,84,180,86,86,63
"PXK",345,115,234,172,154,253,184
"WDR53P1",9,3,11,7,6,2,6
"PDHB",163,52,155,159,95,213,125
"PEX5L",75,52,40,32,59,85,52
"RALBP1P1",4,1,5,1,2,4,1
"NDUFB5",125,139,66,46,37,88,29
"USP13",137,75,97,121,78,117,70
"MME",639,62,257,107,152,645,341
"HTD2",12,5,9,4,8,16,7
"CRYGS",26,10,43,29,35,25,8
"TBCCD1",82,41,105,106,60,121,44
"PET100P1",1,4,3,5,2,12,5
"CNTN4-AS1",1,0,3,6,0,2,3
"IL5RA",2,1,8,19,4,16,1
"RHOA",979,579,706,833,660,1393,724
"ACAD9",559,398,553,709,444,551,374
"RAB43",23,16,25,40,28,27,29
"ISY1",96,82,85,109,65,87,60
"SDHDP4",23,7,42,10,25,41,14
"CXCR6",134,45,197,116,162,178,204
"PROS1",9,2,31,59,17,130,30
"STX19",8,5,0,1,0,6,1
"DHFR2",106,99,89,109,78,91,68
"NSUN3",192,90,141,127,93,179,81
"RBBP4P2",25,10,20,16,12,22,13
"ARL13B",92,52,71,94,53,118,62
"VIPR1",25,65,76,138,26,59,8
"VIPR1-AS1",15,27,26,81,26,10,14
"SEC22C",340,217,255,278,212,374,272
"SS18L2",47,7,21,38,13,38,14
"HHATL",23,5,19,14,14,13,5
"CCDC13-AS1",6,1,6,0,10,0,0
"HIGD1A",92,39,44,35,43,42,37
"ACKR2",11,15,16,14,5,10,5
"CYP8B1",0,0,5,4,6,7,3
"HNRNPA1P22",1,0,2,5,1,0,3
"ZBTB47",22,47,51,200,25,71,18
"IQCF2",5,5,11,7,9,12,4
"PARP3",101,170,86,133,43,71,23
"ZKSCAN7",64,37,95,77,64,101,53
"ZNF660",111,46,90,97,79,136,89
"ZNF197",242,144,275,249,193,281,136
"ZNF35",57,65,76,83,52,92,41
"CAPN7",388,255,449,400,258,502,340
"SH3BP5",63,59,190,471,105,231,72
"HMGN2P7",0,1,3,1,3,3,1
"METTL6",177,170,145,208,129,133,109
"EAF1",153,69,105,97,81,160,135
"RNU6-1024P",2,2,4,4,0,2,0
"COLQ",147,185,153,166,148,127,116
"HACL1",142,58,125,67,85,151,90
"MIR3134",2,0,6,3,1,10,2
"RN7SL4P",19021,7409,20470,37457,5046,28139,8963
"SEMA3B",5,36,11,134,7,47,5
"LSMEM2",2,8,9,15,8,7,0
"HYAL3",8,42,6,10,9,6,2
"NAA80",21,74,39,65,37,33,9
"DNAJB11",167,64,131,107,74,176,101
"TSEN2",336,289,338,438,216,240,137
"PLXNB1",408,1942,654,1354,367,430,183
"CCDC51",23,50,22,43,27,21,14
"TMA7",78,48,29,30,38,113,37
"PFKFB4",34,322,35,84,29,71,50
"UCN2",2,39,5,15,2,6,3
"TMEM89",1,8,2,3,1,1,2
"SLC26A6",98,99,173,222,100,98,53
"CELSR3",31,60,26,36,38,30,7
"NCKIPSD",74,71,85,179,92,80,44
"IP6K2",657,448,691,717,631,624,474
"COL7A1",96,5505,612,3611,168,370,141
"MKRN2",168,98,182,185,144,195,114
"ZMAT3",514,237,281,239,240,405,366
"PIK3CA",476,205,387,261,312,533,443
"ARPC4",328,184,288,223,219,393,203
"PIGX",112,84,79,53,36,111,74
"TXNRD3",69,61,49,69,38,103,43
"HTR1F",8,1,10,12,3,14,7
"ABHD14B",223,157,188,286,147,198,94
"RFC4",135,20,87,61,71,110,39
"STAC",4,19,15,14,2,7,12
"NR1I2",3,2,5,2,1,2,2
"KNG1",4,0,3,3,0,0,1
"MRPS10P2",3,2,3,8,3,3,3
"EGOT",78,52,64,55,53,85,87
"SEMA3G",35,91,66,244,24,108,25
"TNNC1",1,0,3,6,2,7,0
"NISCH",805,712,1160,2068,1019,974,312
"DNAH1",344,295,798,953,455,776,168
"PTPN23",408,532,528,946,370,445,238
"SPMIP3P1",9,3,6,8,1,3,8
"ELP6",166,122,162,158,120,138,58
"CSPG5",4,10,4,11,7,5,5
"HIGD2AP2",15,4,3,10,9,8,6
"RPL15P6",12,6,7,9,8,9,10
"LILRA2P1",5,2,5,4,3,3,0
"RPS12P7",14,5,21,12,8,15,17
"RSRC1",428,262,347,251,256,400,358
"NPHP3",95,50,131,262,80,104,105
"DHX30",522,332,536,581,353,535,293
"VPS26BP1",25,22,20,12,11,22,18
"RPS27P30",14,6,7,12,8,9,8
"RN7SL664P",4,1,14,10,2,1,15
"RPL17P16",6,1,3,3,6,2,12
"CDC25A",107,42,57,42,53,91,42
"NDUFB1P1",3,2,2,6,2,3,4
"CAMP",1,0,5,1,2,24,3
"ZNF589",250,164,424,424,492,383,303
"MRPS18AP1",5,7,12,6,13,11,15
"NME6",115,185,181,187,107,116,76
"FBXW12",4,120,10,29,2,9,2
"RN7SL321P",2,0,3,1,3,2,3
"ATRIP",73,52,82,154,73,119,65
"PLXNA1",411,1616,465,950,339,427,158
"PLS1",31,8,18,15,10,21,19
"RN7SKP25",3,2,7,3,5,3,12
"PCOLCE2",2,0,16,103,2,125,3
"RPL8P3",1,0,3,5,0,3,1
"RAD23BP1",37,10,37,15,32,31,12
"UBA5",295,86,226,178,161,224,192
"MTMR14",363,217,387,458,327,466,328
"BRPF1",288,172,346,409,268,370,134
"LARS2",226,181,265,251,219,318,128
"LIMD1",433,183,449,504,378,400,285
"CCR1",23,10,33,31,34,92,36
"CCR2",22,15,57,88,30,84,14
"CCRL2",25,4,34,24,31,65,17
"LINC02009",6,7,5,1,7,7,2
"CCR3",1,0,4,5,0,7,1
"LTF",14,0,84,12,67,152,60
"RTP3",2,19,5,1,1,7,3
"LRRC2",36,244,114,175,44,77,35
"CRELD1",100,149,138,201,159,71,84
"PPARG",30,14,93,229,37,203,37
"DCP1A",400,290,331,365,299,419,376
"CHDH",5,9,13,57,1,20,11
"IL17RB",33,5,30,24,35,19,19
"ACTR8",191,77,172,163,158,219,119
"FANCD2",382,152,254,145,187,297,166
"UMPS",198,125,177,172,136,196,94
"MIR544B",6,6,4,2,1,1,0
"RPS26P22",8,0,4,1,5,4,2
"ITGB5",83,218,170,609,73,244,60
"ITGB5-AS1",3,2,5,10,2,2,2
"ENO1P3",3,2,5,15,1,6,2
"PDHA1P1",38,21,22,15,20,17,11
"PPIAP16",4,6,7,7,6,6,3
"FLNB",5924,1649,5055,6631,3529,7555,5893
"KALRN",60,37,178,474,103,338,86
"POU1F1",4,4,0,4,2,2,2
"MIR548I1",1,3,4,6,1,0,0
"SNRPCP11",1,2,2,13,0,1,0
"ENPP7P4",3,0,1,16,3,3,2
"ROPN1B",16,10,20,32,8,10,1
"POLQ",331,102,216,95,190,279,189
"RPL7AP11",30,26,23,41,30,10,26
"FBXO40",7,2,11,5,7,15,0
"PGAM1P4",2,4,1,2,3,0,3
"THUMPD3",217,176,185,163,166,243,144
"LHFPL4",8,50,17,19,1,13,3
"RASSF1",118,101,180,266,103,127,106
"MCF2L2",48,25,69,42,46,69,32
"IFRD2",72,75,58,76,34,45,13
"MBNL1",2237,812,1873,1359,1307,2709,1663
"SLC22A14",8,6,2,2,3,1,1
"MKRN2OS",44,28,41,31,34,31,13
"TADA3",188,177,193,293,189,367,141
"ITPR1",1349,356,1771,1963,1942,2029,1442
"EPHB1",15,30,17,11,10,24,4
"EFCC1",22,16,26,67,16,27,18
"ARPP21",5205,1193,3629,1730,3531,3988,4577
"ZBTB38",120,184,400,679,269,593,131
"TASOR",1001,496,698,596,491,958,546
"GRK7",38,13,32,21,59,25,63
"SLC6A6",466,246,597,609,402,689,607
"FILIP1L",167,95,204,381,115,702,121
"COPG1",413,360,464,558,334,631,270
"HMCES",211,120,216,271,150,346,171
"SNORA7B",28,21,47,74,46,33,41
"MBD4",187,47,187,149,179,232,136
"H1-8",1,3,1,3,6,7,0
"PLXND1",1202,423,1837,2133,1714,2104,1001
"RN7SL752P",50,29,231,130,70,37,292
"CEP63",716,296,442,393,320,368,469
"KIF9",25,38,23,35,12,43,11
"RNA5SP145",4,0,5,5,0,0,1
"GPR171",17,1,20,1,7,24,18
"P2RY14",48,6,28,33,19,70,23
"SETP11",3,0,5,1,1,9,3
"GPR87",5,0,4,0,2,1,1
"P2RY13",43,11,32,37,21,97,9
"P2RY12",9,0,8,4,16,12,7
"IGSF10",29,16,126,243,58,153,67
"TCAIM",238,181,130,150,131,157,96
"TRA2B",2184,638,1425,1098,1296,2405,1445
"MIR1284",6,0,4,7,3,8,3
"FOXP1-IT1",132,5,65,59,66,62,71
"RARRES1",38,5,33,35,29,34,15
"MFSD1",225,61,187,98,91,309,150
"RPL35AP9",3,4,3,8,4,2,1
"GPR79",12,11,8,19,8,5,7
"RNU2-31P",1,0,0,1,0,9,0
"FOXP1",1611,527,1481,1488,1369,1580,1472
"MRPS22",146,104,127,131,116,191,145
"EIF2A",373,160,262,191,203,423,254
"VILL",167,137,236,269,223,140,65
"MRPL3",179,42,100,78,57,218,62
"SNORA58",6,6,6,10,7,3,2
"PSMC2P1",7,3,2,0,3,6,0
"CPNE4",5,5,7,13,4,5,2
"RPL13P8",12,3,11,13,13,14,4
"VWA5B2",18,23,11,14,12,7,8
"IHO1",8,29,38,41,19,14,9
"MYH15",28,29,6,12,16,13,4
"PODXL2",10,3,19,25,7,22,4
"ABTB1",375,129,499,718,383,451,238
"KBTBD12",6,8,11,23,4,7,6
"RNU2-37P",4,0,1,5,2,4,2
"RUVBL1-AS1",11,7,7,15,4,7,0
"MGLL",113,117,284,689,101,328,134
"HCLS1",821,284,953,661,736,1337,693
"RN7SL172P",8,4,12,11,8,6,5
"RNU4-62P",5,6,7,8,6,12,9
"IQCB1",196,125,159,103,113,202,110
"SLC15A2",75,37,114,79,117,85,59
"GP5",5,4,6,3,5,10,3
"MYLK",220,169,332,868,246,452,120
"MAF1P1",1,0,6,1,6,0,0
"FAM76AP1",4,8,3,0,3,1,3
"CDV3",1654,821,1346,774,1640,2220,1730
"TOPBP1",623,306,444,315,429,685,358
"SHOX2",0,2,8,14,0,10,0
"ROBO1",443,703,504,853,362,580,326
"C3orf49",27,20,33,57,36,29,15
"KCNMB2",2,2,1,2,3,1,0
"SRGAP3",180,255,241,348,201,177,93
"CPNE9",7,6,11,14,11,7,4
"ZNF445",905,508,941,973,887,1063,1038
"NKTR",2246,1134,2609,2410,2285,3324,2736
"RASA2",363,102,274,153,260,542,277
"SELENOK",46,44,39,51,24,117,27
"SCAP",449,396,510,767,319,508,161
"SHISA5",328,480,299,584,223,510,203
"CCDC174",213,115,216,213,203,267,197
"PHF7",108,45,83,87,87,126,109
"WDR6",618,435,745,1495,481,748,301
"TKT",469,350,449,615,385,826,330
"ABHD14A",15,37,31,40,13,36,17
"CHST13",2,0,4,3,0,2,0
"CIP2A",145,32,82,45,66,114,66
"CRBN",213,137,212,204,172,240,193
"CNTN3",3,11,28,34,12,20,3
"HNRNPA3P6",139,79,142,101,146,150,228
"LEKR1",11,8,12,15,4,16,3
"ADPRH",36,48,60,60,32,89,34
"DNAH12",14,18,10,12,10,12,6
"POLR2H",123,112,108,211,86,118,61
"CNOT10",175,147,182,174,138,202,100
"MST1",82,159,83,120,98,50,41
"UTS2B",6,0,0,4,8,5,3
"SLC25A26",289,146,234,314,231,316,195
"MED12L",102,15,92,60,92,136,51
"SETD2",1590,1192,1746,1516,1453,2137,1419
"HTR3C2P",4,0,0,20,6,1,0
"HTR3E",4,2,9,35,10,2,3
"HSP90AA5P",2,0,3,7,2,2,1
"RPS3P3",7,8,16,23,10,7,6
"ABCF3",176,88,245,313,202,225,90
"SETD5",2478,2056,2670,2870,2413,2744,2500
"ABCC5",397,169,993,653,1579,589,415
"EEF1A1P8",4,4,18,10,15,6,14
"DVL3",624,787,496,857,411,547,423
"AP2M1",545,385,456,705,378,633,201
"ACTRT3",2,4,0,5,1,4,0
"MYNN",88,54,58,36,44,86,64
"LRRC34",39,52,16,35,18,26,18
"LRRC31",0,8,0,0,3,0,0
"SEC62",370,249,414,438,291,851,429
"SEC62-AS1",16,12,23,21,14,16,14
"GPR160",62,53,81,61,26,99,58
"RNU4-38P",1,5,5,0,0,3,5
"TEX264",149,144,151,201,160,138,87
"RNA5SP132",0,5,4,5,4,2,0
"GRM2",7,0,4,11,10,22,1
"NCBP2",421,336,408,317,338,338,463
"NCBP2-AS1",22,0,15,22,9,11,26
"NCBP2AS2",38,11,43,32,16,49,14
"PIGZ",63,27,29,85,62,53,21
"RYBP",294,135,200,215,203,350,223
"TSC22D2",455,361,443,445,359,607,339
"COL6A6",51,32,174,437,150,170,73
"ZNF662",32,6,76,213,68,96,39
"SNRK",904,132,606,332,377,1013,660
"RN7SL517P",75,34,76,59,54,62,84
"SNRK-AS1",24,28,31,36,33,47,35
"RPL18AP9",3,0,3,3,3,3,0
"GASK1A",51,20,58,191,78,88,39
"HRH1",8,7,22,76,1,50,12
"ATG7",226,133,311,290,186,319,149
"CSTBP1",10,4,11,9,8,10,4
"VGLL4",411,417,393,483,318,507,343
"RARB",32,30,44,63,38,68,38
"TRMT10C",39,17,21,32,30,57,26
"ATP13A3",854,360,589,557,364,1124,966
"PHF5AP3",46,16,41,32,49,49,51
"INKA1",9,27,14,23,11,6,3
"UBA7",414,439,571,737,407,480,153
"TRAIP",51,40,59,50,52,47,31
"ACTL11P",0,38,1,1,3,4,0
"MON1A",49,51,75,100,85,56,25
"RBM6",1254,857,2338,2719,2403,2081,1986
"RBM5",1476,814,1670,1639,1454,1661,1176
"RBM5-AS1",32,33,54,54,33,26,24
"CD86",17,10,67,43,33,87,42
"CASR",3,2,11,374,5,12,3
"CSTA",8,2,33,27,15,66,32
"MIX23",31,36,40,23,37,48,36
"FAM162A",144,260,179,224,125,181,172
"WDR5B",83,44,75,48,52,59,37
"KPNA1",469,212,395,276,307,515,391
"PARP9",313,274,552,297,304,539,482
"DTX3L",303,407,416,350,255,531,292
"PARP15",255,19,386,133,213,326,116
"EIF4BP8",0,1,1,0,4,3,4
"EMC3",155,209,161,219,105,232,103
"SRPRB",84,55,82,62,56,89,36
"WWP1P1",4,4,5,7,7,2,7
"PDLIM1P4",44,24,16,9,23,42,13
"DCBLD2",338,218,245,425,231,383,256
"RNU6-26P",9,0,2,3,1,7,2
"ST3GAL6",722,138,315,130,357,558,290
"FYCO1",729,392,945,1170,977,1059,705
"RPS20P15",12,2,11,0,2,9,5
"MAGI1",178,270,277,739,192,350,142
"TAMM41",196,116,261,326,154,244,131
"ROPN1",3,6,4,8,3,5,0
"CFAP20DC",4,31,6,20,7,10,5
"CFAP92",417,121,317,260,323,340,274
"CCR5",24,5,80,56,41,50,19
"SETMAR",162,68,113,138,98,152,80
"DPPA4",183,54,87,45,97,148,148
"TCTA",141,192,203,250,175,163,92
"DNAJB8",1,1,0,0,0,2,11
"KCNMB3",16,20,25,26,26,39,10
"SPTSSB",0,2,5,4,3,1,1
"RPL23AP42",54,46,64,68,70,57,63
"RPUSD3",155,175,188,286,224,116,90
"NR2C2",420,208,369,351,394,490,387
"NLGN1-AS1",5,0,2,2,3,1,1
"RPL8P4",1,0,4,3,3,2,2
"RPL39P17",1,2,5,6,3,2,1
"NUP210",2142,1419,1807,1302,1355,1757,1018
"HDAC11",29,64,38,114,28,35,19
"FBLN2",102,45,208,988,63,561,105
"RPL17P18",53,15,36,34,31,59,54
"IQCG",55,66,79,122,88,100,38
"RPL35A",1060,408,710,1011,619,1992,639
"CICP6",31,29,62,85,45,13,16
"SEPTIN14P3",3,1,6,5,3,3,0
"LMLN",68,126,55,115,64,55,19
"GORASP1",246,315,350,412,266,298,217
"SENP5",693,369,628,542,511,775,626
"MELTF",148,152,105,210,60,111,79
"DLG1",974,672,913,782,665,1011,697
"PLSCR2",5,0,1,3,0,6,1
"RBISP6",6,5,1,2,4,2,2
"RPL31P19",13,2,7,13,9,9,3
"NPEPPSP2",7,1,6,20,8,6,5
"TBC1D5",619,567,425,559,426,731,328
"EXOG",315,172,350,200,255,281,195
"CAP1P1",8,4,9,4,3,6,1
"VDAC1P7",1,5,4,5,6,6,2
"IL17RC",10,22,18,27,25,13,9
"SLC6A1-AS1",73,92,132,607,106,108,35
"DAG1",219,544,219,496,184,386,122
"PRKCD",91,85,204,283,133,304,57
"EEF1A1P24",9,0,17,6,12,3,9
"SLC25A38",191,111,148,149,144,170,109
"CSRNP1",117,115,136,176,107,838,84
"XIRP1",2,7,6,6,3,14,6
"CX3CR1",28,31,28,81,17,47,9
"ADAD1P1",2,1,4,2,2,4,2
"GALNT15",9,7,51,296,45,156,51
"DPH3",82,35,51,48,43,110,30
"OXNAD1",709,243,613,370,562,784,416
"THAP5P2",14,9,10,20,3,7,5
"SLC25A36",519,235,285,247,181,446,482
"RPL31P21",14,18,9,12,26,23,17
"PHF5AP7",1,2,3,1,4,1,1
"IFT122",562,550,727,1010,592,556,555
"RN7SL411P",2,0,1,1,5,2,0
"ENTPD3",22,75,36,66,24,31,23
"RPL14",955,778,853,1091,668,1440,811
"ZNF619",75,82,90,149,98,92,44
"ZNF620",38,40,43,40,24,42,32
"RPS27P4",51,39,102,87,42,79,79
"ULK4",103,74,137,148,108,203,26
"RPL7AP83",12,10,7,10,5,13,11
"TPMTP2",16,12,4,6,3,10,6
"RNU4-78P",5,3,5,14,3,5,1
"HNRNPKP4",29,9,35,20,31,57,43
"EPHA6",12,39,3,19,9,9,3
"CRYBG3",95,296,269,446,165,458,172
"RIOX2",53,50,83,114,60,111,37
"SLC6A1",1637,1436,1713,7509,1274,1337,563
"OSBPL10",36,79,181,226,134,285,65
"ZNF587P1",0,3,15,14,10,15,7
"ZNF860",4,4,10,19,9,29,9
"GPD1L",55,47,57,124,76,138,23
"RPL21P137",6,4,4,11,8,9,0
"SMIM11P2",8,0,11,3,4,4,1
"KRT18P15",12,24,33,104,20,23,2
"CD200R1",15,6,31,23,12,36,15
"GTPBP8",85,44,48,69,56,72,56
"NEPRO",419,290,335,235,283,366,431
"ZDHHC23",46,54,65,41,35,48,23
"CCDC191",88,60,106,187,83,117,30
"ATP5PBP8",0,2,1,3,1,6,0
"QTRT2",178,114,161,147,111,178,81
"TMCC1",443,266,466,392,408,597,419
"RNY3P13",15,0,6,4,8,7,9
"TRH",0,0,3,1,4,4,4
"TRPC1",18,38,48,91,14,57,13
"RPSA",1428,789,1084,1351,850,2017,639
"TNK2",734,781,1112,1373,640,726,703
"TFRC",886,413,642,431,410,1358,846
"MLF1",4,15,4,4,1,52,3
"GFM1",301,186,273,253,196,360,168
"LXN",48,10,25,31,18,49,12
"TRNT1",376,136,335,276,257,409,272
"TTC14",582,226,626,390,451,648,453
"CCDC39",19,15,23,9,8,20,8
"DNAJC19",109,114,89,110,78,91,65
"RNU6-4P",82,10,309,47,197,68,355
"FAUP2",5,5,1,1,1,2,0
"FXR1",979,570,722,576,636,933,856
"HHLA2",3,1,3,4,2,6,3
"CLDN18",0,39,7,41,12,3,4
"DZIP1L",3,30,32,168,19,40,16
"A4GNT",3,7,1,1,4,2,0
"DBR1",100,32,95,94,84,124,55
"ARMC8",417,201,329,238,226,482,295
"NME9",127,99,176,139,192,128,275
"LMCD1",27,41,104,201,41,344,24
"SSUH2",24,8,9,19,5,3,1
"CAV3",3,1,3,4,1,1,0
"OXTR",10,13,12,7,6,6,3
"TOP2B",2336,1031,1361,1001,1085,2274,2270
"GOLGB1",1245,1409,1690,1639,1186,2123,1437
"LZTFL1",601,321,614,269,530,681,779
"TATDN2",262,87,247,203,173,286,140
"SEC61A1",826,671,798,897,664,904,562
"RAF1",1204,666,1084,1011,897,1214,1111
"SPSB4",27,11,18,10,12,14,4
"BRD7P2",20,32,24,24,29,31,36
"SEC22A",78,39,81,110,61,97,43
"LRRC3B",5,50,17,58,10,35,11
"TMPRSS7",17,113,12,5,1,4,4
"CHRD",1,2,13,67,4,22,8
"UBE2D3P2",7,6,2,7,4,9,9
"UBE2FP1",5,0,5,15,6,6,2
"TCEA1P2",74,19,61,70,41,120,64
"RNA5SP129",11,0,5,3,2,10,10
"DUTP1",18,3,4,11,5,10,7
"DNAJB6P7",79,35,71,53,58,48,68
"SATB1",10641,1906,10346,4523,6829,11031,10480
"ZNF148",761,394,627,520,583,901,704
"XXYLT1",86,76,86,96,67,111,37
"XXYLT1-AS1",8,4,8,5,1,5,4
"MIR3137",1,4,3,7,2,3,0
"RN7SL36P",2,0,4,6,0,4,1
"RNU6-25P",32,5,189,15,112,23,177
"ACAP2",768,312,570,437,429,907,653
"ACAP2-IT1",17,6,8,7,6,12,9
"RPL31P22",19,1,9,0,7,9,18
"PPP1R2",243,170,209,152,175,342,288
"RNU6ATAC24P",22,3,25,16,21,15,35
"APOD",10,10,205,783,111,746,168
"ARL6",25,30,17,30,18,36,17
"LRTM1",1,2,22,68,15,19,6
"CACNA1D",40,43,63,175,22,34,24
"ARHGEF26-AS1",1,0,10,19,5,9,0
"PPP2R3A",61,60,127,182,171,185,68
"CRIPTOP6",81,36,67,46,79,67,73
"PCCB",146,120,150,139,95,183,74
"MSL2",1074,356,837,546,753,1207,738
"ERC2",3,27,6,6,5,6,0
"EOMES",17,3,72,34,11,34,7
"SLC6A20",68,35,138,116,101,111,111
"LNCSRLR",1,9,1,3,4,7,3
"MRPS25",568,467,586,622,523,526,506
"MPRIPP1",7,9,29,26,9,8,13
"HEG1",491,416,462,1157,238,760,219
"GNL3",175,162,183,194,119,298,113
"SNORD19",2,4,7,4,2,5,5
"SNORD19C",0,7,1,2,0,1,3
"GLT8D1",124,71,124,170,96,175,86
"SPCS1",129,73,103,111,73,158,89
"NEK4",180,150,138,221,142,216,84
"AK3P7",2,0,4,7,2,4,5
"AKTIPP1",11,1,4,6,3,2,3
"ITIH1",1,0,3,6,5,5,2
"ITIH4",15,17,18,28,24,16,10
"ITIH4-AS1",2,8,2,1,2,0,1
"MUSTN1",3,2,2,8,5,1,9
"STIMATE-MUSTN1",20,8,25,22,22,22,18
"STIMATE",51,27,23,44,36,39,46
"MIR8064",2,0,5,5,2,5,4
"ITIH3",21,22,18,61,27,32,11
"TTC21A",59,108,103,143,71,155,36
"RN7SL767P",16,2,49,22,12,13,22
"USF3",929,541,944,696,753,1313,906
"NAA50",473,240,279,242,234,417,351
"DBTP1",29,4,14,7,5,16,12
"GRAMD1C",6,0,28,37,22,54,17
"CTDNEP1P1",1,0,5,8,7,3,4
"IMPDH2",99,145,151,178,155,129,78
"QRICH1",78,54,128,122,92,95,107
"ZBTB11",349,194,378,279,297,450,356
"ZBTB20",1121,443,1338,1591,1033,1795,1245
"GPX1",15,27,23,44,6,33,2
"MTND5P15",7,21,12,22,22,19,27
"RNU6-681P",26,10,12,1,2,4,6
"TBL1XR1",2115,875,1362,959,1031,1823,2030
"MIR570",49,6,25,11,24,34,35
"MUC20",74,46,74,154,80,102,16
"MUC4",38,20,162,159,28,64,45
"NLGN1",5,19,20,27,9,17,6
"RN7SKP124",1,11,3,6,3,1,6
"RN7SL724P",1,9,4,8,6,2,2
"NMNAT3",92,112,76,173,43,73,42
"H1-10",1360,454,748,754,492,970,478
"USP19",439,309,464,664,328,526,200
"ACP3",2,1,9,16,8,10,6
"NFKBIZ",98,44,144,228,84,931,96
"INHCAP",4,17,1,4,5,3,3
"FAM86HP",1,0,6,3,2,8,4
"EMC3-AS1",37,3,19,5,5,23,17
"SLC38A3",0,7,2,5,0,1,1
"RPL24",1027,550,785,869,589,1727,652
"NXPE3",443,108,410,309,420,469,328
"MAP4",1341,1831,1539,2744,1196,2041,995
"ARF4",231,88,137,169,107,320,111
"RNU6ATAC26P",2,0,1,1,6,1,0
"DENND6A",343,152,228,245,140,364,265
"ZNF502",22,24,40,49,23,66,17
"ZNF501",21,35,32,41,14,50,12
"KIAA1143",323,248,222,239,179,401,208
"KIF15",373,144,223,122,220,397,208
"TMEM42",159,52,153,170,182,133,70
"RPL12P44",17,0,16,5,7,14,10
"EXOSC7",154,63,133,133,81,160,123
"CLEC3B",6,5,13,102,8,55,7
"TGM4",1,9,9,18,10,12,4
"ATP2B2",13,56,40,25,20,50,15
"ROBO2",65,146,194,228,169,244,134
"ZDHHC3",369,303,471,627,376,507,307
"ZNF385D",77,6,86,99,51,129,40
"ZNF385D-AS1",5,0,2,5,2,5,3
"ZNF385D-AS2",10,0,10,0,9,4,7
"CEP97",315,134,215,184,251,281,203
"RPL21P39",17,14,27,12,14,17,24
"LINC00882",47,53,24,53,23,25,7
"MTND4P16",4,4,1,4,1,0,0
"MTND5P16",3,3,1,3,0,2,0
"PTPN11P1",1,2,1,5,3,2,1
"CSP2",4,10,6,6,3,0,0
"BBX",731,484,689,631,466,982,763
"CD47",1804,763,1304,963,1226,1690,2137
"FGF12",4,25,4,15,3,8,1
"GOLGA4-AS1",42,24,40,49,39,28,29
"GOLGA4",905,714,994,669,732,1417,988
"PRKAR2A",127,233,133,228,101,205,87
"PLOD2",151,152,79,104,158,286,247
"CCR9",1038,299,1359,660,1420,1488,723
"XCR1",34,20,67,61,68,155,23
"SACM1L",947,399,727,515,581,772,1083
"ATP6V1A",414,259,269,213,191,447,219
"SLMAP",712,472,624,820,453,883,509
"GRM7",3,3,24,16,5,6,2
"POMGNT2",70,42,60,90,63,78,29
"IL1RAP",56,45,66,89,61,210,52
"RN7SKP296",2,4,1,0,8,9,13
"EIF1B",127,59,85,82,62,217,86
"MTCO1P29",2,0,2,2,2,3,3
"MTCO2P29",5,0,2,0,0,3,5
"GTF2E1",85,69,71,66,63,94,51
"NAP1L1P3",1,1,3,2,2,2,2
"STXBP5L",7,3,15,10,14,13,5
"RNU6-315P",12,9,9,9,4,8,13
"PRKCI",174,138,176,219,85,217,140
"SKIL",215,334,253,260,154,478,186
"CLDN11",9,9,7,29,4,16,7
"SLC7A14",0,1,5,7,5,5,0
"STAB1",193,167,471,1427,133,534,92
"NT5DC2",45,8,51,165,27,60,12
"UQCC5",30,49,32,54,37,32,11
"RNU6-856P",9,0,9,1,0,3,4
"RNU6ATAC16P",15,2,4,11,3,6,10
"PBRM1",1239,522,992,814,791,1465,746
"OGG1",359,195,442,526,419,362,322
"FYTTD1",433,234,331,320,277,647,503
"RUBCN",215,129,329,338,253,415,159
"RPL7L1P8",4,5,3,2,0,2,2
"EIF3EP4",20,7,10,6,0,9,10
"DCUN1D1",266,114,145,123,162,275,238
"C9orf85P2",27,9,32,26,20,22,27
"MCCC1",203,85,197,228,156,281,117
"MCCC1-AS1",18,7,15,18,15,11,16
"LAMP3",52,127,200,107,74,203,109
"CAND2",32,15,43,79,22,45,6
"IQSEC1",746,710,808,1357,563,1133,385
"ALG1L2",3,12,20,13,7,8,9
"PRRT3",61,104,72,157,45,38,26
"FHIT",208,137,101,108,185,129,73
"MTERF1P1",3,0,1,1,3,2,6
"PPIAP70",3,0,5,11,14,6,2
"TMED2P1",9,0,3,4,6,4,6
"PPIAP71",3,2,3,11,7,4,2
"C11orf98P3",19,1,20,13,16,22,19
"UBE2E1",164,86,103,148,144,237,169
"ARL4AP4",53,35,30,22,31,31,73
"NKIRAS1",85,68,79,89,44,90,104
"RPL15",2658,1815,1765,2602,1388,3735,1465
"LINC00691",0,2,1,7,1,4,1
"UBE2E2",163,81,125,115,114,204,127
"NEK10",37,2,11,7,16,25,9
"EOGT",114,254,108,123,62,177,46
"TMF1",261,156,209,175,147,330,220
"MIR3136",4,4,2,1,0,1,6
"UBA3",241,83,196,152,169,300,194
"ARL6IP5",199,179,182,193,91,357,157
"LMOD3",5,10,11,25,12,12,6
"CCDC80",265,206,495,2224,280,2887,485
"PPP4R2",388,264,281,249,210,446,328
"EBLN2",112,92,101,81,108,101,138
"RNU2-64P",0,0,4,0,3,0,4
"CRTAP",222,559,343,870,185,610,196
"SUSD5",4,21,17,57,10,19,3
"FBXL2",67,122,128,132,92,110,78
"UBP1",873,431,776,696,588,820,621
"MANF",71,41,107,112,96,156,74
"RBM15B",421,352,442,584,458,645,309
"DCAF1",353,180,368,358,293,608,205
"RAD54L2",756,506,753,720,561,918,641
"CACNA2D3",10,1,86,219,41,81,21
"EFCAB12",15,8,15,24,20,15,11
"RYK",299,116,253,340,205,393,317
"PLCXD2",132,57,132,101,158,142,51
"PHLDB2",280,341,238,685,127,577,189
"ABHD10",156,103,92,90,84,159,120
"GATA2",11,4,28,151,12,28,11
"ABI3BP",79,111,246,1332,190,796,188
"CTDSPL",88,138,111,252,120,169,60
"LPP",1423,1110,1544,2029,1078,2342,1793
"FLJ42393",127,74,114,91,95,127,84
"MITF",51,33,87,127,20,79,28
"IFT80",244,43,153,83,130,168,158
"RPL35AP10",18,3,8,2,8,12,31
"SMC4",1223,412,819,390,709,998,1024
"MYD88",276,157,289,254,236,379,145
"FSTL1",237,185,409,1521,230,1609,314
"NDUFB4",195,107,139,166,109,308,137
"BCL6",663,610,728,1176,564,1236,600
"GCSAM",514,233,321,203,323,320,436
"TBILA",168,45,131,63,115,104,180
"SLC9C1",153,15,57,34,30,66,54
"INAVAP1",29,1,5,8,3,10,11
"WDR49",0,9,6,26,4,16,7
"RBP1",71,131,35,101,36,37,22
"EEF1A1P23",4,5,4,3,5,1,1
"PRSS44P",1,0,7,4,8,4,12
"CP",19,9,29,37,36,69,20
"CPHL1P",0,0,2,4,1,5,0
"TM4SF18",15,9,13,23,2,21,2
"ASB14",54,57,83,49,78,69,135
"SLC4A7",277,99,260,152,163,420,226
"CLASP2",451,246,434,393,298,688,286
"KCNAB1",32,13,52,129,81,134,65
"EAF1-AS1",18,11,8,19,26,20,4
"BTD",305,166,398,505,320,531,354
"ANKRD28",459,197,409,318,294,754,402
"LRRFIP2",421,316,328,388,339,568,474
"MYL3",2,5,8,15,1,9,2
"UQCRC1",255,374,243,336,167,269,102
"MST1R",145,722,162,282,62,81,40
"SEMA3F",126,1034,122,422,49,119,51
"TGFBR2",755,265,970,1144,765,1871,655
"KLHL25P1",44,25,72,62,67,86,53
"ZNF621",331,355,415,440,303,427,254
"CTNNB1",1337,691,1330,1421,959,2183,1052
"WDR82",1071,540,737,657,611,1121,902
"CLDND1",186,81,187,175,103,297,196
"GPR15",4,0,8,1,4,7,4
"CPOX",86,17,70,77,109,84,45
"ZMYND10",3,8,10,37,13,3,2
"NPRL2",85,48,115,157,114,114,56
"CYB561D2",47,21,46,42,26,35,18
"TMEM115",48,86,91,178,52,99,61
"CACNA2D2",29,87,38,65,40,44,22
"C3orf18",51,108,36,82,29,34,12
"HEMK1",559,688,605,899,637,438,265
"CISH",143,60,172,157,87,155,46
"MAPKAPK3",289,150,235,200,211,356,181
"LINC02019",24,12,9,5,1,4,7
"TPRA1",94,97,112,171,91,81,67
"MIR7976",3,0,3,0,1,0,4
"MCM2",211,140,150,132,115,193,54
"TTLL3",784,851,1008,1233,1107,689,831
"SCHIP1",10,3,13,31,1,55,14
"MYRIP",68,46,77,103,49,105,33
"LRCH3",766,433,763,705,676,866,637
"DUBR",80,103,88,187,96,61,36
"LINC01990",1,4,1,2,1,2,1
"PDE12",285,175,291,274,201,325,155
"FLNB-AS1",123,11,89,85,66,95,178
"SSR3",364,153,213,208,160,417,246
"TIPARP",139,77,163,149,162,845,82
"PA2G4P4",29,26,21,46,50,44,8
"PRR23E",10,4,19,2,10,4,14
"LINC02014",3,0,8,9,0,2,3
"COMMD2",154,73,117,135,102,159,118
"ANKUB1",10,22,15,10,16,3,9
"RNF13",185,108,128,108,103,258,143
"RNU6-720P",6,1,3,1,3,5,3
"NPM1P29",25,8,19,16,13,15,12
"PFN2",216,49,76,100,57,98,57
"TMEM183BP",15,11,24,9,7,27,13
"SERP1",426,209,198,275,146,409,256
"SELENOT",156,48,102,46,63,187,106
"SAP30P1",24,0,5,13,12,20,6
"ERICH6",1,1,2,1,3,1,4
"SIAH2",106,50,73,91,67,193,168
"SIAH2-AS1",22,4,25,47,18,28,22
"OSBPL11",169,119,140,134,152,259,122
"OR7E130P",3,2,7,0,3,2,0
"MME-AS1",20,0,8,1,4,6,14
"PLD1",45,103,160,437,72,189,106
"SOX2",0,0,3,0,2,2,4
"AADACL2",0,0,2,5,0,4,0
"SUCNR1",2,6,4,3,2,13,2
"TMEM14EP",183,51,201,147,211,193,220
"P2RY1",30,2,26,25,22,46,34
"YEATS2-AS1",47,58,63,55,57,52,46
"MAP6D1",9,6,3,8,12,11,3
"PARL",47,31,44,52,31,47,37
"ABCC5-AS1",12,7,23,9,23,17,6
"EPHB3",7,10,14,52,1,14,5
"HES1",21,26,21,65,7,35,42
"LINC02012",9,8,8,5,6,13,0
"BDH1",304,228,297,250,264,268,146
"BOC",86,327,415,1415,201,353,80
"RPL4P4",192,299,211,287,267,275,392
"TMEM41A",169,77,140,173,114,207,101
"LIPH",3,12,19,21,9,4,4
"SENP2",353,318,298,369,317,470,295
"RPL34P10",16,0,15,7,23,16,13
"CCDC54-AS1",9,28,13,20,7,5,2
"TRAK1",665,1246,670,1105,527,754,334
"LSAMP",6,20,52,81,22,50,26
"PTMAP8",0,2,9,4,3,0,4
"LINC03051",0,0,2,4,2,3,0
"SLC41A3",343,152,284,219,209,305,146
"ALDH1L1",13,376,132,462,93,179,63
"RNU1-30P",1,16,2,3,2,2,0
"VHL",366,238,371,416,310,348,241
"CD96",844,146,529,211,595,886,503
"NECTIN2P1",25,11,25,18,21,14,15
"ZBED2",310,624,294,560,356,303,245
"NT5C3AP2",35,3,28,24,35,42,11
"PLCXD2-AS1",12,2,8,4,15,11,4
"ACVR2B-AS1",39,10,27,64,25,36,32
"SCN5A",3,0,11,7,2,4,1
"THOC7-AS1",36,24,31,41,32,17,15
"PSMD6-AS2",281,161,317,219,354,307,456
"SCAANT1",12,14,19,15,11,17,11
"STT3B",833,319,537,346,403,835,593
"ATP11B",1720,1339,936,568,761,1421,1382
"RAB7A",895,596,721,847,558,1287,678
"FAIM",134,63,133,130,132,112,81
"PPIAP72",3,0,3,13,8,9,1
"PIK3CB",323,169,331,209,172,418,231
"GAPDHP39",38,15,34,31,20,39,35
"RPL23AP40",23,7,6,1,4,3,10
"EEF1A1P25",148,107,247,318,251,185,218
"HMGN2P13",1,0,2,5,1,0,2
"RAP2B",275,114,234,301,182,343,188
"LINC03109",2,0,9,3,1,3,0
"CCR4",86,5,143,87,139,266,116
"GLB1",150,144,108,164,81,214,104
"SEC13P1",15,2,10,12,11,14,12
"SUMO2P10",1,0,2,3,2,2,1
"TMPPE",77,61,84,121,63,83,44
"RN7SL296P",0,1,3,4,6,1,8
"SLC51A",52,98,60,84,60,58,33
"PCYT1A",367,432,377,441,250,464,175
"DYNLT2B",22,32,13,22,8,10,7
"TM4SF19",4,12,4,5,5,1,1
"UBXN7",1275,603,872,685,780,1152,1108
"RNU6-1279P",2,0,2,0,3,2,6
"RN7SL434P",3,18,10,17,21,12,9
"RN7SL738P",9,0,5,2,5,2,8
"ZDHHC1P1",7,0,14,14,5,9,8
"UBXN7-AS1",16,4,15,21,14,16,6
"CCDC12",155,82,215,229,147,249,88
"LINC01471",3,0,4,7,1,2,4
"LINC01811",558,94,299,131,417,216,367
"PRKAR2A-AS1",14,5,15,19,14,16,5
"KIF9-AS1",58,122,72,107,46,43,53
"EIF2B5-DT",16,9,23,33,23,15,10
"ZKSCAN7-AS1",74,48,111,120,77,92,52
"TMEM44-AS2",10,4,14,15,13,12,2
"ALDH1L1-AS2",1,9,3,23,5,10,1
"ALDH1L1-AS1",38,32,13,38,23,27,7
"PFN2-AS1",14,26,17,10,20,25,13
"TNK2-AS1",41,45,58,43,33,42,59
"KCNMB2-AS1",14,1,12,16,9,11,10
"ACAD9-DT",40,145,61,83,73,37,17
"TPRG1-AS1",4,21,8,6,2,3,6
"SOX2-OT",71,86,37,37,32,32,22
"SEMA3B-AS1",5,27,7,27,4,10,6
"TMEM44-AS1",33,6,44,51,31,32,8
"IL12A-AS1",0,0,3,3,1,6,2
"GLYCTK-AS1",31,24,37,43,56,46,34
"THUMPD3-AS1",669,246,527,511,494,572,362
"TM4SF19-AS1",9,5,11,12,5,5,2
"LINC00885",11,125,75,143,43,28,35
"DNAJB8-AS1",1,0,0,0,0,1,9
"LINC01967",2,5,12,17,4,18,4
"LINC01980",3,1,1,1,4,5,0
"P3H2-AS1",3,9,10,18,10,20,11
"PDCD6IP-DT",13,17,27,43,7,20,9
"PPM1L-DT",13,8,19,29,19,11,4
"LINC01214",3,9,2,7,1,5,6
"LINC02046",0,0,2,0,2,0,7
"LINC01565",2,0,1,1,0,4,3
"LINC02028",10,10,6,10,4,6,6
"MBNL1-AS1",194,85,183,115,154,149,144
"LINC00501",4,6,7,4,3,4,0
"BALR6",19,2,8,5,1,5,3
"LINC00973",7,16,10,18,13,15,5
"SUCLG2-DT",20,63,49,56,28,21,19
"LRRC3B-AS1",1,10,5,5,6,3,5
"ST3GAL6-AS1",70,21,51,18,71,46,17
"SRGAP3-AS4",9,9,2,5,9,3,0
"LMLN-AS1",0,1,4,0,6,5,6
"B4GALT4-AS1",6,1,6,8,8,6,11
"MUC20-OT1",1041,777,837,844,634,829,805
"IQCJ-SCHIP1-AS1",1,5,4,17,2,35,2
"ZBTB47-AS1",141,35,81,95,80,111,111
"LINC02004",0,0,0,16,2,2,1
"LINC01994",32,16,1,1,4,0,0
"EOGT-DT",40,22,23,12,34,37,36
"CACNA2D3-AS1",2,2,23,105,19,18,9
"SATB1-AS1",1773,323,1201,502,1115,1016,1284
"ITPR1-DT",13,4,22,19,17,3,5
"ADAMTS9-AS2",18,19,111,407,70,222,66
"ERICH6-AS1",53,32,63,61,77,69,65
"TPRXL",5,1,6,2,1,8,3
"MELTF-AS1",11,26,11,22,9,15,4
"PRRT3-AS1",8,19,11,18,8,15,1
"CFAP44-AS1",9,20,10,12,5,10,14
"LINC00506",69,28,36,15,39,56,23
"PLCH1-AS2",8,0,2,2,7,1,2
"LARS2-AS1",20,29,24,13,14,18,20
"TM4SF1-AS1",2,0,1,3,0,7,2
"EIF1B-AS1",324,314,358,377,335,317,121
"SLC7A14-AS1",4,0,3,9,5,2,0
"ZBTB11-AS1",41,29,65,60,48,36,22
"NEPRO-AS1",59,21,44,30,21,30,21
"LINC02044",3,13,9,3,14,5,2
"LPP-AS1",19,4,30,21,19,26,22
"PEX5L-AS2",10,6,5,11,14,10,9
"LINC02021",52,25,141,197,74,38,67
"LINC01983",0,0,1,5,4,1,0
"OSBPL10-AS1",4,12,17,21,18,31,10
"XXYLT1-AS2",14,5,13,6,13,10,10
"PTPN23-DT",15,20,51,66,50,19,13
"BCL6-AS1",45,79,56,114,38,126,55
"LINC01266",44,166,35,28,8,14,11
"LINC01208",1,1,6,2,3,2,1
"LINC00887",3,1,2,5,6,7,3
"LINC01988",3,3,0,7,2,8,5
"LINC02024",0,3,2,5,5,7,1
"LRRC2-AS1",7,29,19,24,22,4,7
"RBMS3-AS3",14,15,8,26,6,14,8
"LINC02924",5,3,4,4,6,4,8
"LINC02031",4,10,1,4,2,0,1
"CNTN4-AS2",4,12,11,62,6,13,5
"ZBTB20-AS1",177,59,199,187,164,174,230
"LINC02043",9,12,13,7,12,2,14
"THRB-AS2",16,36,41,163,36,55,38
"THRB-AS1",4,0,10,33,5,8,5
"LINC02035",133,232,107,152,91,148,158
"LINC02050",0,6,0,0,2,4,1
"LINC00870",3,7,5,3,1,2,0
"GRM7-AS3",28,9,10,3,4,4,0
"LINC00879",4,58,0,0,0,0,0
"FHL1P1",1,7,5,6,5,3,0
"BHLHE40-AS1",12,12,11,23,9,10,12
"TWF2-DT",8,3,16,18,16,8,10
"BSN-DT",2,3,2,12,4,0,1
"CLSTN2-AS1",5,5,5,8,3,9,4
"PTPRG-AS1",14,28,65,87,22,45,51
"ATP13A4-AS1",7,2,2,2,1,1,0
"SRGAP3-AS1",1,0,2,5,3,2,0
"LIMD1-AS1",42,19,25,26,27,25,47
"PIK3CA-DT",1,1,3,9,2,2,0
"ARHGEF3-AS1",5,10,10,13,1,3,12
"LINC01063",10,3,5,12,11,4,1
"LINC01215",146,45,121,36,123,133,94
"LINC02068",4,0,3,7,5,4,3
"LINC02922",4,0,12,4,11,3,0
"TTC14-DT",6,6,1,5,2,4,0
"WDR5B-DT",164,69,139,142,103,99,127
"PLCL2-AS1",11,3,14,11,19,15,21
"BFSP2-AS1",90,75,140,48,336,163,56
"LPP-AS2",16,20,19,38,15,29,10
"TBL1XR1-AS1",55,16,51,36,46,54,62
"GSK3B-DT",103,94,82,104,87,59,36
"CCDC13-AS2",8,11,7,2,12,3,6
"SGO1-AS1",76,36,24,19,22,43,14
"KLHL6-AS1",25,7,28,6,8,17,9
"IGSF11-AS1",2,1,2,4,2,1,0
"HRG-AS1",1,3,9,5,4,5,1
"PDZRN3-AS1",1,0,7,18,4,1,0
"ARHGAP31-AS1",36,15,54,82,51,56,31
"TMCC1-DT",59,72,44,50,40,27,14
"NUDT16-DT",70,124,185,249,170,80,30
"SAMMSON",0,1,5,6,1,0,0
"LSAMP-AS1",0,1,5,7,4,5,3
"SEMA3F-AS1",71,69,91,108,94,80,58
"ARIH2OS",11,2,11,18,9,12,2
"ESRG",5,1,52,300,52,38,26
"ATP13A3-DT",18,5,47,73,11,30,15
"SRGAP3-AS2",17,12,17,16,15,8,6
"LINC00578",7,10,16,16,9,13,3
"FOXP1-AS1",39,7,54,64,63,44,47
"FOXP1-DT",42,3,57,91,53,35,40
"RFT1",215,98,193,272,130,234,123
"CHCHD4",32,62,21,47,23,30,22
"TMEM43",245,240,248,501,195,423,144
"XPC-AS1",60,54,124,141,75,89,71
"XPC",175,195,286,462,244,390,157
"LSM3",87,52,78,71,55,207,79
"LINC01267",0,2,1,3,2,0,3
"SPICE1",79,68,80,72,72,68,72
"SIDT1",361,103,399,170,195,431,236
"SIDT1-AS1",30,19,19,14,19,23,31
"MIR4446",4,0,1,0,5,7,3
"CD200",365,69,321,204,338,313,281
"BTLA",98,9,108,19,121,110,73
"OR7E100P",5,8,11,4,6,6,1
"ATG3",306,216,138,143,151,337,222
"UBE2E1-AS1",5,4,7,10,3,2,1
"NR1D2",178,156,211,268,66,242,180
"LINC02084",1,0,6,7,2,7,1
"FGD5-AS1",618,338,525,553,412,709,473
"RBSN",152,105,124,160,80,147,127
"SH3BP5-AS1",203,170,512,621,367,491,237
"PRICKLE2-AS1",1,0,7,25,9,18,0
"PRICKLE2-AS2",1,0,1,5,1,6,2
"PRDX3P4",0,1,5,17,4,14,3
"PRICKLE2-AS3",10,5,7,24,5,14,5
"RNU6-789P",11,0,3,4,3,8,7
"DNAJC8P2",53,37,94,79,96,108,46
"STAG1-DT",10,4,16,13,26,21,10
"SLC35G2",72,27,116,99,109,98,76
"NCK1",242,118,245,184,229,380,262
"RAD51AP1P1",59,9,28,9,19,28,29
"IL20RB",30,7,41,30,46,69,15
"IL20RB-AS1",8,1,11,9,7,16,12
"GATA2-AS1",6,9,13,46,3,13,6
"MARK2P17",3,3,2,0,2,5,0
"COPB2-DT",189,235,122,243,149,162,105
"IFT122P2",17,17,28,31,31,26,21
"H1-10-AS1",74,116,124,217,92,137,66
"LOLI1",25,14,37,21,27,19,15
"MUC20P1",13,15,30,41,26,41,4
"LINC02018",109,89,139,199,72,96,61
"NDUFAF4P3",2,0,0,6,2,0,1
"TIPARP-AS1",101,94,94,79,117,122,36
"LINC02026",3,22,1,6,2,2,1
"NCK1-DT",219,61,252,169,275,215,164
"LINC02082",0,0,0,11,2,7,2
"CFAP20DC-DT",50,25,27,23,52,28,14
"COL8A1",18,118,28,91,13,60,7
"LINC02049",3,0,2,1,1,3,1
"ITGA9-AS1",45,116,124,363,125,112,44
"LINC02614",167,122,169,490,199,146,104
"LINC00881",191,63,147,181,163,119,70
"LINC02917",8,4,6,2,6,8,3
"NECTIN3-AS1",1,0,5,11,0,2,1
"LINC00877",24,7,34,30,22,61,22
"LMCD1-AS1",5,2,3,9,1,12,0
"LINC02585",8,32,34,50,15,25,12
"RN7SKP227",8,2,35,8,5,7,43
"DCLK3",6,22,19,4,63,37,2
"LINC02033",14,3,13,12,18,23,8
"TRANK1",736,495,919,966,819,1276,408
"CBX3P10",9,1,22,9,10,13,24
"RNU6ATAC4P",2,2,0,2,1,1,6
"PRADC1P1",1,3,5,7,7,6,1
"EPM2AIP1",814,286,541,394,383,531,451
"MLH1",318,192,352,404,273,429,248
"RPL29P11",67,45,61,87,50,49,58
"CCR8",27,39,47,16,13,30,22
"EAF2",21,14,32,26,40,40,18
"ILDR1",9,4,24,23,14,25,7
"GXYLT2",248,99,114,182,128,227,154
"FTH1P23",14,4,22,9,13,11,16
"RNU7-19P",10,7,10,10,13,10,12
"ADCY5",6,21,119,224,44,185,47
"ZNF717",106,99,136,123,84,87,63
"ZNF852",681,365,627,515,644,549,539
"CLUHP10",4,0,5,6,4,2,0
"AGGF1P3",6,0,9,2,6,5,2
"FRG2C",0,0,4,4,2,1,0
"LINC00960",15,27,27,34,12,21,6
"LINC02069",1,18,10,5,3,1,0
"VPS8",506,181,398,349,290,556,272
"CCR5AS",1,1,8,4,6,5,5
"BZW1P2",56,22,41,13,22,61,57
"TUSC7",0,0,2,6,3,3,3
"MYLK-AS1",160,104,183,268,164,128,76
"PIGG",552,374,635,773,589,674,267
"LINC00504",13,9,19,7,4,15,10
"SLC2A9",57,345,66,142,65,74,20
"RPL21P46",4,4,30,14,32,12,52
"DHX15",939,427,911,635,658,1397,669
"CDC42P6",1,0,8,3,2,9,3
"ZNF595",300,123,210,109,227,240,186
"CPZ",4,2,5,12,1,1,1
"STK32B",393,51,256,111,336,475,248
"MSX1",4,4,4,44,4,34,2
"CYTL1",2,0,4,1,3,4,4
"TRMT44",144,122,196,247,156,164,67
"SNRPCP13",38,18,13,21,14,18,13
"DRD5",1,7,0,2,1,0,0
"LDB2",51,48,102,339,49,239,74
"ADGRA3",120,171,219,450,118,209,63
"GPR78",4,0,12,7,6,4,1
"OR7E84P",1,0,3,2,2,0,3
"C4orf19",65,39,25,35,29,74,67
"TBC1D19",529,133,296,178,155,479,340
"SLIT2",86,133,155,543,89,339,43
"SEL1L3",135,130,385,301,298,565,191
"MTND4P9",0,0,7,1,2,1,1
"RPS27P13",5,1,25,10,10,7,15
"COMMD8",19,3,12,9,5,13,3
"SLAIN2",389,409,324,372,297,505,380
"OCIAD2",124,20,100,63,86,156,60
"RELL1",196,112,131,220,94,302,171
"HS3ST1",48,16,87,152,76,103,58
"ZNF718",195,60,116,166,106,171,67
"RAC1P2",30,18,44,39,22,41,45
"CORIN",8,25,9,13,8,10,6
"CLOCK",372,471,258,300,243,400,271
"CENPC",469,198,533,400,306,752,363
"EXOC5P1",5,3,0,3,0,0,3
"SLC34A2",2,70,29,75,3,24,24
"OCIAD1-AS1",11,4,7,2,1,6,9
"HNRNPA1P67",0,0,3,1,2,0,6
"SDAD1",216,131,179,141,120,233,84
"SHROOM3",115,444,31,111,34,83,25
"SCD5",74,238,107,133,54,119,81
"KLF3",208,368,271,536,132,486,200
"EVC2",31,89,61,209,27,77,13
"LIN54",312,198,218,173,171,341,177
"THAP9",40,13,23,19,19,35,18
"STAP1",14,8,30,11,35,63,32
"ATP10D",135,154,186,197,166,273,125
"PPP2R2C",144,352,69,215,25,64,27
"HMGA1P2",24,15,32,34,32,22,27
"MTCO3P39",4,15,1,0,0,0,1
"SLC9B2",64,49,61,64,49,112,41
"PARM1",106,260,319,749,169,541,231
"PABPC1P7",25,4,23,9,8,11,8
"BANK1",58,24,225,78,160,288,67
"GPAT3",12,13,11,27,9,51,14
"THAP6",225,98,140,124,105,177,130
"CISD2",83,96,70,83,54,97,70
"MTND5P5",3,0,10,0,0,3,3
"H2AZ1",340,90,202,99,150,520,128
"MRPL1",31,21,32,17,18,39,16
"TBCK",357,167,302,204,263,362,149
"EEF1A1P9",96,25,189,92,131,97,172
"PAPSS1",133,77,164,162,94,240,52
"COPS4",102,32,54,41,33,120,49
"COL25A1-DT",1,0,1,9,0,2,2
"LINC02503",1,0,1,6,3,3,0
"DKK2",0,1,14,34,2,10,5
"ARHGEF38",20,10,12,27,21,14,19
"BTC",0,1,7,7,0,2,1
"BDH2",70,40,85,99,70,161,78
"GSTCD",103,70,104,98,65,104,60
"CXCL6",3,0,5,3,1,5,9
"TRAM1L1",3,5,2,2,0,6,0
"ACTR3BP4",11,0,2,5,2,6,5
"SETP20",2,2,14,9,2,9,4
"PPA2",194,115,133,118,88,209,101
"FKBP4P1",15,10,4,1,7,13,4
"UBA6",468,179,290,180,215,419,327
"NDNF",17,3,27,52,7,35,25
"STPG2",1,0,6,15,4,4,3
"LTV1P1",3,0,2,1,2,2,3
"PARM1-AS1",9,19,51,70,33,39,20
"SLC9B1",45,11,18,25,9,32,15
"TNIP3",29,0,23,6,12,19,13
"SEC24B",657,260,637,488,495,936,476
"SEC31A",743,495,815,931,632,1280,602
"SYNPO2",227,352,1264,3761,551,1796,765
"PRSS12",2,4,12,48,6,13,4
"MCUB",207,100,166,92,107,203,124
"CDC42P4",4,0,9,3,4,4,1
"NDST3",122,39,71,28,63,155,45
"SEC24D",168,100,216,314,129,399,184
"RPL7AP26",6,2,12,7,3,1,1
"HNRNPA3P13",2,0,1,0,2,5,4
"MAD2L1",119,38,46,21,28,103,39
"QRFPR",12,38,0,0,0,1,0
"PPP3CA",207,166,224,278,131,445,176
"CEP170P1",101,69,136,88,102,140,147
"LAMTOR3",141,114,94,96,57,165,78
"SLC7A11",9,4,37,10,8,20,15
"NDUFB4P12",3,0,2,3,4,4,5
"TMEM150C",121,185,112,122,60,113,86
"EMCN",21,18,62,135,32,99,20
"PABPC4L",5,26,15,26,6,11,7
"EEF1A1P35",12,0,27,13,22,9,28
"SLC10A6",3,0,6,13,6,26,1
"INTU",63,107,94,242,42,80,31
"C4orf33",93,42,47,53,61,61,70
"DDIT4L",3,0,17,12,2,12,8
"SCLT1",345,162,271,133,175,345,249
"CDKL2",6,1,7,4,3,1,2
"ARHGAP24",109,150,140,284,85,190,79
"FAM13A",184,149,257,548,250,504,195
"DAPP1",59,4,117,40,80,238,92
"RPS3AP19",34,9,9,9,12,22,11
"PCDH10",6,3,3,23,3,9,0
"THAP9-AS1",179,101,144,113,115,167,240
"RNF150",49,17,175,371,93,252,118
"ZNF330",184,88,151,184,155,241,175
"GTF2F2P1",2,0,3,4,0,2,0
"NR3C2",79,148,239,376,108,210,47
"TMEM144",10,55,18,44,14,38,8
"CCNG2",746,386,344,281,324,436,362
"LINC02511",0,2,2,8,0,1,0
"PRMT9",123,22,89,58,92,157,56
"RTN3P1",7,2,4,2,4,19,5
"ANKRD50",234,144,221,188,165,245,176
"JADE1",479,273,409,394,309,457,248
"PTPN13",85,260,336,593,270,446,219
"GLRA3",2,12,6,3,4,2,0
"SH3RF1",36,90,79,131,48,127,53
"DCLK2",28,29,50,89,16,51,14
"TSPAN5",150,56,118,66,177,173,152
"FNIP2",204,108,194,252,150,426,129
"NPY1R",6,0,14,31,0,45,5
"TMA16",90,38,102,94,80,133,89
"PDLIM5",176,177,204,338,125,458,125
"LRAT",2,4,3,5,1,6,0
"ING2",25,39,26,41,19,50,40
"ARHGAP10",211,66,255,476,230,458,235
"ENPP6",1,0,13,11,13,21,6
"RWDD4",87,51,43,25,30,61,38
"RPL21P48",15,3,7,2,3,15,15
"TMEM184C",164,108,138,177,99,186,71
"IL15",170,42,123,110,63,89,74
"SPMIP2",5,0,3,2,1,2,4
"WWC2-AS1",0,6,0,1,1,0,4
"TLL1",10,3,20,39,6,63,15
"MAP9",60,69,28,38,26,44,16
"AADAT",21,34,29,62,16,28,7
"ADAM29",0,0,5,3,0,3,0
"NAF1",98,66,73,106,52,107,62
"CLDN24",0,0,3,13,0,1,2
"ARFIP1",75,70,67,113,53,141,54
"TENM3",142,137,131,231,68,146,105
"STOX2",137,516,333,759,155,274,119
"SPCS3",545,151,331,271,212,463,369
"EDNRA",26,34,80,90,31,151,55
"SPOCK3",1,0,3,13,1,10,0
"MFAP3L",20,89,20,19,7,26,3
"KLHL2",78,63,82,97,60,147,50
"SLC25A4",67,135,71,111,48,86,25
"DNAJB14",436,213,374,292,258,402,464
"ZNF827",878,677,879,931,958,1002,762
"DCHS2",2,0,6,15,2,7,2
"CDKN2AIP",112,81,74,80,62,108,61
"WWC2",22,23,61,210,29,99,36
"HPGD",40,47,27,36,22,36,16
"TRAPPC11",369,164,304,237,236,492,217
"NWD2",1,0,8,14,6,20,16
"SETP12",2,3,2,8,0,3,0
"MIR548I2",51,10,26,20,87,51,62
"RNA5SP156",2,0,4,2,3,3,0
"RN7SKP170",0,1,4,1,2,1,5
"MIR573",8,0,8,3,2,11,10
"RN7SL16P",15,16,14,23,16,19,8
"RNU1-63P",5,0,3,1,10,12,7
"RNA5SP527",9,8,3,0,0,9,1
"RNU6ATAC5P",1,0,10,1,13,3,10
"RN7SKP48",39,8,80,26,40,33,167
"MIR575",1,0,1,3,3,2,1
"RNU6-615P",10,0,2,1,1,1,0
"MIR4451",5,3,5,9,2,10,5
"RN7SL55P",11,0,17,10,10,11,3
"MIR8066",5,0,4,2,1,1,2
"RN7SKP137",1,0,2,4,3,2,1
"RNU1-89P",2,1,2,2,1,0,4
"RNA5SP165",1,0,9,12,7,16,2
"RN7SKP253",8,17,10,16,3,6,5
"RN7SL254P",7,0,2,12,5,9,3
"RNU6-1053P",13,6,9,17,8,5,6
"RNU1-51P",0,3,1,4,0,2,2
"NFXL1",58,15,73,49,45,81,29
"NIPAL1",4,11,5,8,1,9,3
"ERVMER34-1",5,61,1,2,3,2,2
"RN7SKP275",18,2,14,5,6,11,22
"TRIM60P14",4,2,4,2,4,1,5
"NACA3P",7,3,3,2,10,9,32
"RPL21P51",9,10,21,26,16,3,29
"ENAM",33,4,10,2,9,9,10
"UTP3",144,98,145,155,160,230,110
"RUFY3",1326,417,1038,790,777,1021,1117
"RNU6-891P",4,1,3,3,1,2,5
"USP17L11",15,9,5,6,7,4,0
"USP17L13",4,6,2,2,2,2,0
"USP17L17",4,9,3,4,0,3,0
"USP17L18",4,11,1,3,1,7,0
"USP17L23",4,0,0,4,4,0,0
"USP17L27",2,4,2,2,1,0,0
"USP17L28",4,3,0,4,2,1,2
"USP17L29",1,4,0,7,3,2,0
"USP17L30",3,4,1,4,4,1,0
"USP17L20",11,5,4,5,5,0,2
"USP17L22",6,2,0,4,1,0,2
"USP17L26",2,2,2,1,3,1,0
"USP17L14P",5,2,1,3,1,0,0
"USP17L9P",8,2,2,2,5,2,1
"USP17L6P",7,4,1,5,3,0,0
"DANCR",157,191,145,167,133,128,79
"NUDT6",47,41,35,58,35,32,19
"ANXA2P1",2,6,9,12,5,5,9
"RN7SL419P",4,10,4,2,3,5,2
"RAP1GDS1",267,108,223,86,171,283,190
"COX18",154,86,86,71,67,136,97
"MYOZ2",2,0,8,6,0,4,4
"MOB1B",961,319,599,260,404,820,1500
"MIR548T",11,0,8,1,9,6,11
"HMGB2",1467,802,1226,831,1029,2262,1186
"SAP30",33,40,17,44,21,79,40
"SCRG1",42,55,33,46,32,36,38
"RPL5P11",10,23,6,5,6,9,9
"HAND2",1,9,19,44,23,20,1
"MED28",1275,692,1044,1040,918,1089,1335
"FAM184B",42,21,25,37,27,33,45
"NCAPG",266,80,138,44,88,194,106
"KRT18P63",44,1,16,15,21,21,14
"NOCT",73,58,97,133,94,134,63
"RNU6-531P",12,13,10,2,12,14,4
"RN7SL382P",15,5,12,15,6,10,19
"PPP1R14BP3",29,30,32,56,20,27,13
"NDUFC1",62,32,46,72,49,93,39
"SLBP",193,123,145,104,82,220,107
"LETM1",1816,806,1488,1178,822,1379,1117
"CD38",3274,436,1364,1095,1545,2145,2105
"FGFBP2",3,0,3,11,5,8,7
"PROM1",3,0,4,0,0,4,1
"TAPT1",380,175,290,289,258,408,332
"AFG2A",235,161,282,280,218,336,113
"SPRY1",233,100,298,525,191,856,290
"NOA1",92,63,92,98,75,133,61
"POLR2B",709,324,647,419,540,1103,695
"RNU6-998P",10,3,9,4,3,9,4
"IGFBP7",111,95,208,427,57,562,106
"UBE2CP3",4,3,12,26,7,22,5
"REST",736,447,692,517,468,1075,619
"ANXA5",193,203,187,326,84,290,95
"EXOSC9",204,77,211,105,117,238,154
"CCNA2",283,73,109,62,95,222,120
"BBS7",57,34,75,61,57,104,39
"TRPC3",0,1,0,4,1,5,0
"FBXL5",437,137,340,198,200,545,256
"FAM200B",80,25,60,70,45,67,81
"SULT1E1",0,0,14,8,3,10,1
"JCHAIN",115,6,138,230,26,669,88
"SOWAHB",0,5,2,11,2,3,2
"TXNP6",1,0,3,2,4,2,3
"RPL7P17",35,5,24,15,20,29,13
"KLB",20,18,31,51,30,45,16
"LIAS",98,146,95,111,87,70,51
"UGDH",67,40,69,164,35,171,44
"RPL9",1268,582,1242,1283,1022,2859,1058
"TRMT10A",42,13,26,20,15,40,16
"MAPK10",66,372,178,382,109,210,89
"RN7SKP96",4,0,2,3,1,6,2
"GABRA2",5,3,15,14,5,18,7
"DTHD1",25,3,76,27,14,32,20
"NPNT",120,411,176,315,168,153,120
"ANAPC4",259,91,271,214,130,236,123
"C1QTNF7",72,40,32,97,6,59,12
"GUCY1A1",120,93,174,312,94,235,82
"GUCY1B1",45,27,56,66,36,97,30
"FAT4",83,381,286,925,122,415,98
"FCF1P8",4,0,1,3,2,3,5
"TMEM165",605,351,397,400,314,762,705
"SNRPCP16",2,0,7,5,1,7,2
"ENPP7P10",20,21,12,37,16,20,6
"MND1",30,10,13,7,12,12,7
"RPL6P10",41,58,78,68,46,28,39
"FAM192BP",0,4,7,8,8,4,9
"RPL6P13",2,0,2,1,4,2,0
"ARPC1AP4",2,0,5,4,2,7,2
"KLHL8",161,51,115,95,81,151,88
"GAPDHP60",14,3,18,19,21,12,6
"HSD17B13",12,0,6,10,2,7,7
"HSD17B11",99,9,72,71,70,162,53
"RN7SL681P",9,3,6,1,6,4,2
"USP17L15",13,10,3,9,6,1,0
"PALLD-AS1",0,7,3,3,1,0,0
"CNGA1",3,3,8,7,4,7,5
"PAQR3",130,53,59,34,50,122,40
"RN7SL127P",7,5,19,15,15,11,12
"PRIMPOL",59,43,65,119,71,92,31
"CENPU",177,52,71,20,55,159,134
"TET2",467,606,679,1199,511,979,393
"BBS12",14,12,12,11,17,26,6
"NELFA",200,166,203,365,169,209,112
"NAT8L",0,15,17,100,6,72,18
"NSD2",3685,1701,2582,1824,2223,2874,2695
"RPS15AP17",12,3,14,5,6,13,10
"USO1",355,206,310,274,232,449,263
"MAEA",525,417,493,640,412,451,297
"UVSSA",740,459,753,749,448,605,322
"GMPSP1",3,2,2,1,3,8,4
"HTRA3",1,21,19,239,5,92,7
"HERC5",69,39,117,58,47,135,101
"GASK1B",28,16,54,101,12,96,29
"CPEB2",89,92,96,119,45,173,60
"OCIAD1",376,186,274,332,234,397,248
"SEPTIN11",303,278,338,471,249,563,231
"PRDM5",38,94,50,160,19,71,31
"PCDH18",44,51,59,242,36,243,25
"WDR17",11,18,14,43,13,31,3
"G3BP2",729,341,492,435,373,927,614
"LEF1",7610,2165,5489,3009,5774,6969,5045
"ZACNP1",1,0,0,1,2,7,0
"RAB28",131,78,110,88,64,144,62
"TDO2",1,0,5,0,2,9,0
"CTSO",82,70,93,127,34,177,41
"RNU6-35P",2,0,8,1,2,0,9
"ELOVL6",54,164,42,35,17,46,66
"ZNF969P",0,2,50,5,1,5,2
"RPL36AP19",8,1,17,10,11,11,8
"AP1AR-DT",5,0,2,6,1,2,1
"AP1AR",95,62,63,72,71,103,100
"TOX4P1",2,3,9,9,2,3,3
"MFSD10",89,110,122,274,61,96,27
"NOP14",134,142,190,263,151,263,80
"GRK4",48,40,49,55,42,67,18
"MSANTD1",15,40,26,37,21,19,9
"RPL7AP29",4,0,1,5,3,4,4
"COQ2",36,12,35,40,28,56,16
"HPSE",10,19,24,36,9,35,6
"HELQ",128,36,132,89,78,136,37
"MRPS18C",77,32,69,49,56,62,52
"ABRAXAS1",169,58,122,98,68,96,103
"SLC25A14P1",32,8,10,23,21,15,21
"ANXA10",11,14,10,6,3,5,2
"DDX60",269,255,487,274,193,395,247
"KDR",71,19,107,251,48,228,28
"PIMREGP4",6,2,8,0,3,4,2
"ANTXR2",66,43,154,318,112,454,93
"SRD5A3",45,21,28,25,10,25,16
"LGI2",6,3,50,140,37,76,18
"SEPSECS-AS1",135,89,113,40,123,106,67
"PI4K2B",163,92,131,64,46,146,134
"SEPSECS",287,83,182,133,115,218,214
"RPL14P3",2,12,2,4,6,6,10
"CLGN",13,29,5,8,7,6,8
"ELMOD2",166,92,103,67,78,171,97
"UCP1",1,8,12,0,2,2,0
"TNRC18P1",9,2,15,56,13,18,3
"HIGD1AP14",32,7,32,6,18,35,27
"PLA2G12A",110,216,112,151,69,102,60
"GAR1",40,13,22,38,16,66,20
"RRH",25,28,14,8,14,18,7
"LRIT3",7,9,7,7,8,8,2
"SMAD1",226,116,153,183,121,188,184
"SMAD1-AS1",14,0,14,7,3,5,6
"NCOA4P3",20,5,21,16,28,12,10
"MMAA",116,48,82,69,96,110,67
"EPHA5",3,193,4,3,1,2,1
"FHDC1",7,15,32,39,14,31,29
"DCTD",157,155,157,210,141,220,90
"BMP2K",248,84,191,101,172,330,162
"SCOC",101,41,32,36,35,78,78
"LRP2BP",49,40,88,69,37,91,41
"RPL7AP30",19,14,30,47,23,22,22
"C4orf46",107,32,28,25,23,66,53
"ETFDH",311,198,325,327,282,340,294
"PPID",53,55,64,86,82,119,66
"HSP90AB3P",24,44,44,49,27,20,44
"PKD2",143,70,212,281,126,283,139
"ABCG2",30,1,22,24,8,40,5
"AFAP1-AS1",73,993,31,58,24,27,21
"AFAP1",69,41,72,106,25,81,44
"SERBP1P5",44,31,63,91,60,47,68
"ANXA3",3,2,21,38,16,46,5
"FRAS1",758,813,341,485,392,325,151
"CYP2U1",1762,322,1414,867,1015,1585,1971
"SLC39A8",147,101,122,90,53,156,94
"MANBA",236,94,204,167,135,361,170
"RPL21P49",4,1,13,1,4,0,2
"LRRC37A15P",6,7,7,6,11,8,4
"KRT8P46",10,18,22,30,19,22,9
"UBE2D3",1645,764,1032,1040,956,1588,1196
"MIR3139",2,0,3,4,1,7,2
"FTH1P24",5,14,8,15,13,10,10
"MGST2",57,81,57,88,42,70,34
"RN7SKP237",10,0,11,21,20,6,27
"H3P16",100,36,91,73,49,90,59
"AIMP1",298,286,344,316,370,409,384
"AASDH",98,40,118,49,61,125,54
"RPL7AP31",6,11,22,9,9,4,1
"PPAT",89,41,65,43,23,75,62
"CXCL2",6,4,7,29,4,151,6
"EPGN",2,1,10,5,10,14,3
"HADH",861,305,724,585,758,860,674
"SDAD1-AS1",3,1,6,10,5,6,1
"CXCL9",72,10,137,30,33,83,95
"CXCL10",2,0,28,4,2,31,27
"CXCL11",2,0,9,3,2,6,4
"FAM47E",3,10,7,25,18,10,5
"STBD1",0,0,1,10,0,4,0
"GUF1",222,156,155,189,137,198,139
"GNPDA2",127,57,112,78,77,118,68
"ARSJ",59,191,51,259,36,85,11
"SH3TC1",1319,1134,1717,2078,1388,2326,1227
"SPP1",3,27,14,3,12,87,19
"WFS1",48,29,83,308,46,118,21
"AFF1",1617,644,1409,1633,1601,2182,1427
"ADH7",0,7,1,1,0,2,2
"YIPF7",2,3,5,1,0,1,0
"NPFFR2",7,12,17,27,4,26,6
"HTT",1180,698,1335,1438,998,1692,718
"KLHL5",179,132,200,202,104,282,185
"RCHY1",107,62,78,79,62,123,79
"C4orf54",62,1,24,10,28,26,5
"UGT2B17",2,0,0,0,4,7,0
"TACC3",651,547,711,540,678,727,448
"CXCL13",8,9,5,1,3,12,7
"ADGRL3",9,25,21,149,9,61,7
"RNU6-145P",4,0,4,2,8,0,0
"SGMS2",145,28,109,109,75,182,120
"BLTP1",1387,687,1946,1653,1315,2513,1145
"OTOP1",0,0,1,12,1,0,4
"TMEM128",61,17,50,66,37,59,41
"ZBTB49",33,22,58,61,54,65,23
"STX18",209,140,225,278,221,251,173
"STX18-IT1",34,16,22,16,12,22,13
"RPS7P15",22,1,11,15,11,15,17
"NSG1",76,40,93,58,50,63,49
"KIT",33,16,98,79,19,106,70
"MAN2B2",360,340,426,670,376,510,122
"S100P",2,0,4,4,3,25,2
"MRFAP1L1",248,192,277,267,203,294,214
"BLOC1S4",40,22,22,37,13,43,11
"KIAA0232",417,349,423,366,298,640,289
"NICOL1",3,0,4,0,1,4,0
"RPL6P12",2,0,0,4,3,8,1
"NEK1",358,156,325,261,209,358,168
"HPF1",25,30,34,23,9,34,29
"DDX60L",433,103,517,237,314,599,252
"CCDC158",0,0,2,23,4,5,1
"TIGD2",67,29,72,34,56,63,41
"RBPJ",729,306,514,539,317,783,616
"C4orf3",206,117,101,110,65,174,112
"FABP2",2,0,3,4,2,0,0
"USP53",206,185,299,376,246,433,480
"RFC1",522,334,413,352,321,638,395
"COL25A1",4,8,25,89,15,46,6
"RASGEF1B",264,59,188,107,120,395,111
"ARAP2",999,301,1233,511,885,1430,584
"GRSF1",725,261,705,488,496,675,530
"CLNK",30,70,57,16,51,80,15
"ANKRD17",1622,986,1727,1640,1521,2241,1134
"MAML3",270,536,341,572,327,433,230
"ZCCHC4",127,74,83,92,50,128,72
"INTS12",48,63,55,61,66,117,54
"HERC6",81,151,288,225,103,199,149
"ENOPH1",147,71,104,106,56,132,83
"MRFAP1",398,300,340,613,260,635,311
"GBA3",1,0,7,0,1,6,1
"CENPE",408,172,251,75,214,316,272
"RPS3AP16",9,5,1,3,2,4,6
"LYAR",58,27,39,59,41,87,29
"GPM6A",4,5,6,2,3,15,0
"RPL5P13",4,0,3,4,5,7,10
"LSM3P4",16,0,0,4,1,5,3
"SLC10A7",148,43,119,66,102,154,93
"CXCL1",3,7,9,28,11,60,23
"RN7SL218P",1,2,9,3,6,1,8
"CXCL3",10,1,7,8,12,30,16
"REELD1",0,21,11,9,2,46,4
"CNOT6L",1629,448,1002,607,772,1652,1406
"HGFAC",8,21,0,2,1,0,0
"DOK7",26,56,41,76,37,31,15
"LRPAP1",438,346,442,712,359,509,197
"RGS12",726,575,328,673,158,266,371
"ELF2",443,293,432,418,395,653,434
"CSN2",0,0,17,0,2,4,14
"FDCSP",2,0,3,0,2,7,3
"CFAP97",152,185,147,160,65,230,128
"SNX25",43,56,94,78,40,106,57
"LRP2BP-AS1",2,7,5,5,3,7,7
"FLJ38576",8,10,5,18,2,4,0
"CYP4V2",510,422,409,426,166,403,209
"SMIM20",33,32,23,19,16,49,8
"FAM53A",16,9,12,30,13,16,1
"MARCHF1",141,36,165,71,140,300,166
"LARP7",150,101,156,138,128,208,128
"LCORL",274,78,171,121,155,280,204
"SOD3",113,1187,83,409,50,138,42
"CCDC149",41,155,56,310,71,132,32
"SCARB2",338,547,466,600,286,589,412
"CFI",4,1,11,15,2,16,2
"MTCYBP43",0,0,2,15,1,4,0
"PDE6B",127,125,68,67,57,62,35
"PDE6B-AS1",5,31,6,4,5,5,1
"ATP5ME",31,27,36,45,35,68,22
"SLC49A3",4,52,33,77,15,26,6
"CPLX1",163,21,137,137,112,137,91
"MYL5",63,156,88,213,49,86,42
"RASSF6",841,122,979,669,489,904,909
"EVC",178,572,275,939,181,269,74
"TLR10",14,0,60,32,43,62,17
"TLR6",44,15,123,72,61,147,57
"FAM114A1",8,55,70,186,19,91,28
"SNORD79",4,2,1,3,4,3,1
"IRF2",381,250,402,350,362,483,280
"MAB21L2",49,5,49,59,39,50,58
"ZBTB8OSP1",14,0,3,0,6,8,5
"RNA5SP168",15,1,7,3,3,3,10
"LRBA",1531,328,1859,1100,1165,2338,933
"SNCA",7,33,9,55,13,105,7
"MMRN1",16,7,25,26,20,122,16
"TMSB4XP8",300,73,292,198,157,391,157
"MTHFD2L",218,58,129,90,121,195,169
"EREG",3,1,5,3,0,28,2
"AREG",8,8,1,2,1,258,1
"MSMO1",31,29,46,33,30,31,29
"CPE",49,52,278,710,171,773,231
"HADHAP1",3,0,18,51,11,17,9
"SCGB1D5P",6,10,1,2,3,2,1
"NOL8P1",44,20,3,4,5,1,0
"ALPK1",344,327,445,473,283,514,274
"USP46",84,180,73,150,37,66,64
"TMEM192",77,123,80,230,66,100,73
"FAT1",369,1300,705,2124,322,922,455
"LAP3",132,114,201,179,121,360,143
"POLN",13,77,15,29,15,9,5
"COX6B1P5",15,12,12,4,7,7,11
"MXD4",1035,1078,895,1189,901,791,546
"ZFYVE28",200,491,134,183,109,116,41
"RN7SL589P",4,9,4,2,6,2,0
"SPICP5",7,4,6,2,0,4,1
"GRID2",0,0,0,7,3,3,0
"ATOH1",0,0,5,2,1,5,4
"SMARCAD1",284,79,218,128,136,373,121
"HPGDS",5,6,14,14,6,21,4
"DCAF4L1",9,32,10,8,4,7,5
"SLC30A9",327,193,232,182,148,272,203
"ATP1B1P1",11,11,12,17,14,15,9
"BEND4",53,0,10,12,29,48,22
"SHISA3",0,0,2,5,0,15,1
"RPS7P7",10,3,8,3,3,7,5
"CCNL2P1",19,7,21,29,18,45,55
"CCSER1",33,31,63,101,56,88,13
"EGF",1,16,0,1,4,0,0
"ENPEP",102,148,189,96,72,191,66
"GAK",1190,702,1274,1339,832,1055,727
"TMEM175",240,193,217,283,183,206,100
"DGKQ",269,255,319,324,186,198,113
"SLC26A1",74,77,75,104,67,51,23
"IDUA",94,132,85,198,100,115,22
"FGFRL1",26,181,49,134,30,62,27
"CTBP1-AS",173,60,131,135,108,125,127
"FAM193A",465,551,660,800,562,685,291
"TNIP2",66,39,117,147,67,130,41
"ADD1",1759,1302,1949,2456,1707,2281,1539
"LINC02600",0,0,1,12,5,5,3
"ADRA2C",0,0,4,18,3,14,0
"SMIM43",5,3,7,3,5,6,8
"NFKB1",1555,1531,565,602,416,943,460
"DCK",427,73,225,117,151,357,266
"LDHAL6EP",1,13,6,6,0,0,0
"GC",0,16,0,0,0,0,1
"CXXC4",6,6,14,88,10,9,8
"ANKRD37",12,11,8,7,6,16,9
"UFSP2",53,61,67,52,28,122,49
"CFAP96",2,6,2,2,0,7,0
"SORBS2-AS1",54,524,10,32,23,14,3
"PCDH7",2,18,98,438,28,75,14
"TLR3",14,29,25,60,15,64,8
"PGM2",125,26,98,70,89,207,50
"PSME2P4",14,1,10,15,21,27,9
"MRPS33P2",9,2,9,8,5,4,11
"PTTG2",3,0,1,3,8,11,2
"TEC",63,28,75,73,73,102,86
"STIM2",306,116,338,224,245,438,196
"TBC1D1",703,230,684,574,567,849,520
"NUP54",235,79,192,153,140,318,191
"DCUN1D4",207,115,166,197,104,202,201
"DUTP7",5,5,5,11,4,4,6
"LRRC66",3,29,7,21,1,3,2
"SGCB",62,118,61,163,36,124,33
"SPATA18",66,155,49,78,31,51,32
"NSUN7",18,11,19,43,15,25,8
"ARL4AP2",3,2,5,4,0,3,2
"RNA5SP160",4,26,17,38,12,4,0
"RNU6-1195P",2,1,3,3,1,1,0
"UCHL1",36,5,11,16,17,20,14
"RPL12P20",2,11,5,11,4,3,2
"MIR3138",0,11,7,9,9,8,10
"RAF1P1",14,7,2,5,15,5,0
"WDR1",2739,2049,1985,1903,1821,3399,1403
"MRFAP1L2",78,30,83,96,61,73,49
"PCGF3",545,251,570,531,415,564,358
"FAM90A26",1,4,0,7,0,0,0
"GK3",15,8,16,20,11,24,4
"RHOH",1308,208,1197,660,1120,1076,733
"CASP3",324,163,244,187,210,289,313
"FREM3",33,6,9,11,12,24,9
"GYPE",22,26,22,12,19,19,4
"GYPA",2,0,6,2,4,4,1
"HHIP",279,92,192,95,145,189,239
"ANAPC10",30,8,30,39,25,24,23
"HSPD1P5",4,3,3,2,0,2,3
"RN7SKP235",13,4,19,14,12,9,8
"ABCE1",198,68,147,105,80,250,102
"OTUD4",659,388,570,609,464,711,470
"ART3",0,0,5,5,0,1,2
"ATP8A1",451,83,478,261,316,683,349
"JAKMIP1",8,3,9,2,5,6,0
"BOD1L1",1204,847,1506,1586,1323,2377,1189
"MTNR1A",0,22,1,1,0,1,5
"TBC1D9",77,50,158,297,72,366,84
"RNF4",577,339,571,524,482,624,462
"SCFD2",66,51,139,142,149,175,21
"LNX1",4,0,38,75,35,39,9
"RPL21P44",19,29,18,16,39,32,38
"FIP1L1",329,160,257,197,282,414,186
"FBXW7",440,368,466,468,347,593,422
"MIR3140",5,0,1,0,1,5,3
"TIGD4",2,0,3,4,2,5,0
"SLC10A4",5,0,1,3,3,3,0
"FRYL",1028,487,1054,768,695,1442,772
"RN7SL253P",11,7,5,6,12,1,3
"GALNT7",906,139,677,350,580,1034,549
"CICP16",42,23,71,87,37,25,7
"METTL14",225,159,170,179,144,245,169
"GLRB",6,0,7,13,8,9,2
"PDE5A",266,138,200,291,190,326,149
"HAUS3",88,50,63,111,60,50,37
"ZNF518B",443,633,339,302,282,458,320
"CRACD",22,7,20,54,8,29,18
"SRP72",313,255,263,255,241,492,331
"BIN2P1",1,0,8,2,2,0,1
"HNRNPD",1795,794,1394,1169,1231,2271,1587
"HNRNPDL",1012,675,1193,1274,879,1890,953
"KLKB1",6,10,2,3,0,0,2
"HSPA4L",122,226,80,133,53,114,97
"RPL21P53",95,21,106,43,96,97,190
"PLK4",171,42,90,48,82,140,83
"MFSD8",204,124,183,178,98,181,156
"RPL15P8",7,0,2,5,3,7,4
"FOSL1P1",6,2,7,7,2,2,0
"PGRMC2",114,92,98,141,81,225,126
"LARP1B",96,88,89,101,106,127,81
"RPL9P16",3,6,12,14,3,8,6
"CBR4",234,174,198,197,171,221,193
"RNU6-853P",3,4,4,0,2,13,1
"RNY4P17",9,0,7,1,3,2,6
"PALLD",356,611,400,1026,287,786,423
"PDLIM3",33,44,26,97,7,121,25
"SLC4A4",74,570,163,216,76,148,77
"RAPGEF2",346,281,507,664,353,732,359
"TMEM154",102,42,203,104,111,347,89
"NSA2P6",11,0,10,7,4,11,10
"FAM241A",52,13,55,55,49,86,49
"CDS1",29,125,32,43,19,38,14
"WDFY3",359,515,417,937,274,738,187
"RN7SL552P",1,3,3,7,2,0,1
"CAMK2D",307,150,314,329,215,519,283
"CLCN3",406,221,312,290,267,467,205
"PTGES3P3",9,0,4,0,4,8,10
"CRMP1",57,253,87,246,70,80,12
"POLR2MP1",9,16,15,7,6,15,25
"YTHDC1",699,277,776,738,746,1365,759
"ACSL1",148,79,274,441,163,1380,242
"PLRG1",185,97,167,143,115,204,103
"FGF2",41,35,31,69,18,75,17
"FGFR3",83,316,70,131,40,59,39
"QDPR",42,41,84,120,60,95,25
"SMIM14",169,160,177,329,120,256,130
"UBE2K",435,258,293,270,209,488,371
"RN7SL558P",22,43,23,38,39,31,45
"ZBTB12BP",45,27,49,44,43,28,29
"PDS5A",1470,859,1099,707,834,1525,1040
"ELOCP33",33,31,24,14,17,16,14
"RNA5SP159",13,3,7,6,4,8,9
"PABPC1P1",26,18,32,35,36,21,21
"RNU6-1112P",1,0,6,2,1,8,4
"N4BP2",918,268,759,446,765,1057,628
"TBC1D14",363,315,317,402,266,459,252
"RN7SKP292",16,5,15,15,12,10,18
"CFAP184",1,5,2,7,4,8,2
"TADA2B",181,180,149,249,157,226,67
"GRPEL1",106,100,131,183,145,165,86
"RN7SKP36",11,12,52,16,44,4,55
"PSAPL1",7,25,35,36,33,16,7
"RAB33B",45,44,29,69,17,63,15
"TIFA",90,64,70,75,76,89,122
"GRIA2",2,0,6,5,2,9,3
"RN7SKP30",10,16,13,18,10,7,12
"NMU",10,0,3,0,0,4,0
"EXOC1",155,75,140,122,96,277,67
"CEP135",354,137,315,242,199,327,241
"SORBS2",1812,8963,444,1129,647,688,345
"PRDM8",9,3,43,44,22,53,10
"CC2D2A",460,324,361,470,235,437,232
"NAA15",432,216,377,214,213,481,359
"SPINK2",15,0,3,0,2,7,0
"CTBP1-DT",123,170,119,204,129,117,43
"GALNTL6",7,3,4,2,5,6,4
"ZNF876P",11,11,4,1,7,3,8
"ZNF732",16,1,8,4,4,8,6
"ZNF141",638,399,510,626,471,564,401
"MIR571",15,0,5,8,6,12,5
"ZNF721",316,206,356,232,269,414,268
"GYPB",5,2,4,3,6,4,0
"CTBP1",1087,761,1164,1361,873,970,539
"CFAP299",5,0,2,2,6,16,4
"BMPR1B",148,20,92,78,254,144,59
"UNC5C",25,18,179,268,223,168,56
"EIF4E",265,154,168,129,126,290,187
"TBCAP3",9,0,2,3,0,3,2
"METAP1",447,132,341,237,295,457,344
"ABT1P1",13,5,5,7,7,5,2
"ADH5",388,280,306,359,246,491,285
"ADH4",20,15,13,22,17,21,1
"ADH6",15,8,13,22,26,16,6
"ADH1A",11,3,15,49,11,34,11
"ADH1B",44,31,259,1376,158,1537,176
"ADH1C",0,0,12,60,3,49,3
"PACRGL",108,79,81,96,61,98,27
"KCNIP4",3,4,3,2,2,0,3
"KCNIP4-IT1",0,2,1,0,3,6,0
"HOPX",11,20,28,35,20,42,17
"TMEM129",160,236,200,281,141,136,67
"CHRNA9",1,0,3,4,4,2,8
"RBM47",85,37,137,287,89,322,99
"MIR4802",0,0,4,4,0,2,1
"APBB2",390,826,475,1050,436,581,241
"TMEM33",419,219,202,227,155,363,346
"ADAMTS3",6,24,19,56,26,46,13
"F11",2,0,0,6,0,4,1
"ABLIM2",57,50,44,92,31,65,19
"ACOX3",127,80,194,230,125,178,56
"RNA5SP152",3,7,2,0,0,1,3
"ABHD18",285,284,247,220,165,276,172
"PDGFC",54,100,121,198,64,188,85
"TRIM61",8,2,19,16,12,7,12
"DUX4L7",0,8,4,21,2,0,3
"DUX4L6",0,2,3,6,0,0,1
"DUX4L4",1,14,1,25,1,2,2
"DUX4L1",0,5,1,8,0,0,0
"DUX4L3",0,9,1,6,0,0,0
"LIMCH1",158,156,192,620,148,328,126
"RNF212",34,4,27,100,41,16,15
"C4orf50",488,594,98,27,102,105,56
"HSP90AB2P",13,3,16,8,10,1,3
"BNIP3P41",4,2,1,3,2,1,0
"ZEB2P1",2,6,4,3,4,0,0
"SLED1",3,4,6,4,5,29,2
"RTEL1P1",10,14,26,27,21,17,3
"ABCA11P",13,7,12,10,6,12,4
"SMARCA5",702,268,575,278,409,989,471
"ALB",6,2,2,8,1,4,1
"SORCS2",122,248,111,192,58,91,48
"CFAP99",4,35,4,2,1,2,0
"GAB1",155,283,171,395,147,322,176
"ST3GAL1P1",13,4,9,7,13,5,1
"GNRHR",104,45,40,36,25,31,25
"TMPRSS11CP",27,5,19,7,10,10,3
"TMPRSS11D",45,22,18,17,12,8,2
"TMPRSS11A",22,8,3,3,1,2,1
"GPRIN3",171,52,220,214,142,284,170
"FBXO8",75,29,54,52,36,86,31
"CEP44",247,101,141,118,109,200,130
"NUDT9",85,73,70,119,75,118,39
"SPARCL1",158,172,629,1838,277,2072,310
"PDGFRA",15,18,113,433,85,491,129
"PAICS",338,154,231,220,196,254,217
"ARL9",3,1,10,10,4,3,2
"PPM1K",500,173,567,386,379,514,532
"RPS3A",1548,430,937,1151,851,2432,922
"SNORD73B",5,3,3,4,1,8,2
"SH3D19",41,103,200,746,101,403,106
"PRSS48",9,3,17,40,8,10,14
"FHIP1A",193,440,164,453,181,212,198
"GATB",112,112,140,171,95,123,56
"VEGFC",6,8,10,27,2,19,13
"RN7SKP136",19,4,12,6,18,16,8
"NEIL3",530,116,236,95,155,235,202
"AGA",64,14,49,26,29,82,25
"RNA5SP172",6,5,3,2,0,0,0
"SCPPPQ1",7,0,8,6,5,10,2
"TXK",149,76,143,77,212,201,124
"SH3BP2",351,177,459,850,298,534,223
"CHIC2",650,189,563,410,397,718,612
"NAAA",73,20,98,87,64,115,35
"RNU6-33P",70,17,267,40,173,61,259
"NAP1L5",43,24,30,45,22,51,40
"FAM13A-AS1",532,266,620,475,587,664,864
"PLAC8",349,94,372,122,221,469,241
"LINC01091",14,7,11,46,7,49,14
"CCNI",1454,1007,1067,1282,861,1981,1018
"UGDH-AS1",48,36,44,62,32,35,23
"SMIM14-DT",8,18,7,17,6,6,6
"LINC02498",1,0,5,14,1,2,2
"UBE2D3-AS1",77,41,49,55,61,46,65
"GALNT7-DT",491,98,357,279,513,206,189
"SAP30-DT",29,65,29,32,24,36,27
"PPM1K-DT",4,0,4,3,2,1,5
"SLIT2-IT1",3,0,9,10,2,6,2
"TMEM184C-DT",2,10,6,7,2,7,2
"LINC02507",1,1,5,3,0,11,5
"SNHG8",149,72,104,95,87,284,83
"SLC7A11-AS1",5,3,14,1,8,3,10
"LEF1-AS1",677,219,579,284,633,515,620
"USP38-DT",71,50,49,58,67,60,38
"NOP14-AS1",175,65,198,267,201,197,91
"SLC2A9-AS1",21,55,32,22,44,40,13
"LINC02481",11,2,14,39,9,17,14
"HTT-AS",14,6,10,15,20,2,5
"H2AZ1-DT",23,11,12,18,11,11,2
"FAM218A",4,6,2,3,0,1,2
"METTL14-DT",8,6,9,14,5,9,8
"ING2-DT",89,124,92,106,107,55,64
"MIR4453HG",84,83,90,71,95,69,61
"LINC02273",203,8,118,146,263,89,119
"LINC02276",2,5,1,0,0,2,1
"PP12613",3,0,5,2,0,1,0
"LINC02562",15,73,20,51,22,10,9
"SNHG27",2,21,16,3,21,0,2
"MAPK10-AS1",2,19,2,4,3,7,0
"LNX1-AS2",2,0,8,13,4,6,3
"LINC02267",1,2,2,5,0,2,0
"TENM3-AS1",11,70,25,37,10,29,17
"LINC02365",4,1,11,10,23,14,10
"KLF3-AS1",95,73,166,658,142,114,95
"LINC02509",5,0,1,3,2,1,2
"LINC02427",50,21,37,29,36,18,15
"LINC02232",1,268,3,3,0,1,1
"TET2-AS1",17,31,36,48,21,43,19
"LINC02482",10,4,20,38,20,7,8
"LINC02473",2,60,0,0,0,0,1
"LINC00290",0,11,0,0,0,0,0
"UNC5C-AS1",0,0,8,13,4,4,2
"BMP2K-DT",1,0,1,3,6,2,2
"IRF2-DT",27,3,35,52,28,39,17
"USP46-DT",2,9,8,20,7,7,1
"LINC02362",38,6,64,51,57,73,57
"LINC02506",12,0,28,0,3,28,1
"ATP8A1-DT",4,0,3,3,12,4,0
"LINC01259",3,0,4,1,1,4,1
"TSPAN5-DT",9,3,8,12,30,3,4
"GASK1B-AS1",5,7,14,30,11,12,1
"LINC02447",8,8,14,28,8,8,13
"STIM2-AS1",18,8,17,19,13,16,9
"SCOC-AS1",31,50,38,17,37,24,15
"GSTCD-AS1",27,11,9,19,13,13,10
"PRDM8-AS1",3,0,5,9,5,4,2
"LINC00499",2,4,4,3,2,1,3
"LNX1-AS1",1,0,10,18,13,11,10
"LINC02615",85,128,74,151,87,56,37
"LINC01182",6,7,13,23,17,11,5
"LINC01587",0,11,9,8,1,7,3
"HHIP-AS1",75,34,41,16,41,60,31
"SRD5A3-AS1",17,12,9,17,1,12,13
"LINC02432",33,19,70,10,9,41,46
"UBA6-DT",244,123,157,164,127,119,57
"CPEB2-DT",9,31,18,18,11,13,1
"LINC01378",0,10,0,0,0,0,1
"HAND2-AS1",3,1,41,177,67,50,16
"STX18-AS1",287,355,318,264,258,266,143
"AGA-DT",21,38,12,19,10,13,6
"MAP9-AS1",2,2,1,6,4,10,5
"LINC01088",20,13,25,17,16,47,13
"FHIP1A-DT",14,18,20,39,9,16,7
"ANKRD17-DT",137,65,132,133,96,100,53
"LINC02363",3,3,7,6,7,9,9
"LINC02265",2,5,2,2,5,5,5
"MIR3945HG",0,0,4,2,0,12,0
"HAFML",1,4,0,6,0,2,1
"LINC02516",0,1,5,2,2,2,0
"HNRNPD-DT",9,12,7,19,8,4,8
"SMARCA5-AS1",18,3,23,32,17,34,13
"FRG1-DT",48,63,68,80,83,52,39
"LINC01596",0,63,11,26,22,8,15
"STPG2-AS1",18,23,10,9,7,5,5
"WWC2-AS2",1,1,5,12,1,0,0
"TLR1",140,73,168,176,127,306,123
"USP38",313,129,245,173,135,351,173
"UGT8",4,0,18,9,16,13,4
"EPHA5-AS1",0,58,0,2,0,0,0
"RPL34-DT",514,103,276,149,399,332,123
"RPL34",545,215,379,428,339,780,396
"OSTC",173,27,89,47,52,168,75
"MAD2L1-DT",39,42,53,29,27,20,18
"IGFBP7-AS1",6,1,3,15,2,9,9
"TAPT1-AS1",124,107,90,174,106,67,29
"RNPS1P1",1,2,1,5,5,8,4
"FAM86MP",1,1,3,4,1,1,1
"SEC24B-AS1",63,75,51,65,42,47,17
"LINC01094",10,12,11,7,7,14,9
"PCGF3-AS1",591,519,934,1099,847,573,631
"CXXC4-AS1",1,5,10,19,7,8,2
"LINC02268",0,0,7,4,4,5,1
"LINC03074",56,1,33,17,15,17,28
"SHROOM3-AS1",18,27,11,11,9,12,5
"LINC00989",4,4,15,60,14,47,10
"CYP2U1-AS1",656,217,521,366,309,465,753
"PANCR",31,32,40,16,15,43,27
"SMAD1-AS2",41,15,22,13,23,20,12
"SPON2",118,64,124,224,161,179,35
"C1QTNF7-AS1",21,17,23,31,12,33,16
"WDFY3-AS2",26,22,16,51,10,25,8
"MED28-DT",22,38,44,50,40,32,58
"DCAF16",864,476,701,734,607,727,843
"LSM6",154,180,115,109,115,259,122
"RAB33B-AS1",207,162,219,256,167,195,159
"SETD7",521,281,291,705,195,551,302
"BST1",48,13,32,62,46,79,33
"TMEM156",25,7,53,32,27,68,19
"WDR19",243,177,280,256,221,326,133
"RNU6-32P",7,0,38,2,21,5,39
"INKILN",27,3,18,10,46,19,10
"UMLILO",93,8,52,17,55,73,30
"CXCL8",27,5,26,21,22,440,15
"SULT1B1",37,3,16,11,13,51,20
"FAM149A",55,30,44,112,17,61,22
"ANK2-AS1",0,0,4,9,0,2,2
"ANK2",125,15,270,589,104,1324,122
"DUX4",1,6,1,11,1,1,3
"FRG1",92,63,77,63,55,130,79
"DUX4L9",2,31,9,46,3,3,1
"RARRES2P4",10,13,2,1,2,2,0
"INPP4B",293,61,216,157,148,329,133
"AGGF1P1",17,10,12,14,20,27,1
"CLUHP4",2,0,0,6,0,2,1
"DBET",0,28,13,75,21,6,8
"ANP32CP",0,12,12,6,9,9,9
"PPARGC1A",258,235,109,192,75,297,197
"BMP3",3,0,1,2,2,6,1
"PRKG2",20,17,4,12,25,44,0
"CASP6",69,94,62,69,61,118,50
"NEUROG2-AS1",11,1,5,5,1,6,1
"MIR302CHG",10,4,4,1,2,4,3
"ZGRF1",221,44,166,74,136,298,101
"TRIM2",158,63,132,178,141,135,90
"TMEM131L",1622,788,994,583,1270,1577,881
"TLR2",23,5,40,46,24,182,29
"RNF175",1,0,5,4,3,18,4
"SFRP2",35,90,75,404,33,306,15
"ICE1",567,637,641,620,432,804,364
"ADAMTS16",6,15,4,19,5,34,1
"LINC02145",5,16,9,12,4,6,1
"FASTKD3",31,12,31,16,18,33,10
"MTCO1P31",7,10,9,6,1,4,1
"ADCY2",2,164,33,48,23,59,26
"MTCO1P30",4,0,3,0,2,3,3
"SEMA5A",47,223,126,371,58,274,90
"MYO10",179,1093,183,290,150,280,121
"MED10",81,63,72,80,56,102,52
"MTRR",129,63,169,155,141,197,67
"CFAP90",6,1,3,0,1,2,0
"ALG3P1",7,7,10,2,6,4,3
"MTCO2P30",3,10,0,1,1,2,0
"FBXL7",11,66,72,293,36,120,40
"SPEF2",173,131,127,123,100,172,71
"ANKH-DT",2,0,1,3,0,3,4
"ZFR",484,331,469,414,380,809,381
"SLC38A9",247,121,191,120,164,213,148
"CDH10",1,5,2,1,3,1,2
"GPX8",15,60,7,45,4,18,1
"ISL1",39,138,41,77,19,19,15
"ANKH",799,827,783,961,541,887,706
"RPL21P56",9,12,1,1,1,0,1
"NPR3",12,16,201,340,61,245,84
"FST",3,0,11,38,12,37,6
"GHR",49,291,73,282,54,274,55
"ADAMTS12",11,35,27,145,29,69,18
"LINC02225",0,16,2,0,0,0,0
"CDH12",4,7,1,2,0,4,2
"HMGB1P47",0,10,1,3,2,0,0
"AKTIPP2",3,4,5,11,18,20,1
"RAB3C",2,1,9,13,5,13,5
"EMB",341,134,304,199,211,421,240
"ELOVL7",9,34,12,32,13,27,16
"ITGA1",76,58,130,218,60,333,87
"FAM151B",16,14,7,5,7,12,2
"MTREX",379,295,364,358,281,538,249
"VCAN",105,316,195,436,64,1030,248
"CAPSL",10,17,11,0,5,12,1
"GZMK",10,2,12,12,4,24,3
"ARSB",84,156,82,100,72,172,55
"PDZD2",465,1647,452,1250,261,433,165
"ZSWIM6",231,166,240,264,161,386,139
"ITGA2",60,469,176,391,75,170,124
"RPS27AP9",2,3,2,0,2,2,0
"RPL17P22",9,0,1,4,1,2,1
"NIPBL",1984,1127,1831,1367,1493,2513,1496
"CKMT2",117,197,128,204,131,101,43
"ATG10",140,155,102,82,69,108,65
"RASGRF2",69,72,85,152,57,96,20
"VCAN-AS1",2,6,0,0,2,1,1
"GOLPH3",260,220,176,151,95,370,179
"PSME2P1",3,3,1,9,3,4,2
"ATG10-IT1",12,3,12,7,3,9,7
"NUDT12",26,43,24,15,4,34,5
"GPBP1",701,388,560,442,447,948,535
"MSH3",134,105,158,131,95,211,88
"CD180",29,0,93,30,52,75,22
"IL7R",2314,947,2543,1061,3301,4332,2126
"COX7C",507,252,193,198,117,479,217
"RGS7BP",5,9,1,15,0,13,0
"ISCA1P1",4,0,2,2,1,1,1
"CAMK4",3069,594,1803,840,1686,2643,2716
"PPIAP11",41,17,44,16,40,34,31
"MTND4P35",1,0,55,2,6,1,6
"NDUFS4",93,85,58,69,47,127,44
"RACK1P1",5,0,3,8,5,8,3
"STARD4",124,32,82,74,69,185,133
"RPL5P14",11,19,5,7,1,4,3
"ARB2A",166,69,177,150,126,314,74
"DMGDH",8,20,13,33,12,17,3
"CMYA5",32,427,242,451,257,334,122
"MTATP6P2",0,0,3,5,0,2,4
"SERBP1P6",9,37,12,23,17,8,6
"PLPP1",64,32,37,96,44,122,27
"PSMC1P4",2,0,2,1,3,2,1
"RPL21P55",2,49,0,0,0,0,0
"ADGRV1",18,33,195,282,64,84,29
"FCHO2",55,137,95,136,66,148,48
"MEGF10",4,10,33,22,28,15,13
"GRAMD2B",164,440,100,173,159,170,66
"MAST4-IT1",4,0,0,8,2,9,2
"EGFLAM",20,45,106,137,58,155,54
"DTWD2",40,52,32,51,49,46,28
"BCL9P1",38,723,4,13,4,3,1
"ATP5PFP4",0,2,2,4,4,2,1
"EPB41L4A",21,154,78,170,82,134,47
"LSM2P2",2,1,6,3,5,6,0
"MSNP1",14,18,31,42,26,11,13
"RAD50",74,93,90,104,66,88,45
"ARRDC3",208,224,255,245,141,677,169
"SLC25A46",311,197,259,147,137,301,282
"SEPTIN7P10",11,8,7,1,5,9,5
"LMNB1",838,451,630,324,601,835,445
"NREP",417,94,165,87,175,262,443
"TILRLS",9,61,5,16,2,1,0
"EPB41L4A-DT",0,6,1,14,6,8,0
"EDIL3",0,12,7,25,1,47,4
"PHAX",106,202,127,170,95,211,67
"RNF138P1",3,1,6,8,6,6,2
"MTND6P22",1,1,4,3,3,5,3
"RIOK2",76,87,60,59,51,102,63
"GJA1P1",5,10,22,21,11,18,6
"PRR16",0,1,7,10,5,11,3
"TPT1P5",5,0,4,5,3,1,5
"ATG10-AS1",20,17,17,10,21,15,20
"MAP1B",142,509,272,1251,263,1204,248
"ESM1",6,10,1,2,0,1,0
"LAMTOR3P2",2,0,9,6,3,4,3
"COQ10BP2",12,2,7,4,12,11,10
"ACTBP4",2,15,9,9,4,12,5
"ANKRD55",62,16,14,35,22,19,7
"CCT5P1",3,0,2,1,2,7,4
"MARCHF3",64,45,61,75,99,58,41
"RPL5P17",0,0,10,3,7,7,11
"TMEM171",3,7,0,2,0,0,0
"PGGT1B",228,149,203,145,151,286,224
"RNF180",10,20,14,89,15,58,5
"GZMA",10,2,12,19,8,28,2
"ZCCHC10",46,36,30,26,17,53,30
"LRRTM2",50,66,43,60,32,66,39
"FEM1C",130,109,93,90,72,213,102
"RPL3P6",46,24,36,48,24,69,18
"SNX24",29,74,32,40,22,42,12
"TRPC6P2",2,7,7,9,13,12,1
"SLCO4C1",26,8,20,8,12,30,8
"ST8SIA4",296,100,270,126,224,336,175
"TMED7",65,59,30,36,27,88,38
"RPS14P8",4,43,10,22,4,9,4
"SNX2",186,116,178,157,109,286,127
"STK32A",0,0,13,39,1,13,4
"CTNNA1",394,965,475,931,286,831,270
"HNRNPA3P7",10,2,17,11,13,8,4
"THG1L",26,30,56,40,15,59,18
"PELO",52,61,38,73,34,73,29
"JAKMIP2",168,41,132,64,117,203,94
"LHFPL2",494,220,476,344,267,496,342
"STK10",554,230,845,721,599,1057,437
"PCBD2",232,374,252,235,209,250,108
"MTMR12",285,250,255,296,199,397,163
"DPYSL3",46,151,151,1508,58,372,67
"LSM11",65,51,51,46,22,56,47
"AFF4",1287,1510,1068,1296,885,1819,1129
"YIPF5",95,136,74,80,51,109,32
"PRDM6",3,18,4,48,10,24,1
"CCDC112",30,18,21,22,16,39,15
"FCHSD1",285,96,353,401,273,345,366
"PPIC",12,72,13,40,27,28,6
"TTC33",84,77,86,79,81,136,107
"BTNL9",654,2919,290,670,481,359,148
"PPARGC1B",163,448,125,189,122,134,90
"SLC12A2",151,95,127,108,91,237,141
"CTBP2P4",2,1,5,9,5,1,3
"UBTD2",104,119,94,95,60,131,54
"KLF3P1",13,24,13,26,20,29,11
"EEF1A1P50",65,30,74,56,69,80,65
"SAP30L",230,235,204,273,182,237,183
"HMGB1P21",12,0,18,3,16,14,13
"NRG2",8,42,20,54,19,21,4
"FAM200C",25,23,11,26,9,12,7
"TMED7-TICAM2",1,0,4,5,0,4,0
"COMMD10",49,18,74,40,42,93,16
"TNFAIP8",737,193,649,362,512,758,829
"ATP6V0E1P1",4,6,17,19,19,27,14
"POGLUT2P1",3,0,7,3,7,14,2
"DHFR",471,396,328,231,393,517,367
"LINC02995",9,3,10,22,3,3,3
"SH3PXD2B",254,2504,160,621,187,284,163
"KCTD16",8,3,2,7,1,6,0
"PTTG1",160,79,64,46,82,175,73
"IL3",0,16,0,2,0,0,0
"ARHGAP26",1123,1428,1045,1636,962,1483,769
"GABRA1",25,0,6,2,8,5,0
"GFPT2",10,19,14,118,9,226,12
"HMGN2P27",13,3,9,5,7,12,5
"BOD1",121,204,123,215,107,128,67
"SLU7",280,222,263,232,195,456,269
"ATP10B",829,4044,135,31,167,245,139
"RANBP17",37,42,24,45,15,39,10
"NR3C1",864,504,824,827,1074,1738,701
"BTNL8",0,7,10,7,6,26,2
"LIFR",514,1114,858,1101,684,1583,835
"RASA1",606,291,500,388,434,809,440
"MRPL22",55,46,65,66,38,108,50
"TMEM232",26,12,22,32,21,24,7
"ALDH7A1",108,393,207,511,142,216,79
"ADRA1B",0,0,2,14,1,3,3
"RPL7P21",78,17,54,29,48,69,29
"PTGER4",159,78,161,139,122,380,81
"ARHGEF37",26,105,46,106,32,56,7
"NLN",32,61,38,53,24,52,10
"DRD1",0,58,1,6,3,1,0
"SIL1",93,83,133,147,103,130,47
"CNOT6",512,250,320,212,281,481,346
"NEURL1B",359,549,210,512,130,310,96
"ZFYVE16",237,98,212,199,142,319,125
"BTNL3",1,0,1,3,7,2,1
"SFXN1",430,434,322,260,279,446,392
"RPL12P21",4,2,7,3,2,1,0
"KIF4B",2,0,3,3,4,0,2
"CHSY3",4,7,11,18,1,15,1
"MCTP1-AS1",7,0,4,2,1,13,1
"SOWAHA",46,40,14,22,5,10,7
"SEPTIN8",263,802,231,456,190,278,195
"CPEB4",184,148,271,384,178,472,200
"NDST1",142,155,314,759,138,432,93
"RNF130",79,64,72,181,44,201,46
"IL4",0,13,3,0,3,1,0
"HSPA8P4",0,4,4,2,0,5,0
"RASGEF1C",0,0,3,7,0,1,0
"ZFP2",9,8,24,21,16,13,4
"SEMA5A-AS1",1,27,7,18,4,10,4
"INTS6P1",1,3,6,2,5,3,2
"ECSCR",1,0,2,2,3,2,2
"C1QTNF2",1,0,4,15,0,9,0
"GALNT10",257,262,361,373,296,349,202
"RNU6-378P",6,0,12,2,5,2,11
"MIR579",6,4,5,6,0,3,1
"RNU6-358P",1,3,19,0,1,1,8
"RNU6-760P",2,25,0,3,0,0,0
"RNU6-272P",6,22,2,0,1,5,8
"MIR581",8,42,5,3,2,1,6
"RN7SL801P",45,108,37,37,18,23,17
"RNU6ATAC2P",2,0,9,2,8,4,10
"MIR5687",5,0,6,9,6,10,3
"RN7SL378P",9,31,15,12,12,8,11
"RN7SKP230",160,125,379,286,423,134,529
"RN7SKP57",43,11,13,5,9,23,36
"MIR1244-2",173,53,66,33,47,158,119
"RN7SL711P",1,3,2,2,1,0,4
"RN7SL174P",51,14,27,30,26,19,43
"RNU6-701P",6,0,1,5,0,8,0
"MIR5706",5,0,4,3,5,7,10
"RN7SL689P",0,9,4,6,1,1,0
"RNU6ATAC10P",1,0,13,6,17,7,13
"RN7SL655P",3,0,13,5,1,1,1
"RNA5SP194",8,12,3,13,3,5,1
"RNU6-164P",2,1,20,2,8,0,9
"RNU6-260P",2,0,3,0,0,5,1
"MIR5003",3,7,2,9,5,3,2
"MIR8089",0,0,1,12,1,2,0
"SLC34A1",0,23,7,7,0,1,0
"GRK6",446,165,598,439,432,529,299
"PRR7",29,35,25,28,32,33,32
"DDX41",156,290,171,239,133,214,76
"TIGD6",17,30,38,43,36,35,7
"HMGXB3",388,362,453,478,345,519,258
"RPS20P4",18,4,6,4,5,9,3
"CSF1R",151,89,246,728,131,450,71
"RPL7P1",360,131,264,211,220,374,324
"PDGFRB",72,172,319,1495,95,740,114
"ERAP1",1118,482,709,633,560,1061,548
"CCDC127",116,111,116,184,161,131,103
"EXOC3",364,570,653,736,336,470,205
"SLC9A3-OT1",5,8,8,8,7,3,0
"SLC9A3",38,268,34,54,22,20,15
"SLC9A3-AS1",161,2060,197,276,97,93,63
"CEP72",89,94,79,135,75,73,17
"TPPP",378,1488,145,423,105,115,44
"SPCS2P3",2,21,1,2,0,2,1
"SNHG4",101,79,39,44,31,29,17
"SNORA74D",18,7,11,6,3,6,11
"SNORA74A",52,43,40,30,13,38,15
"MATR3",721,340,435,490,276,422,439
"RNA5SP195",25,43,35,29,33,22,17
"RN7SKP64",9,12,23,19,28,32,17
"PAIP2",251,88,189,117,187,343,231
"SLC23A1",214,94,210,185,265,190,193
"MZB1",1152,414,1229,1013,1024,983,840
"PROB1",135,67,119,109,110,107,100
"DNAJC18",59,58,77,125,66,104,127
"ACSL6",10,30,37,21,11,14,5
"FABP6",1,4,3,1,0,2,1
"XRCC4",39,29,36,11,28,57,21
"NMUR2",0,5,3,1,4,10,1
"ADAM19",205,396,420,354,184,575,187
"UBE2QL1",10,0,3,17,6,22,2
"NSUN2",423,270,388,287,258,524,232
"TENT4A",544,475,483,503,367,639,520
"RN7SKP79",23,27,96,35,56,19,84
"SMIM15",77,89,55,67,58,98,56
"HINT1",410,235,256,220,190,517,304
"LYRM7",144,259,133,126,102,105,107
"SH3TC2",4,12,25,33,8,11,0
"LINC02159",32,1636,0,1,0,3,0
"GLRXP3",0,5,2,0,5,0,0
"SNCAIP",7,0,35,73,23,58,59
"SLC4A9",8,27,16,15,13,4,1
"ANKHD1",119,135,93,153,81,145,134
"ANKHD1-EIF4EBP3",97,71,97,74,88,94,66
"EIF4EBP3",6,6,15,6,7,6,1
"NDUFA2",45,78,38,28,21,63,26
"HARS2",178,92,197,208,155,201,104
"ZMAT2",215,206,204,219,197,339,191
"PCDHA5",2,18,2,1,0,0,0
"PCDHA7",2,25,1,1,0,0,0
"PCDHA9",5,2,0,3,2,1,2
"PCDHA10",5,59,1,6,6,1,1
"PCDHA11",4,57,0,4,0,1,0
"PCDHA12",0,15,0,1,0,0,0
"PCDHAC2",4,37,5,12,1,0,0
"FGF18",1,4,4,15,1,9,4
"KCNMB1",7,9,39,77,19,46,12
"LCP2",1540,388,1659,941,1511,1932,1193
"HARS1",421,597,550,549,403,460,443
"PURA",494,445,425,437,268,482,487
"IGIP",55,52,100,115,62,104,64
"CYSTM1",57,176,58,87,35,140,39
"PFDN1",93,107,98,131,97,184,68
"SRP19",183,235,159,208,131,134,99
"REEP5",163,223,117,175,64,205,98
"XBP1P1",19,26,21,20,27,15,19
"MBLAC2",65,61,47,54,46,47,36
"POLR3G",20,17,10,24,12,20,12
"LYSMD3",113,85,97,68,64,150,127
"RPS4XP6",44,52,28,32,33,27,25
"RBISP2",2,0,3,3,3,2,1
"OFD1P17",51,34,20,20,25,25,17
"RN7SL37P",1,6,7,5,7,5,2
"RNU7-75P",8,1,5,5,5,18,7
"KRT8P33",17,13,45,52,39,63,15
"CEP120",444,278,422,268,292,605,344
"RN7SL803P",3,0,4,1,2,1,1
"RPL21P57",7,3,3,0,2,2,1
"FAXDC2",143,322,329,850,321,261,117
"MIR378H",1,4,6,10,4,0,3
"GEMIN5",129,142,127,148,102,208,54
"CKS1BP3",7,13,8,6,10,14,11
"RPL35AP14",6,8,1,1,0,5,3
"LRRC70",5,0,4,1,1,9,1
"GABRB2",27,4,0,12,1,8,1
"CCNI2",16,44,13,20,4,9,5
"ZFP62",399,594,461,397,470,452,310
"MGAT1",543,566,665,899,675,797,552
"CETN3",31,38,25,16,16,33,12
"CLINT1",561,391,492,437,379,735,567
"IPO11",146,78,104,113,85,167,66
"TMCO6",93,136,104,134,107,81,47
"BRD8",517,451,512,654,602,598,319
"RAPGEF6",152,90,198,80,84,175,218
"SEMA6A",185,1388,423,566,270,471,239
"RANBP3L",5,29,8,24,10,15,8
"TRIM36",2,1,14,8,4,14,4
"MIER3",175,95,136,97,107,192,131
"PCDHAC1",4,95,1,6,0,2,0
"TARS1",205,161,251,161,153,336,195
"HSPA9",746,1339,560,632,499,1166,634
"FUNDC2P1",2,1,2,1,8,3,1
"ANKRA2",107,74,107,92,71,154,81
"UTP15",121,113,78,71,60,112,41
"SAR1B",345,293,325,314,212,346,309
"SEC24A",214,129,210,154,157,319,153
"RNU6-757P",1,7,2,3,0,1,3
"CAMLG",170,178,134,188,86,152,136
"DDX46",677,622,701,531,586,998,675
"C5orf24",184,191,135,171,123,169,128
"TXNDC15",207,199,234,246,116,310,184
"ATOX1",214,131,188,149,125,205,193
"GLRA1",5,8,16,16,15,9,6
"SLC45A2",2,0,6,1,2,6,3
"C1QTNF3",105,41,83,74,94,129,76
"RN7SL684P",2,0,4,4,4,0,5
"GPRIN1",5,53,15,23,7,10,5
"TSPAN17",64,125,100,138,62,86,62
"SRFBP1",64,72,52,59,42,76,41
"LOX",9,37,24,53,10,102,11
"NPM1",2125,1984,1263,1155,1012,2392,1582
"NDUFAF2",51,46,44,81,42,98,22
"UGT3A2",131,24,28,17,28,41,41
"LMBRD2",210,84,138,83,86,166,105
"RNU6-1305P",8,0,3,4,3,3,2
"NADK2",93,50,67,92,49,101,66
"NADK2-AS1",12,8,15,18,6,24,14
"SKP2",607,263,319,264,289,293,355
"G3BP1",1985,1294,1257,1186,959,1830,1762
"IRX2",1,3,2,2,0,10,3
"ADRB2",47,104,42,55,24,96,9
"SHROOM1",14,68,38,82,14,24,9
"KIF3A",253,332,196,169,147,223,139
"CNOT8",408,151,271,187,216,412,299
"CDC42SE2",537,203,403,219,236,730,513
"MAPK9",331,209,238,210,180,372,245
"TBC1D9B",397,752,754,1213,560,670,174
"FYB1",2417,1073,2164,1424,2249,2974,2241
"MOCS2",117,199,90,110,89,124,103
"PDLIM4",38,99,21,68,11,80,29
"SLC22A4",57,236,27,40,21,39,20
"C5orf22",128,66,110,77,82,135,61
"P4HA2",64,449,83,138,63,101,38
"POU4F3",1,0,4,0,2,4,1
"DROSHA",705,804,788,777,758,870,407
"PPP2R2B",10,81,27,62,34,32,7
"FNDC9",33,0,14,2,15,22,21
"NIPAL4-DT",170,27,154,107,160,146,209
"NIPAL4",7,31,21,31,21,43,35
"HMGCR",237,125,163,118,140,270,105
"COL23A1",41,25,20,36,23,45,11
"RN7SL646P",57,24,20,37,44,24,7
"RN7SKP70",9,3,16,11,9,10,9
"RUFY1",293,197,300,368,238,430,204
"PRDX2P3",26,26,11,23,14,16,14
"CBY3",3,7,1,4,11,6,1
"CANX",1471,1532,1055,1690,973,2225,1274
"KRT18P31",48,20,90,91,88,75,36
"ARSI",1,3,8,7,2,0,2
"TCOF1",343,620,489,571,401,560,213
"RPS14",1037,959,957,1834,667,1824,465
"SLC1A3",141,104,81,127,128,362,65
"CDC23",188,117,129,109,92,184,97
"CDC25C",112,91,72,42,78,81,72
"FAM53C",349,432,300,508,284,490,332
"EGR1",575,600,475,1857,366,8304,164
"RPL7P19",16,10,22,17,28,19,49
"CPLANE1",980,815,950,699,928,880,448
"FBXW11",368,341,297,342,282,544,340
"IL5",29,8,4,14,9,8,15
"FAM114A2",120,105,94,121,87,184,86
"MFAP3",234,106,193,135,135,265,118
"IRF1",813,785,859,1017,566,1360,724
"PPP1R2B",2,0,2,3,4,6,4
"SGCD",6,52,45,107,15,66,17
"DIMT1",114,59,79,104,89,116,79
"RPL7P22",4,11,5,1,2,2,1
"MIR4804",6,0,2,1,1,2,4
"RPL35AP13",41,13,16,13,15,20,31
"CTDNEP1P2",2,2,3,6,0,3,0
"CHP1P1",9,14,3,3,7,8,1
"EFNA5",18,83,56,211,23,79,59
"CDK7",74,67,61,53,56,73,41
"CCDC125",135,207,113,137,95,129,83
"CFL1P5",0,8,1,10,2,8,0
"CHCHD2P2",2,0,4,1,1,2,2
"NDUFB9P1",2,0,7,9,11,5,4
"AK6",22,28,27,22,11,24,34
"RAD17",172,119,115,94,72,149,97
"MARVELD2",87,310,23,45,15,36,17
"GTF2H2C",186,415,187,210,170,401,126
"OCLN",27,32,48,63,28,114,27
"SLC27A6",1,37,47,99,40,31,29
"ISOC1",75,211,64,62,32,89,23
"ZNF622",44,61,73,110,51,93,34
"MAN2A1",1136,162,942,434,484,1257,763
"STC2",15,264,5,18,3,30,25
"OR2V2",7,12,3,2,0,0,0
"ANXA2R",15,4,14,4,13,14,10
"APBB3",157,224,154,251,144,159,87
"DOK3",185,336,93,99,69,209,53
"RPS23",764,561,437,545,282,938,392
"DCP2",1555,431,728,441,635,1033,953
"ZNF608",155,464,228,330,185,246,146
"GAPDHP40",1,0,0,4,4,2,5
"TTC1",307,307,310,269,242,303,200
"PLK2",48,407,57,145,21,132,38
"GIN1",44,38,49,32,33,44,19
"RNU7-175P",4,0,5,8,3,2,6
"CERT1",385,312,408,375,303,546,306
"ANKDD1B",14,33,13,35,17,8,1
"DNAH5",3,22,2,18,4,6,1
"ERCC8",306,330,224,229,198,239,132
"HMGN1P12",8,1,1,2,1,9,2
"HSD17B4",499,395,492,446,432,620,473
"RETREG1",491,399,314,216,306,430,311
"TNPO1",795,620,612,462,494,882,674
"SRA1",121,192,147,177,128,165,86
"JADE2",460,1170,689,1055,542,641,373
"WDR55",219,203,238,233,189,239,156
"GPR151",1,0,1,6,1,6,0
"PCDHGA1",3,3,10,11,5,6,2
"PCDHGA2",52,13,20,73,15,38,2
"PCDHGA3",13,17,14,45,10,25,4
"PCDHGB1",9,13,3,39,10,13,2
"PCDHGA4",13,13,18,60,26,21,1
"PCDHGB2",21,38,40,99,28,42,7
"PCDHGA5",19,62,25,113,29,40,11
"PCDHGB3",18,81,49,95,23,47,3
"PCDHGA6",42,135,31,137,46,63,17
"PCDHGA7",19,62,30,90,14,38,7
"PCDHGB4",29,98,22,53,13,28,6
"PCDHGA8",25,140,24,73,19,37,4
"PCDHGA9",20,102,43,116,29,48,8
"PCDHGA10",37,133,55,110,32,54,12
"PCDHGB7",14,225,33,113,25,84,10
"PCDHGA11",30,119,28,92,25,49,14
"PCDHGA12",9,233,27,99,20,50,6
"PCDHGB9P",12,83,25,52,13,19,4
"PCDHGC3",95,399,108,246,60,186,72
"RN7SL68P",1,27,8,9,6,11,2
"PCDHGC4",5,88,16,47,15,17,7
"PCDHGC5",14,137,20,43,10,24,10
"RPS27AP10",26,2,13,1,4,24,23
"HDAC3",260,239,262,297,214,275,200
"RELL2",38,28,45,49,39,48,35
"PCDHGB5",40,82,41,81,29,56,8
"EXOC3-AS1",11,11,12,39,12,11,2
"AHRR",4,10,5,7,13,1,3
"PAM",135,270,164,390,87,357,109
"ZNF131",427,227,364,266,306,437,360
"C5orf63",100,109,123,68,106,102,81
"ARHGEF28",184,594,210,533,99,182,100
"DMXL1",826,250,739,465,437,886,370
"PRELID2",42,14,49,69,37,55,23
"MCCC2",511,632,393,428,236,460,315
"IRX2-DT",1,5,5,5,1,2,3
"TRIM7",23,150,39,75,21,26,5
"TRIM41",794,578,796,785,1000,548,780
"RACK1",3042,2085,2255,2940,2113,4898,1689
"TRIM52",399,470,420,443,442,346,355
"TIFAB",14,3,18,15,7,19,9
"PDCD6",514,382,537,477,356,420,348
"FGFR4",10,22,5,16,4,7,6
"RPL21P60",13,6,17,13,22,25,10
"RAB24",17,31,20,20,19,23,6
"PRELID1",57,60,49,83,51,62,21
"RGS14",248,127,306,278,254,254,102
"BRD9",1242,1604,1348,1115,977,1244,1404
"TRIP13",75,94,42,20,21,55,24
"NKD2",135,137,131,141,63,135,70
"SLC12A7",460,194,728,577,188,739,501
"MIR4635",4,10,10,7,4,8,6
"UQCRQ",124,98,91,108,99,132,58
"LEAP2",26,60,40,47,56,38,17
"FBXL17",204,222,172,135,90,192,91
"ARL15",191,306,75,101,59,120,38
"DHX29",129,118,112,90,63,156,61
"REEP2",4,46,21,67,12,13,6
"CLK4",519,147,430,370,444,548,362
"SDHA",174,188,256,223,240,191,208
"CCNJL",69,28,125,137,47,158,119
"HSPA4",501,613,381,280,285,612,384
"IL13",6,18,1,6,3,9,0
"BDP1",680,817,1022,897,981,1337,662
"FER",242,271,244,297,164,290,158
"LVRN",1,0,23,54,9,29,8
"DIAPH1",1273,524,1214,889,839,1677,1038
"FNIP1",380,448,329,285,185,521,372
"RN7SKP148",1,0,2,0,5,0,3
"HRH2",209,94,241,149,289,225,114
"BTF3",569,420,369,369,363,892,375
"MAST4",1186,1971,1469,2082,1162,1992,1043
"DBN1",304,353,289,382,138,239,217
"PCDHGB6",29,161,46,123,35,68,12
"MCTP1",212,68,174,188,121,299,134
"PLEKHG4B",69,28,60,88,52,55,39
"PDE6A",4,16,7,9,6,2,3
"SLC26A2",223,263,171,129,119,226,203
"SLC22A5",637,1690,405,662,349,384,299
"ATP6V1G1P6",9,5,2,0,5,2,3
"GDF9",10,4,6,13,11,14,4
"ZDHHC11",144,1002,94,166,86,69,31
"PCDHB3",0,0,2,11,1,16,1
"PCDHB4",0,0,4,30,5,24,5
"PCDHB5",1,66,5,15,8,16,7
"PCDHB6",4,9,5,15,1,5,1
"PCDHB7",6,1,7,20,4,22,0
"PCDHB16",0,16,2,34,4,27,2
"PCDHB9",0,12,4,35,5,18,3
"PCDHB10",1,25,9,51,5,25,1
"PCDHB11",2,29,23,47,9,31,4
"PCDHB12",3,21,10,48,6,33,6
"PCDHB13",21,97,20,84,19,51,11
"PCDHB14",12,79,12,73,5,34,4
"PCDHB15",2,8,5,31,7,29,12
"TAF7",381,416,409,407,436,689,353
"SLC25A2",11,0,7,10,2,11,8
"TAF9",231,186,202,168,194,286,243
"MYOT",8,18,10,12,8,10,6
"PKD2L2",39,25,38,39,28,40,37
"IK",432,598,508,588,494,809,444
"SNRPCP2",1,0,2,0,10,3,1
"F2RL2",26,46,19,23,33,36,28
"F2R",33,21,56,44,25,54,34
"F2RL1",3,2,10,6,2,10,6
"DUSP1",275,223,245,720,75,3598,90
"RPL26L1",23,22,11,16,10,27,20
"ATP6V0E1",162,130,113,104,74,266,81
"SNORA74B",125,94,105,133,62,55,61
"CREBRF",372,329,434,438,386,703,450
"CDC42P5",18,4,12,6,14,10,18
"BNIP1",43,30,41,39,27,45,22
"SREK1IP1",148,197,126,120,81,161,117
"ERGIC1",1858,1314,1621,1738,1757,1962,2070
"CWC27",617,452,571,363,437,544,490
"CDHR2",10,77,18,28,18,18,4
"ADAMTS6",42,6,25,25,32,40,13
"SPATA24",52,4,43,36,45,48,59
"GAPT",36,0,33,15,9,42,18
"NME5",16,38,4,3,2,8,0
"FAM13B",432,206,394,321,304,546,295
"RNU6-658P",2,3,9,3,1,3,3
"NSA2",314,261,177,171,226,374,248
"ARPC1AP3",5,1,10,3,4,6,2
"FAM169A",167,31,94,77,84,112,91
"CD74",3507,2241,6318,6146,3798,9421,3331
"MXD3",194,114,189,153,155,128,126
"LARP1",2048,3546,1944,2590,1565,2256,1396
"SPINK6",0,4,4,0,2,0,1
"MARCOL",1,0,4,1,8,1,4
"SPINK13",1,2,2,4,3,0,1
"BCLAF1P1",0,2,9,8,12,4,10
"WDR36",233,127,183,150,125,265,122
"RPS3AP21",65,12,50,27,24,34,84
"LMAN2",534,401,615,657,428,594,378
"HMMR",118,72,70,43,61,101,44
"RN7SL153P",5,1,7,6,3,3,1
"SCAMP1",133,112,94,88,70,179,82
"CD14",32,17,48,160,26,237,36
"MAT2B",337,193,237,215,146,352,188
"GOLGA5P1",34,12,57,19,38,30,30
"DAB2",192,200,479,734,336,747,229
"RPLP0P9",100,60,103,98,81,125,54
"TENM2",112,82,229,806,158,324,123
"C9",2,1,23,12,4,24,5
"F12",2,26,0,6,0,2,0
"SPDL1",182,88,103,64,109,138,103
"INSYN2B",511,109,440,339,324,450,298
"MIR378E",17,11,15,6,21,7,11
"DOCK2",1744,437,2395,1374,1961,2941,1075
"PRKAA1",311,221,313,288,182,485,250
"RPL37",1937,1574,1369,1633,1228,2559,1303
"CARD6",29,26,63,96,47,87,20
"RPL26P19",170,146,86,101,71,86,202
"MAP3K1",315,345,390,362,202,599,233
"SETD9",19,6,6,5,8,18,12
"CDKL3",17,37,7,23,13,8,14
"UBE2B",247,170,178,192,132,282,208
"CDKN2AIPNL",74,126,70,79,41,89,52
"UBLCP1",136,79,99,60,63,177,64
"LINC01845",3,3,18,5,10,16,5
"IL12B",1,0,6,0,3,4,0
"RN7SKP251",1,3,5,0,2,0,2
"SLC30A5",109,65,82,82,47,120,52
"CCNB1",231,81,132,78,143,187,83
"TIMD4",81,0,33,3,51,109,45
"MED7",73,47,97,62,58,81,63
"CSNK1G3",195,194,153,146,114,237,141
"ITK",1488,325,1234,637,1640,1642,1149
"THOC3",151,218,186,154,140,172,155
"SIMC1",132,165,204,252,229,214,126
"BRCC3P1",3,4,17,6,11,19,5
"KIAA1191",321,397,255,391,245,290,187
"ARL10",254,131,209,279,174,177,203
"NOP16",44,12,42,68,46,78,37
"HIGD2A",118,107,86,96,66,109,68
"CLTB",114,152,140,193,99,142,52
"FAF2",472,574,373,338,313,528,332
"UNC5A",6,21,10,14,1,18,1
"HK3",8,27,22,19,5,45,3
"UIMC1",431,417,431,397,410,492,476
"ZNF346",364,508,343,384,337,303,343
"ZNF346-IT1",74,51,56,42,49,30,85
"TMED9",111,270,173,246,122,217,113
"B4GALT7",193,523,216,244,161,165,108
"SUDS3P1",9,13,14,9,21,20,12
"PROP1",1,7,1,0,2,0,0
"RMND5B",372,492,464,506,341,405,312
"HNRNPAB",584,710,475,499,418,751,331
"EEF1A1P13",560,121,752,328,597,563,884
"RBBP4P1",37,17,44,40,51,76,24
"NHP2",53,140,75,76,58,93,29
"HAVCR2",76,23,57,59,38,100,27
"PIK3R1",1729,5361,1363,2039,1282,1844,912
"CPLX2",35,7,28,14,24,35,18
"PWWP2A",408,289,352,341,310,392,240
"PTCD2",166,278,133,171,126,163,64
"ZNF366",36,7,75,136,43,82,12
"GPX3",216,160,211,864,245,857,206
"PDGFRL2P",126,20,127,104,78,191,174
"CCDC69",826,222,860,781,569,1284,832
"GM2A",456,585,419,428,506,522,310
"SLC36A3",2,1,5,4,9,9,9
"RNA5SP197",8,7,11,2,1,7,10
"PDLIM7",243,510,136,488,111,170,57
"RPL21P54",1,7,1,2,3,1,0
"RAD1",155,104,119,157,80,136,94
"BRIX1",78,77,53,53,43,94,50
"CENPH",59,45,17,21,16,37,22
"KGD4",22,17,7,16,7,17,14
"GCNT4",594,119,438,193,342,617,389
"ANKRD31",13,9,9,13,14,15,1
"POC5",61,33,57,38,42,78,31
"RNU6-680P",1,0,0,0,4,4,2
"SV2C",4,0,6,4,1,5,1
"RAP1BL",7,3,25,4,3,18,14
"IQGAP2",219,509,237,205,165,466,180
"S100Z",5,0,2,2,9,5,2
"CRHBP",0,0,2,16,6,10,3
"AGGF1",122,142,82,72,56,82,61
"ZBED3",164,168,145,187,126,164,131
"SNORA47",19,9,22,27,20,32,16
"ALDH7A1P1",0,0,2,8,4,7,3
"WDR41",139,137,102,129,80,154,81
"RPL7P23",83,44,70,32,65,47,117
"TBCA",193,204,112,156,120,251,150
"ACTBP2",21,12,42,36,29,31,26
"SPINK5",6,8,153,11,55,104,54
"SMIM33",3,0,4,2,1,10,1
"STING1",130,97,290,548,160,348,137
"H3P25",24,20,19,7,16,13,14
"CXXC5",432,641,337,307,224,286,205
"UBE2D2",547,290,383,293,262,463,339
"MRPS27",421,276,303,326,253,360,193
"FAM81B",3,0,0,0,0,7,2
"RNU6-308P",1,0,0,5,4,0,1
"ARSK",40,27,34,40,34,45,17
"GPR150",4,7,5,3,10,2,2
"OTULINL",88,40,101,99,57,174,51
"LINC01337",4,2,6,2,4,3,0
"IL6ST",1355,2391,1110,1550,859,2433,1646
"DNAJC21",356,355,334,312,271,354,382
"ZNF474",1,9,4,1,2,1,0
"ZNF475",1,12,1,1,1,2,0
"MACIR",28,100,12,17,9,24,7
"PPIP5K2",575,363,403,345,280,545,257
"MTCYBP18",46,47,77,63,67,71,90
"MTND6P4",41,36,97,45,60,56,56
"MTND5P11",127,105,180,85,165,108,138
"MTND4P12",93,130,208,201,285,129,305
"MTND4LP30",4,11,7,5,7,13,7
"MTND3P25",7,5,12,8,11,3,13
"CATSPER3",3,4,2,8,5,2,1
"SLC25A48",9,34,10,13,6,4,10
"NEUROG1",6,7,1,1,0,1,1
"CXCL14",27,15,172,381,46,376,77
"SLC25A48-AS1",9,10,5,17,2,6,3
"CAMK2A",2,1,5,12,2,1,1
"CYFIP2",2097,527,1950,1235,1795,2627,1436
"PIGFP1",5,0,1,3,5,1,0
"ZNF454",1,18,14,33,9,14,5
"GRM6",8,17,11,19,6,8,3
"ZNF879",51,41,54,35,34,37,24
"ZNF354C",92,76,79,90,82,114,55
"ADAMTS2",26,69,40,193,7,81,12
"FAM193B",727,1020,911,1196,726,557,353
"ERBIN",1762,1296,1249,846,997,1889,1326
"SREK1",1076,788,1058,883,883,1570,1259
"LINC02065",3,5,12,9,6,1,2
"KIF2A",617,284,506,286,342,666,706
"HAVCR1",5,6,13,9,5,5,5
"TTC23L",17,30,17,23,27,15,8
"SKIC3",1006,570,833,593,669,1035,679
"NPM1P27",75,72,87,40,57,104,73
"POU5F2",197,146,193,144,125,176,77
"NR2F1",10,27,40,231,21,130,18
"ZNF354A",58,18,46,40,44,42,36
"ZNF354B",95,83,103,112,92,116,48
"AMACR",1,3,11,9,6,4,6
"ANXA6",733,458,1040,1259,688,1715,629
"SLC6A18",2,5,1,1,6,0,0
"TERT",280,112,104,115,96,108,47
"CLPTM1L",887,491,826,554,629,846,798
"LINC01511",3,5,1,0,0,4,1
"CDH12P1",56,15,20,15,24,19,32
"SERF1A",97,91,58,112,61,82,60
"SMN1",227,249,162,171,207,255,178
"NAIP",568,357,433,600,583,427,292
"GTF2H2",81,278,94,98,103,221,71
"ZCCHC9",104,86,88,121,90,127,82
"ACOT12",5,5,5,2,0,6,3
"SSBP2",1613,688,1183,886,1009,1781,1141
"SKP1",735,329,719,483,684,948,1119
"ZDHHC11B",325,1933,159,285,78,79,176
"FLT4",28,27,42,135,50,61,7
"LINC02222",11,1,16,5,32,10,1
"CICP15",41,48,85,87,40,19,24
"MTND6P3",7,9,9,14,5,7,6
"MTND5P12",15,12,19,15,13,8,11
"MTCYBP35",8,14,18,25,17,11,9
"SLF1",103,56,94,68,34,105,73
"RPL7P18",2,0,8,4,1,9,1
"KIAA0825",45,23,73,76,41,73,27
"MACROH2A1",2131,1521,1675,1301,1546,1914,1597
"TRIO",833,860,1034,1986,648,1314,505
"ATPSCKMT",124,169,81,117,92,103,44
"CCT5",360,278,352,237,258,477,174
"CMBL",28,285,44,152,31,36,16
"SIMC1P1",19,42,49,91,61,45,16
"C5orf15",144,135,121,125,80,236,95
"VDAC1",494,761,304,283,272,571,297
"TCF7",9760,5420,11641,7980,11831,8202,8093
"YTHDC2",338,280,422,254,211,496,219
"MCC",260,419,383,542,238,375,247
"RGMB",14,37,30,58,13,33,7
"CSNK1A1P3",3,3,1,1,2,2,0
"CHD1",2307,879,1703,829,1351,2842,2448
"RNU6-402P",37,0,5,1,1,5,21
"CSNK1A1",786,1063,736,811,580,1301,627
"RPL29P14",37,31,41,41,29,27,32
"DAP",243,222,196,311,181,298,156
"CTNND2",16,71,2,4,5,10,0
"HBEGF",31,8,9,79,15,221,16
"SPARC",396,1443,766,2164,225,1811,383
"C6",1,0,39,110,23,133,8
"C7",176,54,713,1566,238,893,819
"FBN2",4,3,22,79,10,21,9
"GRIA1",0,4,5,1,1,3,1
"SPINK7",2,2,4,9,1,4,3
"SPINK9",0,9,4,8,3,2,0
"FBXO38",558,276,517,345,368,677,378
"HTR4",2,2,3,7,6,9,3
"C5orf58",111,15,56,28,63,44,85
"CCDC192",3,15,9,3,4,3,1
"KCNN2",13,3,2,1,0,2,0
"POLK",394,514,400,397,330,351,305
"RFESD",18,15,6,9,8,11,9
"SPATA9",6,21,10,3,5,5,5
"RHOBTB3",378,1173,201,361,141,422,173
"GLRX",421,340,360,288,416,397,707
"HSPD1P11",36,137,32,66,30,27,23
"MEF2C",105,46,304,388,190,594,201
"TCERG1",629,427,710,602,496,890,385
"SPOCK1",1331,2667,71,190,79,188,120
"KLHL3",301,200,307,322,278,370,178
"PCDHA4",5,36,1,2,1,3,0
"MARCHF6",1400,1093,1083,1216,786,1644,1099
"ANKRD33B",414,765,318,333,284,450,171
"ANKRD33B-AS1",11,16,17,15,6,8,5
"SLIT3",1224,3352,913,2645,797,1272,569
"SLIT3-AS2",69,307,81,139,57,55,34
"MIR218-2",0,6,2,5,1,1,1
"MIR585",2,3,2,5,2,0,0
"SMIM23",0,9,0,4,1,1,3
"SELENOP",78,38,115,295,48,293,75
"CBX3P3",22,17,6,4,3,12,7
"RNU6-482P",5,7,5,2,1,3,3
"HNRNPH1",5020,2723,4987,4046,4511,6596,5337
"EBF1",76,410,214,591,142,560,93
"KCNIP1",0,1,5,1,0,3,3
"KCNIP1-AS1",2,2,5,3,1,0,1
"GABRP",1,0,6,8,4,5,3
"RN7SL623P",1,7,1,1,1,0,0
"PLCXD3",8,0,18,44,6,55,4
"TENT2",550,194,355,158,183,503,383
"FSTL4",9,644,16,72,10,13,15
"MIR1289-2",0,11,1,0,0,1,1
"KDM3B",1269,1606,1453,1730,1083,2020,1083
"ETF1",398,563,297,278,196,677,299
"SH3RF2",11,2,64,94,36,56,14
"PLAC8L1",3,7,10,7,10,10,2
"LARS1",962,1041,849,983,677,915,434
"RPL35AP16",17,4,9,13,11,4,4
"RPL35AP17",5,3,3,6,2,2,3
"RBM27",112,59,77,39,38,128,80
"RNU7-180P",8,6,2,6,1,2,8
"ABLIM3",81,27,99,228,48,225,36
"AFAP1L1",120,713,133,245,77,165,53
"GRPEL2",141,208,83,100,65,106,68
"PCYOX1L",106,98,128,181,135,134,51
"IL17B",3,5,0,5,2,1,0
"MIR145",1,0,2,23,0,7,0
"SLC36A1",988,410,717,670,636,684,487
"RNF145",318,455,305,263,226,431,410
"AACSP1",1,4,8,4,4,5,2
"WWC1",9,28,28,31,10,22,22
"RARS1",186,131,157,113,101,248,137
"PANK3",708,671,472,450,401,560,634
"RPL10P9",59,45,68,59,40,52,165
"OSMR",94,93,312,578,189,1119,557
"RICTOR",910,422,786,484,509,1222,859
"AIG1P1",25,16,24,20,17,13,18
"NSD1",1798,2114,2167,2169,1707,2587,1263
"SRD5A1",93,373,116,125,69,71,30
"SMN2",278,240,180,238,154,211,181
"CDH12P3",54,17,27,14,29,14,27
"PDE4D",232,639,240,264,157,629,438
"NDUFB4P2",0,26,3,11,6,8,4
"RPL31P8",0,5,2,12,0,1,1
"DEPDC1B",135,27,78,27,63,119,61
"CAB39P1",9,0,3,2,5,0,1
"VTRNA1-3",0,0,1,4,0,8,0
"RPL36AP21",3,0,1,1,2,1,3
"PCDHGB8P",6,14,6,13,4,5,3
"TGFBI",587,1875,450,939,234,848,283
"VTRNA2-1",0,0,1,5,1,8,2
"SMAD5",253,804,225,447,186,371,178
"SMIM32",4,8,3,5,2,3,1
"RN7SL629P",27,1,23,18,22,12,11
"RNU6-606P",16,13,21,6,14,11,19
"CCNH",513,256,487,294,482,832,407
"PARP8",204,111,248,246,241,440,268
"OR4F3",13,4,3,6,5,8,8
"PCDHB8",4,6,8,17,4,13,0
"APC",721,1528,667,574,554,859,513
"SLC6A3",5,0,137,2,10,9,32
"LNPEP",2232,1843,1526,1112,1061,2516,1656
"SETP22",3,11,0,0,1,1,3
"LIX1",7,71,11,4,5,8,4
"RNU1-73P",3,1,1,3,6,3,1
"IL31RA",28,180,92,126,86,136,38
"KIF20A",176,138,104,85,152,149,90
"GFRA3",3,1,10,22,1,5,3
"FAM153A",17,136,39,78,35,41,10
"FAM153CP",39,119,60,53,73,65,32
"CDO1",1,0,13,37,13,30,2
"ATG12",277,233,288,291,222,297,289
"AP3S1",106,83,73,87,46,110,79
"DDX43P1",0,0,1,10,0,0,0
"PRRC1",313,231,221,260,155,352,139
"WBP1LP4",0,5,3,1,2,0,0
"SLC35A4",11,24,21,29,28,14,9
"IRX1",31,9,2,2,3,2,4
"MTCYBP40",2,16,2,1,0,1,1
"CENPK",231,101,75,41,79,133,76
"PPWD1",351,229,343,309,294,543,316
"TRIM23",150,89,120,66,82,163,89
"TRAPPC13",151,103,87,67,57,130,77
"SHLD3",16,8,3,7,5,15,5
"SGTB",80,50,75,62,38,83,114
"DELE1",417,560,460,617,291,523,287
"PCDH12",60,205,92,209,44,124,48
"RNF14",213,185,180,143,108,224,92
"GNPDA1",219,323,134,153,100,196,105
"NDFIP1",446,458,381,386,372,693,458
"SPRY4",40,42,87,263,55,170,64
"FGF1",29,64,33,71,14,15,20
"RPS3AP22",0,2,1,4,2,1,1
"HNRNPA0",816,441,532,595,428,1019,500
"WDR70",229,173,323,217,242,374,145
"RNU6-484P",4,4,4,2,0,0,2
"GDNF",0,12,0,3,1,1,3
"EGFLAM-AS4",1,4,3,1,0,1,1
"NUP155",633,450,372,290,251,528,279
"KCTD9P5",23,3,19,8,14,12,6
"RNA5SP179",0,10,1,1,0,2,1
"RPS26P28",7,6,13,10,5,5,4
"HSPD1P1",41,57,20,30,24,26,48
"CDH6",17,267,22,63,10,66,13
"RAI14",45,183,97,162,52,111,106
"PRLR",2,53,26,43,12,18,13
"OXCT1",635,1218,423,287,470,690,486
"RIMOC1",366,169,196,114,146,285,181
"FBXO4",35,20,34,22,23,48,20
"CCDC152",38,14,24,48,12,25,6
"NIM1K",2,4,6,1,12,10,1
"LPCAT1",321,202,334,234,162,302,213
"RUFY1-AS1",51,33,66,72,55,39,32
"BASP1",58,214,62,62,20,112,21
"DCAF13P2",0,7,2,0,0,3,0
"RNU6-1003P",0,0,1,0,0,10,3
"RN7SKP133",2,0,2,0,5,0,6
"HMGCS1",123,89,98,78,68,197,112
"CCL28",44,20,36,61,15,61,22
"TMEM267",53,35,52,31,35,59,18
"C5orf34",41,32,31,27,17,44,23
"EEF1A1P19",405,160,501,267,329,405,404
"PAIP1",195,149,100,104,86,214,102
"AMD1P3",0,0,6,2,3,0,1
"NNT",496,469,435,382,346,735,400
"RPL29P12",29,14,9,14,20,7,22
"NUDCD2",109,95,64,84,72,102,76
"HMMR-AS1",14,3,2,2,5,2,3
"RPL5P16",12,1,2,0,4,11,6
"ST13P12",9,3,2,11,2,25,8
"TMEM167A",454,307,241,152,183,360,376
"SCARNA18",7,0,3,2,3,6,4
"ENC1",107,66,144,192,113,224,113
"HEXB",122,125,110,131,77,203,101
"GFM2",176,116,127,103,71,174,75
"FAM169A-AS1",28,0,6,7,2,4,2
"RNU6-236P",4,3,1,2,1,3,0
"PSD2",44,30,36,29,13,26,40
"MRPL36",32,58,40,34,38,29,20
"NDUFS6",97,121,70,90,55,131,27
"DIAPH1-AS1",130,31,108,40,75,88,151
"FAT2",555,3267,559,1534,294,557,268
"SUMO2P6",1,2,1,3,2,8,4
"PPP2CA",169,124,184,167,167,217,214
"AP3B1",610,313,686,447,540,974,472
"ROPN1L",2,3,0,5,2,12,2
"SYNPO",128,147,436,1461,116,545,184
"MYOZ3",4,8,11,23,12,5,5
"RBM22",304,203,347,320,272,453,192
"DCTN4",467,390,362,316,254,616,329
"SMIM3",57,12,77,98,151,207,42
"IRGM",8,10,6,1,26,7,0
"ZNF300",24,59,41,53,49,42,16
"SERF1B",108,100,62,116,58,84,68
"FAM174A",4,12,2,2,6,17,7
"LNCBRM",0,92,3,0,1,0,0
"ARAP3",21,43,63,233,19,88,15
"PCDH1",40,39,103,328,35,131,16
"FGF10",0,214,28,139,14,123,22
"FGF10-AS1",0,11,8,13,3,8,5
"MRPS30",226,256,115,133,106,159,63
"SLIT3-AS1",271,482,197,356,155,186,90
"MALINC1",25,34,44,88,31,49,21
"FAM151B-DT",32,23,30,46,20,35,27
"IL6ST-DT",11,18,27,38,29,9,8
"LINC02102",2,56,9,31,6,10,5
"CLMAT3",13,14,34,71,16,15,12
"MGC32805",1,1,14,18,10,10,11
"MIR4458HG",32,6,25,28,34,35,5
"LINC03067",17,19,19,42,32,13,4
"ADAMTS19-AS1",1,10,0,1,1,1,2
"LINCADL",0,0,1,3,0,10,1
"LINC02236",9,11,15,7,4,2,6
"LINC02211",80,36,73,76,60,108,70
"PKD2L2-DT",53,38,87,78,90,96,48
"ARHGAP26-AS1",75,57,33,81,36,132,39
"LUCAT1",7,6,14,22,7,176,14
"PRR7-AS1",248,119,308,284,245,255,268
"CPLANE1-AS1",22,26,26,22,19,18,23
"ZBED3-AS1",67,63,61,62,71,77,24
"LINC01942",0,0,2,6,3,4,5
"LINC01484",3,0,9,17,3,5,11
"P4HA2-AS1",3,29,1,6,1,4,2
"DAP-DT",13,0,6,4,10,7,6
"FAM193B-DT",3,0,1,1,1,6,0
"FAM13B-AS1",3,5,2,3,2,2,4
"MIR3936HG",113,502,97,203,78,73,50
"THOC3-AS1",5,2,5,3,1,3,3
"LINC01340",10,23,5,3,4,3,3
"LINC02106",11,6,7,35,7,1,3
"MIR4280HG",2,2,12,7,7,10,10
"CCNO-DT",12,6,13,18,12,12,19
"LINC01170",8,63,1,0,2,1,0
"TARS1-DT",7,9,25,23,1,9,8
"SLC1A3-AS1",36,5,27,29,29,57,26
"HEIH",30,24,21,47,23,43,23
"LINC00847",56,78,65,47,70,71,71
"LINC01018",12,23,14,30,10,3,9
"CTNNA1-AS1",0,7,1,1,0,2,0
"CARINH",700,878,778,883,486,606,623
"LINC02863",136,69,114,118,85,140,103
"CXXC5-AS1",98,99,96,96,126,76,52
"GRPEL2-AS1",14,9,13,25,10,11,4
"RPL26L1-AS1",8,25,13,21,24,20,12
"SAP30L-AS1",197,241,291,194,231,211,199
"LINC02100",20,8,8,2,2,8,14
"LINC02241",54,31,38,20,43,49,38
"MOCS2-DT",19,31,24,26,27,15,8
"ITGA2-AS1",2,7,9,19,5,5,9
"ARHGAP26-IT1",27,25,31,45,28,27,25
"MAST4-AS1",69,89,25,45,30,33,13
"LINC00491",1,3,11,29,3,2,3
"LINC01366",26,7,18,18,19,12,16
"MIR3142HG",32,17,47,24,21,23,23
"LINC01944",4,9,6,5,1,3,1
"RMEL3",6,112,2,7,0,4,1
"RASGRF2-AS1",4,10,5,24,3,11,3
"LINC02197",2,2,7,10,1,1,0
"ERBIN-DT",6,0,9,8,9,6,1
"LINC01933",2,23,4,1,7,2,0
"ATOX1-AS1",14,8,7,13,12,10,12
"LINC02899",0,0,4,21,1,11,0
"PELO-AS1",4,29,6,15,9,13,15
"LINC02900",1,6,0,1,1,1,1
"CEP72-DT",2,12,4,3,5,0,0
"JAKMIP2-AS1",69,17,38,19,47,46,51
"MARCHF6-DT",2,13,12,8,4,11,5
"ROPN1L-AS1",0,3,2,6,1,6,1
"MEF2C-AS1",46,27,80,91,61,82,35
"ANKHD1-DT",9,20,4,5,7,4,2
"SH3TC2-DT",1,0,3,7,2,2,0
"GOLPH3-DT",30,17,29,43,19,39,22
"TMEM161B-DT",1143,1835,1024,940,840,713,660
"MEF2C-AS2",18,6,47,36,25,42,32
"STARD4-AS1",1163,324,475,305,506,590,1120
"LIFR-AS1",9,14,51,65,35,33,12
"TTC23L-AS1",13,6,3,3,3,8,4
"RAI14-DT",2,3,1,6,4,1,0
"ZNF454-DT",3,13,7,20,6,4,2
"LINC02223",17,5,1,2,1,1,1
"LINC02996",0,0,4,4,0,11,3
"OXCT1-AS1",32,43,27,36,28,32,9
"CKMT2-AS1",162,243,170,252,157,154,47
"NNT-AS1",71,109,84,130,74,89,63
"TENM2-AS1",1,9,10,32,12,15,6
"TICAM2-AS1",38,30,48,42,67,63,56
"SPRY4-AS1",4,30,13,39,15,18,8
"LINC02149",5,1,2,4,6,2,0
"LINC03122",9,0,2,3,6,6,3
"PRDM6-AS1",5,9,0,9,1,4,0
"LINC02160",0,5,6,3,2,1,0
"TNPO1-DT",3,55,1,7,3,0,0
"LINC02982",107,64,52,43,36,109,69
"NIPBL-DT",285,141,182,160,162,183,257
"PITX1-AS1",31,21,26,37,39,53,23
"MRPS30-DT",15,40,19,16,5,18,3
"SEMA6A-AS1",60,293,94,96,50,72,61
"LINC02227",6,13,21,10,4,20,7
"SMAD5-AS1",7,8,0,5,0,2,2
"EPB41L4A-AS1",37,51,45,69,36,95,48
"AFF4-DT",21,17,24,18,14,13,23
"GDNF-AS1",2,32,7,2,3,3,1
"SEMA6A-AS2",2,25,6,7,4,5,2
"RGMB-AS1",2,1,4,3,1,2,0
"SCAMP1-AS1",85,70,118,98,102,71,23
"KCNIP1-OT1",0,0,3,4,1,3,3
"LINC01339",0,14,0,10,4,6,0
"PART1",105,216,33,66,34,22,14
"TH2LCRR",76,103,47,68,35,32,31
"BTF3-DT",4,8,2,8,5,4,2
"LMNB1-DT",2,5,1,0,2,3,0
"BASP1-AS1",3,42,4,8,5,5,2
"SNHG18",1,45,16,66,8,11,4
"LINC01847",1,2,3,5,1,1,1
"LINC03000",4,10,5,2,1,2,3
"RETREG1-AS1",58,68,58,52,40,62,17
"FCHO2-DT",1,15,0,5,1,4,1
"ISL1-DT",65,452,118,355,76,33,8
"LINC02057",3,4,2,32,1,1,1
"SMIM15-AS1",25,59,15,42,31,21,12
"C5orf34-AS1",154,157,123,114,152,122,126
"LINC02240",3,4,6,5,0,5,3
"LINC02202",9,80,28,76,18,45,22
"SLC12A2-DT",441,671,489,408,281,390,255
"LINC00992",0,28,1,15,1,0,0
"PPP2CA-DT",5,4,5,3,9,7,3
"LINC01331",4,6,2,1,2,0,2
"PPIC-AS1",1,3,1,11,4,1,1
"PDLIM7-AS1",3,11,1,6,1,2,0
"LIX1-AS1",4,37,9,3,2,7,2
"LINC02196",8,71,14,16,17,11,4
"FBXO38-DT",25,42,47,73,33,21,16
"LINC01023",1,3,5,7,3,2,0
"PSD2-AS1",126,134,155,151,143,72,50
"LINC02997",43,1222,61,186,58,36,37
"LINC02242",42,608,5,28,9,5,2
"PURPL",11,23,20,11,3,5,9
"CHD1-DT",154,68,111,160,114,89,70
"LINC01949",4,0,5,0,2,0,2
"DMXL1-DT",30,52,10,25,16,5,8
"LINC02198",2,18,4,0,0,1,1
"LINC01962",7,26,9,9,8,11,3
"EDIL3-DT",0,4,2,15,1,5,1
"OSMR-DT",11,97,55,133,27,63,32
"CARMN",142,307,735,3548,323,1153,405
"LINC01554",1,11,2,5,0,3,3
"ELL2",97,402,122,205,103,568,132
"CAST",6,40,15,61,15,21,4
"MIR583",1,1,1,3,2,4,0
"PCSK1",15,188,38,71,22,36,15
"ERAP2",400,212,593,225,499,1131,352
"SUB1",524,278,263,190,195,531,387
"LINC01948",15,32,32,44,26,27,5
"C5orf67",2,0,2,4,3,3,3
"CCNG1",188,103,94,75,55,156,108
"OTULIN-DT",14,49,31,48,37,9,8
"OTULIN",654,877,779,792,520,733,684
"MTX3",229,293,154,210,122,218,126
"THBS4",65,11,77,103,109,179,54
"THBS4-AS1",21,19,26,20,65,32,29
"SERINC5",721,240,625,470,807,854,730
"HNRNPA1P12",5,4,15,7,9,2,24
"ANXA2R-AS1",645,211,592,475,596,572,310
"ANXA2R-OT1",369,191,436,392,392,397,301
"SNX18",93,267,141,189,92,173,60
"ARRDC3-AS1",75,52,50,52,41,70,28
"PPP4R2P1",34,23,27,22,23,26,22
"PDCD6-DT",30,13,32,37,37,32,38
"HMGN2P4",14,4,25,15,10,24,7
"OCLNP1",0,7,1,7,1,8,0
"NAIPP4",164,67,182,214,232,158,64
"NAIPP2",112,34,132,161,197,134,37
"PPP4R2P5",10,2,5,7,6,11,4
"FAM174A-DT",23,51,12,19,15,17,2
"LINC02113",0,5,3,1,2,0,0
"LINC01338",64,20,12,9,53,26,16
"TRIM52-AS1",125,126,136,176,142,123,71
"TRIM7-AS1",0,17,2,7,1,3,0
"TRIM7-AS2",2,3,3,9,5,1,0
"LINC01932",2,1,1,0,0,5,2
"LINC02226",8,0,5,1,5,3,2
"TMEM161B",319,294,242,190,163,278,210
"RNF44",1245,1235,1045,1154,984,984,892
"BHMT2",15,1,42,116,21,39,18
"BHMT",5,1,6,6,0,2,4
"RNY3P1",26,4,95,2,16,31,31
"JMY",331,181,211,278,174,312,228
"RPS3AP20",39,4,33,10,25,23,25
"HOMER1",51,45,43,37,28,89,40
"RPL29P15",6,0,3,0,1,14,3
"RPL7AP32",2,2,3,0,5,1,5
"PJA2",739,672,788,741,577,1394,941
"PHYKPL",1573,1334,2007,2278,1803,1525,1122
"TNIP1",414,607,594,813,361,669,378
"N4BP3",50,163,74,83,50,52,38
"HMHB1",3,0,2,0,6,7,0
"MAML1",650,722,903,1105,847,1026,454
"LTC4S",17,27,27,72,22,22,6
"MGAT4B",177,375,258,445,141,177,90
"SQSTM1",365,1162,357,641,256,568,217
"MRNIP",188,482,236,439,167,171,96
"RN7SKP150",1,24,7,10,8,4,4
"MRNIP-DT",2,9,5,11,3,3,2
"SMN-AS1",55,40,34,37,29,29,32
"NR2F1-AS1",17,28,72,211,29,114,44
"GMDS",130,63,131,156,101,133,53
"EXOC2",327,86,296,212,231,424,151
"EEF1E1",16,1,17,9,5,9,12
"RPL34P16",1,1,5,7,0,4,7
"BLOC1S5",86,39,67,59,34,88,43
"RPS3P4",14,16,22,31,8,15,11
"KDM1B",210,91,194,208,170,251,119
"PIP5K1P1",2,2,6,1,4,4,2
"BMP6",11,20,29,70,10,51,6
"TXNDC5",20,8,22,43,16,32,11
"TOMM5P1",4,1,1,2,1,2,1
"FOXQ1",51,345,8,19,2,3,7
"RPP40",10,2,6,14,2,6,5
"DEK",892,410,560,469,588,906,952
"NUP50P2",101,66,89,63,78,61,69
"GFOD1",262,168,188,266,210,322,199
"JARID2",844,215,889,662,722,1188,593
"TRIM27",448,205,357,382,401,319,315
"HNRNPA1P37",10,0,5,5,8,5,3
"RBM24",12,0,6,23,3,24,22
"SSR1",673,297,428,481,306,681,471
"SOX4",1344,368,995,784,932,1938,937
"CDKAL1",193,68,225,194,190,327,125
"DCDC2",15,5,3,6,3,1,1
"ID4",11,5,9,122,5,104,7
"BOLA2P3",0,0,4,4,0,13,0
"KIF13A",123,278,368,899,166,592,163
"JARID2-AS1",61,17,40,32,28,33,34
"TPMT",53,42,56,51,41,89,32
"RPL29P17",0,0,0,4,4,3,4
"FOXC1",140,178,101,327,53,224,112
"NHLRC1",3,7,1,13,3,2,1
"CDYL",149,154,174,219,138,275,87
"RPL36AP25",16,0,8,1,2,7,4
"MBOAT1",47,33,85,85,27,84,27
"RIOK1",136,70,114,101,87,165,79
"WBP1LP12",8,9,1,1,3,0,3
"ZNF318",457,295,746,797,603,782,426
"DAAM2",57,46,139,516,98,372,67
"MMUT",112,73,83,84,46,148,73
"TRAM2",122,193,347,496,211,354,213
"FTH1P5",16,11,30,12,8,14,19
"ADH5P4",3,0,5,1,1,5,5
"TBC1D22B",213,102,211,217,272,279,206
"ELOVL5",1065,537,700,414,559,1229,1159
"RNF8",83,65,80,126,81,146,62
"CENPQ",19,5,15,11,16,26,11
"RUNX2",176,98,178,182,303,264,99
"RBBP4P4",0,1,5,7,1,4,4
"PKHD1",0,2,6,0,1,3,1
"LGSN",0,0,1,1,8,2,3
"WTAPP2",19,8,22,28,23,20,25
"SDHAF4",31,19,33,62,24,39,16
"RPS16P5",20,17,10,8,15,10,11
"CYB5R4",231,94,205,138,122,253,105
"ME1",45,46,36,36,16,59,30
"PRIM2",211,60,148,88,85,164,65
"PRDM1",64,28,205,184,88,379,88
"RUNX2-AS1",3,0,5,6,3,3,1
"PAQR8",125,343,134,164,142,155,74
"CD109",214,75,115,191,73,253,128
"KIF6",34,5,6,20,14,13,7
"FILIP1",8,4,33,66,12,50,8
"GPR63",54,13,27,29,11,14,18
"RPL35P3",1,3,2,3,5,5,1
"CYP39A1",2,0,6,15,0,3,0
"SUMO2P8",18,5,32,28,31,44,17
"HMGB1P20",0,0,3,0,1,3,6
"IBTK",407,94,231,231,155,412,197
"GAPDHP63",6,0,13,8,13,17,4
"LAMA4-AS1",4,0,5,16,0,2,1
"CD24",20,16,66,12,25,80,30
"CEP85L",910,162,795,372,747,1068,591
"ENPP5",81,112,30,29,31,46,26
"TSPYL4",270,93,205,291,183,304,159
"TFAP2B",0,0,18,7,0,0,0
"COL19A1",285,69,64,32,50,76,29
"LINC02857",6,9,0,1,0,3,0
"NCOA7",128,50,206,289,140,575,124
"MTRES1",56,29,59,66,40,76,37
"PRSS35",0,0,2,5,0,4,0
"SMAP1",87,29,70,69,64,105,42
"ELOVL4",1221,174,606,265,356,1013,1128
"BRD7P3",182,10,101,34,53,104,94
"STX7",266,140,426,300,273,533,215
"RPL35AP18",5,0,1,3,2,0,0
"MTFR2",29,12,21,8,21,25,19
"RPL7AP35",16,4,13,12,8,10,9
"ENPP4",85,59,66,31,37,100,43
"NUS1",208,70,117,98,101,217,124
"SENP6",726,273,602,592,422,836,494
"FBXL4",411,109,310,218,215,380,209
"UBE2J1",700,191,493,364,405,742,616
"ARMC2",28,26,31,53,37,58,19
"HACE1",198,60,173,169,119,185,120
"TENT5A",30,38,69,79,24,122,31
"BVES",2,3,1,21,1,19,2
"FAM229B",38,35,34,37,23,41,14
"FAM184A",10,10,22,60,7,25,22
"VTA1",140,76,128,79,79,186,74
"NT5DC1",120,97,108,138,99,159,64
"ADGRF1",0,0,2,4,1,4,0
"TRMT11",126,38,112,96,80,174,46
"KCNK17",14,1,11,19,13,29,12
"RPS27AP11",2,0,3,1,2,1,3
"HBS1L",661,237,474,345,491,680,573
"HINT3",80,44,64,112,40,98,71
"NDUFAB1P1",10,7,9,4,4,6,7
"PEX3",40,9,53,49,30,105,31
"HSF2",69,16,77,47,37,103,74
"TBX18",2,14,20,173,10,76,16
"HDAC2",455,139,285,211,259,485,337
"BCLAF1",1300,670,1164,991,968,2195,1284
"ADGRG6",122,30,95,205,81,112,70
"BMP5",1,0,3,8,0,22,0
"FAM83B",59,82,51,62,23,59,51
"COL10A1",62,100,74,92,50,55,56
"MOXD1",10,12,25,17,21,16,6
"ASCC3",511,199,491,288,348,638,287
"PPP1R14C",0,4,1,0,2,3,2
"EYS",24,22,19,31,14,29,23
"EFHC1",217,142,308,333,246,252,151
"PLN",170,52,123,106,115,152,162
"MAN1A1",209,75,246,546,99,610,157
"GOPC",205,78,165,145,103,206,147
"CDK19",450,189,325,247,272,415,272
"MARCKS",582,518,493,750,301,895,506
"SMPDL3A",19,35,11,17,12,48,34
"NDUFS5P1",3,3,2,4,8,6,0
"TRAPPC3L",10,0,0,0,0,1,0
"SLC18B1",71,32,64,28,54,102,61
"TNFRSF21",348,290,270,522,150,468,206
"ALDH8A1",24,11,25,22,46,36,29
"RNGTT",195,58,234,149,176,396,88
"RPL32P16",16,6,27,17,32,4,18
"RPL13AP15",21,10,12,15,6,19,13
"NDUFAF4",55,35,26,21,23,43,14
"ADAT2",132,50,100,76,57,108,84
"DSE",203,213,204,375,171,339,136
"PDSS2",72,76,83,86,59,96,27
"TMEM242",71,36,87,88,64,108,70
"ACTG1P9",0,0,2,3,0,4,3
"ATG5",101,20,115,60,69,161,60
"HYMAI",8,2,12,13,10,19,3
"PERP",118,417,119,198,48,165,126
"UST",69,41,85,232,66,157,63
"ULBP3",3,5,3,13,5,4,0
"AKAP12",122,490,301,1658,195,1576,380
"NUDT19P3",4,4,1,1,3,1,1
"TTK",481,50,176,62,119,227,384
"TUBB8P2",3,0,6,5,4,7,6
"RPS12",1343,873,1110,1160,809,1778,979
"GJB7",11,4,12,14,9,22,5
"CNKSR3",195,296,70,316,58,117,84
"FOXO3",406,382,570,923,808,1177,530
"CDC40",279,83,200,154,158,368,227
"OPRM1",2,5,7,1,3,0,3
"CYP51A1P3",3,2,8,7,4,6,3
"LAMA4",70,69,327,1149,80,549,102
"PTPRK-AS1",14,8,10,18,11,10,13
"FRK",178,190,59,85,64,88,36
"DLL1",14,18,42,110,8,79,15
"KLHL32",28,1,11,7,13,17,1
"PARLP2",0,4,0,4,5,5,0
"BCKDHB",172,53,93,91,54,128,51
"IMPG1",1,5,1,4,0,1,0
"RPS24P12",8,0,1,1,2,6,5
"NIP7P3",26,25,27,33,27,23,13
"MTRF1L",167,100,118,85,129,140,148
"RSPO3",1,0,27,82,14,58,28
"FUCA2",27,36,49,47,33,65,17
"SLC17A5",86,32,53,69,26,98,52
"RPL17P25",23,0,8,8,10,8,5
"WASF1",35,79,41,70,24,43,28
"FBXO5",145,25,81,39,60,95,67
"PPIL4",280,125,210,119,160,405,290
"GINM1",122,46,68,86,36,141,106
"SAMD5",14,5,6,20,7,5,6
"PSMB1",285,58,214,135,127,299,137
"SLC2A12",16,20,17,58,16,18,3
"ULBP1",0,3,1,0,1,2,4
"SOBP",59,120,170,567,116,190,74
"ZDHHC14",66,58,150,136,122,102,48
"PDE7B",62,10,99,116,74,160,158
"TULP4",872,447,758,859,540,805,400
"RPL17P24",23,4,15,9,15,21,5
"AIG1",65,38,62,155,33,98,23
"KATNA1",102,31,96,76,59,113,72
"TUBE1",101,27,57,103,76,91,46
"SSXP10",90,6,48,21,54,41,51
"LTV1",32,26,35,16,19,49,19
"RPSAP45",9,4,16,7,10,6,11
"AFG1L",63,39,64,68,55,53,36
"UBE3D",62,48,68,116,60,68,39
"BAG2",39,12,28,25,30,33,21
"RAB23",29,27,30,38,25,26,21
"LATS1",476,265,544,562,437,634,295
"RGS17",73,8,58,125,27,79,52
"RPL29P4",134,137,183,197,104,247,93
"DACT2",8,44,21,94,11,8,13
"SLC35F1",6,2,12,5,3,9,4
"MIR3691",8,6,1,5,2,2,2
"RNU6-522P",17,0,16,3,2,10,4
"RNU6-645P",10,1,6,1,1,8,3
"RN7SKP240",13,9,8,8,15,28,16
"RNU6-930P",3,3,2,1,0,1,3
"MIR5685",14,1,9,12,9,17,15
"MIR548U",7,0,2,1,1,4,1
"RNU6-130P",11,0,4,1,0,3,0
"RN7SL47P",10,0,7,2,2,4,5
"RNU6-957P",3,4,3,1,5,6,3
"RNU6-1016P",42,7,35,23,29,55,60
"RNU6-897P",5,3,6,1,2,3,1
"RN7SKP163",9,25,22,28,9,20,25
"RN7SKP56",5,5,9,2,5,9,10
"SNORD101",10,8,6,5,3,12,6
"MIR3662",5,0,2,1,0,0,3
"SNORD100",10,0,8,3,0,5,2
"RNU6-194P",2,1,1,2,1,2,2
"SNORA33",9,0,12,3,12,12,26
"RN7SL564P",3,1,9,3,4,0,11
"MIR4644",7,1,3,6,9,7,1
"RNA5SP221",1,0,4,4,1,1,1
"DNAJC19P6",5,1,3,1,0,1,1
"PIMREGP3",16,11,9,6,8,4,4
"RN7SKP110",36,1,41,10,31,32,33
"CASP8AP2",323,188,327,262,243,412,201
"FBXO30",112,29,108,61,60,131,85
"TBPL1",67,14,35,20,25,41,18
"GSTA4",10,18,37,65,16,47,16
"GCM1",0,0,1,1,2,5,2
"OR2W6P",5,19,3,2,1,0,2
"OR2B6",5,3,1,0,0,3,1
"TATDN2P2",17,3,11,10,12,25,8
"MIR3939",15,2,8,2,14,1,6
"UNC93A",7,5,4,0,1,3,1
"TTLL2",63,9,28,14,78,62,17
"PPP1R3G",13,16,4,18,7,22,7
"RIPOR2",871,208,927,487,773,1420,665
"DCBLD1",8,36,44,80,24,56,32
"TPBG",39,24,71,82,34,60,29
"TSPYL1",566,425,474,504,430,679,371
"NUP153",534,163,593,385,390,908,398
"GPR31",4,0,2,1,0,6,1
"FARS2",55,29,128,117,76,137,11
"DTNBP1",135,53,132,142,144,215,100
"RNF144B",110,41,121,126,88,307,84
"PXDC1",20,30,48,134,29,148,33
"SLC22A16",12,0,8,4,6,13,5
"RN7SL617P",4,1,18,9,10,2,10
"DDO",15,8,4,9,1,4,1
"WRNIP1",282,120,200,245,182,241,147
"SERPINB1",112,48,160,159,82,383,139
"SERPINB6",152,182,337,659,185,319,183
"LINC01011",14,2,26,33,12,15,8
"HTATSF1P2",3,3,6,7,3,10,2
"TUBB2BP1",2,0,1,8,1,3,1
"GPLD1",490,454,207,191,168,212,227
"ALDH5A1",1114,694,661,479,451,656,825
"TDP2",174,78,141,105,123,236,111
"ACOT13",158,91,144,158,139,169,77
"RNU1-11P",12,11,120,46,91,15,236
"TBC1D7",147,38,112,87,113,132,87
"EPM2A",412,127,237,175,190,359,298
"FIG4",428,162,516,331,409,538,374
"GMPR",47,63,19,20,20,20,20
"MOG",0,2,0,0,10,0,5
"HLA-F",50,34,178,138,172,113,85
"MICE",4,10,5,15,16,4,1
"PAK1IP1",20,26,26,22,19,60,13
"TMEM14C",107,38,47,98,33,126,50
"TMEM14B",251,144,159,178,138,178,128
"RNA5SP203",12,5,13,17,7,5,8
"MAK",254,121,205,168,206,160,124
"GCM2",3,0,8,70,6,12,5
"ZFP57",0,1,1,0,31,1,4
"HNRNPH1P1",41,45,43,43,55,29,31
"RNU4ATAC18P",19,9,12,16,15,9,8
"WTAP",582,227,538,527,468,821,527
"SOD2-OT1",6,0,9,10,9,6,2
"ACAT2",53,32,58,36,55,103,32
"TCP1",517,185,383,304,300,626,467
"SNORA20",9,0,6,0,6,7,16
"MRPL18",72,49,69,91,64,118,51
"PNLDC1",8,0,5,9,12,3,3
"RPL7L1",610,385,560,733,388,582,411
"C6orf226",13,9,17,11,13,15,6
"PTCRA",472,301,422,276,367,501,348
"LINC02976",69,52,119,123,81,101,78
"RPL24P4",147,74,95,99,83,247,122
"GNMT",13,24,15,32,29,23,11
"PEX6",288,177,188,324,247,137,116
"PPP2R5D",228,167,292,306,231,368,184
"MEA1",105,83,115,210,105,179,81
"RRP36",144,87,123,153,124,221,126
"RN7SL403P",3,2,5,8,11,5,1
"KLC4",116,121,146,224,175,151,98
"MRPL2",23,20,24,23,19,27,19
"PTK7",986,319,829,694,715,737,513
"SRF",272,190,264,375,205,549,208
"CUL9",644,382,797,934,651,715,344
"DNPH1",37,43,37,54,15,42,6
"KCNQ5-DT",1,1,4,7,2,3,0
"KNOP1P4",2,0,5,7,7,6,1
"RBPMS2P1",1,3,1,5,3,1,0
"RPL39P3",151,48,120,50,89,224,119
"DDX43",1,0,7,18,7,6,1
"GUCA1B",50,32,42,67,44,42,53
"CRYBG1",248,69,294,237,233,539,181
"RTN4IP1",27,15,42,26,24,38,15
"QRSL1",150,63,143,118,84,161,54
"RPL21P65",0,0,10,16,8,9,2
"GTF3C6",65,27,44,25,24,94,24
"RPF2",55,50,48,69,39,77,19
"RNU6-824P",6,0,0,4,0,2,4
"MIR1273C",9,9,6,6,4,1,1
"TFB1M",67,19,68,44,57,133,34
"CLDN20",75,14,64,48,69,40,33
"RN7SKP186",5,3,13,6,9,1,15
"DDR1-DT",3,0,3,3,2,1,2
"GTF2H4",11,1,8,8,6,3,14
"PSORS1C1",0,12,2,7,0,2,0
"PSORS1C2",0,0,3,1,3,2,2
"VARS2",20,29,19,19,27,15,17
"SFT2D1",199,44,100,117,110,137,140
"HNRNPA1P49",78,37,64,63,71,65,56
"MPC1-DT",18,6,22,11,13,10,2
"RPS6KA2-IT1",5,0,19,6,10,10,1
"MRS2",182,169,133,115,89,124,69
"BEND3",61,26,64,36,38,67,33
"PREP",210,107,229,214,196,289,107
"SCAF8",814,379,858,832,799,1153,629
"CILK1",250,104,152,231,156,273,156
"CENPW",26,19,16,8,20,30,11
"KCNK16",5,0,1,5,0,2,0
"TMEM200A",20,5,25,18,16,34,15
"REPS1",637,159,541,434,516,737,778
"FAM120B",443,182,596,672,499,673,211
"FKBP5",1474,1819,1125,704,6231,3976,1196
"HMGCLL1",2,0,11,27,7,11,6
"LYRM4",111,45,63,90,62,105,47
"NRN1",2,5,26,55,11,65,8
"F13A1",108,28,348,587,102,529,147
"MTCH1P1",5,8,1,3,5,5,2
"ACKR4P1",15,5,7,6,6,10,9
"CCDC28A",82,42,61,62,59,114,33
"AMZ2P2",85,4,33,12,30,110,52
"EZR-AS1",8,0,10,21,14,27,7
"LINC02536",13,2,18,10,15,12,7
"TRIM38",471,270,601,559,484,796,544
"H1-1",11,16,11,18,21,36,10
"H3C2",1898,350,742,529,736,2636,399
"H2AC4",218,87,122,77,88,196,41
"H3C3",236,47,144,94,140,331,75
"H1-6",7,0,3,1,2,2,0
"H1-4",1436,693,1478,1120,928,3352,738
"LARP1P1",11,34,8,6,14,2,1
"H2BC6",736,314,446,287,380,798,250
"H4C4",555,162,285,179,281,696,183
"MICB",34,18,35,21,27,32,31
"DDX39B",788,358,1294,888,915,772,1010
"SNORD117",9,2,7,3,2,8,11
"LTA",7,2,14,7,5,8,6
"LTB",170,39,160,196,152,201,108
"LST1",28,22,30,44,47,41,18
"NCR3",3,1,5,8,1,7,2
"AIF1",62,32,67,75,82,110,68
"SNORA38",16,4,14,4,35,1,3
"MIR6832",1,16,5,6,2,3,3
"APOM",33,15,28,41,43,49,38
"C6orf47",42,53,90,129,90,70,89
"GPANK1",83,71,97,161,115,128,94
"ABHD16A",38,10,32,56,39,54,45
"LY6G6C",0,0,1,0,3,5,3
"MSH5",141,67,79,89,98,58,65
"RNU6-850P",9,3,4,8,7,3,2
"VWA7",8,9,10,24,2,9,3
"RNU6-975P",2,5,0,6,4,3,3
"RN7SL827P",4,8,6,1,1,3,1
"DDAH2",72,38,101,253,64,94,82
"USP8P1",3,0,2,0,7,3,3
"RPL3P2",6,4,28,28,18,5,20
"UBR2",745,237,679,600,467,1118,544
"RNU6-890P",1,0,4,2,2,3,3
"PRPH2",2,6,22,43,18,21,1
"TBCC",67,19,69,74,59,115,31
"RN7SKP299",8,1,7,15,13,6,3
"MAP7-AS1",1,8,4,4,7,4,2
"RNA5SP219",5,8,8,3,11,7,15
"PEX7",25,15,39,37,20,41,11
"HLA-DMB",101,51,266,178,190,213,132
"HLA-DMA",76,20,134,137,120,138,79
"RPL29P16",1,5,4,0,5,0,3
"MRPL14",58,52,50,81,48,81,53
"TMEM63B",237,275,197,314,152,182,89
"CAPN11",17,7,19,26,28,8,3
"POLR1C",75,75,89,118,58,92,52
"YIPF3",181,137,217,364,196,273,145
"XPO5",356,245,386,450,345,434,215
"RPS2P29",24,42,45,39,32,13,22
"POLH",495,465,471,636,460,400,314
"GTPBP2",340,253,508,683,484,431,324
"MAD2L1BP",67,32,60,73,57,95,38
"RSPH9",12,12,26,30,30,34,22
"PGC",7,8,2,6,4,2,0
"FRS3",28,28,41,66,35,33,7
"PRICKLE4",4,0,8,9,5,5,2
"VARS1",167,136,181,170,110,204,49
"LSM2",70,48,64,70,55,91,41
"HSPA1L",13,13,18,26,14,14,0
"ZBTB12",60,88,82,139,73,46,72
"CSNK2B",34,19,56,60,66,27,33
"IGF2R",2875,1622,2479,2861,2351,4217,1886
"SLC22A1",16,19,19,23,16,19,9
"TFEB",34,75,140,209,124,102,53
"RNA5SP226",6,1,8,5,0,1,1
"RANP1",14,24,21,20,17,17,17
"HLA-E",854,466,1379,1766,888,1797,828
"PRR3",106,67,96,153,95,93,92
"PPP1R10",691,426,585,943,917,977,334
"MRPS18B",60,78,85,81,55,81,47
"PTMAP1",4,1,1,6,4,4,0
"C6orf136",54,41,52,112,38,58,38
"DHX16",138,95,174,250,167,129,90
"ABCF1",195,179,267,266,172,341,163
"FAM135A",104,46,93,97,63,155,82
"ROS1",0,21,0,0,1,1,1
"PTPRK",490,314,341,424,341,451,287
"CRISP3",1,0,0,0,0,7,3
"MTHFD1L",166,60,187,207,118,204,88
"MRPS18A",18,4,20,22,14,42,13
"FBXO9",252,130,244,317,194,282,138
"ATP6V1G2",19,6,7,7,11,13,4
"MPIG6B",33,9,21,36,29,22,51
"CLIC5",18,73,52,90,26,57,13
"RIPK1",298,153,403,514,357,734,279
"GFOD1-AS1",6,3,5,10,10,4,0
"NOL7",127,35,114,103,52,167,67
"RANBP9",447,241,280,249,235,464,482
"SNX9",248,220,275,539,300,642,264
"HSPE1P26",4,14,5,6,14,14,12
"SYNJ2",325,103,250,209,227,368,176
"SYNJ2-IT1",12,0,10,5,9,16,2
"NUDT5P1",60,13,52,36,55,83,79
"MAPK13",181,169,249,416,221,345,235
"BRPF3",361,200,394,541,360,561,186
"ETV7",29,91,12,24,9,20,9
"CMTR1",567,239,691,641,506,760,430
"CCDC167",64,27,79,58,48,98,37
"MIR4462",1,0,5,0,4,1,3
"MDGA1",92,114,90,179,95,132,25
"SIRT5",278,166,230,284,199,196,118
"PNPLA1",0,0,5,2,0,3,1
"HLA-DQA2",10,6,23,8,4,11,13
"HLA-DQB2",10,0,2,0,8,2,8
"HLA-DOB",62,7,37,15,36,51,41
"PSMB8-AS1",31,24,32,48,29,50,21
"HLA-Z",5,0,3,2,6,1,3
"CGAS",22,38,41,44,23,51,22
"HNRNPA3P4",1,0,5,1,4,1,1
"MYB-AS1",49,2,18,0,13,6,38
"AHI1",870,326,738,535,460,717,798
"AKIRIN2",363,71,265,214,212,394,215
"ACTBP8",0,0,1,1,2,6,1
"SNORA73",17,0,2,3,3,10,1
"KIAA0319",13,24,20,30,16,23,12
"GMNN",113,53,56,36,61,133,47
"HMGN4",201,63,129,151,112,209,97
"H2AC16",503,135,302,210,230,520,113
"H1-5",1519,772,1214,772,1089,2436,551
"H3C11",612,207,344,254,359,762,124
"H4C13",278,34,166,124,238,509,76
"H3C12",355,65,182,86,150,399,81
"H2AC17",1,0,4,1,4,2,0
"H2BC17",495,161,288,180,262,596,168
"OR2B2",5,19,3,5,1,4,3
"ETF1P1",9,1,5,9,7,2,3
"POLR1H",56,17,44,49,35,59,43
"PPP1R11",137,101,132,186,211,188,116
"TRIM31",0,0,0,12,0,0,0
"PAIP1P1",4,4,4,6,11,4,5
"SLC44A4",4,6,2,7,1,1,3
"ATF6B",417,246,492,707,378,483,252
"FKBPL",21,3,8,22,5,16,7
"PPT2",76,46,69,128,59,65,69
"PPT2-EGFL8",17,3,12,16,33,3,13
"EGFL8",17,36,42,81,31,26,51
"AGPAT1",94,84,101,107,117,88,37
"RNF5",89,24,104,95,82,78,67
"PBX2",529,322,693,1000,707,713,559
"GPSM3",276,88,250,285,354,320,176
"NOTCH4",72,101,116,239,99,112,49
"HNRNPA1P2",5,5,12,17,16,10,19
"HLA-DRA",230,85,747,285,409,1327,433
"PPP1R18",365,235,491,635,365,567,410
"RPL7P4",1,0,2,3,5,1,0
"TUBB",2649,1028,1478,1277,1077,2260,1160
"IER3",8,14,9,27,5,28,7
"TUBB2B",19,9,14,64,11,45,17
"PSMG4",282,172,321,364,287,256,213
"SLC22A23",449,220,346,571,312,345,306
"TUBB2A",4,8,6,35,7,39,5
"COL12A1",535,452,257,931,147,800,184
"TMEM30A",337,177,213,223,175,452,332
"UBE2V1P15",1,0,2,3,3,2,1
"RNU1-34P",2,0,7,1,4,1,6
"SCUBE3",436,240,431,566,385,384,305
"SCUBE3-AS1",111,118,119,185,113,117,76
"ZNF76",273,195,370,482,268,270,204
"PPARD",142,168,179,303,141,308,115
"RPL10A",1217,541,933,1576,774,1988,643
"MIR7111",4,2,1,1,3,3,2
"TEAD3",20,57,78,247,26,147,47
"TULP1",1,0,5,15,2,4,0
"RPS15AP19",24,10,39,24,23,45,40
"RPL36P9",20,9,16,13,91,94,7
"MIR5690",53,39,166,31,220,190,49
"FAXC",70,207,33,74,15,30,16
"COQ3",21,4,23,13,11,22,3
"PNISR",2264,1187,2813,2613,3472,2874,3547
"CCNC",235,66,155,132,101,210,218
"SLC25A27",16,26,87,203,57,68,15
"TDRD6",16,15,18,29,8,9,6
"PLA2G7",25,4,9,0,5,22,14
"ADGRF5",71,70,126,214,81,343,29
"ADGRF5-AS1",3,0,2,4,3,3,0
"NELFE",125,51,120,192,92,197,53
"DXO",65,62,70,117,80,95,47
"C4B",90,582,381,647,271,519,215
"CYP21A2",1,43,5,16,3,6,2
"H2AC6",914,354,472,411,410,867,276
"H2AC7",5,1,1,0,0,6,1
"H1-3",1314,638,1311,763,1126,2580,685
"H4C6",570,152,341,271,359,912,185
"H3C7",486,153,302,172,203,618,120
"H2BC10",543,213,336,213,299,696,184
"H3C9P",7,1,5,2,2,4,6
"BTN3A2",391,142,676,665,684,539,301
"BTN2A2",110,76,254,165,136,190,169
"BTN3A3",214,92,415,395,355,307,201
"ASF1A",186,35,107,75,68,160,120
"MCM9",289,85,240,224,199,299,192
"EPHA7",5,34,11,15,6,14,2
"RPS27P15",4,4,3,3,1,1,8
"MTO1",182,86,230,262,185,254,96
"NQO2",47,20,70,149,58,105,40
"BEND6",7,1,4,6,3,8,2
"ZSCAN26",60,29,81,99,61,104,39
"ECT2L",34,23,42,55,46,61,31
"SYTL3",377,29,306,194,346,649,221
"THBS2",44,232,32,283,12,148,21
"OR2H2",3,6,2,3,4,1,4
"MICA",90,46,94,239,162,60,103
"GLRX3P2",10,3,7,5,11,5,16
"PRP4K",721,320,886,662,690,1102,616
"FAM217A",1,0,6,5,14,14,3
"ECI2",87,42,71,58,46,109,68
"RPS6KA2-AS1",9,0,5,6,7,5,4
"RNASET2",1349,436,1412,959,1822,652,590
"RNY4P20",1,0,1,0,1,10,4
"RN7SKP268",0,1,9,15,3,25,10
"ZBTB2",138,77,169,114,100,204,122
"RMND1",364,151,395,321,394,299,262
"HSPA8P15",49,20,47,42,59,46,38
"ARMT1",50,15,39,33,14,58,33
"CCDC170",8,5,20,30,3,22,3
"H4C3",971,180,485,371,513,1581,247
"RPS12P14",40,1,36,21,42,36,51
"FAM162B",1,0,2,13,4,7,3
"OR2A4",118,758,32,84,68,74,36
"CTAGE9",79,329,21,45,28,40,11
"SELENOKP2",4,0,10,7,1,9,1
"RN7SKP245",4,0,4,10,12,4,1
"CCN2",48,81,82,160,52,461,55
"RNF146",130,49,136,183,147,217,124
"RNA5SP217",28,30,19,14,25,12,17
"YWHAZP4",6,2,10,2,9,4,2
"RPL5P18",4,6,3,6,9,7,1
"PTCHD4",5,1,2,21,1,9,0
"ZKSCAN8",660,296,549,555,442,758,713
"ADGRB3",0,0,11,48,3,28,6
"NANOGP11",5,23,4,6,1,1,0
"MAS1L",0,0,1,8,3,0,1
"CNR1",10,63,42,65,36,49,7
"HLA-DOA",56,16,140,138,120,190,109
"RPL32P1",10,8,4,2,9,10,11
"RXRB",220,116,268,394,261,232,145
"RNY4P10",13,1,13,7,5,11,10
"HSD17B8",31,27,33,51,24,33,17
"RING1",177,53,165,246,160,272,97
"VPS52",191,79,285,295,265,240,102
"RPS18",1176,837,1263,2213,929,2787,795
"B3GALT4",51,3,81,99,54,61,41
"WDR46",106,61,140,196,101,183,60
"PFDN6",53,74,90,112,80,122,58
"RGL2",288,191,399,603,347,379,163
"SLC22A7",5,2,9,7,6,3,1
"CRIP3",9,10,10,20,15,4,0
"RPL12P47",2,1,5,4,5,5,3
"RPL34P14",6,2,6,10,2,6,1
"RPS2P28",2,0,7,6,7,5,4
"ENPP1",164,55,149,278,123,237,128
"KIFC1",317,158,257,159,231,292,136
"PHF1",242,222,338,632,251,309,282
"CUTA",134,77,106,150,87,205,71
"SYNGAP1",737,453,954,1045,1033,659,837
"ZBTB9",54,52,52,76,34,52,17
"HSPE1P21",3,12,7,7,0,2,2
"NUP43",364,111,390,234,224,301,230
"BTBD10P2",8,15,22,10,8,12,22
"LRP11",4,19,10,39,4,6,4
"CCT7P1",0,2,1,8,0,1,0
"RAET1G",0,4,3,4,2,3,0
"SNX14",586,334,621,491,489,537,722
"GRIK2",1,39,9,14,2,11,2
"ATXN1",510,367,635,641,431,734,651
"HNRNPLP1",3,1,1,4,5,3,5
"SNRNP48",156,108,134,111,86,125,98
"CCND3",2149,843,1830,1160,2224,1797,925
"RNU6-761P",74,39,101,35,98,45,54
"H4C8",37,88,24,9,21,28,19
"RNF39",14,14,16,52,38,21,28
"DDR1",601,999,825,1889,514,630,409
"ZSCAN31",55,221,70,75,49,38,17
"METTL24",17,8,22,46,20,23,22
"MAP7",41,36,82,168,82,131,58
"IL20RA",12,26,14,22,10,23,1
"GNL1",214,174,238,332,204,328,232
"MANEA",112,27,66,71,35,126,60
"TPT1P6",4,0,8,0,4,1,6
"NT5E",38,28,60,107,63,140,37
"PGBD1",37,26,60,28,18,72,17
"NRM",74,51,70,109,66,59,46
"BTN1A1",2,10,7,20,6,1,3
"AK9",264,83,376,137,264,354,150
"H3C6",40,46,28,19,49,27,21
"C6orf52",2,1,3,6,6,3,1
"TIAM2",151,51,137,141,118,134,110
"UFL1",217,85,150,143,134,324,152
"FHL5",4,12,31,98,13,116,8
"SERAC1",72,21,65,50,85,80,56
"SRP72P2",55,8,37,32,32,39,38
"RN7SL173P",4,10,3,9,9,8,8
"GTF2H5",94,25,75,74,72,127,34
"KCNQ5",101,33,95,107,70,119,31
"H4C10P",6,4,3,2,11,3,2
"H2AC14",994,280,533,352,479,1106,278
"H2BC14",550,181,323,171,332,708,139
"H4C11",940,113,421,305,337,1424,158
"CNN3P1",4,0,2,1,0,3,1
"LY86",9,0,20,17,25,31,0
"H3C10",551,172,289,162,196,621,130
"HLA-C",20,213,540,96,55,36,61
"HLA-G",1,3,6,4,12,5,12
"HLA-T",0,1,0,10,0,0,0
"KIF25",2,2,2,13,1,4,1
"MESTP1",0,3,10,65,8,17,0
"BMPR1AP1",0,0,7,2,17,9,2
"ARHGAP18",44,26,95,132,46,161,43
"PDE10A",67,128,48,79,25,117,52
"HLA-DPA1",187,74,343,132,437,418,152
"HLA-DQA1",5,152,8,340,321,0,395
"HLA-DQB1-AS1",0,14,0,6,14,0,0
"HLA-DQB1",0,122,2,48,217,1,65
"LAMA2",46,51,315,1217,212,1222,279
"MYO6",92,134,214,288,97,233,114
"MDC1",396,371,638,692,603,524,390
"AGER",103,48,184,242,251,149,101
"SASH1",132,88,218,620,135,730,147
"RCAN2",199,205,87,105,51,119,28
"RREB1",1225,1211,1510,1842,1172,1565,1217
"PRL",8,0,4,0,4,10,9
"POU5F1",10,49,41,35,18,16,15
"SMOC2",27,37,89,225,38,251,29
"CNPY3",389,219,538,567,502,566,333
"KLHDC3",238,132,209,359,195,310,165
"EZR",889,526,1091,954,800,1966,694
"ESR1",199,120,138,206,117,181,142
"PLAGL1",71,23,105,275,96,205,57
"MED20",107,17,80,65,51,74,51
"C6orf141",8,4,24,88,14,20,1
"H2AC13",1123,283,539,378,457,1244,288
"H2BC8",813,298,453,308,398,876,259
"H2BC13",545,163,330,220,265,652,160
"H2BC15",658,169,365,255,331,714,225
"H2BC7",816,288,472,368,510,1203,263
"H2BC9",867,299,429,245,418,1180,246
"H3C8",509,121,255,119,166,509,93
"H4C5",1359,341,685,610,639,2053,436
"H2BC5",1215,547,761,538,651,1662,441
"MYCT1",4,6,35,81,5,47,4
"USP49",228,78,137,128,153,136,195
"ZNF165",2,1,3,6,6,6,3
"CUL7",133,150,202,335,215,181,78
"ZSCAN16",48,23,46,25,44,41,48
"ZKSCAN8P1",10,4,17,12,10,10,6
"ZSCAN9",25,10,41,99,28,65,26
"ZKSCAN4",91,28,96,82,93,85,40
"NKAPL",0,4,2,6,1,5,2
"RNU2-62P",2,9,0,0,1,0,0
"H2AC12",361,152,250,174,169,436,120
"PRSS16",12362,1403,6242,1863,9597,4967,4507
"CDCA7P1",0,7,2,0,4,0,0
"ZNF391",35,16,25,44,19,31,14
"ZNF184",57,23,64,37,58,107,50
"TAF8",865,388,826,644,776,699,460
"TAF11",336,140,323,259,230,335,315
"SMIM8",180,165,204,264,163,183,130
"C6orf163",116,86,142,155,87,90,71
"SLC35A1",75,19,42,53,32,47,55
"RNU6-444P",9,4,12,5,9,3,9
"RARS2",777,269,591,593,495,656,822
"SHPRH",738,395,826,844,769,742,723
"RAET1E",0,14,5,27,5,0,1
"CAP2",7,0,11,82,6,27,7
"RPL7P26",4,5,11,19,16,7,13
"FAM8A1",278,97,137,139,96,264,257
"RNU6-190P",5,0,1,1,1,3,4
"PHACTR1",149,134,218,241,211,366,135
"MDFI",1,20,14,63,4,21,12
"COL11A2",107,40,29,69,25,35,16
"BTNL2",0,5,4,11,7,3,2
"THEMIS",749,164,874,521,1010,1148,550
"MCUR1",122,64,97,106,72,107,72
"PHACTR2",150,81,210,324,153,347,156
"CCHCR1",65,75,114,136,82,62,61
"IPCEF1",202,43,179,79,211,210,87
"SNAP91",1,0,8,10,4,6,1
"BAG6",565,298,564,784,485,637,257
"FRMD1",1154,430,472,261,392,283,485
"CCR6",0,0,5,3,5,8,2
"RAB44",0,1,1,16,1,8,3
"PPIL1",74,62,46,48,29,79,24
"C6orf89",536,375,526,738,448,797,382
"PI16",30,1,19,100,13,182,6
"COX6A1P2",25,16,37,33,27,26,33
"MTCH1",1030,479,1036,1163,767,1214,931
"PIM1",254,63,177,185,127,587,146
"TMEM217",5,3,4,4,13,14,3
"BACH2",861,184,875,467,888,1199,853
"TRERF1",367,187,432,474,339,506,210
"VNN1",3,0,7,4,6,18,0
"VNN2",33,10,74,14,35,227,10
"C6orf132",81,259,103,409,119,92,49
"PDCL3P5",19,0,32,23,40,33,16
"ARL4AP5",9,8,10,9,7,14,9
"RNU6-302P",1,5,2,2,0,3,2
"CLIC1",265,148,282,350,195,491,204
"PLEKHG1",1110,483,1377,1181,988,1615,869
"HLA-B",171,119,1033,471,433,158,360
"SERINC1",500,297,405,566,254,882,636
"PKIB",12,2,8,3,6,8,3
"ARMC12",10,9,20,18,35,22,4
"LHFPL5",85,44,70,68,51,54,98
"SRPK1",292,147,222,143,187,335,231
"ZKSCAN3",105,113,134,187,111,120,53
"DUSP22",235,277,261,349,191,329,130
"IRF4",119,130,201,117,106,318,122
"IFNGR1",187,300,280,290,223,649,178
"RIMS1",2,2,5,8,3,4,0
"ZC3H11C",115,44,115,76,89,75,127
"GCLC",168,80,150,160,150,229,97
"KLHL31",10,0,6,10,10,18,4
"PSMB8",92,65,174,123,89,127,91
"CALHM5",15,6,8,37,7,18,2
"RWDD1",136,35,89,86,77,154,89
"RSPH4A",17,1,23,13,10,28,8
"ZUP1",46,18,61,31,28,86,28
"KPNA5",181,42,141,107,93,201,110
"SKIC2",259,169,292,368,239,250,114
"SEC63",469,330,440,392,335,690,629
"RNU6-437P",4,1,5,2,1,2,2
"RPL23AP50",21,3,15,10,7,12,22
"MMS22L",425,182,224,157,179,282,234
"NFKBIL1",28,22,32,44,36,26,12
"RPL12P2",5,3,4,0,1,0,0
"PTPN11P3",1,0,7,1,4,7,0
"SF3B5",85,21,81,82,39,137,31
"STX11",30,13,46,35,22,138,21
"PRRT1",6,12,7,41,8,10,3
"DOP1A",295,108,412,326,199,513,231
"RWDD2A",17,3,16,23,13,22,13
"TAP1",166,40,245,171,149,279,153
"RPL7P28",4,7,2,0,2,0,1
"CD164",939,389,519,460,344,903,503
"PPIL6",17,37,12,38,6,9,3
"SMPD2",37,25,52,62,47,70,8
"MICAL1",457,250,858,789,690,645,325
"ZBTB24",194,104,211,196,174,289,204
"PGM3",277,143,347,312,225,316,295
"CFB",6,19,20,58,28,20,10
"SLC39A7",131,102,158,242,129,217,125
"COX7A2",148,39,90,48,56,250,75
"TSBP1",7,5,34,58,22,35,14
"MYLK4",26,3,18,15,8,37,9
"RPS10P13",9,1,3,6,6,7,4
"SNRPC",130,43,97,74,78,144,59
"BLTP3A",498,350,467,464,423,591,344
"ANKS1A",372,218,406,566,328,477,171
"HSPE1P11",20,13,37,40,37,28,39
"TCP11",0,3,1,2,0,6,1
"TMEM14A",21,4,10,15,7,32,8
"MAP3K5",87,84,216,273,162,424,199
"DEF6",605,190,862,572,712,757,446
"OR1F12P",3,10,8,14,9,3,6
"FANCE",21,110,36,113,32,33,16
"TNF",3,0,7,30,11,21,4
"RPL3P7",9,7,12,17,16,10,3
"SNX3",198,82,123,189,120,317,131
"RNA5SP212",15,2,4,1,5,2,2
"RPL36AP24",8,4,7,2,6,5,8
"OSTM1",194,96,152,132,122,176,122
"C4A",87,538,391,603,282,476,219
"TAPBP",1057,838,951,1194,725,1006,800
"TRAF3IP2",724,305,729,676,679,651,780
"MCM3",564,353,476,390,400,695,286
"HLA-DRB1",0,13,47,324,178,47,261
"SAPCD1",15,8,27,24,20,14,16
"TRIM39",55,33,66,70,57,70,53
"LY6G5B",42,22,81,97,69,50,89
"EHMT2",241,160,285,346,247,175,166
"LRRC73",1,0,3,2,3,2,1
"LY6G5C",7,25,26,26,20,19,11
"OR2I1P",15,0,42,17,20,28,14
"ZNF292",1405,725,1358,1023,958,1699,1908
"IRAK1BP1",95,53,56,78,63,87,34
"AFDN",228,288,326,593,239,425,153
"PHIP",1224,726,1143,907,835,1508,1270
"LRFN2",14,10,7,7,13,5,3
"LYRM2",152,88,137,178,94,140,90
"CANT1P1",22,27,25,27,23,7,19
"HNRNPA3P17",2,5,9,16,6,6,1
"CARMIL1",446,211,430,475,370,586,268
"MDN1",1281,855,1596,1845,1168,1718,660
"RNU1-88P",7,10,45,9,34,7,103
"CPNE5",9,10,87,80,76,81,22
"SUMO4",21,7,18,18,19,30,8
"ZC3H12D",41,9,230,98,77,137,56
"TAB2",827,289,725,619,624,999,773
"ECHDC1",294,243,234,151,165,271,168
"ELOVL2",10,0,17,30,10,14,10
"GLP1R",13,0,2,11,3,8,10
"SAYSD1",257,77,159,128,138,229,149
"KCNK5",35,14,17,30,17,28,15
"KIAA0408",4,0,2,2,2,1,0
"C6orf58",1,0,2,3,1,3,2
"GRM4",2,11,13,16,9,13,5
"MIR6835",5,0,1,3,5,3,2
"SMIM29",43,30,41,94,39,53,21
"NUDT3",10,8,9,39,4,42,3
"HMGA1",972,507,648,631,493,782,442
"MTCL3",5,13,5,9,2,7,1
"TTBK1",0,0,2,3,0,6,0
"HIVEP2",1081,576,1257,1147,908,1672,1013
"HIVEP2-DT",39,21,27,14,32,45,17
"RPS10",42,13,48,44,45,50,55
"PACSIN1",16,6,53,17,17,31,20
"IFITM3P3",1,0,3,3,2,10,0
"ILRUN",368,359,365,556,338,622,385
"RPL7P25",17,6,9,1,0,9,5
"RN7SL200P",5,5,6,13,12,7,10
"FOXP4",425,590,337,664,212,313,154
"BTN2A3P",1,1,3,13,1,7,1
"SOD2",615,563,622,944,344,2555,1119
"TAP2",431,166,424,117,283,198,518
"C2",25,44,30,50,24,29,26
"CEP43",1043,443,770,685,767,509,772
"UTRN",1561,700,3408,4628,2965,4793,1546
"DAXX",134,131,165,244,181,242,97
"DST",800,2279,3270,6250,2032,4955,2024
"ZNF451",672,215,548,403,400,747,425
"COL9A1",0,0,7,14,4,2,5
"SLC26A8",7,1,3,6,12,19,4
"EYA4",117,683,155,348,144,188,132
"SMLR1",4,4,9,18,5,5,5
"EPB41L2",451,557,691,1969,555,1296,606
"FYN",953,284,1172,814,958,1428,915
"GABBR1",154,108,258,510,260,258,173
"PRRC2A",1241,981,1476,1754,1121,1373,788
"RAB32",27,8,29,34,31,38,21
"HMGN3",118,100,101,109,93,207,118
"MICD",21,8,20,19,3,6,3
"PLG",3,1,3,7,6,2,5
"B3GAT2",11,4,8,15,10,18,25
"AKAP7",94,11,88,53,39,94,45
"TCF19",174,96,170,134,120,123,103
"PCMT1",139,27,108,64,76,158,91
"VEGFA",215,1169,168,487,120,890,509
"MAP3K7",540,228,419,350,336,738,341
"ADGB",16,4,3,5,3,5,6
"SGK1",300,144,307,558,155,918,177
"GJA1",70,206,66,106,42,323,99
"BTN2A1",130,100,285,328,193,305,112
"ABT1",136,38,121,98,69,128,68
"ZNF322",132,108,157,147,113,167,106
"H2BC4",1,21,2,3,4,5,6
"POM121L6P",56,29,60,60,64,27,23
"VN1R12P",1,3,0,4,1,1,2
"STXBP5",515,217,487,456,330,589,333
"IL22RA2",1,10,1,1,2,2,0
"ARG1",23,13,31,14,30,72,11
"MED23",496,140,402,285,273,590,277
"ENPP3",623,1467,102,82,168,144,38
"RNU4-18P",16,39,7,1,3,3,1
"TNXB",71,209,400,4273,121,1282,130
"GCNT2",50,22,92,123,34,54,41
"SYCP2L",11,7,5,32,3,5,9
"NEDD9",405,299,556,563,474,1060,209
"DNAH8",2,0,4,4,4,18,2
"ZFAND3",435,321,468,422,410,682,420
"RN7SL285P",31,9,33,27,12,22,17
"RNVU1-33",13,1,9,14,13,15,21
"ITGAEP1",42,12,30,6,16,44,47
"BTBD9",215,106,337,361,266,434,150
"TFGP1",14,0,9,6,7,3,3
"GLO1",225,107,98,107,88,183,118
"SLC22A3",7,0,13,33,1,26,5
"LPAL2",0,0,0,5,0,6,0
"LPA",27,171,295,2350,221,216,22
"MAP3K4",345,318,422,559,347,566,237
"AGPAT4",152,62,197,286,308,262,116
"PRKN",38,13,56,85,30,70,22
"KRT8P44",3,3,12,6,5,4,4
"PACRG",1,0,13,11,3,10,5
"PACRG-AS3",5,2,10,16,6,8,3
"SUPT3H",76,30,55,62,56,86,44
"NUDT19P4",7,13,5,5,8,2,0
"RBM22P4",7,5,12,11,7,9,6
"CD2AP",655,246,589,426,506,1003,663
"SLC16A10",341,90,256,211,191,339,324
"RNU6-960P",10,2,4,5,2,10,8
"MFSD4B",932,326,856,807,657,588,507
"REV3L",760,231,687,542,504,1105,603
"FCF1P5",27,3,25,13,16,27,38
"REV3L-IT1",12,4,13,23,3,10,10
"BRD7P4",64,0,24,28,16,48,42
"RRAGD",255,130,90,107,78,183,121
"ANKRD6",95,268,180,472,118,154,72
"RN7SL11P",3,12,12,12,13,2,3
"MAP3K4-AS1",10,9,2,15,3,3,1
"C6orf62",953,408,770,693,644,1084,643
"ARMH2",2,0,3,0,3,4,2
"SYNCRIP",505,144,312,219,228,504,356
"BAK1",112,80,89,105,80,126,120
"ITPR3",554,660,859,1104,607,717,215
"UQCC2",96,46,110,147,102,109,70
"IP6K3",2,52,11,21,5,6,0
"LEMD2",468,207,518,543,392,493,457
"BICRAL",429,274,470,555,387,629,318
"CDC5L",305,209,291,331,260,516,238
"MIR4642",2,0,2,6,2,3,3
"COL21A1",6,20,15,104,31,35,9
"KHDC1",88,37,103,140,80,63,45
"MRAP2",4,1,7,14,6,11,2
"CEP162",130,34,117,73,89,176,54
"GABRR2",85,20,48,62,71,66,89
"TUBB3P1",5,0,1,2,4,1,1
"SCML4",338,59,464,172,832,562,231
"NKAIN2",8,23,7,8,12,6,2
"RNF217",156,180,78,158,45,169,65
"TPD52L1",15,18,27,49,22,21,7
"HDDC2",148,84,92,135,105,134,78
"HEY2",15,18,7,67,6,28,5
"NCOA7-AS1",9,2,17,18,4,10,9
"CITED2",61,49,121,311,79,289,63
"MPC1",100,50,78,91,70,133,101
"LRRC1",192,115,160,119,155,173,130
"MLIP",9,87,6,14,10,17,7
"OGFRL1",385,1826,400,585,304,498,180
"ARID1B",3424,2107,2909,3158,2276,3024,2438
"TNFAIP3",708,102,847,563,561,1973,440
"TBC1D32",89,46,97,49,59,118,42
"SEPTIN14P6",30,33,31,49,22,13,9
"VDAC1P8",2,0,1,5,1,0,3
"SESN1",149,54,214,185,215,219,138
"RNU6-653P",6,1,2,1,0,6,3
"CEP57L1",362,217,293,254,215,245,279
"MYB",1275,341,964,472,806,1033,946
"SYNE1",1466,2420,2943,4845,2499,4411,1232
"L3MBTL3",116,35,200,96,111,179,126
"SAMD3",46,9,75,31,42,49,33
"ATAT1",142,95,121,167,144,143,89
"AMD1",473,147,313,266,232,620,370
"DSP",1574,10478,1896,4172,1304,2241,2018
"MOCS1",70,35,74,258,102,193,51
"RPL23P6",35,27,19,17,14,49,32
"ADCY10P1",46,16,38,53,67,38,28
"TRDN",1,0,4,4,3,7,2
"HFE",26,62,47,98,24,33,10
"ADTRP",5,7,13,27,12,18,13
"HIVEP1",551,396,783,750,504,1122,494
"EDN1",3,3,11,13,4,10,4
"RPL15P3",358,284,350,474,252,404,244
"RPS6KA2",272,61,340,461,339,422,141
"RAMACL",53,32,47,53,47,42,35
"HLA-A",169,197,304,223,127,17,21
"HLA-DPB1",303,46,78,55,420,758,225
"HLA-DRB5",0,0,13,18,211,1,219
"STK19",69,128,108,128,87,97,65
"ERVFRD-1",88,34,82,115,92,68,54
"TAGAP",184,40,204,109,169,309,104
"FNDC1",6,78,6,117,2,59,0
"FKBP1C",35,28,46,31,17,16,49
"BYSL",173,116,250,239,449,316,138
"TRIM26",139,115,188,320,191,228,106
"H2BC11",585,233,320,220,336,610,189
"H2AC11",980,319,525,476,505,1199,273
"H2BC12",946,446,598,438,412,1512,328
"H4C9",261,70,144,115,112,343,83
"RNF182",17,33,12,4,6,13,8
"CD83",116,44,182,107,94,362,217
"LINC01108",12,0,13,6,11,11,23
"KRT8P42",1,4,4,2,2,1,0
"HUS1B",5,6,6,5,2,5,4
"MARK2P18",23,14,42,31,38,31,23
"HMGN2P28",7,10,18,15,14,15,5
"RNA5SP202",1,0,5,6,0,0,0
"MTCO2P33",27,7,12,5,26,21,27
"RN7SL334P",29,17,28,16,14,10,22
"ZNF311",2,6,9,14,4,9,0
"TBP",79,44,120,143,82,160,60
"PDCD2",344,155,335,282,264,302,315
"OR4F7P",4,1,1,0,0,2,4
"WBP1LP8",9,3,4,2,1,1,1
"UNC5CL",78,27,49,78,89,58,61
"OARD1",307,103,254,171,217,305,385
"TSPO2",20,25,26,25,51,30,36
"APOBEC2",91,69,59,48,75,95,88
"NFYA",447,148,574,469,482,519,169
"SMIM13",49,12,24,23,24,24,23
"BRD2",1175,665,1435,1609,1286,1808,819
"KHDRBS2",8,7,43,24,8,12,11
"LCA5",14,14,20,24,8,31,13
"SH3BGRL2",144,177,180,302,175,278,100
"RPP21",10,0,13,11,22,14,10
"TMEM170B",94,22,47,40,22,76,69
"E2F3",179,107,148,101,89,199,97
"RN7SL128P",79,23,165,89,55,28,84
"E2F3-IT1",23,14,16,9,15,8,18
"RNU6-141P",4,0,4,2,1,4,0
"HCP5",393,558,483,582,619,553,399
"EHMT2-AS1",11,2,8,16,17,5,1
"C4A-AS1",5,28,37,73,25,24,23
"C4B-AS1",6,34,29,76,23,27,30
"SNHG32",325,228,245,272,185,358,201
"HSPA1B",139,215,64,196,43,141,65
"PSMB9",136,51,145,139,83,174,94
"H2BC6-AS1",15,84,13,10,16,8,8
"H4C2",4,0,3,0,4,7,3
"TREML1",10,4,24,29,37,24,9
"TREM2",1,3,10,10,8,7,2
"TREML2",67,32,68,45,51,79,23
"TREML4",1,0,1,0,2,19,2
"TREML5P",0,5,0,0,0,7,0
"TREM1",8,7,2,18,4,499,3
"H3C4",5,15,4,3,4,6,2
"H1-2",2201,1096,1687,1304,1312,3891,861
"RSPH3",71,59,94,149,49,88,44
"MYLIP",128,38,192,258,153,350,226
"MAPK14",905,265,717,667,579,1023,867
"MRPS10",180,71,98,85,52,156,93
"QKI",526,285,446,542,298,775,620
"KIAA1586",141,54,114,180,87,157,72
"FGD2",160,37,480,458,462,278,67
"SERPINB9",277,47,219,170,89,361,317
"H2AC15",194,163,118,104,151,244,135
"CT69",6,91,5,7,1,7,0
"LINC03002",3,50,3,2,2,7,2
"FAM8A6P",0,13,2,0,2,0,0
"H4C12",965,140,421,316,361,1523,161
"BPHL",76,53,97,193,71,81,67
"ABRACL",154,54,87,40,79,141,76
"HECA",779,296,543,440,521,817,957
"TXLNB",118,92,106,126,105,75,82
"CD2AP-DT",2,0,2,9,5,11,2
"LINC00240",5,0,7,17,3,6,2
"LINC00472",60,279,175,303,83,133,46
"UST-AS2",8,0,8,40,9,2,16
"FOXP4-AS1",22,35,28,44,12,16,7
"LINC01276",1,4,5,11,0,2,0
"SNX9-AS1",11,0,7,7,9,27,10
"MFSD4B-DT",62,10,52,21,33,44,59
"PHACTR2-AS1",42,9,58,33,48,46,42
"TSBP1-AS1",7,23,40,59,31,31,12
"ZSCAN16-AS1",203,139,172,194,170,167,157
"TDRG1",3,0,3,2,6,2,3
"LINC00951",20,2,14,6,44,10,5
"MDN1-AS1",14,17,25,18,12,24,9
"MICA-AS1",28,21,43,26,51,66,35
"TMEM30A-DT",25,23,38,32,38,26,15
"MROCKI",4,0,14,20,5,11,11
"FAM135A-AS1",7,0,7,7,4,6,9
"LINC01622",2,7,1,0,2,0,0
"LY86-AS1",18,17,68,24,51,32,18
"ZBTB24-DT",77,27,65,27,33,52,30
"MICB-DT",29,36,18,18,9,7,17
"KLC4-AS1",12,8,10,21,11,9,2
"HCG15",4,2,6,18,4,8,0
"HMGN3-AS1",34,58,20,40,21,24,17
"TRDN-AS1",0,4,1,4,0,1,1
"WAKMAR2",2961,369,1806,1001,1370,2283,1576
"ITPR3-AS1",45,48,43,64,43,42,21
"MLIP-AS1",1,24,1,0,0,2,0
"TMEM14B-DT",11,23,8,16,8,9,5
"ILRUN-AS1",7,13,1,8,10,6,10
"STXBP5-AS1",17,4,19,21,12,14,3
"LYRM4-AS1",37,18,22,46,32,26,12
"MAP3K5-AS2",17,31,55,56,48,47,32
"FARS2-AS1",40,32,88,45,76,47,29
"LINC00574",0,0,1,6,1,3,0
"NUP153-AS1",6,7,8,12,11,13,1
"HCG11",42,49,54,112,34,99,31
"LINC01013",6,5,12,33,15,11,1
"GMDS-DT",672,362,925,892,714,772,529
"SYNE1-AS1",3,1,6,0,2,7,1
"LINC01625",1,0,13,7,14,6,0
"LINC01564",2,4,7,6,2,2,5
"LINC01012",74,26,65,76,69,140,30
"LINC03066",58,1,4,8,54,31,8
"LIRIL2R",139,0,9,18,107,64,10
"LINC01621",3,1,0,0,0,5,4
"SERPINB9P1",33,31,96,89,65,97,46
"LINC00326",1,6,1,2,0,1,0
"LINC02541",22,24,24,36,22,26,12
"GCLC-AS1",13,0,22,8,14,2,9
"LINC02569",3,3,2,6,4,4,3
"AFDN-DT",0,4,6,10,2,2,0
"TARID",15,115,46,53,11,18,12
"LINC02901",4,2,5,12,3,7,4
"AIRN",104,35,92,51,80,44,72
"CD109-AS1",3,4,6,10,4,5,3
"LINC01016",5,1,0,4,4,4,1
"UST-AS1",10,8,21,33,7,9,14
"RNF217-AS1",9,13,13,45,5,14,11
"EPM2A-DT",151,88,137,153,112,123,88
"LINC02527",0,0,4,0,0,3,11
"AHI1-DT",52,22,60,64,39,62,43
"PDE7B-AS1",113,20,128,97,98,129,190
"LINC01624",3,0,1,14,13,9,3
"ZFAND3-DT",7,0,15,6,16,2,2
"TBX18-AS1",0,0,10,15,0,6,2
"MAP3K5-AS1",15,14,28,32,39,42,46
"CAHM",23,7,20,34,16,18,11
"TAGAP-AS1",166,36,140,131,172,139,77
"LINC02542",1,9,4,7,2,2,3
"LINC02539",21,1,5,2,4,11,18
"LINC03004",16,2,12,1,4,8,12
"LINC01556",2,3,4,3,10,5,6
"HDAC2-AS2",39,21,24,44,31,29,31
"ZNF451-AS1",110,88,101,89,91,95,130
"BVES-AS1",0,1,2,8,1,4,0
"LINC01615",2,1,4,1,1,3,1
"BTBD9-AS1",35,17,33,25,27,33,16
"TRAF3IP2-AS1",810,257,516,436,547,576,673
"HEY2-AS1",5,7,4,11,2,3,4
"LINC02523",2,2,9,6,14,7,16
"DST-AS1",3,5,4,5,0,3,1
"DAAM2-AS1",8,13,28,76,28,58,19
"DSP-AS1",3,2,0,3,4,3,1
"KCNQ5-AS1",26,2,11,26,16,31,12
"UFL1-AS1",25,33,32,29,38,26,16
"LINC01600",3,2,18,38,14,3,2
"FOXCUT",1,3,3,10,2,2,3
"LINC02521",10,4,7,19,4,4,4
"LINC02532",2,1,7,2,32,16,3
"HCG18",1137,678,981,995,1149,957,711
"LNC-LBCS",6,7,5,11,1,13,1
"TRAM2-AS1",16,25,24,26,27,29,14
"SNHG5",353,241,299,248,330,259,288
"HCG9",6,7,1,7,4,2,2
"NEU1",52,72,56,70,48,143,30
"SCIRT",7,15,2,4,1,6,8
"LINC03040",1,13,8,0,0,1,3
"ORC3",211,37,174,164,140,283,153
"LINC02980",30,23,54,67,23,32,30
"H4C1",787,175,333,223,291,796,169
"H2BC3",542,167,271,175,280,683,146
"H2AC8",996,280,546,379,494,1346,319
"RNU2-61P",2,0,12,0,7,1,14
"PNRC1",965,289,819,978,732,1944,814
"RN7SL336P",5,4,5,15,9,7,3
"SRSF12",44,27,32,64,42,31,40
"PM20D2",156,137,108,144,70,139,84
"ZSCAN12",202,51,216,184,193,253,246
"ZSCAN23",8,20,31,32,13,19,8
"SCAND3",1,2,9,9,10,9,7
"CDKN1A",111,96,128,230,67,1476,207
"TFAP2A",0,0,19,7,1,5,4
"TFAP2A-AS2",0,0,5,7,2,0,0
"TFAP2A-AS1",1,0,5,4,3,3,0
"LINC00518",1,0,4,2,3,1,0
"RPL21P63",0,0,8,6,2,2,2
"POM121L14P",10,8,23,29,22,4,9
"ARFGEF3",4,22,16,61,7,40,5
"MYMX",3,11,2,6,0,4,3
"SLC29A1",428,337,473,542,418,459,311
"HSP90AB1",1968,2533,1765,2796,1383,3092,2357
"SLC35B2",81,62,76,110,64,143,46
"NFKBIE",54,22,71,70,35,70,37
"TMEM151B",1,1,7,10,9,10,3
"TCTE1",2,11,4,9,2,0,1
"AARS2",174,146,282,333,157,208,61
"ABCC10",464,176,682,865,566,408,189
"MIR6780B",2,2,7,10,1,0,1
"DLK2",45,51,108,126,67,58,29
"TJAP1",277,219,360,534,302,265,164
"POLH-AS1",25,13,16,24,10,16,15
"LINC00581",7,15,5,2,7,6,3
"NBAT1",577,117,352,131,316,305,478
"ARMC2-AS1",4,4,5,2,2,4,2
"SUMO2P1",5,14,8,6,9,17,17
"RPSAP41",1,1,4,1,4,3,5
"RBISP4",4,0,0,0,7,1,1
"TNXA",4,59,20,159,14,64,6
"ECI2-DT",3,7,8,18,6,7,0
"HLA-F-AS1",20,49,36,89,71,34,19
"LCAL1",8,289,8,11,6,11,10
"HLA-W",1,8,1,8,4,7,4
"LARRPM",1,2,6,12,5,2,2
"KIF25-AS1",0,1,4,26,0,7,0
"CASC15",2598,581,1588,838,1477,1696,1905
"LINC00222",8,14,8,29,24,13,14
"HPAT5",23,11,6,2,5,4,3
"MANEA-DT",70,40,53,36,49,82,56
"LINC01010",1,49,2,5,1,6,3
"LINC02531",0,0,6,5,0,10,0
"LINC01277",6,0,8,14,4,9,5
"LINC02520",8,0,90,6,69,12,41
"ATXN1-AS1",38,26,20,25,22,36,26
"CACYBPP3",6,4,5,8,9,2,1
"TMEM181",570,269,611,558,445,886,546
"DYNLT1",121,49,144,128,115,258,108
"CBX3P9",10,7,22,1,20,17,31
"KCTD20",899,471,596,552,470,1007,769
"STK38",572,132,602,428,496,792,481
"RN7SL748P",7,1,10,8,4,3,7
"SRSF3",1168,355,952,884,735,1623,631
"BTN3A1",287,98,659,674,473,616,241
"HSPA1A",233,481,141,421,94,304,136
"HCG22",11,22,2,5,1,1,1
"PSORS1C3",2,25,10,3,6,4,2
"HCG27",95,40,77,49,97,42,44
"MUCL3",3,9,0,3,3,1,3
"H3C1",118,22,68,85,65,167,14
"BRPF3-AS1",101,59,90,104,120,141,94
"ETV7-AS1",2,1,7,12,2,5,2
"PXT1",5,13,11,12,11,2,3
"RN7SL502P",10,5,11,10,6,17,12
"ADGRB3-DT",5,3,12,20,4,10,2
"LMBRD1",256,68,186,162,137,292,173
"NPM1P37",23,8,27,19,15,30,39
"GAPDHP42",69,24,64,50,51,74,97
"PTP4A1",7,3,3,11,4,2,1
"PHF3",1754,954,1570,1504,1407,2278,2060
"PNISR-AS1",217,117,169,172,135,135,92
"USP45",152,74,111,127,61,139,80
"SLC35B3",109,42,70,68,60,74,40
"HULC",31,51,49,156,49,25,18
"THBS2-AS1",21,47,6,52,9,31,5
"LINC02519",2,3,0,9,1,6,0
"WDR27",530,284,502,640,436,372,366
"C6orf120",148,48,93,91,51,135,98
"PHF10",542,236,364,274,256,521,560
"DYNLT2",55,44,42,50,48,31,47
"ERMARD",320,166,278,223,205,254,180
"KHDC1-AS1",197,140,242,389,188,198,113
"HEBP2",276,283,429,540,479,415,342
"NHSL1",29,119,66,152,81,90,20
"NHSL1-AS1",11,1,8,16,21,10,14
"CCDC28A-AS1",4,4,11,8,6,3,2
"EEF1A1",24520,10208,19016,22025,16154,36768,15002
"TSTD3",140,90,151,186,125,159,237
"HCG25",71,40,83,80,59,37,32
"ZBTB22",92,68,131,201,100,108,75
"SYNGAP1-AS1",33,20,40,33,61,22,45
"HCG20",1,7,1,4,5,2,16
"LINC00243",172,96,109,148,207,157,153
"LINC02570",10,6,26,38,10,9,5
"FLOT1",169,212,177,429,216,362,127
"GET4",50,55,34,37,28,17,18
"INTS1",1763,838,1995,1970,1450,1399,499
"RADIL",16,59,12,92,11,30,4
"RPL22P16",1,0,1,5,1,1,4
"MEOX2",6,0,46,138,18,59,11
"FAM20C",21,74,26,142,13,78,21
"FOXK1",843,595,919,1598,620,934,491
"SUN1",733,604,731,1165,418,910,462
"CCNB2P1",6,0,4,5,7,5,4
"ICA1",18,24,59,112,35,58,43
"RPA3",107,18,52,48,49,114,53
"PAPOLB",1,0,2,7,3,4,2
"RPL23AP52",23,6,9,5,6,3,4
"RPL36AP26",5,6,12,5,9,8,23
"C1GALT1",194,91,193,218,106,167,153
"AP5Z1",297,281,263,297,203,189,115
"NDUFA4",230,116,133,105,68,336,104
"MICALL2",346,1021,245,688,99,106,67
"NPM1P11",30,16,10,31,8,7,2
"CPVL",146,53,161,131,110,437,85
"GSDME",58,192,76,154,105,70,42
"RPL21P75",92,29,115,51,113,103,203
"OSBPL3",300,277,336,345,296,361,160
"SNX13",606,403,393,269,264,499,457
"KLHL7",154,63,103,128,107,132,82
"AHR",67,78,92,214,31,218,78
"TWIST1",0,9,4,16,0,25,3
"MALSU1",70,46,49,47,61,87,52
"NOD1",101,111,134,199,117,142,62
"EIF4HP1",28,44,43,30,21,31,27
"SP4",320,185,370,255,334,416,191
"ITGB8",4,25,64,58,13,63,26
"IGF2BP3",0,10,16,8,16,12,7
"SNRPCP19",1,1,4,5,3,5,2
"RAMP3",12,10,25,54,7,34,5
"CDCA7L",362,149,275,199,233,325,283
"ABCA13",17,309,64,7,37,42,19
"CREB5",17,41,40,264,26,275,38
"HECW1",2,10,0,2,1,5,0
"INMT",13,23,22,69,7,69,2
"LINC01176",79,160,90,99,86,82,61
"ADCY1",14,15,27,149,46,64,6
"LINC03129",7,17,10,23,2,11,0
"VWC2",1,91,3,9,3,3,0
"HAUS6P1",7,3,3,4,2,2,5
"ELMO1-AS1",41,5,39,21,21,33,20
"SFRP4",54,108,28,218,9,192,16
"TBRG4",192,152,166,178,130,148,75
"AMPH",59,14,51,70,76,106,31
"ANKMY2",124,74,85,80,60,113,65
"CCT6A",472,458,296,224,222,454,309
"TRIL",3,13,4,44,2,22,3
"NACAD",11,45,24,145,9,32,6
"NIPSNAP2",463,326,250,244,226,353,260
"PSPH",62,76,52,53,33,32,9
"ZNF713",85,94,55,40,71,62,16
"RPS17P13",19,1,24,4,25,15,8
"GRB10",138,241,136,290,105,337,74
"SKAP2",172,64,122,99,88,273,76
"STK17A",445,317,418,334,347,453,323
"AGMO",1,8,4,0,1,9,0
"SEMA3A",4,10,18,36,11,32,9
"VKORC1L1",262,167,173,233,97,250,144
"BLVRA",57,94,56,65,31,123,22
"GATAD1",362,530,339,483,197,297,233
"VOPP1",1707,607,1564,1152,1133,1664,1225
"SDHAF3",28,26,15,21,13,37,8
"LMTK2",470,534,385,498,289,660,297
"CICP8",4,4,9,8,1,0,1
"PCLO",108,916,188,408,106,172,61
"BBS9",243,147,256,264,175,311,68
"ASB4",10,3,4,10,10,5,1
"HMGB3P21",9,2,7,2,2,4,6
"RBM48",125,98,123,118,120,134,59
"ERVW-1",89,178,97,194,87,73,62
"TAC1",32,0,0,2,0,3,0
"SEC61G",81,20,20,5,19,58,34
"MRPS17",16,19,17,24,5,21,8
"PEX1",151,105,153,135,113,212,67
"VPS50",194,134,116,88,78,188,65
"LINC00997",20,18,18,13,10,25,10
"SNRPCP9",4,5,1,7,1,1,1
"VPS41",423,362,327,342,273,535,251
"ANKIB1",414,284,466,407,347,650,240
"ELAPOR2",45,49,117,106,24,188,66
"HAUS6P3",15,10,19,10,14,8,8
"PPP1R9A",22,58,50,177,30,65,26
"VPS51P2",8,6,8,8,10,3,1
"PON3",23,13,65,85,14,56,28
"SERPINE1",49,201,20,28,12,388,14
"PON1",34,7,34,14,50,42,5
"HGF",9,72,23,57,11,54,29
"ZNRF2",84,49,69,83,32,67,50
"FAM133B",203,109,135,130,113,204,167
"TPST1",13,19,34,57,14,94,27
"ASNS",38,13,16,34,13,10,12
"PEG10",30,22,223,615,177,530,252
"RPS3AP29",1,6,4,2,3,3,2
"RINT1",98,62,97,69,60,139,55
"PDE1C",7,17,74,126,41,65,30
"TECPR1",338,200,472,493,373,358,235
"TMEM243",212,80,163,140,137,199,156
"LSM5",107,53,62,66,53,100,60
"AP1S1",60,96,68,72,26,66,19
"PLOD3",123,284,97,271,79,107,28
"RPS3AP25",3,0,3,1,6,2,6
"CD36",20,13,191,475,62,435,66
"LRRN3",127,16,77,61,68,98,71
"SEMA3C",42,63,29,145,25,207,13
"TMEM168",320,139,248,223,140,264,157
"TES",160,61,170,148,93,263,76
"SGCE",64,80,192,401,123,281,150
"AGBL3",46,52,51,53,40,60,20
"CAV2",66,182,48,215,25,150,46
"RPS10P14",10,0,8,9,5,4,3
"MTND1P3",11,15,3,16,21,3,3
"RPL13AP16",6,4,9,10,1,4,2
"DOCK4-AS1",9,9,20,22,9,11,27
"MIPEPP1",3,4,2,1,1,2,0
"ANKRD7",2,0,2,3,4,2,0
"MYL6P4",1,19,6,16,9,3,0
"ZNF277",97,52,63,57,34,91,56
"KCND2",4,0,14,66,4,17,1
"IMMP2L",65,19,74,136,86,117,46
"RAB19",48,30,23,11,18,22,10
"TCAF1",314,585,275,469,199,399,331
"SND1",816,845,835,980,635,1097,421
"DLX5",0,0,4,9,1,5,0
"SMIM30",56,19,25,23,21,51,18
"CDHR3",31,43,60,93,17,42,29
"BAIAP2L1",57,128,72,176,45,71,50
"SUMO2P14",2,1,4,1,4,3,3
"TFEC",36,9,61,20,16,50,23
"PRSS37",16,31,9,30,23,10,1
"RPL7AP42",1,2,2,13,1,8,6
"HIBADH",134,118,77,112,42,156,79
"ARMC10",183,208,129,148,117,161,124
"PARP12",359,297,551,374,346,477,380
"PODXL",271,281,262,623,205,399,129
"DYNC2I1",293,587,376,472,306,420,216
"MKRN1",525,490,423,423,300,632,433
"KLRG2",1,63,9,25,15,4,5
"GNAI1",38,155,54,104,34,111,28
"POT1",151,73,94,48,70,136,50
"RPL31P36",1,0,8,2,0,0,0
"SAMTOR",95,47,61,50,47,96,71
"COL26A1",45,3,14,14,6,7,0
"RPL21P76",1,12,0,5,0,2,0
"PAICSP6",6,2,4,2,0,4,1
"EEF1B2P6",30,9,26,6,20,34,30
"ATP6V0A4",0,2,2,2,3,15,2
"NCAPG2",594,374,474,248,319,583,402
"EFCAB10",9,5,11,9,7,9,7
"CLEC2L",29,8,48,48,35,19,16
"SSBP1",255,185,179,139,142,330,237
"HIPK2",1058,1026,1158,1584,1221,1575,1119
"TAS2R3",66,48,36,51,56,45,24
"EFCAB10-AS1",10,19,15,6,6,8,4
"EEF1A1P10",3,1,8,11,11,5,5
"TSPAN12",3,2,14,43,3,23,6
"RABGEF1P2",4,8,0,5,4,5,0
"BRI3",145,209,101,207,82,188,79
"AKR1B15",1,9,1,3,1,1,1
"SLC37A3",252,115,185,219,138,265,168
"TAS2R6P",15,6,11,14,17,11,1
"CPED1",22,11,92,250,42,213,23
"LUC7L2",547,187,291,254,173,472,549
"PTMAP10",1,0,1,1,5,0,3
"MYO1G",757,183,989,584,708,711,489
"AKR1D1",8,28,2,0,1,1,0
"ING3",110,36,85,63,66,136,62
"TAS2R5",30,23,14,39,31,18,2
"MTCO1P55",6,22,10,14,21,3,1
"BPGM",81,75,59,52,32,79,57
"AGK",335,347,267,258,221,330,213
"INSIG1",280,105,149,122,122,318,208
"ACTR3B",82,79,76,88,58,116,33
"MTND2P5",17,18,2,11,24,4,4
"AKR1B1",163,144,126,160,104,211,72
"TMEM213",2,6,1,2,1,3,2
"TRIM24",494,285,345,261,294,554,322
"KDM7A",435,328,369,240,174,670,726
"MACC1",17,10,47,15,23,16,27
"AKR1B10",29,129,12,4,12,17,11
"FMC1",14,4,8,21,4,10,2
"CHCHD3",241,209,194,154,149,294,126
"NDUFB10P2",4,50,5,9,1,4,2
"ZNHIT1",224,316,219,267,259,230,156
"DENND2A",2,24,17,125,6,53,5
"SVOPL",2,1,0,6,2,3,0
"MKLN1",989,410,618,408,412,1022,638
"RPS3AP28",42,5,10,5,8,21,4
"COPG2",173,79,122,137,89,196,87
"VIPR2",177,142,162,82,160,130,74
"CTB-30L5.1",26,5,21,12,26,18,10
"COL28A1",17,30,21,69,10,18,6
"RN7SKP228",1,5,9,2,12,7,18
"MIR1183",7,9,16,9,25,6,31
"MIR1200",15,10,4,4,9,12,5
"SNORA5A",18,18,6,14,16,12,18
"SNORA5C",20,2,14,34,22,10,13
"RNU1-14P",2,2,3,2,9,0,16
"SNORA22",17,12,7,8,8,15,10
"RNU6-10P",19,15,46,7,41,14,66
"MIR5692C2",4,2,5,3,2,5,4
"MIR591",3,0,4,0,0,4,3
"MIR4653",4,3,2,3,0,1,0
"RNA5SP237",0,2,1,6,0,1,6
"RNU1-29P",2,0,1,0,2,0,7
"RNA5SP247",6,2,6,7,2,13,6
"MPLKIP",189,227,161,210,162,136,81
"SUGCT-AS1",0,6,1,4,5,1,5
"HBP1",424,344,399,321,315,669,447
"GPR22",50,20,30,10,18,41,28
"RWDD4P2",12,21,11,7,10,14,16
"SUGCT",9,36,20,23,6,11,5
"CLEC5A",9,13,5,15,9,13,2
"FDPSP7",22,12,57,71,47,24,22
"DTX2P1",24,19,47,44,31,11,22
"UPK3BP1",8,13,24,16,4,4,2
"PMS2P11",17,12,14,11,11,9,9
"PMS2P9",8,1,4,0,7,2,7
"COPS6",182,226,192,243,177,259,116
"MIR25",4,4,6,6,5,6,0
"CNPY4",110,70,135,186,149,144,99
"MBLAC1",18,15,22,18,15,27,11
"TRAPPC14",206,175,256,248,153,197,146
"GAL3ST4",563,305,512,508,487,465,449
"GPC2",371,151,259,191,227,198,371
"PPP1R35",4,0,6,9,7,7,1
"SPACDR",14,7,5,18,12,6,8
"MIR3609",488,351,620,789,385,720,543
"RNF14P3",87,20,47,50,52,41,49
"MIR1285-1",5,2,15,10,8,12,10
"CDK6",3212,1468,1460,890,1851,2446,1657
"KIAA1549",853,1484,228,174,187,199,107
"GPNMB",104,679,454,718,268,966,311
"SLC25A13",75,119,70,108,39,109,43
"TAS2R4",188,134,104,124,172,77,45
"CCM2",869,492,939,713,782,671,675
"ZNF92",84,29,50,30,20,62,48
"WDR86",21,18,47,54,22,30,14
"MTND5P8",2,11,0,0,0,2,0
"IFRD1",92,65,77,86,52,268,64
"LSMEM1",8,13,10,7,7,16,9
"NOS3",13,10,24,111,6,42,19
"ASIC3",30,94,25,50,27,16,15
"CDK5",41,41,24,19,21,21,9
"TMUB1",121,180,115,137,87,100,90
"ABCF2",76,79,68,74,57,65,33
"HERPUD2",227,160,251,281,185,317,147
"RSBN1L",356,157,240,186,189,346,259
"TMEM60",26,21,12,20,14,20,15
"GGCT",54,29,31,14,18,30,41
"TRPC6P10",34,11,34,16,24,16,16
"CRHR2",2,79,11,35,7,9,6
"GARS1",447,302,383,276,283,503,321
"TMX1P1",21,19,17,17,23,17,15
"RALA",175,177,111,127,97,180,118
"CICP22",3,1,9,12,6,2,3
"SSBP3P1",36,24,23,29,20,32,27
"MGAM",18,10,16,13,11,495,1
"POU6F2",2,19,7,13,3,11,4
"CTAGE6",13,19,17,21,11,22,10
"SAPCD2P3",0,2,4,4,0,3,2
"RPL35P5",2,3,3,6,4,2,3
"RPL31P38",2,4,1,6,1,0,0
"GIMAP2",102,68,99,83,127,138,78
"GIMAP1",38,15,78,71,51,61,44
"GIMAP3P",0,10,3,6,5,2,6
"TMEM176A",22,8,16,88,11,63,13
"ST7-AS1",7,1,7,5,7,2,1
"ST7-OT4",34,64,26,37,18,32,16
"TPM3P1",25,14,11,22,2,14,3
"ST7-AS2",61,85,23,48,24,33,21
"ADCK2",83,66,78,80,36,65,36
"NDUFB2",126,139,105,167,84,177,78
"MRPS33",80,117,62,69,44,103,36
"DUS4L",24,37,19,11,13,23,17
"CPA4",6,4,3,4,9,12,0
"MESTIT1",14,4,6,25,9,9,5
"MEST",55,53,103,163,51,194,72
"YBX1P4",3,4,4,8,5,10,6
"SEPTIN7P6",61,10,32,17,11,27,30
"CCT8L1P",6,1,5,2,2,2,3
"CPSF4",189,219,204,289,178,174,115
"ATP5MF",205,180,179,173,155,228,113
"ZNF789",321,320,316,307,281,258,222
"ZNF394",349,374,430,459,341,400,278
"FAM200A",44,50,28,42,21,27,14
"ZNF655",1739,1246,1161,1001,865,1184,1063
"TMEM225B",16,25,4,14,5,11,8
"ZSCAN25",335,257,319,381,224,323,210
"CYP3A7",2,2,1,11,14,8,1
"GJC3",1,4,1,6,1,0,1
"CNTNAP2",495,267,161,279,89,147,147
"SRRM3",59,53,58,71,71,36,23
"YWHAG",626,704,331,479,228,665,416
"SSC4D",6,4,4,19,6,7,3
"ZP3",71,135,75,108,77,65,68
"FDPSP2",40,16,59,67,52,25,13
"CRPPA",14,5,13,19,5,17,3
"RPL36AP29",2,1,1,1,3,4,1
"SOSTDC1",4,0,1,5,1,1,0
"ACTB",14472,5556,12121,11614,8134,24268,6277
"FSCN1",130,110,185,235,66,245,78
"RNF216-IT1",18,17,22,14,19,22,12
"SMARCD3",17,35,41,93,39,58,8
"DMTF1",1333,744,1230,1018,1174,1360,1140
"ZKSCAN5",199,229,170,157,137,179,108
"TMEM130",177,94,8,11,13,14,11
"AOC1",2,2,3,15,10,11,0
"RNF216",481,387,622,744,477,808,239
"PHF14",724,453,670,579,575,860,432
"CEP41",217,150,133,136,165,139,51
"LAMB1",1026,1639,787,1964,674,1527,631
"LRRC61",42,18,39,27,18,28,28
"RARRES2",31,33,59,218,38,104,18
"SDHDP2",5,2,24,5,8,15,11
"NUP205",655,374,581,374,392,850,342
"SCRN1",494,357,536,508,292,648,939
"FKBP14",46,52,60,71,25,50,39
"AEBP1",1927,1170,2381,3092,1852,2586,1320
"VPS37D",10,10,9,18,5,4,9
"DNAJC30",92,101,112,170,78,83,55
"STX1A",15,39,26,38,19,21,8
"CLDN3",16,5,17,6,7,4,8
"METTL27",30,3,31,62,9,18,4
"RBM28",613,591,525,644,421,590,315
"HILPDA",54,179,52,101,33,57,62
"METTL2B",135,303,148,225,99,107,122
"MIR548O",7,0,3,0,2,4,1
"ALKBH4",47,75,59,73,34,39,33
"LRWD1",105,253,127,163,93,103,62
"UPK3BL1",1,14,4,16,2,2,7
"RPL7AP39",7,3,8,6,6,3,8
"TNRC18P3",12,25,19,34,7,14,9
"GPCPD1P1",0,0,2,1,7,2,1
"CFAP69",12,16,14,46,4,40,4
"GTPBP10",246,226,157,178,141,220,77
"CLDN12",105,83,42,83,36,33,29
"CDK14",355,727,147,262,111,232,82
"TVP23CP1",25,47,4,13,6,10,2
"PTP4A1P3",3,4,1,2,1,8,2
"FZD1",64,203,64,141,55,124,29
"CAV1",79,66,205,557,77,450,62
"TRBV10-1",3,0,3,4,12,7,6
"TRBV11-1",11,9,12,6,7,5,3
"TRBV12-1",1,0,5,0,8,8,2
"TRBV10-2",6,6,7,3,12,10,12
"TRBV12-2",4,3,22,7,27,13,3
"TRBV6-5",49,17,57,40,46,51,31
"TRBV7-4",30,14,22,17,44,28,7
"TRBV5-4",50,15,61,35,41,45,37
"TRBV6-6",25,7,34,25,33,39,24
"TRBV7-5",13,3,21,10,25,24,17
"TRBV5-5",37,10,36,16,41,27,35
"TRBV6-7",21,13,32,17,43,32,13
"TRBV7-6",32,16,48,21,42,43,28
"TRBV5-6",58,28,49,34,69,56,42
"TRBV6-8",43,8,34,22,53,34,16
"TRBV7-7",37,26,41,19,52,40,31
"TRBV5-7",42,16,30,19,42,22,22
"TRBV7-9",102,7,94,59,102,80,46
"TRBV13",33,3,25,15,10,32,12
"TRBV10-3",37,17,51,30,21,51,21
"TRBV11-3",38,15,29,10,28,16,13
"TRBV12-3",48,11,38,32,40,72,19
"TRBV12-4",46,18,72,51,64,82,35
"TRBV12-5",10,5,33,17,25,20,4
"NFE2L3",370,309,166,143,113,249,246
"CBX3",838,296,446,270,392,821,626
"LINC01448",0,12,0,0,0,0,2
"PSMA2",96,70,46,50,28,47,61
"MRPL32",78,130,77,74,50,140,59
"CRYZP1",35,20,36,19,30,48,33
"DNAJC2",206,219,151,140,143,186,116
"RPS29P16",9,1,6,3,3,1,4
"RN7SKP86",2,5,16,16,11,2,19
"LIMK1",192,183,135,193,76,96,60
"MIR590",7,2,19,8,8,15,1
"PSMC2",275,256,183,187,157,356,164
"CROT",82,103,73,73,45,89,22
"ABCB4",14,8,14,22,14,21,9
"ABCB1",33,0,35,41,15,65,6
"HNRNPA1P9",2,4,4,3,3,2,1
"PPIA",2484,2145,1639,1487,1466,3411,1464
"H2AZ2",1828,1131,1066,1040,920,1647,1425
"PURB",662,420,413,317,265,596,356
"DBNL",1065,1879,1415,1487,1189,1383,887
"POLM",471,411,514,482,372,348,301
"YKT6",474,290,302,308,264,319,192
"FGL2",209,78,240,334,108,722,170
"RN7SKP130",6,6,18,10,8,8,10
"LAT2",77,68,163,164,139,180,58
"RFC2",70,106,97,120,56,130,59
"CLIP2",223,141,211,316,121,171,88
"RNA5SP233",4,22,2,1,0,3,1
"INHBA",14,64,9,32,2,20,6
"INHBA-AS1",1,7,0,2,0,0,1
"HMGN2P30",2,1,6,4,5,1,2
"PRSS3P1",13,11,15,9,30,17,2
"WBP1LP1",4,0,9,11,19,11,2
"TRBD1",21,1,13,15,17,16,2
"TRBJ1-1",19,0,5,5,23,8,10
"TRBJ1-2",105,24,117,106,114,63,76
"TRBJ1-3",126,34,129,98,147,95,90
"TRBJ1-4",242,36,134,127,139,130,133
"TRBJ1-5",172,37,119,103,117,111,65
"TRBJ1-6",116,25,107,72,99,133,63
"TRBC1",2497,524,1948,1402,1815,2349,1202
"TRBJ2-1",8,6,14,19,11,14,8
"TRBJ2-2",39,12,39,32,32,31,21
"TRBJ2-2P",34,4,34,34,23,9,27
"TRBJ2-3",57,3,28,34,24,45,21
"TRBJ2-4",33,9,28,21,20,20,9
"TRBJ2-5",9,2,10,18,13,8,8
"TRBJ2-6",38,16,40,32,11,18,13
"TRBJ2-7",107,40,82,118,67,51,48
"TRPV6",95,73,144,173,96,158,84
"TRPV5",1,1,0,6,1,6,1
"KEL",12,5,24,44,13,11,7
"LLCFC1",0,8,1,1,2,1,0
"IQUB",9,1,6,9,9,18,2
"NDUFA5",292,146,148,146,93,296,198
"LMOD2",3,17,5,1,3,9,1
"WASL",278,314,162,231,133,276,151
"RNU6-11P",69,9,338,42,214,67,344
"PCOLCE",28,36,47,217,31,129,20
"MOSPD3",36,36,35,65,21,26,13
"TFR2",12,14,8,14,11,6,13
"ACTL6B",1,3,3,1,1,1,1
"GNB2",414,310,336,483,163,441,161
"POP7",24,46,30,36,25,33,16
"ZAN",1,8,4,2,2,3,2
"EPHB4",38,221,153,477,45,152,42
"RN7SL750P",0,5,2,6,1,1,1
"SLC12A9",382,380,526,520,333,327,261
"TRIP6",159,384,150,308,85,149,46
"SRRT",587,534,746,1071,703,915,318
"GIGYF1",1184,1370,1318,1893,1019,1146,709
"DAGLB",202,107,253,300,228,188,120
"KDELR2",154,179,135,248,86,261,110
"RPL31P34",1,0,6,9,1,1,2
"RNU6-177P",2,9,1,2,1,3,2
"RN7SL81P",6,16,5,21,6,9,9
"CCDC136",175,1431,250,293,195,201,105
"ATP6V1F",119,287,70,110,57,124,41
"SPMIP1",6,48,7,17,4,12,5
"RN7SL306P",14,5,6,9,5,8,5
"ODCP",60,6,35,28,31,33,33
"TSPAN33",181,181,94,63,69,127,67
"RNY1P11",3,0,3,0,0,2,3
"SMO",123,119,59,159,45,67,38
"GLI3",308,1128,288,840,172,365,131
"PALS2",170,180,107,112,82,164,102
"DGKB",0,1,1,11,2,5,2
"ST7",116,70,69,113,42,95,35
"COG5",437,387,405,355,325,551,276
"ABCB8",447,628,406,448,310,231,143
"RABGEF1",38,57,26,34,19,48,17
"TRIM4",269,217,314,290,216,299,185
"CPA5",27,4,5,3,21,25,10
"KCTD7",246,170,350,301,249,240,256
"BHLHA15",8,3,20,38,21,27,7
"CCZ1B",370,165,320,284,194,350,207
"RNA5SP227",9,5,4,5,1,3,3
"EEF1A1P6",4528,2121,4657,5094,4005,4474,4332
"ACHE",128,304,75,56,40,48,30
"CUX1",2951,5763,1876,2206,1867,2241,1633
"STEAP1B",9,3,5,7,6,22,2
"NAMPT",583,632,237,346,137,5411,702
"CHRM2",2,0,2,24,2,3,1
"RNU6-1272P",5,13,0,1,0,0,0
"ZC3HAV1L",80,120,48,54,36,74,69
"ZC3HAV1",984,465,1101,784,1356,1831,1120
"RPL17P28",10,7,16,19,43,39,12
"IFT56",52,61,32,26,18,35,14
"MSL3P2",3,7,8,5,1,3,1
"UBN2",995,951,807,967,827,960,536
"AASS",123,64,182,384,174,329,158
"PRKRIP1",142,212,185,228,179,198,127
"RELN",7,3,42,84,21,42,15
"ORC5",90,36,57,47,32,79,30
"OPN1SW",0,2,3,30,4,5,0
"LNCRI",17,4,3,9,3,0,0
"MIR4655",3,0,7,4,3,3,2
"MRM2",4,0,1,3,5,2,0
"SNX8",112,115,107,141,72,148,39
"IMMP1LP3",2,10,5,8,2,4,4
"CHST12",332,320,542,600,338,265,203
"MAD1L1",91,51,113,65,98,70,34
"OCM",4,0,6,4,1,8,1
"CCZ1",384,169,291,246,216,295,207
"MINDY4",16,60,23,47,12,16,2
"AQP1",56,84,210,430,60,384,163
"KPNA7",2,5,8,7,2,5,2
"NUB1",458,350,500,426,379,672,476
"TAS2R39",4,0,6,3,4,0,9
"GSTK1",287,438,472,644,348,419,152
"TMEM139",1,14,6,7,1,2,2
"CASP2",1026,503,682,579,517,818,540
"RN7SL535P",24,17,22,32,26,23,24
"RN7SL481P",19,16,22,14,8,13,28
"FAM131B",8,25,10,51,7,17,4
"ZYX",496,1616,390,1140,253,885,275
"EPHA1",157,616,100,210,66,121,46
"TAS2R62P",11,1,3,8,8,4,0
"TAS2R60",2,5,6,4,0,8,2
"TAS2R41",4,10,4,9,5,5,1
"OR2R1P",5,17,3,4,4,5,1
"PAICSP5",11,5,10,7,7,6,3
"CTAGE15",12,23,13,20,8,17,6
"TCAF2C",39,39,81,87,43,53,46
"AKAP9",1469,1764,1624,1450,1286,2120,1225
"RPL6P19",70,48,69,91,80,59,55
"CREB3L2-AS1",10,12,28,38,17,44,10
"HYCC1",294,106,285,272,198,319,260
"AK3P3",18,4,16,16,13,14,12
"GPR85",4,0,1,2,2,1,2
"NUDT1",69,52,67,61,49,85,27
"EIF4H",1426,1085,1029,1199,777,1521,919
"ELMO1",471,88,619,561,443,902,276
"CLDN4",22,19,58,46,22,43,15
"LRRD1",1,5,1,3,0,0,1
"ATXN7L1",440,200,570,523,554,561,367
"NAPEPLD",276,218,211,184,178,183,144
"LANCL2",182,98,175,154,112,301,116
"KMT2C",4687,4179,5163,4795,4298,6442,4148
"CICP20",1,6,5,18,7,0,3
"IGFBP1",2,0,1,0,0,30,3
"IGFBP3",68,181,82,229,72,273,105
"FKBP9",92,332,219,748,103,379,105
"RPS29P14",11,5,8,5,4,6,2
"RN7SL505P",8,8,6,13,4,3,8
"RP9",67,44,57,67,45,46,67
"ZNF138",109,61,98,57,61,93,43
"SEPHS1P1",8,40,7,2,7,9,4
"EEF1DP4",6,7,0,1,1,0,1
"GARIN1A",47,331,75,157,64,84,35
"EIF4BP6",131,111,152,227,165,137,179
"SLC25A40",143,41,92,64,55,121,81
"DBF4",119,20,72,42,63,104,73
"SRI",75,30,84,90,54,126,44
"STEAP4",43,19,139,347,108,620,153
"ADAM22",203,32,146,140,130,235,93
"GSAP",190,175,308,373,208,298,173
"PTPN12",261,328,380,393,247,597,346
"CYREN",128,69,126,179,123,146,53
"RNF14P4",18,8,5,3,1,13,9
"TMEM140",113,130,137,200,116,153,71
"WDR91",291,236,324,482,265,404,224
"MIR6509",6,3,1,1,0,2,3
"OR2A42",41,65,46,72,45,48,33
"OR2A7",121,735,50,102,79,91,42
"OR2A1",62,65,40,85,38,39,27
"ARHGEF5",82,435,219,644,121,285,133
"OR2A14",1,8,1,0,0,0,3
"RBM33-DT",65,42,73,52,48,39,35
"RBM33",2938,1231,2656,2341,2800,3089,3151
"RNF32",29,43,37,35,29,19,22
"RNF32-AS1",16,37,23,15,13,37,10
"LMBR1",520,305,311,287,233,428,301
"RNU4-31P",9,0,2,1,0,1,2
"NOM1",228,284,276,309,206,232,129
"MNX1",6,2,1,5,1,1,0
"RPS27AP12",27,5,19,14,12,35,4
"EZH2",1132,381,789,484,779,811,919
"RNU7-20P",3,0,1,1,4,2,14
"RN7SL569P",2,5,4,5,11,5,2
"RNY4",4,2,47,12,16,16,33
"RNY3",79,18,233,19,44,58,74
"RNY1",52,10,253,41,124,243,151
"GHET1",3,0,1,1,4,3,0
"CCDC146",67,90,111,137,86,104,50
"MIR4650-2",0,8,1,2,3,4,1
"TRIM74",32,126,18,47,32,27,13
"PHB1P5",21,27,25,34,30,25,18
"PHB1P6",21,29,30,44,29,32,19
"PMS2P13",29,22,22,87,53,47,23
"ZNF853",30,27,39,87,33,56,20
"ZNF316",472,311,547,797,480,412,327
"ZNF12",279,186,230,196,182,368,172
"SPDYE20P",2,5,2,3,3,1,1
"MUC3A",6390,8590,4970,1818,6978,3014,5071
"TRIM56",1364,2584,1501,1849,1317,1408,1364
"HOXA1",1,2,3,6,1,2,0
"HOXA2",9,6,37,82,10,18,7
"HOXA5",10,0,5,10,4,10,1
"HOXA6",1,0,2,6,0,3,0
"HOXA7",2,3,2,0,4,8,3
"HOXA9",47,1,25,7,28,20,39
"POM121B",178,356,182,272,153,193,109
"NSUN5",199,126,174,206,136,155,91
"TRIM50",9,12,2,11,8,7,4
"FKBP6",19,15,27,31,14,12,5
"SEMA3D",3,0,6,35,6,20,5
"PHB1P15",19,21,21,31,25,27,17
"CASTOR2",503,268,386,725,352,471,256
"RCC1L",180,180,171,204,107,171,64
"FZD9",3,0,5,1,3,0,1
"SPDYE19P",27,47,22,80,24,18,21
"RBAK",201,142,176,114,111,242,141
"ABCB5",0,0,15,6,1,6,1
"ATP6V0E2",70,23,159,72,126,106,36
"TAX1BP1",553,442,396,222,260,617,421
"DTX2",348,364,483,731,422,335,229
"TNPO3",657,357,529,468,431,704,449
"H2BK1",3,3,4,9,3,3,1
"TNRC18",1133,2084,1288,3083,681,1240,436
"MUC12",334,24,247,123,226,273,147
"ZCWPW1",39,52,53,75,46,70,31
"TCAF2",104,113,191,168,101,127,104
"UMAD1",179,79,117,57,95,130,123
"HOXA3",23,9,35,161,22,40,15
"AMZ1",21,40,78,80,57,43,25
"ZNF736",529,217,415,318,271,409,347
"ZNF680P1",4,0,3,2,0,1,5
"HNRNPCP7",17,6,35,24,11,15,17
"ZNF680",166,52,133,103,76,79,139
"BNIP3P42",21,9,17,11,12,8,14
"BNIP3P11",82,2,73,29,37,36,37
"MIR6839",4,0,3,6,1,3,0
"VN1R42P",6,7,6,3,11,7,5
"REPIN1",889,700,715,838,667,674,409
"ZNF775",30,26,36,77,20,18,27
"GIMAP8",71,28,115,222,78,132,54
"MTDHP1",3,13,1,4,2,1,0
"SNORA22C",4,4,7,6,7,7,4
"ZNF273",76,57,55,50,29,52,37
"RPS2P32",4,4,15,12,11,12,4
"TRA2A",485,290,430,405,427,576,387
"CLK2P1",2,2,11,6,5,3,3
"CCDC126",38,9,11,9,5,29,6
"FCF1P1",19,9,14,6,5,9,9
"FAM221A",141,50,76,81,56,108,88
"RASA4",424,637,613,1192,259,358,269
"CYP51A1",9,8,14,16,3,8,11
"ARHGEF35",23,225,70,174,38,93,58
"KRIT1",551,425,475,415,318,376,390
"POM121",1225,1541,1072,1447,971,1327,823
"ABCF2P2",138,12,98,97,94,90,81
"BAZ1B",1161,1296,1077,1107,895,1530,927
"RNU6-1198P",7,0,0,4,2,2,0
"BCL7B",202,152,167,191,152,246,88
"GTF2IRD1",70,306,97,182,34,68,44
"POM121C",1032,1471,906,1188,788,1170,739
"HIP1",127,182,140,490,77,305,70
"CCL24",1,0,12,7,5,10,3
"RHBDD2",300,391,208,242,134,286,110
"RPL7L1P3",14,0,21,14,13,27,17
"SNORA14A",8,1,7,6,8,6,10
"TMEM120A",63,101,54,123,41,113,22
"STYXL1",93,115,114,85,71,60,21
"MDH2",334,492,252,274,141,442,159
"MRPS24",1,1,0,4,5,3,2
"URGCP",216,341,252,405,175,196,68
"TUBG1P",22,56,43,65,47,9,2
"UBE2D4",74,122,61,140,61,124,64
"RASA4EP",0,6,4,0,2,2,0
"UPK3B",7,18,27,37,15,8,12
"POMZP3",153,216,199,149,147,186,158
"ZNF107",1699,550,1761,900,1079,1047,1382
"C7orf57",7,7,3,1,0,0,0
"PKD1L1",79,68,125,141,63,63,11
"NCF1",22,86,90,113,57,174,23
"CLCN1",3,8,15,48,6,11,3
"EIF3B",761,515,635,812,460,864,340
"BRAT1",193,230,197,318,132,145,110
"VGF",0,5,5,7,1,3,2
"ASB15",0,11,1,2,1,1,0
"ZNF800",305,160,232,163,148,304,148
"DOCK4",76,65,174,410,72,295,124
"ZSCAN21",49,53,26,44,34,45,16
"FASTK",283,413,257,353,270,193,92
"TYW1",188,187,244,239,181,293,106
"CUL1",278,251,288,289,250,470,203
"TPK1",67,19,73,37,34,76,67
"SDK1",37,41,424,879,152,490,115
"BZW2",107,51,75,41,51,114,55
"NUP42",149,76,102,85,54,95,69
"AVL9",774,601,784,552,575,871,669
"LFNG",43,26,119,188,37,111,90
"CYP3A4",94,6,19,16,16,16,8
"TBL2",132,130,124,178,124,159,81
"DLD",340,231,172,115,141,341,193
"SUN3",1,0,5,0,2,5,0
"CCDC71L",308,63,164,123,113,243,158
"GTF2IRD2B",601,424,802,908,628,893,259
"KBTBD2",493,227,399,375,373,589,348
"VWDE",1,3,22,0,5,26,0
"TOMM7",264,296,206,369,149,409,156
"ESYT2",1215,2009,876,1194,605,1490,1084
"HOXA10",10,0,3,2,6,14,11
"TMEM178B",254,2053,134,236,69,142,66
"PRSS2",28,8,28,30,48,17,9
"DNAH11",101,111,237,238,141,89,121
"WIPF3",8,17,32,72,16,31,17
"C7orf25",1,9,6,9,2,3,2
"RUNDC3B",7,1,12,16,4,12,6
"MGAM2",6,0,3,1,7,14,3
"AHCYL2",177,106,222,204,186,302,110
"PILRB",133,474,249,421,183,130,128
"ELN",36,188,148,817,53,190,30
"RPL36P12",13,4,8,10,6,5,9
"RWDD4P1",26,20,18,13,8,10,19
"RNU6-1322P",3,7,2,3,5,3,3
"SPDYE2B",1450,3148,2627,2710,1452,1171,1149
"SPDYE5",486,970,796,818,606,272,476
"SPDYE9",214,322,225,290,204,140,163
"SPDYE11",203,275,206,269,220,136,138
"SPDYE13",152,264,181,195,178,116,118
"SPDYE15",154,257,164,194,169,133,123
"SPDYE16",328,811,613,705,544,226,368
"SPDYE17",164,183,169,184,144,90,120
"SPDYE18",503,957,760,855,728,343,456
"SPDYE1",232,502,425,460,363,181,248
"TAF6",143,235,150,217,134,160,94
"PRR15",1,8,0,2,0,0,0
"MIR550A3",5,7,3,2,2,3,0
"GTF2IRD2",327,485,425,524,306,374,246
"ATG9B",18,18,20,17,20,32,20
"GBX1",0,14,3,9,3,1,0
"SEM1",164,101,89,137,127,148,87
"DPY19L1",119,205,81,106,61,64,60
"CTTNBP2",15,10,51,180,30,96,11
"CHPF2",369,266,453,437,349,350,248
"ORAI2",333,536,462,375,205,325,210
"SPDYE10",255,393,259,316,260,181,180
"STEAP1",2,3,0,18,3,13,3
"STEAP2",176,534,69,237,51,186,103
"ZNF777",49,101,77,111,50,83,20
"ZNF746",467,448,480,499,395,411,231
"GARIN1B",0,37,2,4,1,1,0
"PDK4",121,1106,466,643,518,1135,46
"DYNC1I1",198,165,33,32,62,86,24
"SPDYE6",1076,2422,1897,1895,1029,801,800
"LAMTOR4",179,202,157,227,155,177,167
"MDFIC",175,123,182,167,108,214,133
"CTAGE8",33,184,33,47,24,46,13
"KCP",10,212,32,90,37,32,25
"SPDYE8",170,156,113,136,100,80,95
"STRA8",6,31,0,1,1,6,0
"GRIFIN",2,5,13,18,5,5,4
"POLR2J",162,201,191,206,175,216,95
"PLXNA4",64,36,103,200,31,145,34
"CTAGE4",42,204,31,69,21,47,15
"MAFK",641,187,585,584,408,432,321
"TMEM184A",141,104,277,214,152,114,60
"PSMG3",121,164,63,102,56,84,40
"ELFN1",65,1,20,12,11,11,10
"RNU6-1136P",1,2,1,1,9,2,2
"RN7SKP198",2,5,8,18,4,4,5
"LRRC17",74,22,20,62,20,63,7
"FAM185A",77,86,97,95,61,90,53
"NYAP1",1,8,10,26,4,4,0
"AGFG2",100,67,136,123,112,103,54
"FBXO24",28,20,38,58,34,35,21
"FAM237B",0,2,1,9,0,2,0
"ARPC1A",64,85,36,59,42,76,39
"ARPC1B",108,82,160,188,121,83,77
"PDAP1",437,690,440,615,428,480,337
"BUD31",39,51,52,61,60,82,37
"SPDYE21",118,309,137,211,173,77,131
"TRIM73",75,341,43,126,66,48,39
"GRID2IP",18,8,61,124,29,34,21
"ZDHHC4",69,38,71,88,54,70,22
"INTS15",172,93,228,223,147,206,78
"IL6",15,3,3,82,1,661,9
"COA1",752,445,873,757,694,812,577
"UPP1",26,41,52,64,33,160,37
"BMPER",12,40,23,49,9,17,14
"COL1A2",354,2003,681,2607,223,2074,225
"CASD1",197,49,114,92,88,242,104
"TMEM248",586,518,488,549,355,727,432
"MIR4650-1",0,8,1,2,3,1,1
"JAZF1",132,112,84,75,64,91,75
"RNU6-979P",12,8,12,3,8,5,12
"SBDS",144,93,97,97,62,273,120
"SPDYE2",1498,3115,2514,2561,1420,1211,1058
"SPDYE12",136,154,124,124,91,75,102
"SNX10",108,46,86,61,67,104,59
"STARD3NL",146,99,98,113,74,160,73
"TRGC2",107,35,100,64,91,72,42
"TRGJ2",4,9,4,4,8,2,2
"TRGJP2",4,0,8,0,1,2,2
"TRGJ1",9,4,4,4,2,0,0
"TRGV9",3,12,2,6,11,2,2
"TRGV8",9,0,3,7,3,2,2
"TRGV7",4,6,7,4,5,7,0
"TRGV6",3,1,1,6,4,2,0
"TRGV5P",14,4,14,9,24,35,3
"TRGV5",24,2,16,14,36,26,7
"TRGV4",33,1,23,13,37,38,18
"TRGV3",65,2,44,26,77,62,12
"TRGV2",39,7,38,19,62,39,15
"TRGV1",77,23,79,34,121,44,70
"TRGC1",51,4,22,8,15,23,9
"ITPRID1",1,0,10,10,3,4,0
"XRCC2",137,139,100,55,94,102,78
"IKZF1",4297,1066,3258,1718,3875,4025,3223
"TRBV14",59,10,54,23,72,67,53
"TRBV15",54,23,62,41,79,79,52
"TRBV16",39,3,33,15,38,19,17
"TRBV17",13,5,19,3,17,7,4
"TRBV18",39,21,61,60,59,58,34
"TRBV19",50,7,72,92,87,59,40
"TRBV20-1",58,3,75,53,54,79,41
"TRBV21-1",15,1,20,20,37,11,21
"TRBV22-1",36,4,35,20,47,20,18
"TRBV23-1",46,8,29,12,19,39,29
"TRBV24-1",51,7,60,30,58,45,38
"TRBV25-1",42,17,31,22,29,28,28
"TRBVA",32,7,38,18,30,12,23
"TRBV26",40,14,44,21,37,18,38
"TRBVB",20,8,15,9,16,11,12
"TRBV27",116,13,97,38,92,128,58
"TRBV28",174,38,121,38,135,276,129
"PGBD4P1",42,1,27,12,23,55,24
"TRBV29-1",60,5,38,18,31,59,24
"CARD11",219,45,451,362,306,405,139
"TYW1B",77,49,142,138,111,141,56
"WBP1LP2",2,7,2,3,2,1,0
"SLC26A4",1,58,1,5,7,7,5
"CBLL1",232,287,221,242,179,312,176
"SLC26A3",3,2,2,5,1,3,1
"SH2B2",10,22,20,31,12,33,6
"POLD2",344,271,241,360,241,271,147
"LRGUK",14,58,50,38,23,28,15
"SLC35B4",244,153,168,143,110,221,105
"ZNF786",85,92,106,129,81,69,25
"ZNF425",16,28,23,31,12,10,8
"RN7SL521P",6,1,14,14,11,5,7
"PDIA4",319,232,343,439,316,534,185
"PTN",94,787,40,91,21,55,22
"PIK3CG",501,85,433,253,322,661,288
"AIMP2",36,41,35,59,26,30,10
"SNORA80D",4,1,8,6,5,4,1
"ANKRD61",77,61,75,40,62,50,51
"CFTR",1,4,9,10,0,2,3
"SAMD9",393,132,337,113,183,438,236
"HEPACAM2",3,3,3,0,0,2,0
"SAMD9L",357,315,625,253,305,560,237
"RNU6-1010P",6,20,6,10,5,14,4
"SEMA3E",10,13,60,91,36,88,39
"RSPH10B2",10,34,22,14,17,9,8
"PDGFA",71,157,70,375,26,107,37
"CCDC201",1,5,0,2,4,1,1
"AUTS2",1025,1736,651,1092,768,803,554
"EGFR",1131,4954,904,2613,625,1255,763
"IRF5",29,56,75,121,81,117,18
"NUDCD3",528,488,538,719,405,542,258
"RPL32P18",31,19,28,24,25,23,22
"CICP28",7,0,9,23,7,2,3
"CICP24",3,1,9,14,7,0,5
"GABPAP",25,20,22,14,27,35,21
"CDK13",1329,1393,1446,1550,1144,1422,887
"KMT2E",1863,1677,1698,1863,1444,2432,2125
"CICP11",4,1,10,6,0,0,2
"COBL",13,107,22,85,19,31,16
"CICP17",2,4,13,10,12,1,3
"CYP3A7-CYP3A51P",1,2,3,1,2,0,3
"DUS4L-BCAP29",38,136,28,37,21,31,26
"BCAP29",21,62,21,24,16,17,10
"GPR141",14,8,28,8,7,33,12
"EPDR1",108,104,51,97,45,69,36
"NME8",3,0,7,3,2,14,1
"MIR6133",7,4,5,6,1,0,6
"COX5BP3",34,40,19,16,27,23,19
"RPS3AP27",47,20,30,19,14,16,21
"PILRA",23,76,29,81,32,70,19
"PTCD1",28,33,26,50,23,39,11
"ATP5MF-PTCD1",0,3,0,5,5,1,0
"DNAAF5",159,113,122,146,73,119,59
"PRKAR1B",142,114,116,178,91,115,32
"FOXP2",0,26,22,47,6,17,8
"OR10AC1",97,5,41,64,8,8,17
"LINC02604",182,210,127,237,115,55,59
"GIMAP5",65,19,90,111,58,75,52
"LSM8",744,549,609,427,467,548,573
"TTYH3",603,333,447,552,348,485,350
"PVRIG",36,30,30,48,33,37,28
"RAC1",936,771,786,1030,649,1071,768
"MLXIPL",27,4,83,327,35,108,40
"TMEM106B",299,206,155,153,98,245,155
"NRF1",244,119,274,243,216,337,186
"UBE2H",884,707,693,845,587,1015,777
"RNA5SP245",7,10,5,1,1,0,1
"TRRAP",2661,1680,2505,2589,1978,3007,1041
"POLR2J3",350,1319,878,910,503,270,388
"POLR2J2",303,688,817,704,400,265,316
"ADCYAP1R1",3,3,56,297,30,124,19
"TNS3",567,231,443,1278,250,443,113
"SEPTIN7",1087,777,915,711,745,1191,1173
"INTS4P2",17,32,14,34,11,7,7
"TCAF2P1",9,16,25,26,18,7,10
"CCT6P3",12,0,12,7,6,12,7
"SPDYE7P",26,57,81,68,41,13,35
"ZNF890P",4,4,1,7,2,2,0
"CCT6P1",13,0,13,7,9,11,8
"RP9P",1,3,5,3,5,1,3
"GTF2IRD1P1",0,9,0,4,1,2,0
"DPY19L2P3",6,12,1,4,3,3,1
"PUS7",62,111,29,38,17,52,17
"BRAF",891,498,741,663,601,1049,862
"CACNA2D1",39,89,85,103,39,182,44
"CACNA2D1-AS1",3,8,5,6,2,9,4
"CALD1",136,384,549,1928,280,1412,419
"CALU",310,425,214,370,190,523,250
"HTR5A",18,2,1,3,123,40,0
"DPP6",11,2,43,124,52,192,53
"CHN2-AS1",25,7,29,19,30,29,27
"NANOGP4",9,4,14,14,9,18,3
"LRCH4",365,137,445,419,379,349,404
"SRPK2",758,380,603,482,454,890,667
"SYPL1",169,103,102,82,67,234,118
"PMPCB",395,275,328,337,295,437,229
"POR",247,270,307,439,196,371,150
"PRKAR2B",39,14,87,276,36,341,74
"SPDYE14",175,285,194,212,150,139,125
"PHTF2",182,88,174,102,136,239,170
"FBXL13",111,112,86,123,56,121,58
"PRRT4",8,0,5,12,6,6,5
"CHN2",79,64,84,73,104,109,70
"DGKI",3,21,11,23,6,20,2
"CREB3L2",442,391,499,964,456,1012,461
"POLR1F",97,68,38,25,31,100,51
"TMEM196",5,0,3,1,1,4,5
"BUD23",135,128,120,129,80,147,67
"CPA1",2,9,2,5,3,2,1
"CNOT4",418,645,436,479,417,562,364
"NPC1L1",1,20,2,10,2,2,1
"DDX56",217,262,273,331,205,228,80
"OGDH",605,1023,493,640,294,638,171
"ZMIZ2",995,996,1378,1580,985,985,530
"HDAC9",63,146,136,165,115,148,55
"TBXAS1",217,92,217,170,181,344,140
"RASA4B",689,649,1033,1963,403,691,360
"WIPI2",548,396,478,557,422,592,347
"SLC29A4",23,48,15,90,14,33,7
"CAMK2B",49,103,6,14,12,9,5
"GCC1",131,124,161,188,104,191,80
"ARF5",119,108,75,122,51,138,40
"FSCN3",5,15,6,8,2,6,1
"IMPDH1",61,92,103,176,45,119,21
"ACTR3C",87,108,134,122,98,110,47
"GALNT17",45,142,71,324,50,45,37
"DNAJB6",1361,1088,1050,951,1052,1231,1082
"PTPRN2",19,27,22,33,9,36,17
"THAP5P1",20,4,11,2,5,7,9
"CAPZA2",256,185,163,150,144,341,166
"MAGI2",57,164,74,182,38,106,27
"STAG3",218,161,184,211,188,194,269
"IQCE",127,197,190,250,132,163,58
"FBXL18",139,175,134,236,86,132,60
"ETV1",11,134,36,68,24,92,28
"RAPGEF5",692,488,620,966,695,970,546
"HOXA4",6,4,5,13,2,1,2
"EEPD1",199,73,224,198,129,242,81
"FIGNL1",114,60,129,108,136,157,106
"CYP3A5",322,189,217,332,249,276,157
"ZKSCAN1",1248,1287,1057,1313,1002,1208,805
"ZNF3",297,345,332,341,262,357,239
"SLC26A5",1,9,3,9,3,4,2
"GIMAP7",45,23,96,91,58,123,51
"GIMAP4",49,21,117,121,49,165,57
"GIMAP6",142,62,235,260,154,271,109
"TMEM176B",28,15,53,132,21,97,23
"AGAP3",110,391,195,694,104,153,57
"PAXIP1",871,418,730,389,1564,924,569
"UBE3C",789,697,659,672,492,802,517
"RPL36AP30",28,12,15,6,18,14,7
"MCM7",891,372,879,755,674,1040,423
"COPG2IT1",306,153,352,584,315,351,503
"MET",47,109,107,218,63,160,66
"RN7SKP75",2,2,3,10,0,0,2
"CALN1",1024,215,684,676,703,1043,727
"RNA5SP232",7,1,7,5,3,12,2
"SND1-IT1",95,69,92,66,78,97,47
"LRRC4",183,496,227,281,193,219,116
"MIR593",4,3,0,1,4,2,3
"LEP",5,8,50,190,7,83,39
"RPL21P72",0,3,6,17,3,14,1
"TSPAN13",44,39,37,32,36,61,23
"AGR2",1,19,7,1,3,8,5
"KRBA1",66,68,83,154,71,67,35
"ZNF467",21,29,46,71,28,50,20
"SSPOP",30,100,26,77,27,24,8
"ZNF862",308,318,532,481,446,272,211
"KCNH2",27,356,19,29,20,21,4
"RSPH10B",11,28,15,13,19,10,11
"PMS2",308,399,335,423,234,296,159
"AP4M1",62,85,44,92,50,43,34
"CRYGN",3,2,11,1,3,4,5
"RN7SL76P",2,3,2,7,3,5,0
"RHEB",292,159,169,126,111,230,162
"ETF1P2",111,44,63,37,37,81,40
"PRKAG2",151,189,193,323,113,182,102
"PRKAG2-AS2",8,16,8,37,15,26,7
"STMP1",246,155,183,181,165,191,91
"SLC13A4",132,226,215,259,233,71,32
"FAM180A",2,6,5,9,1,7,0
"MTPN",717,502,386,357,273,714,374
"ZC3HC1",110,48,98,97,60,99,34
"KLHDC10",434,308,288,291,223,388,247
"TMEM209",129,154,100,96,75,192,45
"FLNC",13,164,64,334,14,203,8
"PRSS1",31,2,24,36,50,18,5
"STK31",20,0,15,8,1,12,11
"ZNF117",186,143,204,188,103,222,89
"ERV3-1",356,314,353,366,332,327,300
"GNA12",161,175,268,373,181,307,99
"EPHB6",1095,541,1185,1172,653,1528,768
"ABHD11",30,24,31,56,28,38,17
"MEPCE",44,40,37,97,65,77,17
"LHFPL3-AS1",1,0,4,2,0,4,0
"HNRNPA2B1",6502,4861,5524,4850,5043,8939,7100
"MIOS",169,53,179,91,96,198,134
"GLCCI1",1611,256,589,510,834,924,996
"HOXA-AS2",18,2,27,121,25,23,11
"HOTAIRM1",7,0,13,11,6,13,5
"HOXA10-AS",24,6,20,14,21,12,12
"SUMF2",461,371,434,456,351,561,445
"PHKG1",78,110,113,112,78,74,69
"CHCHD2",187,115,113,107,91,214,107
"CFAP144P1",0,9,2,1,2,3,1
"GUSB",189,85,225,290,170,316,69
"ASL",27,67,51,107,32,44,28
"CRCP",188,252,179,233,157,166,142
"GRM3",1,0,2,10,1,1,0
"STEAP2-AS1",1,1,1,4,4,7,0
"MTERF1",172,113,140,104,126,171,134
"RPS27P17",7,1,26,10,6,5,21
"TFPI2",6,6,21,7,8,24,5
"GNG11",49,16,34,41,16,100,37
"BET1",68,89,35,77,53,58,41
"CYCS",187,279,97,121,88,244,100
"SPMIP4",51,27,51,71,38,85,38
"NT5C3A",88,56,67,53,49,113,73
"MATCAP2",42,38,44,87,19,48,20
"ANLN",314,190,181,125,236,266,170
"AOAH",246,21,213,211,228,531,176
"AOAH-IT1",17,4,15,20,29,9,11
"NPM1P18",0,0,1,0,3,4,4
"HSPB1",915,3935,493,1500,438,708,273
"FAM220A",1,0,2,6,0,1,1
"TMED4",670,592,443,563,393,433,397
"SPDYE3",828,797,687,821,721,558,541
"LINC00525",4,0,0,8,1,2,0
"PKD1L1-AS1",1,1,1,4,4,0,0
"HUS1",393,312,323,295,237,346,171
"DTX2P1-UPK3BP1-PMS2P11",217,192,285,329,261,222,126
"EEF1GP1",7,0,5,1,4,6,1
"CLDN15",183,164,217,337,217,124,128
"FIS1",175,178,173,230,119,206,81
"IFT22",75,60,46,51,25,70,13
"PTPRZ1",3,17,21,21,3,10,5
"CADPS2",102,222,88,177,54,139,48
"RPS26P31",35,6,26,24,35,31,51
"RNF133",1,1,0,6,2,4,1
"RNF148",10,0,2,4,4,6,2
"STAG3L5P-PVRIG2P-PILRB",406,669,408,745,362,349,465
"LINC02860",7,3,15,14,6,7,4
"LINC03011",12,15,15,20,7,9,12
"SNHG15",92,65,67,109,69,114,49
"JAZF1-AS1",6,4,4,6,5,3,1
"MIOS-DT",28,79,54,100,50,54,26
"HOXA-AS3",2,1,7,5,3,2,1
"POT1-AS1",38,50,6,16,18,26,2
"WASL-DT",5,8,0,1,0,2,1
"PPP1R9A-AS1",3,0,4,4,3,3,1
"CDK13-DT",7,17,10,21,9,9,9
"LINC03013",19,15,13,11,15,10,12
"HERPUD2-AS1",55,122,57,54,41,51,26
"NPSR1-AS1",0,8,1,2,0,0,1
"LINC00689",30,43,70,27,73,35,19
"LINC00957",13,7,25,38,10,28,6
"GIRGL",8,4,7,7,9,11,10
"LINC03009",349,492,334,331,291,341,314
"WDR86-AS1",10,6,14,24,5,14,2
"INSIG1-DT",25,28,31,22,35,37,20
"PRKAR1B-AS1",21,10,26,41,35,46,8
"PRKAR1B-AS2",9,16,6,13,5,9,1
"CPVL-AS1",14,3,1,0,4,9,3
"APTR",44,83,72,142,58,61,29
"CDK6-AS1",135,25,70,32,80,101,93
"KLHL7-DT",10,4,1,7,12,3,0
"LINC03016",8,32,16,28,10,11,5
"PAXIP1-DT",265,61,162,105,305,159,82
"LINC02981",18,100,22,54,31,26,7
"SNX10-AS1",9,12,7,10,6,5,4
"UBE2H-DT",8,1,6,8,2,4,3
"LINC00996",17,0,54,22,15,35,2
"LINC03073",65,279,158,424,110,73,36
"TP53TG1",66,69,49,66,48,48,29
"LINC01003",40,20,21,30,12,40,5
"LINC01287",3,10,5,6,1,5,7
"BET1-AS1",9,8,12,11,10,6,6
"LINC03076",17,22,19,20,20,13,21
"LINC03006",207,304,201,242,130,174,88
"CT66",3,8,4,2,2,0,0
"KIAA0087",21,23,13,23,16,22,6
"NFE4",11,3,6,14,5,19,5
"HILPDA-AS1",1,12,3,2,2,3,0
"GRM3-AS1",0,0,5,21,0,8,0
"GARS1-DT",1487,1723,1631,1695,1392,1266,1043
"KMT2E-AS1",840,542,665,664,614,720,580
"ZNF775-AS1",19,23,19,32,21,11,23
"PDGFA-DT",8,68,9,55,18,7,2
"FPASL",36,36,57,56,53,26,16
"NAMPT-AS1",1,0,1,0,1,11,0
"NDUFB2-AS1",3,10,5,11,5,13,3
"TAX1BP1-AS1",4,3,2,8,1,6,1
"SRI-AS1",9,8,19,43,19,63,11
"PAXIP1-AS2",306,195,303,301,410,256,174
"STEAP1B-AS1",12,2,6,4,8,29,15
"LINC02587",2,2,3,6,0,3,0
"KDM7A-DT",14,27,13,20,5,17,5
"CARD11-AS1",9,6,21,6,17,21,12
"ELN-AS1",2,7,6,15,2,2,2
"MICALL2-DT",8,70,8,19,10,14,3
"H2AZ2-DT",8,1,4,10,4,4,5
"MKLN1-AS",43,72,26,47,37,39,20
"PRKAR2B-AS1",8,6,13,33,7,11,8
"DMTF1-AS1",4,8,4,4,2,2,0
"RNF32-DT",59,51,87,88,34,50,32
"TRG-AS1",526,71,402,238,509,385,360
"EGFR-AS1",38,213,31,116,31,26,19
"ARHGEF35-AS1",176,226,185,285,137,195,104
"PDK4-AS1",6,13,8,39,11,10,2
"SDK1-AS1",1,2,36,58,21,35,21
"GLCCI1-DT",38,7,31,10,14,31,17
"PTPRN2-AS1",3,4,0,6,2,7,1
"EPHA1-AS1",77,154,63,82,52,48,23
"HTR5A-AS1",6,2,0,0,92,34,0
"FAM131B-AS2",33,46,20,75,25,33,6
"SLC26A5-AS1",0,4,1,2,2,3,0
"DLX6-AS1",0,0,23,25,8,11,7
"PSMG3-AS1",187,200,312,255,220,110,112
"LINC02902",1,10,0,1,1,0,1
"LINC02889",1,7,5,1,11,9,7
"LINC03008",3,3,2,4,4,7,2
"MUC12-AS1",8,0,3,0,0,2,1
"ELFN1-AS1",4,1,0,9,4,0,0
"LINC-PINT",819,1623,1558,2304,1038,3275,940
"ZNF277-AS1",29,51,19,11,13,24,29
"ATP6V0E2-AS1",18,13,77,51,58,24,19
"LINC00174",264,521,337,463,310,238,108
"MAGI2-AS3",97,394,172,480,112,176,99
"CYP51A1-AS1",9,26,4,6,5,3,3
"LINC00265",228,124,226,217,145,190,69
"SMURF1",287,234,338,460,257,426,224
"OR2AE1",0,0,5,6,2,3,3
"AZGP1",0,0,8,22,7,20,13
"FKBP14-AS1",16,1,14,13,11,19,23
"PLEKHA8",179,158,137,113,103,205,188
"MTURN",208,63,354,541,241,493,405
"ST13P7",1,1,6,3,5,0,4
"EXOC4",851,574,1019,910,847,1191,503
"ADAP1",17,31,16,56,32,24,9
"COX19",202,261,230,325,170,189,143
"CYP2W1",3,68,6,14,0,6,1
"C7orf50",162,356,88,150,57,106,34
"GPR146",9,39,14,33,15,14,7
"GPER1",185,63,55,92,31,38,19
"ZFAND2A",47,31,41,30,23,69,36
"ZFAND2A-DT",48,39,64,87,52,32,25
"LINC03072",168,132,155,215,109,117,101
"LINC03007",8,13,6,6,51,16,5
"ZNF398",167,237,224,241,211,278,234
"ZNF282",135,184,148,242,98,163,72
"ZNF212",137,57,107,145,72,144,59
"ZNF783",129,180,198,327,126,178,66
"RNF216P1",146,179,172,304,214,155,96
"PRR15-DT",43,18,32,23,23,24,16
"PON2",109,155,98,167,66,137,53
"DENND11",965,656,756,801,644,1049,886
"WEE2-AS1",25,17,32,31,14,39,20
"WEE2",8,3,14,8,3,6,5
"REPIN1-AS1",78,53,79,53,73,48,38
"SEPTIN7-DT",69,25,72,65,83,56,47
"RASA4DP",39,26,29,52,8,33,18
"SNHG26",47,17,50,89,33,105,46
"TCAF1P1",5,6,4,5,6,0,3
"DPY19L1P2",3,1,0,3,0,4,1
"ARHGEF34P",52,238,109,313,57,128,35
"FKBP6P1",13,31,18,18,14,14,9
"GTF2IP14",6,3,13,11,8,7,1
"SEPTIN7P3",3,1,2,0,2,1,6
"IRS3P",7,4,3,5,11,6,3
"RPS3AP26",239,56,191,171,128,155,165
"NPTX2",4,1,1,10,10,3,4
"LINC02848",45,8,30,41,31,35,1
"ZNF727",154,87,83,166,39,113,22
"TRIM60P17",7,11,4,17,2,1,2
"MTCO1P8",1,10,0,0,0,0,0
"FAM157D",39,6,30,27,19,103,6
"LINC03015",39,20,25,16,16,22,7
"LINC03014",8,0,11,21,7,3,1
"AGK-DT",12,174,5,13,7,6,4
"CPVL-AS2",30,7,24,55,40,18,22
"OR2A1-AS1",199,277,150,243,141,196,93
"LINC00513",278,785,636,902,455,928,441
"WNT16",2,0,8,11,10,6,2
"FAM3C",64,67,73,121,44,133,100
"PRKAG2-AS1",4,2,5,11,3,10,2
"GALNT11",432,286,251,309,263,308,187
"SLC4A2",182,207,216,313,199,169,87
"YAE1-DT",4,4,1,13,4,2,2
"YAE1",40,39,37,60,46,42,38
"STRIP2",37,8,30,15,22,26,8
"SLC26A4-AS1",4,146,3,9,6,15,10
"CBLL1-AS1",8,0,5,12,12,6,4
"LAMB4",1,24,2,2,0,1,0
"NRCAM",353,817,32,62,42,78,36
"PNPLA8",168,105,120,85,85,260,97
"RPL7P32",90,50,116,94,97,101,112
"THAP5",179,158,129,126,76,144,139
"DNAJB9",41,26,30,31,18,121,47
"EIF2AK1",695,794,547,592,455,709,473
"RN7SL851P",4,0,5,6,2,0,4
"USP42",297,166,199,240,182,295,162
"CYTH3",86,127,153,361,97,245,70
"THSD7A",69,137,49,133,42,75,20
"SCIN",14,8,17,29,8,15,4
"ARL4A",79,42,67,49,42,168,77
"PRSS58",8,5,22,6,5,10,18
"TRBV1",10,1,17,6,4,17,6
"TRBV2",46,4,47,26,18,46,37
"TRBV3-1",31,4,18,10,13,26,12
"TRBV4-1",18,5,52,20,33,46,27
"TRBV5-1",65,8,63,29,42,77,35
"TRBV6-1",45,7,45,12,18,63,30
"TRBV7-1",21,1,0,5,6,10,8
"TRBV4-2",83,26,28,9,32,72,26
"TRBV6-2",48,6,6,26,27,61,3
"TRBV7-2",80,5,20,28,46,132,31
"TRBV8-1",2,0,2,0,6,1,0
"TRBV6-4",4,0,4,3,7,4,4
"TRBV7-3",2,0,3,6,7,8,6
"TRBV5-3",0,1,8,2,2,5,2
"TRBV9",16,2,11,3,7,10,8
"TRBV11-2",19,6,21,10,24,36,12
"TRBC2",4681,784,3034,1926,2265,4203,2546
"OR9A2",5,1,2,1,1,1,0
"TMEM139-AS1",2,7,3,1,3,1,0
"SLC12A9-AS1",8,16,7,16,2,2,0
"UFSP1",3,2,6,10,10,6,0
"MYH16",23,29,9,21,6,8,2
"GTF2I-AS1",693,522,551,433,356,329,473
"SND1-DT",1,5,0,3,7,3,1
"GTF2I",2925,2978,2391,2159,2056,3188,2346
"PPP1R35-AS1",9,7,7,4,1,5,0
"TSC22D4",318,299,324,432,201,281,206
"PCOLCE-AS1",2,23,5,20,6,2,5
"PPP2R3B",511,242,247,330,131,163,109
"PRKX-AS1",8,6,23,26,16,19,22
"PRKX",435,348,294,392,324,358,306
"IL3RA",91,567,102,310,160,161,70
"P2RY8",191,138,258,193,267,349,111
"SLC25A6",932,627,740,1053,527,1156,398
"AMELX",4,0,2,12,2,8,2
"DHRSX-IT1",10,22,13,19,11,9,6
"DHRSX",99,50,128,122,70,183,70
"SHROOM2",51,158,80,154,63,106,24
"RARRES2P3",2,0,1,4,0,3,1
"ANOS1",62,336,74,219,37,133,64
"ASMTL",120,105,158,178,92,243,79
"HCCS",51,86,41,44,27,90,43
"NLGN4X",504,587,719,555,328,749,432
"GOT2P7",1,0,3,26,6,17,0
"SRPX",5,14,72,174,48,201,42
"LINC00685",33,40,39,35,32,23,14
"GRPR",1,4,1,1,1,3,0
"TMEM47",9,5,25,54,10,57,18
"UBE2E4P",26,50,17,25,12,21,26
"KLHL34",3,4,2,3,1,5,2
"SMPX",2,0,4,4,1,3,1
"CNKSR2",92,106,81,122,68,126,88
"PGAM1P7",3,4,13,7,6,7,1
"ADGRG2",84,623,107,189,95,152,102
"RAI2",11,12,37,191,22,134,18
"CTPS2",169,128,168,239,112,182,101
"GAPDHP1",14,34,28,10,16,22,17
"S100G",11,0,6,5,1,0,6
"MKI67P1",6,1,4,4,4,0,2
"RP2",71,59,54,43,35,103,34
"MBTPS2",89,85,81,64,24,91,52
"SCML2",60,22,32,33,27,48,20
"YBX1P8",2,5,11,4,6,4,4
"EFHC2",4,0,7,9,3,17,0
"CHST7",8,0,23,19,13,19,3
"CLCN5",101,141,89,93,52,111,67
"CHMP5P1",6,0,7,0,2,1,1
"ITIH6",0,5,2,2,11,1,2
"PTCHD1",26,56,9,27,15,19,15
"SYAP1",194,238,124,223,98,303,149
"MTMR8",52,33,56,37,29,39,25
"CDKL5",147,146,173,217,144,242,94
"CFAP47",11,3,4,1,7,4,3
"FAM236B",2,6,8,11,8,4,1
"YY2",13,50,17,17,9,9,12
"DYNLT3",53,47,22,25,24,44,24
"MAOB",2,14,39,141,19,112,21
"KPNA4P1",6,1,6,3,1,6,1
"VSIG4",12,22,28,71,23,41,6
"JADE3",132,91,101,88,121,150,175
"SLC9A7",172,50,247,210,173,270,174
"HNRNPDP1",3,3,2,2,1,2,5
"RBMXP5",0,2,9,5,5,3,7
"PHKA1-AS1",9,1,1,2,1,0,3
"MAGEH1",38,40,54,88,33,103,29
"DGKK",1,3,2,1,0,9,1
"SPIN4-AS1",0,11,0,0,1,1,1
"PIR",20,53,31,26,14,34,6
"RPL23AP83",0,3,0,6,0,1,2
"EDA2R",36,84,35,70,35,28,26
"CYSLTR1",14,0,32,9,20,48,28
"ATP6AP2",295,176,174,171,155,302,158
"SLC16A2",194,84,212,346,113,274,231
"TERF1P7",4,4,11,5,10,2,4
"LDHBP2",5,0,2,2,1,2,4
"TOMM20P4",5,1,1,3,3,6,4
"MAGED2",222,275,276,391,152,406,152
"KLF8",48,84,137,245,65,154,49
"PSMA1P1",21,1,15,3,8,12,16
"PCNPP4",11,1,6,3,3,4,2
"FGF16",0,4,0,5,0,3,2
"HDAC8",521,608,476,478,387,440,462
"UPRT",117,91,88,71,85,114,94
"HDX",5,2,22,27,7,24,9
"CORO1CP1",31,0,9,2,5,13,14
"PABPC5",6,11,4,6,2,3,1
"ARL13A",48,48,26,20,45,32,44
"BRWD3",708,373,656,446,479,1082,713
"RPSAP15",119,60,152,84,81,185,75
"EIF4A1P10",11,27,30,15,14,32,15
"EDA",32,158,46,135,18,35,6
"CHM",203,187,147,118,125,249,152
"STAU2P1",3,3,5,3,3,2,2
"HNRNPA1P25",31,3,26,10,18,17,31
"POF1B",5,4,11,7,7,21,4
"KLHL4",9,14,0,8,0,5,0
"VDAC1P1",8,15,5,4,5,10,13
"IGBP1-AS2",6,4,4,3,5,7,0
"MAGEE1",45,42,35,59,33,56,18
"RPSAP8",3,0,11,4,2,1,4
"RTL3",3,3,4,8,2,2,0
"BRAFP1",21,8,20,9,11,28,8
"TBX22",0,19,0,0,0,0,0
"ST13P18",7,1,6,7,10,7,9
"NBDY",65,32,24,29,20,63,24
"KIF4CP",6,0,12,5,15,17,5
"SH3BGRL",204,130,136,177,137,311,138
"CSGALNACT2P1",9,8,7,7,3,2,2
"TRMT2B",337,268,373,370,348,372,230
"TEX13B",0,12,2,0,0,0,0
"MAGEE2",0,0,0,6,4,4,1
"SERBP1P1",27,24,39,48,39,46,33
"XK",5,4,4,4,1,4,1
"RANBP1P1",10,4,11,5,7,2,2
"ARHGAP6",11,10,39,159,35,59,32
"TATDN2P1",0,4,2,3,0,3,0
"ATG4A",62,49,48,37,31,93,53
"AWAT2",0,12,1,21,2,1,0
"PSMD10",77,65,61,58,28,75,50
"LRCH2",18,8,5,30,7,26,4
"FUNDC1",51,6,26,18,14,34,23
"CCNB3",9,4,5,5,4,8,2
"P2RY10",68,33,66,29,33,129,54
"KRBOX4",122,102,120,131,109,124,94
"EFNB1",32,502,79,244,45,98,38
"VEZTP1",55,20,33,35,35,39,35
"CXorf38",232,115,195,233,189,205,184
"EEF1A1P29",19,8,31,24,20,14,23
"RPL31P63",5,1,6,12,14,5,9
"SPIN4",49,54,29,24,22,42,12
"RRM2P3",0,1,0,5,2,2,5
"MTCO1P53",2,0,3,4,1,2,4
"PRPF4BP1",1,0,3,3,3,3,1
"DCAF12L2",1,9,0,3,0,0,0
"THOC2",642,403,675,458,510,979,559
"ITM2A",348,32,269,143,230,575,289
"RPL26P36",3,0,1,2,1,0,5
"SUMO2P21",104,63,61,45,56,120,90
"SLITRK4",0,16,17,29,5,64,11
"NAP1L2",5,0,14,23,12,29,9
"FERP1",5,0,4,0,0,4,3
"HTATSF1",223,250,199,259,178,404,216
"TFDP3",1,6,1,0,4,1,0
"OR5BH1P",1,22,0,0,2,0,2
"IGBP1",166,180,147,142,118,221,115
"CNOT7P1",3,15,4,0,2,0,2
"WDR44",170,123,188,166,136,263,117
"PLS3-AS1",1,3,1,18,2,6,2
"ASB12",5,1,0,3,1,3,2
"PA2G4P1",3,0,2,7,2,5,5
"AMER1",86,520,144,239,89,174,64
"PNMA6B",0,0,4,5,2,4,1
"TMEM185AP1",7,11,9,15,8,6,3
"MTND4P24",1,0,8,3,1,0,7
"HSFX1",13,30,13,32,5,8,3
"AFF2-IT1",12,11,12,5,16,16,23
"MAGEA8",3,2,0,2,3,0,1
"IDS",82,87,123,215,106,183,68
"LDOC1",24,166,55,193,37,67,29
"MTCP1",4,7,14,9,4,21,7
"GPR50",0,0,3,1,0,7,0
"FAM226B",36,21,43,43,41,39,40
"IGSF1",1,58,1,20,3,7,2
"EOLA2",86,67,91,124,95,119,69
"FUNDC2",142,169,150,197,138,263,79
"EOLA1-DT",57,68,78,98,58,78,62
"EOLA1",86,81,67,117,74,136,49
"RNF128",3,14,7,11,7,13,8
"ANKRD11P2",25,41,60,72,44,51,15
"IDSP1",6,8,16,14,8,8,1
"LHFPL1",6,16,11,12,9,4,2
"F8",80,229,97,168,80,216,38
"AFF2",353,134,221,136,235,427,209
"HMGN5",41,119,67,34,63,108,78
"MAP7D3",66,75,111,175,79,204,68
"CBX1P1",1,2,3,6,1,2,0
"GLUD2",14,6,20,29,6,15,12
"TJAP1P1",0,15,1,0,0,2,0
"TBC1D8B",24,30,37,39,18,47,19
"MORC4",74,292,62,193,43,103,51
"VBP1",102,82,56,34,29,88,48
"IL13RA2",17,5,1,5,3,4,3
"PHKA1",121,208,83,139,131,111,61
"ZDHHC15",50,14,29,40,30,42,17
"ADGRG4",0,6,1,3,1,7,0
"HMGN2P48",1,0,3,0,2,7,1
"RPL21P134",10,3,14,5,9,8,9
"RAB39B",54,21,39,19,46,53,45
"NAP1L3",2,1,5,8,4,16,2
"RADX",37,4,42,18,20,50,27
"MIR548AM",0,4,4,4,1,0,2
"RN7SL732P",12,13,47,21,30,10,28
"SNORA11",8,39,57,138,38,18,38
"MIR325",5,16,10,2,3,7,0
"RNU6-3P",64,17,308,51,166,69,321
"LINC01560",18,19,15,22,21,25,11
"SYN1",4,22,21,29,29,18,26
"RPL7P57",26,10,24,12,15,27,22
"TIMP1",35,102,75,197,37,219,60
"ZMYM3",462,364,433,646,397,450,349
"ITGB1BP2",52,61,45,38,55,48,27
"ZCRB1P1",17,17,6,7,11,8,1
"PABPN1P1",41,28,42,33,20,46,36
"CXCR3",13,12,41,38,26,30,4
"CLIC2",32,16,31,53,23,93,30
"TWF1P2",6,1,0,4,3,4,2
"PHF10P1",7,4,5,8,3,4,2
"SRD5A2P1",2,6,1,3,2,1,4
"H2AB3",3,14,2,7,4,1,2
"TMLHE",208,230,236,161,189,251,145
"VAMP7",117,126,79,68,51,154,96
"FAM50A",83,215,120,170,90,146,55
"PLXNA3",295,529,384,746,316,292,104
"UBL4A",62,168,66,132,46,81,26
"SLC10A3",26,107,47,76,22,61,19
"ATF4P2",0,2,2,6,3,0,3
"HMGA1P1",2,1,4,3,2,0,4
"ZNF711",229,59,183,104,144,274,117
"RAB9B",30,17,19,28,21,35,22
"H2BP9",2,8,4,5,1,3,2
"ELF2P1",18,0,20,21,27,26,19
"TMSB15B",96,23,59,50,47,57,63
"SLC25A53P1",16,5,6,6,8,10,3
"MSL3",801,154,781,409,702,967,795
"PSMA6P2",3,0,3,0,6,4,2
"TLR7",42,13,51,34,22,41,22
"MIR766",11,10,13,11,18,5,8
"MIR4768",8,0,5,17,9,9,8
"NHS-AS1",6,3,11,25,2,9,3
"CHP1P3",0,0,6,6,2,3,5
"SCML1",88,78,101,76,70,173,46
"F8A3",118,77,87,37,72,91,62
"FAM236A",3,7,8,12,9,5,1
"HSFX4",8,4,7,12,4,4,2
"ZNF275",274,179,240,265,224,362,168
"ZNF157",4,2,9,4,8,10,8
"PUDP",88,75,90,92,84,104,68
"NALF2",0,20,1,4,0,2,0
"PNMA6A",2,1,4,12,9,10,2
"COL4A5",120,921,262,764,138,377,114
"RAB33A",9,2,5,4,2,11,5
"ZNF280C",78,57,52,41,33,85,38
"AIFM1",274,316,253,252,199,295,213
"SHISA5P1",4,8,2,18,2,1,0
"RN7SL15P",10,5,6,15,20,9,8
"YWHAZP10",23,21,44,28,39,55,43
"RN7SL144P",24,5,30,20,23,20,47
"GPR82",191,60,101,39,58,119,113
"RPS15AP39",29,15,21,6,13,16,15
"RNU6-202P",23,0,5,1,6,7,14
"FABP5P15",13,0,4,0,3,5,8
"COX7B",135,217,121,91,73,249,76
"FTSJ1",73,41,106,106,82,140,48
"EBP",18,10,34,49,17,36,21
"ASB9",13,3,6,6,8,7,5
"PIGA",120,38,67,88,44,128,99
"VEGFD",1,10,2,12,1,9,2
"CLCN4",111,167,49,68,42,80,30
"ACTG1P10",28,47,43,72,35,30,29
"MIR6895",4,1,1,4,7,2,2
"KDM5C-IT1",21,16,14,24,21,14,44
"RIBC1",23,40,18,26,35,29,17
"DUSP9",1,160,0,2,0,1,1
"PNCK",9,132,3,8,8,6,4
"BCAP31",179,419,207,296,142,289,118
"ABCD1",153,306,144,178,79,113,92
"PLXNB3",21,499,24,60,7,13,2
"SRPK3",56,207,54,92,37,27,11
"SSR4",183,154,179,255,139,336,101
"L1CAM",13,2,51,53,5,19,15
"RENBP",42,3,52,63,48,44,23
"HCFC1",2056,1575,1726,2062,1469,2082,875
"TMEM187",26,27,21,16,25,17,8
"TIMM8A",27,38,32,27,19,38,20
"RPL36A",44,47,46,23,26,27,33
"HNRNPH2",275,262,189,201,135,428,266
"CCNQ",22,27,24,33,18,37,7
"SLC6A8",170,2744,150,227,163,173,148
"RNU1-56P",1,6,1,9,6,3,4
"SNX12",171,331,131,202,105,178,96
"CXorf65",0,0,3,3,3,1,4
"MIR98",4,6,7,2,0,5,0
"RLIM",803,571,509,358,354,951,816
"NEXMIF",5,16,15,18,4,14,7
"RPSAP61",3,1,10,7,7,4,6
"DIPK2B",44,67,119,288,37,108,28
"PRPS1",225,424,184,138,300,315,173
"XRCC6P2",3,2,6,3,3,1,2
"RPL7P56",4,0,4,6,5,4,4
"RAB28P5",4,3,2,0,0,1,3
"RBMX",1871,1079,1448,1226,1526,2043,1370
"RPL22P23",6,2,3,0,0,1,2
"SRRM1P3",18,11,23,17,16,11,26
"GPR101",1,18,0,5,1,2,1
"TCEAL3-AS1",3,2,3,3,1,3,0
"TCEAL1",22,67,23,45,20,37,10
"MORF4L2",291,290,239,288,210,545,208
"TMEM31",2,15,1,1,2,0,0
"SLC25A53",51,54,90,87,98,89,61
"PLP2",90,361,126,183,98,200,88
"PRICKLE3",41,132,31,103,36,51,23
"CACNA1F",39,24,63,44,65,51,35
"CCDC22",94,46,111,83,67,94,49
"PPP1R3F",55,135,73,78,35,38,24
"ZNF182",99,51,124,103,112,121,67
"ZNF630",21,36,37,76,24,31,3
"ZNF630-AS1",1,6,1,7,1,4,1
"RNU6-707P",3,0,18,3,8,0,12
"UBQLN2",213,97,192,222,124,262,88
"SLITRK2",1,56,11,10,5,8,8
"PRPS2",257,69,145,100,130,237,123
"ATRX",1541,1236,1626,959,1189,2004,1574
"RRAGB",123,102,114,161,96,193,96
"VSIG1",1,11,9,11,6,2,4
"CFP",14,31,45,49,41,31,38
"TNMD",1,2,3,7,3,6,0
"SPRING1P2",5,6,4,0,1,1,0
"ARHGAP36",0,0,3,5,1,5,1
"RN7SL191P",1,0,8,0,1,0,4
"TMSB15A",16,0,0,0,1,4,5
"CTHRC1P1",8,2,7,3,10,2,9
"BMX",3,11,5,15,0,27,3
"AP1S2",73,23,32,30,20,75,18
"APEX2",106,123,107,111,74,115,45
"ALAS2",3,29,7,27,7,29,2
"FLNA",1693,2036,3209,9987,1414,5190,877
"RPL10",2158,1796,1721,2640,1408,4206,1050
"SMC1A",1570,1596,1212,1680,1788,1593,1540
"SLC9A6",150,106,127,102,86,185,104
"ATF4P1",0,2,2,8,3,0,3
"PNKDP1",2,0,5,2,5,0,1
"STK26",247,75,159,80,115,292,199
"RAP2C",124,90,101,85,68,140,86
"PLP1",16,51,23,57,29,35,28
"TLE1P1",8,2,9,3,6,8,2
"AP1M2P1",6,4,12,11,17,12,13
"NONO",2141,2229,1993,2037,1838,2518,1845
"TASL",26,3,38,16,25,31,20
"FTLP2",1,0,6,3,3,1,3
"GK-IT1",1,2,3,0,0,5,1
"GK-AS1",9,2,4,6,6,9,6
"PCYT1B",17,75,7,1,10,15,3
"POLA1",497,420,377,281,333,568,266
"SCARNA23",0,8,3,0,0,0,0
"EEF1B2P3",122,80,83,59,50,118,88
"WASH6P",139,50,173,245,154,108,61
"ZFX-AS1",8,1,3,3,1,1,0
"RPS26P58",271,103,191,200,158,202,211
"ARHGEF9",350,251,388,326,312,456,291
"ARHGEF9-IT1",8,1,4,3,12,11,5
"ZCCHC18",4,1,28,15,10,11,13
"TAF7L",9,23,2,5,2,6,4
"ZFX",913,449,506,625,691,651,571
"ZNF81",323,289,249,225,253,324,163
"MID2",34,113,44,102,24,92,40
"GPR174",659,64,370,165,290,373,379
"SEPTIN6",5654,1569,3121,2741,4909,3553,4394
"FHL1",119,70,227,1135,121,1120,117
"ABCB7",221,185,218,143,166,257,177
"API5P1",3,6,11,11,1,2,8
"ZDHHC9",41,35,56,97,37,147,49
"SALL4P2",1,9,0,0,1,0,0
"UTP14A",97,171,113,151,97,147,61
"BCORL1",140,947,189,406,137,175,144
"IRS4",849,6082,113,190,114,102,99
"TCEAL3",55,140,57,136,43,83,54
"FAM199X",215,269,139,133,114,209,174
"PLCXD1",397,172,297,361,231,193,170
"APLN",4,18,3,2,0,5,6
"XPNPEP2",31,12,19,36,14,30,7
"SASH3",718,281,788,549,612,1035,516
"ARAF",272,257,345,419,240,417,134
"CHRDL1",32,7,101,458,58,487,102
"CAPN6",1,11,11,37,11,24,8
"EIF4BP7",174,109,175,203,171,233,179
"SRPX2",6,29,41,201,25,146,22
"ATP1B4",0,5,4,1,0,2,1
"MCTS1",407,364,349,279,289,363,305
"C1GALT1C1",40,12,37,21,21,45,16
"CUL4B",705,622,477,405,383,678,621
"MIR505",2,2,2,4,5,11,1
"HNRNPA3P3",30,7,24,8,38,41,69
"MIR3978",8,3,7,2,2,1,0
"SNORD96B",4,3,1,0,1,1,1
"AMMECR1-IT1",2,5,4,5,3,2,3
"SOWAHD",3,2,3,4,4,3,1
"RPL39",833,288,597,366,445,1502,446
"RNF113A",40,40,48,47,54,63,42
"NDUFA1",127,233,103,137,88,252,112
"NKAP",88,155,83,129,69,127,75
"BCOR",801,1449,864,817,623,1132,720
"NPM1P8",0,6,1,5,0,1,0
"TBCAP1",17,6,9,5,7,10,14
"GSPT2",84,38,73,63,62,125,58
"RNU6-504P",5,0,4,0,2,3,0
"PGK1P1",0,3,3,4,2,3,4
"RNU6-1225P",3,1,21,0,4,3,14
"YIPF6",261,319,195,199,131,238,192
"OPHN1",56,200,147,394,85,171,76
"VMA21",314,246,112,131,82,193,119
"ATP6AP1",302,284,308,379,197,370,217
"SPIN2B",40,24,51,67,34,54,12
"CLDN2",1,31,4,24,3,16,4
"DRP2",132,78,99,88,123,97,79
"HSFX3",7,4,4,7,2,1,2
"ZXDA",51,82,54,90,44,88,40
"GK4P",12,3,12,4,6,12,9
"MRRFP1",1,18,1,0,1,0,1
"GRIA3",8,88,11,13,2,23,9
"H3P47",12,0,11,2,7,12,13
"TBL1X",681,466,643,698,1602,977,663
"GPR143",15,38,19,21,19,9,3
"EGFL6",0,7,0,4,0,0,0
"RN7SKP20",3,0,5,5,3,1,5
"RAB9A",28,28,55,44,32,76,19
"OFD1",521,273,547,577,402,458,346
"GPKOW",61,63,92,116,53,109,48
"RN7SL262P",5,9,10,24,8,5,7
"HSFX2",11,28,14,30,6,8,3
"SMIM10L2B",2,4,9,31,0,8,1
"ETDC",6,0,5,2,1,3,2
"ZNF449",55,54,55,60,26,68,36
"SMIM10L2A",7,9,16,84,10,13,7
"PRDX4",17,8,29,56,5,79,25
"ACOT9",37,64,101,196,40,144,52
"APOO",22,22,20,11,9,29,13
"RPL9P7",325,93,248,231,119,460,294
"CXorf58",21,2,5,0,6,7,1
"MPP1",598,263,499,400,424,674,603
"HMGN1P37",6,3,5,4,6,9,3
"H2AB1",6,11,2,7,6,4,2
"F8A1",150,130,120,74,129,175,73
"FOXN3P1",0,1,2,0,1,2,5
"H3P45",6,1,1,3,4,8,1
"GPRASP1",229,205,507,929,414,531,390
"RNU6-589P",8,0,4,2,1,2,2
"BEND7P1",2,6,2,4,4,2,2
"GUCY2F",6,128,4,2,7,4,2
"NXT2",52,36,16,8,12,36,21
"KCNE5",0,4,6,11,7,4,6
"ACSL4",359,333,326,215,166,503,285
"H2AB2",0,1,2,5,1,1,1
"F8A2",110,72,84,36,68,83,59
"TREX2",9,25,10,17,5,6,3
"AKR7A2P2",1,11,0,2,2,1,0
"ARSD",36,142,134,277,43,84,38
"PGAM4",48,19,33,23,25,23,36
"TAF9B",153,457,111,82,67,169,185
"ARSL",1,4,23,4,0,1,1
"MTND1P32",12,11,13,17,6,10,7
"MTND2P2",3,2,5,11,1,13,2
"MTCO1P19",4,5,2,4,4,5,3
"MTCO2P19",7,3,2,2,0,5,3
"MTATP6P19",5,9,4,2,2,9,2
"MTCO3P19",5,5,1,1,0,2,1
"MTND4P32",20,11,13,10,3,10,7
"MTND5P26",18,5,8,1,2,7,8
"MTCYBP32",9,1,6,5,1,6,4
"SLC25A14",76,9,51,47,30,53,29
"CYTH1P1",5,2,0,1,3,1,1
"PHEX",24,40,29,11,14,31,11
"GABRE",24,838,254,918,106,350,109
"EMD",100,136,106,168,63,177,58
"FRMPD3",5,26,14,10,5,5,6
"SHISA5P2",7,97,10,41,10,6,8
"UHRF2P1",56,189,57,46,19,53,44
"DDX3P1",62,104,48,49,38,54,63
"DDX3P2",5,12,2,4,0,0,0
"MKRN5P",17,49,35,71,15,44,18
"TRAPPC2",180,135,152,181,105,149,114
"RPS2P55",101,140,87,96,52,51,69
"TRMT2B-AS1",10,3,4,7,4,9,4
"TMEM35A",0,0,0,14,1,10,0
"CENPI",198,102,135,67,149,118,116
"HAUS7",10,8,20,18,14,15,8
"SAT1",288,211,422,417,312,1331,388
"SPACA5B",2,10,2,29,9,1,4
"STARD8",28,13,67,159,34,139,13
"CXorf49B",5,8,0,0,2,2,1
"GCNA",61,50,94,101,107,61,65
"CXorf49",5,7,0,0,2,2,1
"AMOT",127,622,138,344,210,198,65
"FAM156A",304,269,385,551,327,299,134
"DMRTC1B",5,5,5,5,13,8,3
"ZBED1",201,186,205,285,113,321,100
"LINC00102",10,0,13,16,9,13,11
"CD99",3233,1177,2850,1917,2916,3150,2432
"XG",42,13,15,19,50,26,21
"MAMLD1",19,10,28,53,8,37,13
"HSD17B10",67,100,69,97,52,116,31
"ZFP92",17,275,12,24,21,29,13
"PDZD4",13,56,33,113,16,20,6
"PCDH11X",0,0,4,4,3,3,0
"ZNF41",132,108,206,162,175,217,93
"PNMA3",19,5,60,56,31,83,20
"ZNF674",87,85,89,128,80,116,76
"USP51",46,25,32,58,33,52,24
"DMRTC1",5,5,5,4,12,9,2
"RNU6ATAC23P",10,0,7,1,2,3,3
"FATE1",1,0,2,1,2,1,4
"MAGED4",48,14,86,112,44,62,20
"GPC4",153,343,50,171,79,114,63
"RPS24P19",35,3,18,3,18,17,42
"FLICR",8,5,15,5,6,10,14
"GPR173",88,96,90,92,60,74,61
"TSPYL2",236,752,468,917,963,907,289
"FMR1-IT1",9,18,15,6,7,9,7
"FTH1P8",14,4,20,7,7,9,20
"TAB3",372,310,338,312,239,381,327
"MED12",933,834,1238,1361,1171,1236,822
"FMR1",730,465,527,376,450,651,680
"FRMD7",0,3,1,7,6,4,0
"GPRASP2",32,76,54,137,38,73,50
"MAOA",17,34,173,491,145,463,91
"MXRA5",125,1143,404,1308,255,726,281
"GAGE10",0,20,1,1,2,1,2
"MAGT1",237,214,167,244,111,299,136
"CETN2",30,44,27,36,21,47,12
"NSDHL",36,29,31,45,16,57,15
"PNMA5",1,18,5,5,2,5,3
"EIF2S3",1453,999,768,1028,772,1170,1017
"KLHL15",162,92,88,68,64,209,115
"MTM1",245,168,248,217,233,253,292
"PPIAP91",14,8,10,5,8,15,14
"NLGN3",240,277,343,254,355,291,223
"MORF4L1P5",29,1,16,5,10,12,13
"PRXL2CP1",10,1,5,8,4,4,3
"LAS1L",538,421,511,608,482,564,348
"NHS",83,53,166,434,122,201,117
"LPAR4",17,1,8,3,7,14,5
"PHF6",369,259,271,161,257,336,264
"HPRT1",72,48,26,18,30,61,34
"RPL36AP54",3,2,4,2,10,1,3
"PABIR2",360,335,267,223,243,307,240
"PHF8",743,470,783,921,801,977,746
"FAM120C",340,273,230,243,201,249,148
"TMEM185A",123,130,150,188,104,144,86
"RBMX2",126,165,86,105,69,139,92
"GPR34",116,29,92,48,61,90,107
"ELF4",285,501,365,351,253,498,246
"COL4A6",7,26,101,284,36,130,28
"VCX3B",2,30,2,13,3,0,1
"SLC38A5",57,11,37,49,28,44,28
"VCX3A",1,13,2,2,0,0,2
"TCEAL4",65,413,84,193,88,182,138
"BRCC3",122,184,61,89,66,159,77
"IDH3G",145,188,211,221,154,275,85
"APOOL",139,147,103,91,48,124,53
"PLS3",128,233,130,197,55,299,106
"XIAP-AS1",22,28,27,30,21,16,15
"PARD6BP1",26,9,19,10,13,15,7
"ZIK1P1",7,0,7,2,13,8,3
"HSPA8P20",30,1,18,8,13,5,2
"TEX13D",7,3,1,2,1,2,3
"GPC3",10,9,34,134,16,63,24
"AVPR2",42,46,70,53,45,60,19
"PRRG3",3,1,47,120,20,52,21
"SYP",132,130,156,168,155,107,149
"STS",145,241,114,188,79,140,75
"PNPLA4",65,84,37,68,37,50,44
"CHIC1",92,32,67,49,40,119,59
"FAM156B",275,256,359,505,279,265,113
"MID1IP1",123,177,91,159,77,159,98
"MAGED4B",49,15,89,113,46,76,18
"VCX",2,21,1,5,0,0,1
"RGN",1,1,22,35,9,26,1
"RNU12-2P",6,0,8,3,3,4,6
"RBM10",247,242,284,432,232,373,125
"ITPK1P1",24,31,34,36,23,24,25
"UBA1",1671,1151,1220,1762,1433,1631,871
"INE1",131,119,108,165,136,60,103
"NDUFB11",100,105,97,106,80,149,46
"NUP62CL",22,8,10,18,8,30,9
"GTF3C6P2",11,3,6,6,5,7,4
"ATP7A",295,201,309,223,185,399,332
"GJA6P",3,0,12,2,8,6,9
"PHKA2-AS1",13,15,13,10,19,18,17
"PHKA2",499,311,590,593,528,573,318
"RN7SL48P",2,3,2,4,1,0,0
"SUV39H1",62,70,54,115,83,85,46
"GLOD5",1,21,0,3,1,0,0
"RNU6-29P",33,1,157,12,87,26,110
"PQBP1",64,71,112,140,85,132,61
"SLC35A2",47,26,69,60,30,57,37
"TRO",165,56,191,234,125,126,140
"PPEF1",1,9,11,4,7,2,2
"SNRPEP9",5,9,1,5,1,5,14
"PDK3",1378,1857,613,498,459,800,790
"ARMCX1",13,24,29,82,26,52,12
"ARMCX6",81,41,96,108,80,97,46
"ARMCX3",214,284,162,232,150,268,348
"ARMCX3-AS1",1,5,0,2,1,1,3
"RNU6-30P",3,0,7,5,1,0,5
"ARMCX2",38,95,74,136,33,68,33
"ZRSR2",165,115,171,252,242,219,122
"ARMCX4",124,208,210,491,199,228,84
"EIF5P1",3,0,1,4,1,2,1
"WWC3-AS1",11,13,8,23,6,6,9
"TCEAL2",0,0,27,42,9,41,14
"BEX5",1,0,2,18,5,14,4
"TSC22D3",479,678,1058,771,1140,2391,186
"NCBP2L",0,1,3,4,8,1,0
"FRMPD4",16,499,1,7,2,2,0
"GK",83,32,45,23,21,124,63
"RNA5SP513",0,5,4,2,2,1,1
"SMARCA1",72,157,98,172,60,270,69
"OCRL",246,384,232,247,190,297,259
"DNASE1L1",40,121,31,73,52,57,42
"ARMCX5",81,72,92,104,83,107,65
"GAB3",177,36,228,191,142,240,119
"SMIM9",2,4,1,2,0,3,0
"SYTL4",8,13,49,101,36,89,21
"HEPH",15,10,37,144,21,60,8
"SPACA5",8,27,11,61,12,0,12
"ZMAT1",489,305,468,502,520,490,234
"LAGE3",34,45,17,27,11,17,5
"SPIN2A",88,124,111,132,107,88,34
"SHROOM4",29,71,101,327,66,156,25
"VCF2",47,72,30,35,32,41,17
"MAP7D2",17,19,16,5,19,19,47
"EIF1AX",248,150,96,141,121,240,192
"EIF1AX-AS1",21,2,2,1,4,9,4
"RPS6KA3",810,547,509,353,317,796,530
"BCLAF3",299,217,330,244,246,362,229
"RNU6-98P",5,0,32,2,14,1,24
"NAA20P1",0,3,4,1,1,0,6
"GNL3L",734,935,886,989,1005,937,665
"TMSB15B-AS1",103,44,99,59,126,111,93
"HS6ST2",1,12,5,5,0,5,5
"SPRY3",48,90,56,44,51,68,27
"IGBP1-AS1",11,27,13,16,13,10,16
"DGAT2L6",1,2,4,6,4,5,0
"AWAT1",7,14,10,19,3,2,1
"RNA5SP507",1,0,3,3,0,1,3
"P2RY4",4,9,13,24,13,11,11
"ARR3",45,47,43,61,29,28,7
"RAB41",6,4,1,5,5,4,2
"KIF4A",190,125,109,77,151,174,112
"TRAPPC2LP1",2,0,3,3,4,0,2
"GDPD2",2,15,4,7,4,3,0
"PDZD11",101,100,61,71,65,84,59
"BTK",34,12,129,82,83,133,43
"CD40LG",104,7,181,69,162,167,161
"ARHGEF6",1005,303,917,604,807,1451,945
"TRPC5",45,50,37,36,37,70,55
"TIMM17B",99,72,75,116,61,119,72
"CYBB",176,60,300,266,148,562,132
"MIR3690",2,0,5,3,1,6,0
"RNA5SP498",1,0,1,1,4,6,1
"MOSPD2",133,106,115,55,37,164,70
"FANCB",104,49,58,26,64,57,57
"ZC3H12B",378,149,312,239,276,278,228
"CCT4P2",19,2,20,4,16,22,12
"RTL9",0,0,2,3,3,2,2
"RBM3",751,558,725,676,536,1206,490
"WDR13",176,166,240,431,205,259,94
"TFDP1P2",3,1,2,1,1,3,1
"HNRNPA1P28",2,0,4,0,3,0,6
"PGRMC1",140,107,82,154,60,173,126
"SLC25A43",13,96,42,90,29,47,16
"RNU1-67P",5,16,39,25,36,4,75
"RN7SL118P",5,18,9,20,2,2,4
"SLC25A5",573,448,318,193,238,506,225
"UBE2A",220,180,144,137,112,216,139
"STEEP1",64,102,80,73,43,87,55
"PDHA1",318,564,304,373,256,394,210
"MAP3K15",5,0,1,7,0,6,1
"IKBKG",230,186,249,261,204,216,138
"G6PD",137,164,148,181,117,214,59
"SLC7A3",114,15,82,52,68,111,47
"RPS23P8",136,34,109,33,56,128,109
"IL2RG",651,170,537,347,730,633,792
"UPF3B",123,204,123,89,117,163,142
"MSN",1609,2205,1788,2159,1484,3103,1475
"AMMECR1",193,155,117,87,77,166,109
"DKC1",311,269,280,285,258,395,282
"CDK16",367,428,288,562,404,375,204
"USP11",589,408,534,741,486,884,346
"FAM3A",197,239,144,260,144,175,108
"GDI1",606,855,735,1070,595,814,399
"PORCN",45,30,60,67,41,51,37
"SH2D1A",2187,411,976,427,730,1361,2337
"RPS26P57",7,5,3,3,8,2,4
"TLR8",13,0,9,6,4,56,8
"TMSB4X",2405,890,2404,2048,1921,3727,2312
"FAM9C",2,0,4,7,0,1,1
"XIAP",478,598,367,390,269,473,348
"CASK",946,346,839,579,695,1140,736
"MBNL3",609,317,374,303,262,619,493
"WAS",307,162,354,333,312,453,157
"ACE2",2,1,4,10,5,22,6
"TBC1D25",92,91,145,153,106,146,42
"TFE3",149,433,258,538,165,309,179
"HDAC6",564,445,629,894,551,553,361
"PFKFB1",8,20,23,50,18,43,15
"BEX4",99,32,101,164,83,205,99
"WWC3",313,268,238,473,200,455,152
"KANTR",375,403,356,355,279,301,363
"KLHL13",26,20,35,74,22,49,29
"CRIPTO3",1,5,23,22,19,15,17
"GATA1",8,31,10,20,10,7,2
"ALG13-AS1",32,39,23,52,19,34,24
"OGT",3159,1761,3347,3078,2648,3971,2122
"RPS6KA6",25,14,27,32,15,48,23
"SH3KBP1",800,626,912,610,537,1211,684
"MCF2",10,0,13,4,5,10,2
"TMSB15C",80,49,50,44,45,50,57
"MAGIX",12,61,18,29,19,19,16
"IRAK1",261,550,265,378,188,249,149
"TXLNG",165,173,146,189,148,236,132
"RBBP7",601,323,495,389,383,621,474
"RNU4-6P",2,0,2,0,2,1,7
"REPS2",44,35,33,76,28,95,19
"PABIR3",181,128,123,131,132,151,117
"MOSPD1",46,27,24,17,11,31,15
"SMIM10",1,9,6,8,3,18,4
"TCEAL8",94,193,84,114,102,169,154
"TCEAL5",2,1,0,6,3,6,1
"BEX2",29,17,30,62,27,87,37
"ARHGAP4",563,246,847,665,558,521,270
"NAA10",115,100,127,184,133,84,106
"RPGR",121,105,172,147,204,264,174
"MMGT1",196,119,78,86,60,182,113
"ZC4H2",169,54,150,87,116,153,109
"DMD",36,43,215,585,63,460,74
"FOXP3",40,60,104,53,60,87,101
"PGK1",789,1510,545,493,367,1223,744
"RHOXF1P3",6,1,10,15,13,10,12
"RHOXF2B",36,51,23,22,27,25,18
"RHOXF1",63,95,51,46,44,66,25
"RHOXF2",59,76,28,38,56,51,30
"SFR1P1",3,0,4,1,6,9,0
"ZBTB33",245,226,135,102,104,201,143
"TMEM255A",141,333,48,118,44,105,37
"RPS26P11",44,21,47,68,34,33,60
"PIN4",111,100,90,70,72,120,85
"RN7SL388P",4,21,12,11,8,7,2
"ERCC6L",98,59,67,45,71,95,69
"RPS4X",3555,2562,1517,3213,2392,3689,2184
"HUWE1",3105,3025,3607,4463,2921,4872,2058
"MTMR1",784,435,712,592,648,869,732
"HMGB3",183,61,119,55,135,248,148
"USP9X",1456,945,1117,1110,854,2119,1037
"GRIPAP1",799,632,961,901,817,764,714
"WDR45",103,81,180,219,156,146,90
"CA5BP1",2,1,0,2,1,7,1
"TM9SF5P",7,2,2,6,2,2,2
"ATP2B3",10,4,6,1,2,4,1
"DLG3",76,112,88,197,58,128,73
"CSTF2",69,100,82,61,36,100,15
"NOX1",2,0,6,2,0,0,4
"HNRNPA1P26",3,1,3,1,0,1,13
"HNRNPA1P27",5,1,2,10,14,5,7
"NSA2P3",15,0,5,3,12,10,5
"XKRX",30,10,30,37,148,43,32
"BGN",86,544,139,884,57,290,67
"FGF13",47,465,12,30,4,18,1
"LAMP2",967,1351,425,397,243,670,399
"RTL5",17,80,52,162,29,109,20
"GPM6B",52,86,63,56,44,43,42
"PRAF2",47,73,39,82,40,47,28
"SMS",227,177,141,146,108,260,163
"DCX",3,4,4,6,1,5,2
"FTX",2523,3046,2115,2493,1602,2031,2006
"ATP5MKP1",4,2,1,2,2,2,8
"BMP2KL",45,106,45,62,14,37,39
"RAB11FIP1P1",71,87,84,84,56,63,81
"RN7SL648P",100,171,125,207,111,109,102
"TSIX",65,13,1,91,94,3,185
"IL13RA1",111,170,122,209,108,338,155
"TMEM30BP1",0,6,4,7,3,6,1
"ATP11C",364,152,296,202,196,392,225
"IQSEC2",61,621,111,265,58,91,40
"PAK3",16,2,43,59,30,68,13
"ZNF185",37,54,52,86,45,63,13
"TAFAZZIN",226,408,284,336,179,227,244
"MID1",46,187,71,157,48,118,51
"TCEANC",71,36,117,72,76,69,46
"ALG13",673,345,543,559,490,675,457
"NHSL2",64,457,177,598,128,415,58
"IL1RAPL1",1,1,6,5,4,14,1
"PCDH19",63,390,109,243,40,194,44
"TSPAN6",26,65,23,33,11,46,33
"NXF3",0,4,1,4,4,0,0
"KCTD9P2",1,3,4,3,4,5,7
"NRK",26,25,7,17,1,18,1
"GYG2",7,2,31,166,11,96,16
"PIM2",388,69,459,365,242,576,426
"NANOGNBP3",1,7,2,3,0,1,1
"RPL21P132",2,9,1,2,3,1,0
"PPIAP90",4,1,6,5,5,6,4
"GLA",73,49,65,64,56,120,55
"TCEAL6",0,2,6,8,3,2,4
"FAM223A",2,2,14,9,8,10,1
"FAM223B",3,2,14,8,9,11,1
"UXT",112,41,91,97,85,216,70
"CCDC120",178,173,203,226,160,140,132
"CRLF2",0,0,7,3,4,19,7
"CA5B",77,45,89,138,64,114,56
"CD99L2",201,129,157,309,141,312,146
"AR",82,64,238,420,101,342,180
"KDM6A",1525,762,721,921,1035,1002,1457
"STAG2",1822,1125,1337,985,976,1963,1695
"ACAA2P1",2,2,2,2,1,3,1
"WNK3",22,20,28,42,27,27,14
"TSR2",156,235,211,310,132,230,168
"FGD1",17,25,23,67,8,30,5
"TENM1",1701,199,1559,892,1402,1906,1827
"TSPAN7",28,8,46,88,36,70,34
"MECP2",1409,1546,1413,1650,1125,1735,1164
"RBM41",385,434,355,336,426,454,413
"ENOX2",113,146,85,80,84,149,50
"USP27X",19,10,25,30,29,28,22
"TAF1",820,901,1178,1371,905,1453,677
"PJA1",41,152,69,171,44,84,32
"DDX3X",3685,1284,1978,2220,2591,4511,3589
"CASK-AS1",14,3,6,4,4,3,10
"DDX53",0,11,0,2,0,0,1
"RNU2-68P",6,2,2,3,1,1,0
"ZNF75D",258,194,225,204,180,273,240
"SMIM10L2B-AS1",3,1,6,3,1,1,3
"INTS6L",386,87,483,305,354,514,253
"ETS2P1",0,0,3,9,3,2,1
"SPIN3",48,89,103,171,58,76,50
"TCEAL7",0,0,9,14,5,21,7
"TCEAL9",20,73,23,45,28,71,28
"BEX3",133,294,108,221,106,216,114
"RAB40A",6,3,5,7,5,4,3
"AKAP17A",303,163,477,626,340,440,128
"DOCK11",653,145,781,405,470,1023,387
"RBBP8P1",27,2,52,18,11,33,33
"KDM5C",1528,1243,1063,2163,1545,1167,1197
"CSF2RA",39,35,83,81,57,164,36
"ELK1",136,144,129,160,104,159,129
"UXT-AS1",6,14,10,10,6,4,2
"KCND1",33,210,47,76,63,48,29
"LONRF3",13,7,37,69,10,122,20
"PBDC1",47,61,64,60,63,107,53
"ATP6AP1-DT",10,36,5,10,3,11,2
"SAT1-DT",3,0,4,15,3,5,0
"ASMTL-AS1",110,82,190,306,143,120,35
"FGF13-AS1",1,48,0,0,0,2,0
"FMR1-AS1",11,2,8,8,7,1,2
"IRS4-AS1",13,44,4,10,5,1,5
"MORF4L2-AS1",14,101,18,57,31,24,8
"LINC00106",164,152,201,313,139,130,62
"HCFC1-AS1",34,11,52,53,39,26,24
"LINC01281",12,1,27,6,10,9,4
"LINC01278",474,860,456,532,466,503,376
"LINC01284",199,24,151,58,103,175,198
"LINC03070",1,0,8,6,5,9,2
"STAG2-AS1",24,10,32,30,28,22,35
"LINC01545",2,1,6,5,4,6,2
"LINC00892",3,2,6,9,9,6,6
"MIR325HG",73,83,57,35,29,46,43
"LINC02927",9,0,12,4,4,18,7
"LINC03053",5,7,9,11,5,2,3
"DLG3-AS1",1,0,1,10,5,3,1
"USP27X-DT",2,2,8,2,0,5,3
"LINC00891",1026,609,587,312,2422,664,612
"MIR223HG",62,11,136,101,113,321,42
"MIR106AHG",17,11,27,6,24,8,7
"LL0XNC01-250H12.3",8,33,19,14,8,16,6
"PORCN-DT",2,8,5,11,1,2,1
"RAP2C-AS1",84,111,89,59,55,74,98
"PABPC1L2B-AS1",3,0,2,1,4,0,3
"LINC01285",4,77,10,13,8,4,3
"SYP-AS1",5,2,4,2,9,4,4
"LINC00629",8,4,11,6,16,5,6
"MIR503HG",81,41,169,59,120,79,86
"XACT",28,31,53,42,31,25,27
"PLXNB3-AS1",12,62,19,31,13,9,14
"LINC01186",4,0,2,1,2,2,2
"MID1IP1-AS1",6,0,6,4,5,5,5
"PTCHD1-AS",9,38,7,6,7,7,7
"HCCS-DT",35,42,56,35,33,49,14
"LINC02968",87,71,76,65,104,107,8
"RHOXF1-AS1",71,103,56,36,60,60,8
"TMLHE-AS1",84,115,99,83,70,134,91
"DANT2",271,2067,416,834,291,188,203
"DANT1",123,830,216,363,165,104,166
"SLC25A5-AS1",17,33,11,27,18,22,16
"ZNF674-AS1",45,35,51,57,45,26,34
"EOLA2-DT",606,771,613,945,723,438,404
"LINC03112",92,96,128,97,107,94,87
"INTS6L-AS1",2,0,9,4,6,1,3
"LINC01456",0,0,0,7,1,9,0
"WASIR1",2,2,1,2,1,5,2
"IL9R",73,102,106,60,52,100,49
"FOXO4",116,122,191,254,227,273,202
"NUDT10",61,7,45,14,48,53,66
"EZHIP",10,0,10,8,12,10,16
"NUDT11",19,7,14,5,13,13,18
"LINC01496",1,2,5,0,0,2,4
"MAGED1",418,308,345,474,267,591,295
"GTPBP6",272,225,392,423,247,254,142
"OTUD5",315,243,444,515,385,493,280
"GPX1P1",3,2,5,4,2,0,0
"GOT2P6",6,0,10,8,11,7,4
"TTC3P1",25,81,33,61,16,50,12
"UQCRBP1",7,0,5,0,1,1,5
"NLRP3P1",0,3,5,5,2,1,0
"FIRRE",243,57,176,74,146,164,83
"NUS1P1",11,0,2,2,4,4,4
"SOCS5P4",9,23,12,11,28,23,12
"AARSD1P1",13,38,14,21,16,11,6
"JPX",1293,1006,531,665,683,550,996
"EEF1A1P30",29,31,50,28,35,37,17
"FAM3C2P",4,7,34,33,6,39,17
"TMEM164",355,810,372,410,315,426,197
"GEMIN8",100,130,115,211,72,95,70
"PRRG1",11,28,16,25,10,21,20
"LANCL3",4,76,12,6,4,6,4
"PPP1R11P2",4,0,6,5,2,2,0
"FAAH2",58,60,84,90,63,108,51
"MTHFD1P1",54,39,47,78,24,69,47
"ZXDB",76,76,58,99,47,109,49
"MED14",873,379,645,461,512,889,477
"MIR222HG",105,128,121,187,69,189,107
"DIAPH2",228,260,184,282,102,330,105
"RPA4",8,5,12,10,6,8,7
"RN7SL74P",3,8,3,4,1,4,2
"DIAPH2-AS1",44,106,38,48,42,40,33
"XIST",28988,9429,2,15186,18740,2,24474
"LINC00630",228,288,272,235,234,296,207
"RAB40AL",0,18,4,3,1,2,0
"BEX1",5,2,2,12,3,12,0
"NKRF",79,61,74,67,80,91,92
"GPRASP3",4,0,9,5,4,8,6
"LINC00632",2392,87,7163,1111,907,3231,1566
"RTL8B",5,20,12,32,7,20,6
"RTL8C",62,85,56,154,35,84,43
"RTL8A",50,57,75,101,64,77,24
"PEBP4",5,3,6,9,3,4,1
"GFRA2",43,0,19,56,28,67,4
"SGCZ",0,0,22,27,10,27,3
"WBP1LP3",4,1,3,1,0,3,1
"LINC02099",0,4,11,2,5,3,1
"EGR3",140,20,102,225,78,733,62
"EBF2",14,1,67,326,34,224,26
"ERICH1",414,596,690,628,748,511,329
"VPS37A",146,59,104,76,72,171,113
"STC1",22,161,11,39,2,113,151
"TRIM35",173,290,208,222,171,177,104
"MAK16",148,47,88,80,59,140,69
"HMBOX1",841,368,898,766,830,974,798
"FUT10",106,112,162,147,74,149,105
"UNC5D",13,42,3,73,9,7,11
"MSR1",21,32,30,66,8,92,33
"DNAJB6P2",6,18,7,3,3,5,11
"DPYSL2",1013,651,685,1314,433,1398,432
"SLC25A37",210,119,285,424,149,771,141
"MBOAT4",11,4,12,12,12,4,7
"DOCK5",157,359,220,473,224,718,92
"HMBOX1-IT1",22,20,22,22,18,7,20
"HMGB1P23",11,2,7,8,8,12,6
"RPL10P18",1,0,1,3,0,7,0
"LEPROTL1",509,94,273,153,264,395,358
"ADRA1A",6,4,52,198,20,88,38
"DUSP26",2,2,1,11,3,2,0
"NKX3-1",4,12,5,13,1,19,3
"RPL21P80",22,6,15,11,9,21,11
"LOXL2",52,51,58,111,36,119,34
"PAICSP4",2,5,2,1,5,1,1
"PCMTD1",723,421,511,528,415,624,600
"BNIP3L",254,186,166,251,114,612,417
"KIF13B",315,88,444,627,357,582,254
"COX6B1P4",0,0,3,7,3,5,2
"DCTN6",51,28,42,29,23,57,39
"PPP2R2A",448,229,394,295,289,513,350
"ENTPD4",688,377,857,680,669,1052,875
"SPIDR",304,308,379,570,365,612,234
"LSM12P1",31,37,31,34,23,63,24
"RPS15AP24",16,1,9,4,22,14,28
"SH2D4A",33,35,36,81,28,24,16
"RPL6P22",3,0,6,0,1,0,2
"PNMA2",3,48,9,33,3,15,6
"LYN",53,30,121,98,77,426,58
"SNTG1",1,90,2,7,0,1,2
"SARAF",908,326,776,630,808,1586,790
"CYP7B1",23,77,69,102,29,116,44
"CA8",35,0,32,19,32,29,19
"RNF122",55,30,58,92,32,230,35
"ZMAT4",1,3,9,38,7,17,4
"CRISPLD1",49,23,39,47,58,86,16
"R3HCC1",71,72,83,135,57,94,32
"NEFM",5,1186,5,0,19,4,7
"PEX2",238,127,169,133,158,225,188
"PXDNL",54,16,24,53,27,45,6
"ZFHX4",427,2254,193,321,172,263,83
"CLVS1",3,1,5,4,4,5,3
"ARMC1",114,57,93,71,62,169,51
"XKR9",8,6,3,7,4,14,3
"PAG1",650,272,600,354,431,797,608
"VENTXP6",9,1,3,12,7,10,3
"SULF1",38,151,93,292,42,274,33
"C8orf34",4,7,14,70,8,20,9
"CA3",3,3,5,15,7,11,2
"RLIG1P3",5,0,5,1,0,2,4
"BPNT2",428,507,286,311,168,564,349
"HIGD1AP18",20,0,4,4,11,10,21
"NPM1P6",5,6,11,7,2,5,13
"STAU2",479,209,320,218,288,425,343
"HNRNPA1P4",29,12,45,12,15,17,45
"GEM",78,63,14,80,13,124,46
"MMP16",55,39,49,164,38,57,12
"FABP5",32,22,38,87,40,137,93
"HAUS1P3",0,2,2,3,7,2,2
"PDP1",174,47,142,164,140,270,128
"TRPA1",2,1,17,6,10,7,8
"CDH17",2,0,2,10,2,4,0
"MTDH",707,464,586,528,446,953,618
"PSMA2P2",5,0,6,3,3,7,7
"POP1",48,37,56,63,46,59,26
"STAU2-AS1",15,43,32,36,60,25,21
"ERICH5",1,4,4,1,4,1,3
"MRPS28",18,25,30,36,11,24,16
"SLCO5A1",30,753,194,182,242,210,197
"ZNF706",458,183,283,286,305,387,292
"YWHAZ",2406,1182,1705,1227,1207,3400,1648
"WRN",188,127,185,117,82,243,95
"RPL30",652,195,460,513,371,1044,474
"CA13",49,7,41,70,38,53,18
"RPS4XP10",10,4,6,2,10,6,5
"FSBP",119,81,79,57,56,83,105
"NIPAL2",77,49,125,236,81,134,52
"CA2",16,29,15,7,17,10,5
"RIDA",19,12,16,15,9,27,8
"POLR2K",98,41,73,59,35,140,51
"WWP1",366,171,388,320,204,444,236
"TRIQK",43,33,30,39,16,40,27
"RPL34P18",16,1,6,9,4,5,9
"UQCRB",473,349,271,196,315,702,487
"LAPTM4B",31,8,25,62,19,82,23
"BRIX1P1",2,0,4,0,3,2,0
"CHRNB3",3,0,2,0,4,2,0
"RPL30-AS1",25,6,23,9,14,20,25
"CLXN",4,8,5,42,8,11,1
"TSPYL5",131,31,82,103,71,173,77
"KCNS2",8,2,16,10,6,9,2
"RAD54B",32,7,18,10,15,38,12
"UBR5",1562,920,1694,1528,1260,2466,1701
"EYA1",298,937,349,960,274,359,270
"DNAJC5B",2,0,1,1,3,5,2
"TRPS1-AS1",3,42,8,15,3,12,5
"BTF3P1",0,4,1,1,4,1,2
"PTDSS1",452,291,403,259,313,648,325
"TNFRSF11B",4,0,16,7,6,11,2
"RPS26P6",170,69,120,129,114,133,142
"NASPP1",27,2,19,15,19,30,11
"SNAI2",22,126,70,125,60,84,30
"MTBP",108,25,50,38,54,74,38
"MTERF3",38,14,37,28,30,54,26
"MRPL13",52,28,72,49,43,83,55
"CCN3",1,0,7,30,1,12,0
"TMEM74",7,21,5,15,3,16,3
"FBXO32",444,1047,297,607,321,509,324
"MATN2",52,16,117,199,72,134,47
"FBXO43",69,23,51,42,86,65,41
"SUMO2P19",7,0,13,4,5,7,7
"PTK2B",1153,390,1713,1229,1937,1887,847
"ATP6V1C1",412,251,199,206,135,376,246
"NCALD",43,66,69,116,36,97,33
"ANXA13",8,1,4,3,2,0,1
"RB1CC1",608,284,509,396,351,801,549
"CYCSP23",0,7,2,2,0,1,3
"NDUFA5P2",27,5,18,17,3,8,11
"RPS10P16",7,0,8,9,4,13,4
"MED30",51,17,39,41,30,86,27
"RDH10",78,106,56,79,44,97,52
"PDCL3P2",0,0,7,3,5,1,1
"RNF19A",439,234,441,379,310,721,423
"RAB2A",247,124,209,177,146,423,162
"STK3",46,42,66,88,43,109,35
"ATP5PFP3",4,4,4,3,3,3,3
"TOX",569,143,590,363,473,820,472
"ASAP1",452,623,558,753,389,940,293
"BHLHE22",1,0,7,10,8,7,0
"MAL2",13,3,14,9,3,23,12
"KCNB2",6,28,19,28,19,22,4
"BTF3P12",33,3,18,7,15,12,18
"FAM91A1",435,202,343,213,241,511,347
"SLA",2357,733,2964,1181,3278,2990,2269
"PTCSC1",865,245,1413,429,1352,955,1007
"PREX2",53,49,178,378,61,363,60
"TBC1D31",396,109,236,127,201,296,247
"ZFPM2",21,30,76,242,37,157,39
"RPSAP74",7,22,2,5,0,3,1
"SDC2",23,16,34,121,6,139,17
"PKHD1L1",9,0,17,31,17,64,7
"GRHL2",0,8,88,256,54,74,25
"KRT8P4",1,49,7,9,2,1,0
"LACTB2",9,14,11,12,9,23,8
"TRAM1",284,58,150,126,107,409,177
"LY6D",0,0,3,9,2,3,3
"NCOA2",572,483,777,1089,549,1068,539
"TG",44,243,45,55,64,49,21
"SBSPON",28,24,24,56,20,43,11
"TMX1P2",2,18,5,9,7,3,2
"LYPD2",2,5,3,0,0,4,0
"LYNX1",13,64,22,142,8,29,1
"ZHX2",230,257,350,512,288,470,245
"RPL7",2302,1535,1347,1458,1203,2843,1831
"CPQ",32,38,60,211,37,151,24
"DERL1",390,168,287,254,196,382,314
"MTFR1",327,70,217,125,160,250,287
"CSMD3",0,0,5,1,6,4,4
"THEM6",52,53,74,119,37,52,11
"BAALC",20,8,14,18,19,25,12
"SNTB1",40,21,84,83,34,107,62
"ATP6V1H",228,117,142,131,108,216,116
"NCAPGP1",2,0,4,5,3,0,2
"PENK",3,9,1,2,1,1,1
"C8orf33",113,91,120,172,70,188,72
"RPL19P14",0,1,1,1,3,4,2
"NTAQ1",78,60,50,42,55,52,36
"SFRP1",16,46,95,412,25,356,47
"TRIM55",1,0,1,10,3,9,0
"HAS2",9,1,4,9,2,75,3
"DUTP2",22,11,18,10,13,10,18
"ATAD2",733,293,451,246,300,674,490
"RN7SL318P",0,0,2,5,6,0,1
"RNA5SP260",6,0,13,5,3,3,14
"RNU6-13P",7,0,57,4,15,3,39
"RN7SKP29",2,19,6,6,7,3,2
"RN7SL19P",2,1,7,3,4,5,3
"RNY3P14",11,7,8,3,5,3,2
"RN7SL685P",0,0,3,1,3,4,7
"RNU6-12P",15,0,63,3,13,3,30
"MIR7848",53,7,49,29,45,40,28
"PLPP5",163,114,229,273,149,149,96
"NSD3",1287,697,1379,1126,1127,1556,1269
"RNF5P1",5,0,2,3,1,6,0
"C8orf17",52,28,49,23,43,26,32
"MIR1205",1,1,6,3,3,1,1
"LINC02912",57,85,65,63,43,39,44
"CCN4",2,22,5,12,2,37,4
"TTI2",62,32,62,62,40,72,20
"PDE7A",2942,750,2355,1270,2209,2699,3028
"SPAG1",36,6,45,16,24,41,17
"NEIL2",42,43,49,69,30,49,22
"JPH1",115,142,20,33,47,56,37
"PCBP2P2",4,15,18,4,8,7,18
"ASAH1",218,151,258,380,221,522,174
"TARDBPP4",1,1,3,0,4,2,2
"YTHDF3",355,193,340,361,289,578,214
"PI15",1,7,1,12,3,10,2
"GDAP1",164,225,131,168,111,166,49
"NEFL",68,1471,27,14,47,49,26
"RN7SKP206",5,2,2,1,5,0,1
"SCX",69,134,21,42,16,13,3
"HSF1",316,239,242,443,213,289,91
"DGAT1",108,100,175,219,127,168,53
"SCRT1",1,7,0,9,2,1,0
"FBXL6",38,45,31,41,14,20,3
"ADCK5",61,82,55,57,49,37,20
"CPSF1",696,338,468,1075,483,703,173
"SLC39A4",18,20,17,34,16,18,10
"VPS28",154,108,217,310,218,173,99
"BOP1",139,261,129,208,114,123,28
"SLC52A2",31,22,34,38,21,26,8
"NAT1",15,6,21,19,24,34,8
"SLC45A4",157,85,186,292,120,234,59
"SLC45A4-AS1",13,7,13,12,10,10,12
"GPR20",2,0,3,15,0,5,0
"HNRNPA1P38",2,0,1,2,2,0,4
"RN7SL798P",2,0,7,1,2,1,2
"NPM1P21",0,1,8,3,1,0,2
"PLAG1",111,36,89,71,67,111,111
"CHCHD7",232,83,186,144,180,241,179
"NDRG1",778,2999,836,1303,661,1455,637
"TRPS1",172,1304,252,402,141,345,142
"PPP3CC",122,40,108,105,52,152,69
"FNTA",325,217,314,290,253,305,296
"RNU1-124P",6,1,5,9,8,6,7
"HGSNAT",505,498,535,857,339,739,362
"AFG3L2P1",1,2,0,3,3,0,3
"PPDPFL",2,14,0,2,0,0,1
"DLGAP2",175,122,44,58,22,35,14
"POMK",558,314,354,471,285,443,265
"PHF20L1",923,374,684,463,621,1029,669
"ENPP2",275,29,135,223,48,278,64
"LETM2",38,36,26,48,42,75,25
"COPS5",318,183,300,309,257,261,285
"ARFGEF1",980,482,996,648,707,1365,807
"ZNF707",132,108,139,177,90,94,65
"LINC02878",30,26,29,41,22,24,18
"MAPK15",38,106,63,85,21,22,14
"FAM83H",79,323,110,243,43,69,28
"MIR4664",2,0,0,6,2,2,0
"SCRIB",276,215,303,501,187,174,74
"NRBP2",66,175,118,302,71,114,34
"EPPK1",84,1020,207,1158,70,117,62
"MIR661",5,10,3,16,5,0,0
"PARP10",382,740,569,808,350,295,208
"GRINA",368,837,332,638,236,468,210
"SPATC1",0,25,4,6,3,3,0
"OPLAH",11,25,17,45,4,8,5
"CYC1",140,157,96,175,71,128,30
"SHARPIN",107,128,90,227,119,119,40
"WDR97",27,61,66,100,58,22,12
"HGH1",55,36,60,102,56,41,18
"TSSK5P",10,17,5,19,17,5,6
"TP53INP1",1095,493,669,418,1150,1114,1166
"VCPIP1",387,217,403,406,292,490,301
"C8orf44-SGK3",5,0,2,3,0,8,2
"SGK3",46,29,61,71,35,51,42
"PTTG3P",2,2,2,6,4,7,5
"MCMDC2",8,4,3,4,2,1,1
"FBXO25",569,285,363,402,279,504,367
"TRHR",2,0,2,2,2,1,7
"ENY2",253,113,178,145,108,240,206
"MAPK6P5",1,2,3,1,4,2,0
"NUDCD1",125,72,111,69,70,127,100
"ANKRD46",96,49,109,107,98,129,63
"GAPDHP62",0,5,1,4,3,1,0
"SNX31",1,7,6,9,2,5,1
"PABPC1",3664,2390,2730,2780,2806,5470,2662
"RPL5P23",21,10,22,24,29,23,19
"EMC2",125,63,115,117,38,170,88
"KCNK9",3,2,2,2,1,2,7
"CHRAC1",152,154,118,194,80,181,92
"EIF3E",1552,715,851,729,645,1226,1312
"RPS20",1499,398,915,788,694,2367,1017
"PLEKHA2",355,295,380,427,238,456,280
"HTRA4",1,0,2,12,3,4,1
"TM2D2",56,51,49,73,25,83,22
"ADAM32",0,5,11,8,0,16,2
"RPL3P10",0,10,0,1,0,0,0
"TERF1",424,210,359,328,291,374,300
"GGH",65,25,32,13,12,33,7
"CSPP1",639,582,645,612,517,677,496
"KAT6A",1828,1686,1891,1847,1563,2597,1848
"PLAT",34,94,105,302,37,306,23
"POLB",126,44,86,88,62,104,69
"VDAC3",300,174,197,185,199,389,212
"TRMT12",53,39,87,72,60,68,27
"TATDN1",112,40,85,58,66,110,55
"NDUFB9",240,110,331,446,300,460,260
"MTSS1",269,137,328,684,334,627,365
"GSR",360,270,319,237,305,470,232
"UBXN8",34,4,28,28,30,31,11
"PPP2CB",164,78,129,185,115,246,92
"TMEM71",128,19,96,61,99,174,52
"ADAM9",76,211,105,195,72,230,113
"NKAIN3",9,39,8,26,8,10,9
"DENND3",508,166,491,757,466,778,479
"IQANK1",12,41,29,41,7,16,2
"SAMD12",335,64,297,119,103,118,108
"NPM2",4,23,14,69,14,13,6
"FGF17",4,18,17,50,6,5,0
"FHIP2B",292,447,395,746,315,319,185
"HR",9,498,28,143,7,26,8
"REEP4",108,104,84,102,61,58,44
"LGI3",0,4,6,3,7,1,6
"BMP1",55,135,103,331,48,114,27
"PHYHIP",0,0,5,29,4,6,0
"POLR3D",114,120,172,235,119,171,81
"PIWIL2",9,9,14,16,8,22,6
"RPL21P77",1,0,1,6,2,12,5
"MSL3P3",42,11,25,16,27,17,13
"RN7SL350P",13,6,10,9,6,7,6
"COX6C",250,107,146,92,133,282,129
"RMDN1",388,277,300,293,246,334,236
"NTAN1P2",26,11,25,33,26,18,10
"SLC2A3P4",11,5,21,33,19,16,2
"CPNE3",374,260,279,361,241,574,242
"MIR548I3",3,1,3,7,1,0,6
"RPS3AP31",9,4,11,2,7,3,1
"SNRPCP17",7,2,8,6,7,2,3
"CNGB3",6,6,4,4,1,4,8
"SFTPC",1,84,0,1,1,1,0
"TAGLN2P1",20,9,19,36,19,39,13
"RNU7-84P",6,0,2,1,0,1,3
"ABRA",0,0,4,11,0,3,1
"FZD3",242,57,71,70,43,99,53
"INTS9",148,98,141,142,141,224,80
"INTS9-AS1",78,54,71,43,49,45,98
"RPL36AP32",15,1,13,4,2,14,12
"IKBKB",717,386,958,1069,797,820,526
"RPL12P24",2,3,3,6,2,8,2
"OXR1",231,116,223,228,139,405,229
"PTP4A3",44,65,83,364,44,115,59
"CCNE2",104,57,47,42,81,101,56
"OR4F21",12,3,1,6,4,10,6
"TDRP",75,8,50,80,24,46,36
"LRP12",302,62,231,140,124,260,260
"RBM12B-AS1",49,17,60,65,42,59,26
"MAFA",2,21,6,1,1,5,1
"ZC3H3",197,199,243,292,156,208,74
"GSDMD",149,167,197,336,130,140,47
"MROH6",22,88,18,43,31,23,4
"NAPRT",29,34,48,73,31,31,17
"TIGD5",46,109,64,105,45,30,21
"PYCR3",27,47,40,58,29,29,13
"GFUS",86,71,88,119,74,96,23
"ZNF623",271,279,268,402,230,250,136
"TMEM67",107,78,109,111,79,119,41
"KLF10",167,235,86,369,67,830,153
"RPL5P24",16,8,12,12,9,7,5
"KCNU1",1,1,13,1,1,2,4
"VPS13B",1393,620,1802,1412,1236,2229,710
"RN7SL395P",8,11,1,2,1,3,3
"RPL8",1296,1362,1129,2517,887,2534,560
"COMMD5",77,23,56,96,51,54,27
"ZNF250",153,147,129,209,111,145,126
"ZNF16",38,28,40,69,38,44,20
"SUMO2P16",1,2,4,1,1,2,3
"MROH1",503,583,471,678,313,346,226
"EXT1",211,82,405,421,263,427,176
"MTMR9",195,59,160,126,116,168,153
"SLC35G5",6,6,3,7,7,10,1
"USP17L7",5,1,1,21,9,1,0
"CLN8",324,181,296,272,177,301,195
"ARHGEF10",16,9,35,108,11,23,24
"KBTBD11",478,107,182,63,179,111,236
"MYOM2",14,5,46,11,20,23,12
"TPD52",98,165,80,61,62,73,70
"MYBL1",85,23,46,44,53,60,22
"SORBS3",60,118,191,767,68,213,51
"SLC30A8",2,0,7,0,7,4,1
"ZNF596",17,16,28,15,7,26,10
"DPYS",11,75,136,272,190,210,101
"DCSTAMP",1,62,0,0,0,3,1
"KLHL38",13,4,0,6,1,1,2
"ANGPT2",521,268,371,272,352,340,258
"AGPAT5",187,107,99,82,95,246,106
"MCPH1",842,698,853,610,708,698,496
"RPL26P26",3,3,1,5,4,1,0
"FAM110B",5,40,10,55,10,25,9
"FAM90A25P",11,25,16,52,7,11,0
"ENPP7P6",14,11,27,67,32,9,9
"IDO1",23,2,35,8,21,38,15
"EFR3A",427,182,295,214,193,644,281
"UTP23",95,34,41,62,43,106,61
"RHOBTB2",83,79,174,251,124,171,106
"TNFRSF10B",136,263,181,361,127,262,130
"TNFRSF10C",0,0,8,9,5,83,4
"TNFRSF10D",30,5,34,68,34,171,47
"TNFRSF10A",64,4,97,129,91,97,96
"TNFRSF10A-AS1",4,0,4,3,10,5,6
"RPL23AP55",3,0,5,6,11,4,10
"CHMP7",1104,239,1255,760,1325,1335,691
"TONSL-AS1",5,2,4,2,5,3,1
"KIFC2",53,162,99,114,35,60,28
"FOXH1",1,6,2,2,4,0,2
"PPP1R16A",39,62,50,99,48,56,16
"GPT",26,70,41,91,40,49,11
"MFSD3",44,54,44,49,27,23,12
"RECQL4",123,222,91,102,85,55,35
"LRRC14",131,196,132,244,145,137,66
"C8orf82",84,104,120,246,110,99,68
"ZNF251",155,133,223,370,209,280,78
"ZNF517",126,133,118,202,63,69,32
"EIF3H",686,415,483,495,385,775,302
"COL14A1",78,107,163,778,55,532,71
"DNAAF11",17,31,18,26,8,30,11
"SNX16",37,17,34,15,14,50,16
"BIN3",224,96,223,285,159,270,97
"RGS22",4,0,5,3,11,8,2
"CSMD1",10,3,8,12,5,25,5
"TONSL",108,144,106,108,89,57,34
"GDF6",1,1,1,7,3,11,1
"C8orf58",10,20,6,38,13,9,13
"CIBAR1",116,105,95,88,68,79,67
"RRM2B",112,96,73,64,40,122,98
"RAD21",1794,769,1087,759,899,1764,1530
"PLEC",2258,2908,4528,7271,2401,3186,1474
"TAF2",513,302,465,343,259,528,363
"UBE2W",236,101,161,101,107,228,201
"RN7SL760P",12,4,14,10,9,8,6
"ELOC",180,70,178,173,141,286,152
"TMEM70",49,23,33,28,21,100,17
"DSTNP3",2,0,3,6,1,4,3
"LY96",10,2,1,0,0,10,0
"RPS3AP32",2,0,7,2,5,2,4
"RBM12B",336,230,398,441,331,415,210
"ZNF7",260,159,340,456,229,256,141
"PURG",4,0,1,3,6,2,1
"HMGB1P19",6,0,9,3,10,4,3
"C8orf76",47,10,25,46,16,35,28
"ZHX1-C8orf76",4,0,5,1,1,2,0
"UBA52P5",5,0,5,7,4,1,6
"ZHX1",226,179,187,217,147,228,174
"RNU6-628P",5,0,1,0,2,0,5
"FAM83A",6,0,1,3,9,2,6
"MIR548V",1,4,4,1,4,5,1
"RNA5SP256",3,2,5,1,1,2,0
"MTUS1",339,405,433,947,377,535,261
"EEF1D",752,660,846,1075,654,626,337
"FAM86B2",41,61,49,150,28,32,10
"OSR2",5,0,6,40,2,89,0
"CCAR2",447,206,389,529,369,620,229
"FABP4",4,2,166,615,54,1171,80
"IMPA1",157,159,184,111,209,195,157
"SLC10A5",8,13,2,3,0,2,2
"ZFAND1",99,53,80,77,62,151,77
"CHMP4C",0,0,4,12,1,5,2
"HNRNPA1P36",21,1,12,21,27,16,18
"GPAT4-AS1",8,1,6,3,4,3,4
"GINS4",75,34,66,44,57,67,70
"GPAT4",369,133,383,485,306,467,236
"GOLGA7",97,32,70,58,56,104,78
"ARHGAP39",62,72,40,47,36,41,13
"DMTN",9,33,37,288,13,70,19
"IDO2",12,0,20,6,15,26,20
"USP17L2",2,14,5,21,10,6,0
"MTND1P6",3,0,5,3,1,1,1
"MTND2P32",1,0,3,1,2,1,4
"EXTL3",245,172,254,330,188,326,95
"UBE2V2",186,181,140,146,102,225,145
"LRATD2",68,37,83,99,39,72,42
"PRNCR1",101,73,66,50,53,85,48
"AGO2",1639,897,1339,1630,1209,1912,1256
"ERICD",11,12,13,6,5,21,5
"MIR151A",1,0,2,3,3,4,0
"RNA5SP278",0,2,2,2,0,8,1
"CTHRC1",36,83,25,39,41,47,16
"LINC02933",5,0,0,2,4,0,3
"PTK2",203,272,312,738,164,481,183
"C8orf88",31,2,14,7,13,27,11
"PIP4P2",35,10,33,48,33,58,28
"OTUD6B",49,49,62,59,51,81,36
"LRRC69",21,15,37,30,17,25,10
"CPP",0,3,2,1,1,6,0
"SLC26A7",2,18,5,0,6,12,1
"MCM4",490,222,335,225,244,477,213
"RIPK2",25,14,26,33,24,42,21
"OSGIN2",48,41,41,44,28,73,40
"DECR1",339,237,357,315,373,420,265
"NBN",414,271,387,329,298,466,339
"RNU6-1209P",6,0,2,0,3,2,2
"CEBPD",65,153,92,334,47,546,51
"PRKDC",3014,2114,2409,2109,1930,3528,1456
"TUSC3",48,87,62,147,41,100,33
"PPM1AP1",4,8,24,44,7,21,1
"ZNF703",117,393,126,468,26,151,53
"ERLIN2",223,222,253,396,200,289,158
"PLPBP",212,100,152,101,90,160,65
"ADGRA2",194,435,287,1014,175,384,77
"RAB11FIP1",325,194,368,316,244,666,316
"RN7SL709P",1,0,3,1,1,0,6
"EIF4EBP1",15,30,27,46,15,53,17
"RNU6-988P",8,0,2,0,0,4,3
"STAR",32,101,35,62,24,38,15
"LSM1",37,40,23,19,29,52,19
"RNU6-323P",3,1,1,1,1,5,0
"BAG4",120,61,80,77,49,93,69
"DDHD2",361,261,355,410,210,443,268
"GTF2E2",84,72,108,83,73,185,50
"CHRNA2",29,4,43,32,79,61,18
"GULOP",42,18,34,31,26,30,12
"CLU",222,837,702,2449,229,1117,302
"SCARA3",23,150,220,921,90,219,89
"CCDC25",126,77,99,104,70,132,112
"ESCO2",165,29,67,23,54,86,42
"PBK",67,24,35,13,29,68,22
"SCARA5",7,9,43,502,19,265,17
"NUGGC",3,0,11,43,10,19,5
"ELP3",233,196,236,210,162,280,132
"PNOC",2,1,13,25,12,18,7
"ZNF395",217,315,271,488,165,390,283
"FBXO16",15,20,7,4,4,6,0
"PEG13",148,84,150,119,97,94,90
"TRAPPC9",550,281,768,638,584,757,248
"ADAM28",102,57,347,149,219,383,267
"ADAMDEC1",15,8,16,2,16,27,13
"ST18",6,3,8,11,3,28,13
"RPL15P12",35,12,36,18,35,43,29
"RNU7-181P",7,1,9,5,3,8,2
"MIR5194",18,11,16,28,27,19,11
"RNU6-1255P",4,0,8,3,2,3,3
"ASAP1-IT2",48,44,43,48,30,39,23
"RRS1",31,11,22,19,10,19,5
"ADHFE1",21,12,35,72,22,34,7
"VXN",3,0,0,2,1,4,3
"RN7SL107P",0,1,6,5,2,3,3
"ZNF704",970,440,478,779,487,858,638
"CKS1BP7",2,0,1,3,12,1,1
"RNU11-6P",4,0,6,2,11,6,12
"RN7SL308P",4,12,6,9,6,13,8
"HMGB1P41",13,2,19,12,6,15,7
"AZIN1",634,388,309,264,232,634,347
"RPS3AP30",8,2,7,2,3,3,1
"SNRPCP6",7,7,15,5,6,2,0
"RPS3AP33",4,2,5,2,7,7,1
"OR7E125P",6,7,13,7,3,4,0
"FAM90A4P",0,2,2,5,3,1,0
"USP17L1",4,3,6,5,6,1,0
"USP17L4",2,2,3,13,5,3,0
"OR7E154P",12,6,11,5,4,3,1
"USP17L3",1,2,3,4,0,1,0
"EBAG9",88,85,94,121,55,116,78
"SYBU",12,381,81,74,59,94,24
"SYBU-AS1",0,143,15,9,16,13,4
"ASH2L",372,208,286,290,197,521,232
"VIRMA",468,249,483,422,403,731,377
"ESRP1",4,146,51,127,30,37,22
"DPY19L4",99,69,90,78,48,103,46
"NDUFAF6",575,291,421,395,505,345,277
"CFAP418",41,44,35,45,15,29,25
"CSGALNACT1",267,125,356,246,418,287,204
"PDLIM2",184,52,221,185,161,149,92
"CHD7",285,317,438,649,303,619,212
"PLEKHF2",131,34,114,73,84,192,88
"CYRIB",625,319,514,418,393,726,498
"FGFR1",429,390,455,1259,750,1149,303
"MROH5",1,0,2,18,0,6,1
"ZNF572",47,2,25,23,24,43,18
"SQLE",81,62,100,81,38,126,49
"EXOSC4",8,9,21,27,22,5,15
"CHRNA6",1,6,7,11,3,9,2
"THAP1",34,24,19,26,29,41,21
"RNF170",110,112,99,153,88,100,73
"RN7SL806P",1,6,7,7,4,5,1
"HOOK3",525,344,442,613,257,619,476
"PUF60",248,193,306,424,204,305,98
"KHDRBS3",44,107,53,91,30,73,41
"MAPRE1P1",2,2,2,7,2,4,0
"TMEM65",360,258,328,283,261,342,385
"GPAA1",73,76,84,123,61,76,34
"PCM1",2037,1010,1995,1431,1635,2646,1661
"NKX6-3",8,0,1,3,3,1,0
"ANK1",10,10,27,36,14,34,5
"MTMR7",31,15,49,39,43,65,38
"SLC7A2",87,39,72,209,42,282,122
"PDGFRL",4,12,8,76,9,72,8
"KRT8P3",18,21,6,10,13,6,3
"RN7SKP97",3,2,10,8,6,5,4
"ASPH",276,318,409,991,202,807,337
"RIMS2",18,445,30,62,30,29,10
"PKIA",110,54,81,54,49,131,90
"THAP12P7",13,8,35,30,12,19,11
"LINC02605",16,0,49,39,19,47,28
"ZC2HC1A",25,44,49,81,19,56,13
"CDC42P3",0,15,0,1,1,0,2
"LY6E",125,557,254,300,63,227,115
"LY6H",4,0,0,0,3,1,3
"GPIHBP1",3,12,22,55,17,31,1
"ZFP41",74,114,119,208,83,67,28
"GLI4",167,271,201,259,132,114,55
"ZNF696",107,114,134,176,133,93,42
"TACC1",1316,498,1307,1984,1159,2829,1253
"ANGPT1",22,0,30,70,18,71,9
"DUSP4",31,38,135,53,48,250,83
"MSC",7,0,6,30,2,16,6
"HEY1",22,5,42,114,24,25,23
"DEFA1B",12,1,43,0,26,59,19
"DEFA3",7,1,27,1,38,32,8
"VPS51P14",6,0,4,1,5,0,0
"ZFTRAF1",288,444,314,370,275,191,186
"OPRK1",1,13,4,2,6,3,0
"MYC",177,116,194,264,120,1125,81
"SLC25A32",7,9,3,2,3,6,6
"SOX17",10,0,10,55,3,86,1
"RP1",4,3,4,6,0,4,1
"RBPMS",82,123,420,845,318,622,230
"KCNQ3",18,77,21,24,30,33,18
"IL7",7,9,12,21,3,12,7
"SMIM18",23,5,11,5,3,20,11
"NRG1",3,2,32,62,4,24,30
"GNRH1",70,8,48,36,41,45,62
"KCTD9",363,158,197,166,169,466,311
"CDCA2",219,68,131,49,123,198,107
"PSD3",105,171,129,251,106,217,137
"INTS10",319,189,323,351,270,411,205
"LPL",13,26,196,360,45,953,156
"AP3M2",134,96,107,155,94,129,63
"XKR4",68,244,48,19,27,47,25
"SBF1P1",5,34,10,0,6,6,0
"TMEM68",123,85,107,124,104,111,96
"TGS1",225,153,300,212,165,356,125
"ZBTB10",315,130,286,213,164,388,384
"LINC02986",7,10,2,1,0,4,9
"RPSAP47",93,32,113,31,55,188,76
"FZD6",139,195,114,133,65,182,67
"DCAF13",197,82,168,138,128,259,151
"ST13P6",9,13,8,8,9,15,20
"ST3GAL1",303,154,674,850,384,903,317
"COL22A1",31,501,101,441,62,104,28
"FAM167A",22,39,44,32,59,53,9
"BLK",29,33,80,54,138,190,14
"CTSB",695,410,917,1257,720,940,723
"FAM86B1",65,116,70,211,47,50,19
"FAM135B",1,10,2,16,3,6,3
"ZFAT",177,79,255,189,165,239,101
"ENPP7P1",4,8,1,10,7,9,2
"GSDMC",0,5,7,1,0,3,3
"POU5F1B",3,24,7,4,6,5,4
"TRMT9B",16,226,96,522,86,118,16
"DLC1",52,85,142,573,52,643,83
"RUNX1T1",15,16,108,331,50,116,15
"XKR5",12,9,14,8,9,2,0
"DEFA4",0,4,2,0,8,5,0
"DEFA1",15,1,49,1,18,62,15
"DEFB109B",6,8,12,11,5,5,4
"PRAG1",66,119,131,131,103,151,29
"CLDN23",4,3,6,12,0,6,1
"MFHAS1",236,81,189,182,141,208,109
"ERI1",71,34,61,33,41,71,46
"PPP1R3B",88,58,79,136,45,206,69
"TNKS",702,356,600,603,464,780,497
"MIR597",4,2,1,5,5,6,3
"MSRA",46,46,62,70,46,88,19
"LINC03022",11,13,26,11,17,27,6
"PRSS51",9,50,21,19,18,21,3
"PRSS55",0,9,3,0,0,0,0
"RP1L1",3,5,0,4,0,4,1
"SOX7",21,52,21,51,6,44,33
"XKR6",23,17,48,55,20,35,23
"DEFB109D",4,10,5,11,3,4,2
"FAM90A2P",11,42,14,56,12,13,0
"ARC",2,1,0,8,0,9,0
"RPL17P29",15,3,11,15,5,19,11
"TMEM276",16,20,17,29,13,10,7
"SLC20A2",355,275,341,566,310,476,348
"SMIM19",61,42,63,79,35,101,61
"BRF2",36,28,28,32,22,41,15
"ZNF34",44,32,41,100,33,63,16
"CALB1",8,32,10,16,17,22,14
"LINC00534",3,31,7,7,5,5,1
"TMEM64",35,40,44,59,17,52,33
"NECAB1",20,4,9,15,11,12,20
"RPS3AP34",7,8,15,26,10,21,1
"LONRF1",87,236,120,221,92,282,100
"MAF1",161,88,188,314,118,208,59
"TCIM",5,20,7,41,2,76,3
"FAM90A3",1,4,0,12,7,1,0
"FAM90A13",1,1,1,7,4,1,0
"FAM90A11",0,3,0,10,3,1,0
"FAM90A20",10,13,7,16,7,5,1
"LY6S",2,1,15,31,4,8,10
"TSNARE1",157,210,156,217,106,136,39
"RN7SL260P",0,13,0,1,0,0,0
"ADGRB1",159,501,39,52,25,26,11
"TCEA1",348,165,203,221,173,443,248
"LYPLA1",139,40,118,60,52,168,99
"CRIPTOP5",10,7,7,21,12,7,3
"MRPL15",90,68,57,50,25,92,30
"INTS8",376,112,257,184,222,349,241
"ZNNT1",68,61,69,143,136,47,57
"GRHL2-DT",4,0,7,17,2,9,2
"JRK",494,490,569,735,414,396,261
"PSCA",5,1,2,5,2,1,0
"LY6K",0,0,1,11,3,1,0
"RNF139",105,24,76,66,44,150,64
"RGS20",13,15,8,8,12,18,9
"ATP6V1B2",546,418,597,545,438,827,453
"LZTS1",40,32,96,132,22,65,17
"LZTS1-AS1",2,3,6,10,4,2,4
"FDFT1",330,199,293,290,255,322,229
"WASHC5",294,94,233,196,189,399,138
"WASHC5-AS1",21,0,27,16,18,12,23
"NSMCE2",104,65,83,70,76,146,40
"RN7SL329P",10,11,24,18,18,14,7
"TRIB1",359,77,135,179,81,1241,123
"LNMICC",1,1,2,11,3,5,0
"PKIA-AS1",51,17,61,48,47,51,43
"LINC01603",0,13,1,7,0,2,0
"VPS13B-DT",51,43,71,92,60,52,45
"OTUD6B-AS1",135,75,100,75,87,139,102
"ARFGEF1-DT",13,6,11,5,6,9,7
"FAM167A-AS1",3,0,4,1,5,3,3
"LINC02866",0,3,2,2,0,3,1
"LINC02235",1,0,4,8,6,3,2
"UQCRB-AS1",4,0,2,8,4,6,3
"LINC00967",1,3,0,4,2,2,2
"CASC19",87,139,75,53,37,63,18
"LINC01608",5,1,2,5,2,3,0
"ZNF252P-AS1",24,47,15,31,26,9,14
"BAALC-AS1",70,96,68,91,65,64,43
"XKR4-AS1",1,16,0,1,0,1,0
"LINC01298",1,2,3,3,0,1,4
"FLJ46284",7,4,10,8,7,8,13
"UBR5-DT",40,24,40,27,35,44,45
"LINC03047",3,1,4,0,2,6,0
"LNCOC1",17,30,6,26,8,8,5
"MCPH1-DT",14,27,22,26,20,24,7
"MCPH1-AS1",337,304,302,214,277,248,212
"ST3GAL1-DT",9,1,9,25,14,7,16
"SLCO5A1-AS1",0,12,6,3,4,4,3
"LOXL2-AS1",9,6,18,28,11,32,5
"CA3-AS1",3,9,0,8,4,5,0
"MAL2-AS1",1,0,3,6,3,2,1
"LACTB2-AS1",31,36,27,20,36,18,23
"PENK-AS1",1,2,4,9,0,15,0
"LINC00824",7,2,3,4,0,3,3
"FAM87A",24,5,29,24,30,22,3
"LINC00964",1,0,8,7,4,0,1
"MSC-AS1",20,17,57,88,41,62,30
"DENND3-AS1",10,10,20,28,19,25,21
"LY6S-AS1",1,1,7,32,4,7,6
"HAS2-AS1",1,0,4,10,0,32,0
"LINC00589",1,6,3,3,0,0,3
"GS1-24F4.2",18,22,16,10,16,8,11
"WWP1-AS1",20,15,26,22,25,15,12
"RNF139-DT",94,47,95,90,109,68,51
"ASTILCS",0,1,5,6,3,4,1
"EXTL3-AS1",30,33,28,32,26,17,5
"FAM83A-AS1",0,6,0,0,1,0,4
"LINC01300",0,0,0,10,0,2,0
"MIR3150BHG",24,6,13,8,10,9,7
"RBPMS-AS1",0,6,8,32,11,9,5
"LINC00051",14,17,11,2,3,4,5
"LINC00681",1,1,6,4,13,3,0
"LINC02847",2,0,5,7,3,3,0
"CASC9",3,5,5,2,3,6,4
"LINC02153",1,29,0,0,0,0,0
"C8orf34-AS1",0,2,8,20,6,2,1
"SIRLNT",3,117,1,0,1,0,0
"TOX-DT",344,59,366,229,344,203,249
"DLGAP2-AS1",4,8,0,3,0,0,0
"C8orf44",126,80,120,101,106,102,93
"LY6E-DT",7,133,21,38,15,15,13
"OXR1-AS1",14,4,5,13,2,5,2
"YTHDF3-DT",5,4,2,3,3,4,1
"TNFRSF10B-AS1",4,0,10,7,3,15,2
"DCTN6-DT",5,1,3,6,5,9,5
"E2F5-DT",7,9,14,15,6,12,1
"ZFHX4-AS1",10,113,5,1,3,1,2
"PARAIL",176,317,331,382,195,250,197
"SAMD12-AS1",31,2,25,12,9,5,6
"GASAL1",4,10,5,31,2,31,3
"LINC01301",13,8,11,35,13,7,2
"FAM66B",95,94,120,196,100,84,9
"SNHG6",136,39,55,14,34,93,77
"PPP1R3B-DT",14,14,4,3,6,2,3
"ZFPM2-AS1",3,0,10,31,5,20,11
"PDE7A-DT",8,0,3,1,5,1,0
"LINC02842",0,5,5,0,1,3,0
"KBTBD11-AS1",8,0,6,4,7,1,3
"LINC02055",4,187,4,11,3,27,20
"CASC8",4,17,1,7,1,0,4
"PCAT1",61,96,59,66,35,44,34
"LINC02964",6,13,22,7,19,13,8
"LINC00861",240,88,317,185,178,158,174
"MITA1",26,21,57,50,30,27,20
"LINC01607",5,9,3,24,3,6,4
"MAILR",219,202,237,287,163,167,116
"LINC01419",1,9,2,1,0,0,0
"DSCC1",74,27,39,24,23,39,32
"RN7SL396P",113,90,509,371,113,124,535
"DEPTOR-AS1",1,3,7,9,1,1,2
"DEPTOR",34,116,25,77,48,45,13
"RNA5SP277",1,4,4,2,2,1,0
"DOK2",71,6,96,98,53,79,32
"XPO7",601,216,504,523,349,720,483
"NUDT18",62,133,86,133,67,46,39
"PIWIL2-DT",9,3,8,22,9,6,5
"TPM4P3",1,1,7,14,6,8,11
"UBXN2B",288,141,161,122,148,285,168
"PTPN11P2",85,34,54,30,41,70,59
"SDCBP",406,100,310,280,239,869,308
"NSMAF",540,274,499,405,524,671,436
"RNU4-50P",14,0,5,2,0,4,5
"LRRCC1",87,62,33,26,31,72,35
"E2F5",133,60,116,115,144,82,110
"RBIS",86,40,74,61,86,143,160
"CA1",40,7,21,42,23,35,12
"LINC01606",1,0,4,18,9,6,4
"ALG1L12P",1,4,2,9,1,1,0
"VIRMA-DT",30,28,40,51,35,28,15
"ENPP7P12",29,19,48,79,30,12,16
"FAM66D",115,219,152,458,162,137,37
"ALG1L11P",5,5,4,18,2,1,0
"LINC00529",4,0,2,7,3,2,0
"CLN8-AS1",112,53,74,71,77,101,55
"RRS1-DT",41,18,20,26,15,13,7
"LINC01030",2,24,3,12,1,16,6
"FAM66A",1781,1392,2319,3506,1808,1517,833
"RDH10-AS1",58,47,50,29,19,53,62
"LINC00968",3,0,9,31,4,22,0
"PCMTD1-DT",82,125,86,98,46,91,40
"CFAP418-AS1",45,29,44,66,41,29,28
"LINC01605",5,3,9,16,9,10,8
"MTUS1-DT",1,0,14,64,11,11,13
"CIBAR1-DT",4,0,6,6,0,5,3
"FAM85B",203,186,214,313,199,191,117
"LINC02984",747,963,116,196,110,110,73
"CCDC26",481,510,327,139,521,472,347
"ASAH1-AS1",2,1,2,12,7,1,0
"MSRA-DT",13,13,16,25,14,5,2
"ADAM7-AS1",12,22,34,16,19,17,20
"EPHX2",989,337,848,635,734,884,448
"MICU3",46,11,28,50,15,34,30
"ZDHHC2",181,32,108,94,79,182,91
"CNOT7",563,193,368,251,308,552,410
"CASC11",6,7,2,4,3,7,3
"PVT1",604,1116,814,770,545,633,420
"SLC39A14",102,153,47,89,29,195,65
"BTF3P3",4,0,11,3,7,5,1
"MINCR",24,30,31,28,21,29,19
"TOP1MT",203,103,219,240,157,239,108
"RHPN1-AS1",25,5,19,17,10,25,14
"RHPN1",718,269,666,486,471,337,267
"FAM66E",15,17,34,61,17,22,3
"DEFB109C",4,8,8,7,2,3,4
"MIR2052HG",3,14,2,11,5,10,2
"CCAT2",1,5,2,2,0,4,1
"RCL1",87,139,98,166,52,136,47
"HNRNPA1P41",21,47,36,33,45,17,65
"BRD10",541,356,634,501,412,733,350
"CNTLN",118,142,113,176,94,140,57
"FTH1P12",6,22,12,11,14,5,14
"TMEM215",1,9,0,0,3,2,1
"DMRTA1",2,10,7,18,13,20,1
"HAUS6",352,146,245,181,178,290,221
"CLIC4P1",0,0,2,7,9,4,3
"SAMM50P1",8,8,7,6,7,3,2
"PSIP1",1248,929,901,768,893,1498,1282
"APTX",362,401,276,331,216,273,218
"CCDC171",1060,1838,396,251,342,469,175
"LURAP1L",2,7,11,24,9,26,2
"SLC4A1APP1",8,6,8,2,3,5,10
"NFX1",664,486,846,844,604,973,598
"GRHPR",184,231,322,349,183,248,132
"PAX5",30,0,211,75,132,202,37
"TCEA1P4",5,7,9,15,5,8,7
"GNAQ",690,277,454,524,335,737,467
"SLC28A3",2,0,9,1,9,7,5
"PGM5",22,34,83,304,48,162,19
"PSAT1",134,210,89,74,49,60,78
"RASEF",70,99,50,71,34,69,77
"NMRK1",115,130,166,95,91,139,54
"POLR1E",96,72,96,120,68,165,41
"MTCO3P40",0,0,5,0,2,1,6
"HNRNPA1P14",86,30,84,90,55,51,29
"GOLM1",524,625,277,356,254,377,232
"TUT7",491,302,569,494,582,926,402
"TYRP1",0,2,18,0,0,0,0
"GNA14",22,9,14,43,4,27,15
"ZFAND5",464,222,476,367,362,1406,405
"ZBTB5",212,142,188,220,172,212,134
"NAA35",274,279,282,293,201,355,317
"FOXD4L3",5,7,5,12,4,8,1
"CARD19",72,55,70,105,46,65,86
"RPL21P85",1,0,5,2,4,4,0
"RPL21P83",5,0,3,1,2,7,3
"OSTF1",122,56,123,102,90,209,81
"MTCO1P51",2,0,10,2,8,3,3
"FRMD3",24,20,32,87,19,67,10
"GADD45G",27,5,9,10,8,9,4
"PA2G4P6",185,31,169,62,146,130,133
"TEX10",473,195,356,274,243,451,385
"GRIN3A",29,39,67,96,31,69,30
"RPL7AP46",0,8,3,4,4,3,3
"TMEM38B",21,17,12,18,12,31,22
"MTND2P9",1,0,6,0,5,4,5
"BNIP3P4",3,0,2,6,3,2,1
"NINJ1",138,280,77,184,42,164,44
"VPS13A",906,474,785,524,470,949,534
"RAD23B",502,601,305,400,368,620,452
"RPL21P87",8,3,5,4,11,7,14
"DEPDC1P2",2,0,4,1,2,3,0
"HNRNPA1P15",28,37,23,19,34,17,23
"PHB1P7",1,5,3,6,2,1,0
"LMX1B",0,0,2,14,0,1,0
"DAPK1",1688,345,1077,1206,1541,2006,971
"BRINP1",2,28,6,7,8,8,3
"PLPPR1",4,3,5,13,4,7,2
"NCBP1",626,436,554,431,338,686,397
"GCNT1",70,33,101,223,50,83,50
"DAPK1-IT1",103,17,30,37,60,63,32
"TLE1",74,157,91,227,98,122,27
"GAS1",164,488,125,379,72,292,37
"FGD3",736,176,995,636,778,1037,459
"INVS",306,259,441,418,305,374,238
"SMC2",466,188,232,96,174,406,280
"FXNP2",32,1,29,19,35,40,17
"SUSD3",60,55,64,41,40,89,63
"NR6A1",35,123,30,57,14,39,9
"STOM",108,71,274,596,132,778,245
"SPIN1",564,295,367,412,244,458,271
"SECISBP2",1470,594,1386,1109,1005,1568,1483
"COL27A1",2504,4147,1462,4582,1138,614,466
"RPL35",499,531,497,860,413,1044,264
"NUTF2P3",2,0,3,2,0,4,0
"RBMXP2",14,9,15,12,12,8,13
"ISCA1",101,71,51,82,43,127,56
"MED27",140,84,142,114,75,162,75
"ARPC5L",98,48,105,99,93,140,89
"PLIN2",72,29,128,202,91,282,141
"RXRA",252,1104,334,953,173,443,104
"PBX3",194,160,265,287,197,273,180
"MAPKAP1",394,303,392,452,367,494,238
"PDCL",110,99,87,104,36,152,69
"ROR2",51,35,89,168,75,112,35
"GKAP1",99,55,63,42,54,83,80
"GOLGA1",156,218,224,253,139,294,154
"CAMSAP1",419,639,499,633,375,572,229
"RPL36P14",1,0,2,11,4,1,2
"PTPN3",192,216,142,244,92,132,102
"MELK",207,117,86,62,111,161,93
"EHMT1",1010,808,1111,1150,817,1107,687
"SETX",1517,952,1606,1022,952,2218,979
"PTGES",55,243,23,57,7,25,11
"NPAP1P4",4,0,57,15,73,62,14
"RALGPS1",341,171,183,211,201,207,133
"MVB12B",348,153,347,360,300,539,150
"PAPPA",42,152,185,430,67,263,144
"OLFML2A",490,1800,156,672,118,205,48
"KRT18P24",2,4,2,2,1,0,0
"CAVIN4",3,2,8,13,8,11,5
"MTND2P8",8,6,2,0,1,3,9
"RPS19P6",0,0,4,2,2,9,2
"SCARNA8",10,0,28,6,40,6,43
"RNU6-264P",4,0,4,2,0,1,3
"RNU6-14P",5,7,14,4,2,0,11
"MIR4477A",2,10,5,2,6,1,4
"RN7SL343P",2,1,0,11,2,0,0
"RN7SL422P",1,4,0,9,2,2,1
"RNU2-36P",2,3,16,4,7,1,6
"RN7SKP264",1,6,1,0,4,0,3
"RN7SKP87",0,3,1,1,2,3,3
"RNU4-82P",6,7,10,4,17,3,12
"RN7SL302P",5,4,5,1,2,0,0
"MIR455",1,8,2,0,0,1,0
"MIR181A2",2,6,6,7,6,1,0
"MIR181B2",5,0,6,3,0,4,0
"NRON",9,2,2,4,3,17,4
"RN7SL30P",8,7,2,11,5,4,2
"SLC2A8",13,17,20,52,7,7,5
"RPL12",772,482,513,957,477,1519,374
"NIBAN2",63,206,114,329,31,118,36
"PTRH1",6,15,4,10,2,1,2
"CFAP157",33,44,42,33,15,37,7
"TTC16",4,8,13,21,11,11,4
"TOR2A",52,68,54,83,46,61,13
"SH2D3C",554,203,434,600,490,385,411
"CDK9",536,267,590,739,526,646,411
"GLIPR2",82,17,84,130,53,191,57
"RNU4-53P",6,14,4,4,1,2,3
"NAIF1",45,29,51,59,31,58,18
"SLC25A25-AS1",235,447,291,301,246,246,125
"PTGES2-AS1",9,8,6,17,8,0,5
"LCN2",8,0,24,0,13,30,8
"BBLN",163,120,76,83,57,149,32
"TRUB2",89,147,111,216,84,117,36
"COQ4",274,346,337,389,225,186,101
"SLC27A4",57,109,84,110,55,82,35
"TMSB4XP4",27,7,40,17,20,33,50
"URM1",173,165,193,213,142,210,80
"MIR219A2HG",4,5,14,6,10,14,13
"SPATA31F3",0,0,15,16,11,3,0
"GLULP4",2,3,4,22,5,5,5
"YWHAZP6",2,0,8,0,5,1,9
"SYF2P2",4,1,3,8,3,8,1
"MTCO3P29",25,12,31,13,24,20,27
"MTND3P23",6,0,7,5,6,10,14
"MTND4LP7",4,0,5,4,4,2,2
"MTND4P15",18,7,17,16,25,26,35
"NOL8",286,254,389,357,287,428,203
"OGN",108,64,64,98,61,157,61
"ASPN",83,50,48,36,19,85,47
"MIR4670",5,0,10,2,1,0,3
"RPL21P86",0,0,3,2,2,4,0
"KIF27",113,64,105,66,81,144,82
"QNG1",47,34,49,75,38,72,34
"CCDC107",9,1,11,15,8,16,16
"ARHGEF39",121,49,124,81,118,110,174
"TPM2",53,67,201,1092,173,455,78
"CREB3",67,81,69,104,60,125,46
"GBA2",328,405,479,607,352,449,230
"RGP1",400,274,310,496,350,403,303
"SPAG8",28,12,47,75,46,37,19
"HINT2",6,6,16,11,10,6,7
"TMEM8B",358,357,287,702,312,315,192
"FAM221B",3,7,3,15,6,5,0
"HRCT1",0,1,5,9,3,2,0
"SPAAR",3,18,8,32,10,17,5
"YBX1P10",51,103,73,106,68,92,88
"MLLT3",215,46,211,141,158,311,260
"MIR4473",9,4,7,9,14,10,6
"RNU4-26P",9,0,5,2,3,4,3
"MIR4474",7,0,12,2,13,4,17
"RPL7AP48",31,3,26,21,19,26,23
"MIR491",1,0,3,3,8,20,4
"EXD3",33,86,86,242,45,62,24
"ENTPD8",5,88,11,57,5,4,3
"PNPLA7",159,107,142,527,106,144,50
"MRPL41",39,61,62,86,37,67,20
"DPH7",241,174,249,314,195,183,106
"ZMYND19",52,53,73,80,51,50,26
"ARRDC1",208,260,270,319,133,175,98
"SETP5",41,22,30,34,21,32,31
"RPS10P3",43,16,57,79,49,88,60
"RNU6-1327P",2,0,3,4,2,5,1
"EIF1P1",0,1,3,12,7,4,0
"DMRT3",1,0,7,21,0,0,0
"FAM120AOS",324,521,440,434,352,465,326
"MIR548AU",3,0,2,1,1,2,8
"TRAF1",150,195,464,350,250,331,123
"RN7SL181P",2,6,2,1,3,1,1
"GSN-AS1",53,95,127,308,87,64,40
"MRPL50",115,61,54,63,61,99,66
"PGAP4",3,50,11,76,6,33,19
"RNF20",201,349,226,318,206,362,152
"PPP3R2",0,0,7,6,3,4,0
"BAAT",5,9,3,3,5,6,4
"CAAP1",88,70,69,47,38,92,52
"H3P31",8,7,19,18,12,13,10
"PLAA",206,105,155,109,112,276,163
"LRRC19",29,17,18,22,12,12,17
"SCAI",1413,315,928,500,679,1093,972
"CNTNAP3B",116,338,117,367,83,122,53
"CEP78",452,179,337,239,287,402,249
"AUH",101,65,150,128,81,164,103
"GDA",1,0,21,6,8,45,24
"JAK2",163,77,233,190,129,322,84
"TMC1",0,0,3,4,4,6,6
"TMEM252",0,0,0,16,2,7,0
"GARNL3",21,13,67,226,44,76,14
"DENRP4",1,7,1,2,1,0,0
"FBXW5",271,357,335,504,260,296,78
"C8G",19,46,15,31,32,17,8
"LCN12",180,216,105,110,151,58,42
"PTGDS",475,679,148,243,137,75,40
"LCNL1",111,588,78,50,53,24,23
"CLIC3",19,4,14,16,25,17,4
"LINC02908",10,47,36,70,24,21,7
"FUT7",7,3,9,9,5,4,3
"NPDC1",34,178,86,303,40,65,15
"ENTPD2",1,136,7,20,3,2,2
"SAPCD2",22,65,7,14,10,8,7
"UAP1L1",114,846,55,190,44,62,40
"MAN1B1-DT",2,34,7,11,4,2,2
"ANAPC2",293,186,371,449,238,305,161
"SSNA1",48,37,45,72,25,72,21
"TPRN",27,81,43,70,28,37,16
"TMEM203",63,64,47,79,37,69,26
"RNF224",7,53,12,15,6,4,2
"SLC34A3",32,140,38,56,13,14,7
"TUBB4B",419,446,317,455,230,517,133
"CIMIP2A",0,13,3,9,3,11,1
"NELFB",152,122,147,204,100,154,56
"TOR4A",12,38,35,55,11,35,10
"NRARP",23,84,25,105,7,64,34
"TEK",31,17,46,116,21,113,18
"ZNF462",251,812,500,1244,326,566,149
"RPL7AP44",3,5,7,19,4,6,0
"RNU2-46P",3,0,1,2,4,1,2
"RNA5SP289",3,2,2,0,0,3,5
"PARK7P2",7,5,20,9,9,9,6
"EIF4BP3",78,35,64,79,85,111,105
"ELP1",658,495,604,648,491,642,369
"ABITRAM",56,104,58,50,50,77,38
"CTNNAL1",90,25,44,35,30,82,56
"MIR32",1,0,3,4,0,3,0
"QRFP",4,16,6,34,10,23,0
"FIBCD1",0,24,0,2,2,11,0
"IER5L",5,13,5,29,3,5,6
"IER5L-AS1",1,0,3,5,4,3,3
"RBM17P1",12,22,6,11,2,6,6
"RN7SL763P",2,7,3,6,6,1,3
"CNN2P2",0,4,0,7,0,0,0
"SLC46A2",166,7,103,28,54,108,32
"SLC46A2-AS1",44,9,32,6,23,11,16
"SLC31A2",12,30,17,27,18,31,12
"OR1K1",1,0,2,7,6,6,2
"RC3H2",826,515,634,549,512,930,636
"ZBTB6",57,48,37,43,29,81,26
"ZBTB26",101,62,83,70,52,87,48
"RABGAP1",498,527,588,612,375,812,447
"RNY1P15",5,0,7,2,6,12,7
"MIR600HG",391,303,502,436,376,441,373
"STRBP",616,313,613,354,356,779,452
"RNU6-820P",7,0,26,0,6,3,25
"LSM1P1",3,4,2,6,1,0,0
"FXN",21,69,26,71,11,43,19
"TJP2",82,70,200,90,102,162,331
"EGFL7",55,57,133,439,43,116,63
"MIR126",3,3,1,16,2,0,1
"DIPK1B",22,24,45,92,32,33,8
"LCN10",0,0,3,16,8,2,2
"TMEM141",32,46,51,66,47,55,37
"CCDC183",29,54,36,62,43,42,22
"RABL6",484,610,596,694,361,465,275
"NCLP1",89,35,60,50,55,48,60
"MIR4292",8,10,3,11,15,8,8
"PHPT1",39,121,49,95,24,56,21
"MAMDC4",126,674,210,407,140,102,60
"EDF1",224,286,254,428,192,416,145
"MIR4479",1,2,8,4,2,2,5
"ENTR1",148,160,175,165,138,163,57
"INPP5E",195,133,236,324,165,159,74
"C9orf163",6,22,2,3,7,0,0
"FSD1L",50,66,35,23,25,41,23
"RALGAPA1P1",70,23,103,115,76,108,46
"CDK20",28,50,40,67,26,27,8
"AGTPBP1",258,66,207,116,133,382,151
"KIAA1958",235,88,199,163,197,249,217
"ZFP37",12,7,11,17,2,17,4
"MSANTD3",47,28,53,44,36,67,47
"OLFM1",115,262,44,97,31,98,26
"ZCCHC7",250,192,271,217,216,325,189
"ZNG1C",227,309,306,277,207,420,227
"FKTN",298,218,230,227,153,307,138
"FBXO10",36,39,47,61,40,63,40
"TOMM5",49,25,58,50,54,49,67
"FRMPD1",1,15,2,10,2,6,1
"TRMT10B",173,203,171,207,141,134,127
"EXOSC3",198,79,160,158,102,177,150
"DCAF10",357,233,241,242,160,255,183
"PAICSP1",11,13,17,18,18,16,19
"SLC25A51",124,91,94,104,39,130,51
"SHB",30,151,65,173,31,101,30
"RNU7-124P",2,1,4,1,2,6,0
"AIF1L",50,33,100,295,63,119,38
"LAMC3",2,6,36,93,11,52,9
"SNORD62A",4,7,21,23,18,4,13
"SNORD62B",26,16,48,43,33,34,34
"UCK1",102,84,123,171,84,130,46
"MIR2278",11,9,10,5,3,2,3
"MIR6081",1,0,1,11,3,6,1
"MIR23B",2,0,3,18,3,3,0
"MIR27B",0,1,7,21,4,13,1
"RNA5SP296",0,2,5,8,1,1,0
"AK1",13,4,19,38,4,12,6
"ST6GALNAC4",54,28,72,87,27,63,64
"PIP5KL1",14,12,23,33,19,14,9
"DPM2",89,158,112,157,118,125,57
"EEIG1",1071,287,1245,956,871,1098,832
"PRXL2C",20,69,19,53,14,48,22
"ZNF782",220,135,198,231,203,218,111
"PTMAP11",26,35,39,28,18,17,34
"NUTM2G",124,360,226,300,214,144,131
"YRDCP2",28,15,19,17,22,17,14
"PAPPA-AS2",1,14,13,25,3,10,2
"RPL10P3",8,9,16,15,5,6,4
"RN7SKP128",0,1,4,5,2,3,0
"RN7SKP125",1,3,0,4,2,1,1
"NDUFA8",60,71,40,48,37,84,21
"RBM18",128,106,71,72,54,129,84
"MRRF",212,285,252,265,160,292,175
"MPDZ",111,171,220,543,126,380,93
"PLPP7",2,4,6,20,2,10,2
"TMEM268",224,227,221,271,179,282,151
"TEX53",5,13,9,25,5,9,3
"TEX48",3,3,6,15,0,8,0
"TNFSF15",24,10,26,81,12,23,14
"ATP6V1G1",281,202,211,248,182,420,232
"PSMD5",229,102,180,123,105,238,141
"PHF19",305,174,373,440,358,372,199
"TRIM32",95,115,117,198,70,147,53
"CDCA4P1",14,6,11,29,17,9,9
"PSIP1P1",2,0,2,1,3,3,0
"ANXA2P2",5,28,34,60,13,35,17
"PTENP1-AS",3,7,5,8,3,0,2
"TRBV26OR9-2",0,3,1,6,0,4,0
"UBE2R2",651,607,518,570,423,698,542
"RNU4ATAC11P",36,3,15,7,14,18,17
"OSTCP8",16,10,24,12,8,13,18
"DCAF12",339,288,234,297,194,479,226
"CTSL",107,149,114,209,56,418,120
"FREM1",156,39,106,203,64,163,23
"RN7SL187P",2,0,5,5,0,1,0
"PTGES2",239,173,207,242,140,197,82
"SMC5",442,152,464,406,391,809,351
"RN7SL726P",0,2,2,11,1,0,0
"OR13C9",4,6,0,2,0,2,0
"OR13I1P",3,4,2,2,4,1,1
"OR13D3P",11,13,6,6,7,4,7
"NIPSNAP3A",26,5,19,13,25,41,19
"NIPSNAP3B",70,17,53,90,58,94,40
"ABCA1",1047,771,1094,1028,527,1807,2157
"WDR38",4,7,7,11,4,5,3
"GPR21",50,16,38,46,32,38,30
"FRRS1L",0,7,1,2,0,5,2
"IFT74",79,77,100,90,68,122,42
"SPATA31G1",54,117,65,111,79,92,33
"RN7SL338P",25,32,32,42,22,24,11
"STOML2",112,138,113,145,70,192,63
"ATOSB",88,62,71,207,83,108,97
"SAXO1",14,17,13,27,15,11,7
"PSMC3P1",5,5,5,1,3,6,2
"RRAGA",143,73,121,164,92,207,53
"ADAMTSL1",17,22,33,256,21,97,9
"DNAI1",14,29,8,11,8,13,3
"CNTFR",2,306,79,237,36,124,20
"RPP25L",29,15,17,52,19,22,7
"DCTN3",184,110,161,183,144,226,66
"GALT",98,93,136,179,135,116,98
"CCL19",217,87,533,1032,131,449,194
"SPATA31F1",5,4,20,45,14,8,11
"SIGMAR1",113,153,98,221,94,146,58
"GTF3C5",298,222,359,374,363,373,134
"CEL",29,33,50,57,35,42,9
"RALGDS",80,93,173,299,120,184,85
"GBGT1",24,25,70,145,44,34,11
"ABO",12,21,74,308,98,56,29
"SURF6",135,127,126,233,111,133,77
"MED22",207,281,239,347,159,178,162
"RPL7A",1534,1580,1423,2582,1203,2661,829
"SURF1",88,106,88,134,82,71,35
"SURF2",36,48,26,40,27,32,13
"SURF4",490,519,401,539,262,572,317
"STKLD1",41,64,43,64,43,34,21
"REXO4",98,113,127,178,129,165,62
"CACFD1",50,81,49,97,27,31,12
"SLC2A6",17,86,39,34,24,25,12
"VN1R51P",1,8,0,3,1,1,0
"FAM220CP",0,13,5,8,2,8,0
"CTSV",2101,8915,1350,971,1979,2291,1614
"RECK",193,23,105,120,98,182,113
"GNE",220,111,193,214,138,265,120
"HMGB3P24",29,19,17,2,13,4,5
"PPP6C",422,167,224,154,192,463,296
"PRPS1P2",21,2,23,14,27,25,11
"RABEPK",60,79,68,97,63,93,32
"HSPA5",450,425,549,546,466,1090,488
"ACO1",376,780,351,421,345,602,288
"NDUFB6",35,38,20,22,9,54,5
"DFFBP1",0,0,5,8,5,3,1
"TAF1L",0,1,12,6,9,3,5
"TOPORS",137,148,141,113,130,311,166
"NOTCH1",1437,2405,1380,2558,636,1453,567
"GTF3C4",382,415,222,277,181,349,192
"AK8",14,38,8,18,21,31,4
"SPACA9",57,34,40,50,35,54,19
"EEF1A1P5",8469,3938,7964,8443,7191,11508,7275
"GFI1B",4,5,2,18,20,7,3
"FOXD4",0,2,13,4,2,3,2
"LRSAM1",128,225,209,315,153,159,99
"VTI1BP4",8,3,7,2,1,3,1
"VCP",995,958,973,1102,775,1391,621
"KCNV2",22,4,10,21,9,11,6
"VLDLR",20,26,84,140,45,64,64
"SH3GLB2",528,410,649,834,420,430,196
"DOLPP1",85,70,49,79,38,92,49
"PKN3",74,37,54,132,44,63,41
"ZDHHC12",41,29,56,106,51,77,33
"ZER1",325,214,290,419,241,379,136
"ENDOG",8,4,4,7,0,3,2
"SPOUT1",5,2,5,14,3,5,1
"KYAT1",8,25,6,11,4,3,4
"LRRC8A",112,99,154,315,125,188,60
"PHYHD1",20,14,46,134,25,60,18
"DOLK",32,33,27,49,22,40,14
"NUP188",679,599,683,724,521,840,343
"CRAT",71,74,58,158,61,93,30
"MIR4477B",1,14,5,1,6,2,6
"DYNC2I2",154,96,87,131,82,81,35
"SEMA4D",1275,454,1595,1126,1467,1740,992
"ZNF510",240,152,203,194,196,261,115
"ASTN2",84,411,270,413,90,272,81
"GGTA1",32,7,40,73,19,55,12
"OMD",98,53,50,58,31,66,64
"GPSM1",67,118,82,179,38,72,54
"POMT1",454,313,438,570,350,465,478
"KCNT1",19,19,20,36,8,7,3
"NOXA1",43,166,59,172,11,24,9
"UBAP2",607,502,595,700,505,727,464
"PRSS3",7,6,8,9,8,5,2
"SLC25A25",206,85,176,192,116,628,115
"DNAJB5",43,133,75,157,91,153,63
"MAN1B1",499,309,442,638,273,459,216
"OR1J1",0,8,3,0,0,0,1
"GLIS3",12,41,40,158,26,65,26
"VDAC1P11",24,2,9,11,4,6,3
"PTMAP12",13,25,30,24,16,10,38
"YRDCP1",21,11,15,11,15,8,21
"FBP1",0,0,1,15,3,13,4
"MEGF9",181,120,127,163,115,429,115
"GLE1",346,326,351,389,266,385,266
"UBAP1",246,267,280,313,255,450,204
"RPL35AP2",20,3,20,17,20,38,24
"RNA5SP282",5,12,4,12,4,10,6
"RNU2-50P",3,3,0,1,2,3,3
"SERPINH1P1",2,1,0,0,3,4,1
"MYORG",55,70,68,133,53,84,48
"KIF24",243,140,211,143,199,243,151
"ZNF483",639,951,275,441,116,344,199
"PTGR1",18,73,69,137,28,66,29
"DNAJC25",19,14,24,26,12,30,9
"UGCG",297,38,198,103,109,356,245
"MIR4668",1,0,2,1,1,6,2
"SHOC1",193,101,94,86,69,70,58
"GPRACR",1,17,7,11,8,5,4
"NCS1",184,240,70,247,34,75,27
"RN7SL665P",4,0,4,4,2,1,0
"ASS1",66,975,68,178,20,121,21
"ZNF189",186,124,187,158,178,284,170
"ST6GALNAC6",24,3,67,61,26,42,38
"ZNF658",64,96,61,75,58,75,27
"ENTREP1",122,216,228,463,174,226,96
"TUSC1",22,35,22,50,15,28,12
"C9orf153",13,19,2,13,13,5,13
"KLF9",82,291,169,357,149,875,100
"RNU2-25P",4,2,7,9,1,8,1
"ECPAS",567,661,656,792,428,888,308
"NDOR1",176,149,171,206,133,140,61
"DMRT2",135,437,170,506,85,116,62
"MIGA2",216,298,239,309,198,195,98
"RPS26P3",84,28,53,64,39,33,87
"RN7SL5P",17714,15200,27536,40241,7411,35591,12460
"IARS1",1007,459,904,822,534,1010,510
"SLC31A1",79,135,83,88,60,101,102
"CDC26",59,58,60,57,44,96,41
"PRPF4",145,157,125,120,115,195,74
"RNF183",1,6,0,2,3,3,1
"BSPRY",9,1,13,29,6,14,4
"HDHD3",48,39,60,89,44,43,27
"ALAD",223,232,287,427,210,290,165
"POLE3",223,140,134,96,111,223,146
"C9orf43",6,5,7,15,4,9,3
"RN7SL787P",2,5,4,6,2,0,3
"FOCAD",392,170,451,268,466,733,285
"HACD4",277,67,213,154,216,268,174
"SEC16A",1461,1298,1605,1850,1204,1902,832
"RFX3",563,176,417,331,368,502,411
"KANK1",329,751,587,1572,625,721,236
"HMCN2",1284,1324,197,801,85,229,59
"PTGS1",19,5,49,137,22,61,13
"OR1L3",1,0,0,7,2,1,1
"TTLL11",54,82,73,173,51,72,16
"AMBP",2,3,5,16,7,2,1
"KIF12",54,0,17,25,23,9,6
"NPR2",118,123,173,313,159,148,68
"SPMIP6",8,22,10,14,2,10,11
"FAM219A",250,394,217,338,200,236,189
"WNK2",889,3980,577,1243,359,334,216
"DDX31",105,129,125,165,74,141,59
"ALDOB",3,32,3,14,13,5,10
"CA9",0,13,1,11,0,1,1
"CIZ1",372,532,541,945,483,583,258
"GAPVD1",657,603,616,529,476,845,601
"NUTM2F",30,166,94,122,71,40,62
"LPAR1",24,46,90,184,32,148,55
"SVEP1",51,22,201,705,117,826,162
"NTNG2",14,15,19,36,14,45,8
"MUSK",8,11,13,24,9,26,14
"CERCAM",15,41,36,210,19,56,16
"MFSD14B",377,248,201,170,139,380,211
"SIT1",227,47,270,169,239,256,182
"CD72",48,10,77,51,84,78,42
"NTRK2",19,16,239,627,97,486,136
"AQP3",1419,760,1198,1223,1122,1622,1678
"MIR6851",1,7,2,1,4,7,2
"AJM1",55,293,67,81,45,24,16
"SET",1577,980,1001,978,859,1418,1152
"OR1L8",0,3,1,3,1,3,1
"ZNF618",243,381,242,603,172,301,104
"CNTNAP3",239,585,165,477,125,220,75
"CRB2",13,73,61,79,19,25,14
"MIR601",6,3,7,2,5,5,0
"PIGFP2",8,9,1,1,2,3,3
"DOCK8",2819,705,2881,1663,2649,3982,1552
"SPTLC1",334,205,349,307,242,454,246
"CNTRL",1634,776,1869,1279,1850,1722,1669
"ABCA2",311,409,341,572,217,327,81
"ALDH1B1",50,126,27,92,20,64,20
"IGFBPL1",246,459,33,40,24,29,25
"ARMC8P1",7,17,4,1,0,0,0
"TCEA1P3",8,14,2,3,0,1,0
"GAS2L1P1",27,14,1,17,3,0,2
"VN1R48P",4,23,0,0,0,0,2
"B3GALT9",73,45,42,55,47,72,34
"DENND4C",643,390,645,604,429,909,418
"RPS6",3832,2966,2446,3309,2538,4793,2728
"ACER2",36,15,28,38,33,54,35
"SLC24A2",1,2,20,4,7,5,4
"RIC1",605,491,539,450,580,806,565
"MLANA",82,87,104,99,109,78,64
"ERMP1",468,297,392,386,388,447,260
"IL11RA",104,181,121,220,150,147,167
"FKBP15",456,462,614,605,495,634,347
"RMI1",104,17,51,21,34,48,61
"AQP7",12,8,126,623,39,143,38
"NOL6",440,269,531,539,453,522,312
"EXOSC2",271,257,302,367,248,232,124
"RNF208",16,37,11,28,3,8,4
"SNAPC4",165,187,238,289,164,181,82
"NR4A3",114,28,54,238,56,749,99
"STX17",647,342,554,447,431,618,472
"RN7SL75P",5,14,6,12,5,2,2
"RPS2P35",6,4,5,9,4,3,11
"NANOGP5",19,30,27,18,21,21,7
"CDK5RAP2",1420,983,1547,1541,1436,1648,1049
"STPG3",4,30,9,10,2,2,2
"UNC13B",90,168,225,532,120,259,76
"ECM2",162,78,154,239,73,239,80
"LHX6",7,1,26,64,6,36,2
"ERP44",483,314,429,360,349,516,408
"UPF3AP3",15,8,18,18,14,21,6
"PPP1R26",32,68,55,184,28,44,10
"PIERCE1",4,5,1,13,0,2,0
"NUP214",2393,1055,2274,2191,2103,2296,2553
"ZBTB43",249,337,236,227,163,256,204
"ANGPTL2",135,130,95,417,64,260,72
"MIR4673",1,10,1,5,0,0,0
"FOXD4L5",1,8,4,14,15,9,2
"FRG1KP",3,2,3,1,1,4,1
"ZNG1E",312,327,312,325,251,486,245
"FOXD4L4",0,11,1,2,1,1,0
"WASHC1",116,139,236,247,145,130,63
"CARD9",4,7,15,14,29,4,1
"FANCC",243,219,347,560,204,336,199
"NEK6",187,215,305,392,213,337,128
"PSMB7",261,213,239,241,156,402,113
"NR5A1",9,61,0,5,6,3,7
"SWI5",50,29,38,114,75,54,32
"FANCG",195,178,120,138,111,144,86
"CCDC180",23,51,52,92,23,96,29
"ANKRD20A1",34,43,73,36,55,51,16
"TPT1P9",9,0,10,3,3,1,5
"RN7SL151P",5,2,30,13,5,0,28
"TUBB8P1",18,10,20,24,26,11,12
"ERVFRD-3",2,6,5,3,1,5,10
"CDKN2A",13,50,15,25,19,17,21
"RUSC2",31,77,94,418,75,154,22
"RPL36AP33",0,4,1,13,3,3,0
"CIMIP2B",4,23,6,20,6,10,4
"SNORD62",7,1,2,4,6,3,3
"MRPS2",53,49,46,89,46,83,25
"HMGN2P31",4,0,6,3,3,1,4
"RLN1",4,0,5,3,5,4,2
"PLGRKT",58,95,38,32,34,72,40
"RNF152P1",7,11,6,4,4,7,0
"CD274",355,1143,130,76,80,149,233
"PDCD1LG2",104,58,48,32,81,87,41
"MOB3B",156,152,107,299,94,150,126
"IFNK",34,18,30,28,21,21,18
"EMICERI",147,67,175,166,113,80,124
"C9orf72",213,66,142,74,85,237,139
"LINGO2",5,17,8,5,6,10,6
"ZBTB34",180,88,141,193,121,195,108
"S1PR3",219,44,306,217,349,229,155
"SHC3",10,44,26,62,24,30,2
"CKS2",65,27,31,22,34,51,25
"MIR3153",9,1,7,1,7,4,1
"RNA5SP290",5,7,3,2,4,0,1
"ALG2",77,73,97,78,95,148,68
"SEC61B",191,40,122,73,68,226,100
"FAM120A",844,1230,817,860,666,983,391
"OR13D1",10,6,4,5,12,8,2
"APBA1",26,22,52,92,33,60,20
"PTAR1",1527,491,856,517,722,1295,1695
"RN7SKP191",0,0,2,0,2,1,6
"SLC44A1",274,435,208,237,141,409,180
"PTPA",326,412,300,394,176,225,161
"ORM1",4,3,12,11,15,25,10
"ORM2",16,2,31,25,47,47,21
"AKNA",2621,826,3562,2686,3973,4270,1935
"DENND1A",330,382,337,416,222,352,185
"TOR1B",132,119,107,138,133,137,60
"TOR1A",143,154,179,145,197,239,100
"C9orf78",290,231,206,269,264,370,195
"USP20",552,306,586,536,639,634,230
"GSN",261,211,1645,6774,687,4456,377
"FUBP3",534,388,456,485,291,603,372
"PTPDC1",91,46,66,102,45,98,55
"CYCSP24",1,0,9,12,1,4,0
"DAB2IP",333,254,286,654,270,405,141
"PHF24",1,34,27,77,14,35,7
"PALM2AKAP2",1352,493,1316,1194,1558,2186,1343
"GOLGA2",340,539,483,803,379,503,363
"TLR4",63,62,103,217,55,367,31
"FAM163B",2,30,0,3,2,5,1
"DBH",24,19,60,31,39,58,22
"DBH-AS1",54,26,55,34,31,59,34
"ADAMTS13",55,122,30,86,15,27,6
"BNC2",213,812,194,567,160,226,72
"ANKRD18B",6,71,18,72,11,7,6
"SNX18P5",1,3,10,6,10,3,4
"BICD2",364,377,368,478,318,376,268
"DIRAS2",5,0,1,3,2,0,1
"TDRD7",94,87,114,89,70,168,59
"ANP32B",1053,941,875,891,1014,1369,1258
"NANS",125,178,230,213,239,281,91
"TRIM14",578,1181,1133,729,1320,964,687
"CORO2A",94,631,146,165,149,200,127
"TBC1D2",33,203,62,129,42,76,46
"PIP5K1B",7,0,32,33,13,49,8
"PABIR1",151,88,128,143,115,185,124
"MIR1299",0,4,4,10,8,10,0
"FNBP1",3167,1024,2927,2072,2422,3852,2885
"TTC39B",150,129,155,188,138,311,165
"CSNK1G2P1",3,1,5,4,2,4,3
"PDSS1P1",20,6,25,20,15,20,6
"MTND6P5",19,9,27,4,19,30,41
"MTND1P11",27,4,20,22,22,26,11
"MTCO1P11",43,19,35,24,27,36,33
"MTCO2P11",14,13,10,24,7,18,14
"MTATP6P11",13,3,7,2,4,7,2
"MTCO3P11",11,0,10,8,15,22,6
"MTND4P14",25,8,20,15,17,28,22
"MTND5P14",19,2,21,6,9,22,14
"TCF3P1",5,4,10,14,8,7,3
"IGHEP2",5,7,6,11,9,5,5
"INSL6",9,2,8,7,4,11,6
"RGS3",109,91,161,254,83,160,43
"RAB14",411,294,305,328,275,470,292
"SPTAN1",2187,1674,2501,4172,1667,3287,1235
"SMARCA2",1106,1667,1502,1867,1185,1756,1053
"FAM78A",449,107,533,429,465,501,336
"ABL1",395,501,502,1063,323,786,204
"RN7SL328P",33,21,29,34,29,21,17
"TNFSF8",313,82,462,110,1551,960,196
"TNC",139,54,373,1061,136,794,204
"SNX18P3",2,15,5,2,2,2,0
"ANKRD20A2P",3,15,17,4,12,3,0
"ANKRD20A3P",1,13,12,4,7,1,0
"ANKRD20A4P",3,20,16,2,9,3,0
"CNTNAP3P7",0,5,1,0,0,1,5
"CLCN3P1",20,0,4,4,12,6,2
"CYSRT1",2,8,2,3,0,0,0
"DNM1",36,67,93,508,71,110,27
"RNF38",518,262,458,366,288,631,443
"CLTA",354,606,295,356,228,376,142
"COL5A1",134,622,252,1498,121,545,95
"COL5A1-AS1",0,2,1,12,0,3,3
"FCN1",42,4,36,146,33,380,13
"TLE4",619,239,584,411,440,970,547
"DNLZ",11,7,25,16,10,14,4
"UBAC1",144,284,159,277,94,170,71
"NACC2",97,376,107,294,33,121,37
"TMEM250",117,99,92,134,75,118,46
"LHX3",0,10,1,3,3,0,1
"QSOX2",346,245,309,225,188,346,155
"CCDC187",30,96,6,3,14,3,3
"PRRC2B",1625,1910,2243,3550,1744,2467,1048
"INIP",149,107,108,118,93,151,74
"SNX30",209,164,219,205,161,248,176
"ZNF883",19,12,16,18,13,11,9
"RAPGEF1",738,623,1026,1355,787,1449,508
"GRIN1",45,8,35,18,33,23,18
"SLC35D2",16,27,32,53,13,41,9
"ZNF367",170,72,65,39,52,107,82
"NSA2P7",44,19,20,14,18,24,29
"HABP4",38,48,55,135,39,86,33
"CDC14B",138,175,142,300,116,179,112
"BAG1",181,323,163,189,144,263,175
"CHMP5",132,147,112,106,77,192,83
"TLN1",1792,1388,2315,3601,1591,3477,1069
"ADGRD2",2,1340,84,116,21,85,24
"ODF2",351,210,411,444,389,407,147
"PMPCA",218,184,212,314,192,281,85
"PCSK5",567,102,556,531,303,683,354
"RFK",58,23,26,52,32,47,32
"SLC1A1",5,3,16,44,7,40,50
"PLPP6",70,55,72,60,52,95,54
"CDC37L1",84,60,75,70,62,128,43
"AK3",244,166,249,186,164,338,226
"ECM1P1",0,11,2,27,0,0,0
"KLF4P1",12,22,9,19,9,15,7
"C5",39,89,62,98,64,65,15
"NFIB",400,1584,698,1832,393,1304,532
"SEPTIN7P7",1,0,3,0,1,2,6
"ANKS6",84,139,112,236,75,124,50
"GALNT12",36,15,30,34,23,49,16
"CENPP",111,105,137,141,122,120,59
"OR1L4",4,11,6,16,1,5,7
"OR1L6",2,2,6,10,0,7,3
"OR5C1",5,3,6,8,4,1,4
"ADAMTSL2",26,54,21,60,6,24,18
"SARDH",65,27,60,56,48,111,25
"VAV2",154,294,202,375,162,235,91
"WDR5",291,269,178,289,190,229,140
"RNU6ATAC",58,64,139,102,172,99,164
"CNTNAP3C",57,118,62,227,49,98,36
"RN7SL462P",2,13,1,10,2,1,0
"IPPK",47,17,29,32,22,44,24
"TESK1",163,163,183,332,178,212,150
"WDR31",34,99,26,69,17,37,13
"GPR107",638,590,567,728,496,705,498
"TTF1",177,190,169,168,170,226,115
"CFAP77",3,7,9,3,8,3,3
"BARHL1",4,4,1,1,6,5,4
"AGPAT2",27,45,51,200,14,123,28
"TMEM245",689,380,481,626,328,729,431
"EPB41L4B",34,17,21,18,6,55,15
"ANKRD18A",192,607,148,295,115,105,37
"PTCH1",115,146,154,309,106,191,64
"AOPEP",254,213,424,601,253,380,156
"SPATA6L",19,3,50,72,22,59,42
"CUTALP",2,0,9,3,1,6,3
"PHF2",402,464,500,723,353,635,242
"COL15A1",76,55,380,1531,150,806,204
"C9orf152",39,5,7,10,47,33,101
"TXN",274,39,122,64,65,350,99
"TXNDC8",5,0,1,2,5,6,25
"RANBP6",211,90,259,95,164,213,143
"OR1B1",1,0,1,4,1,2,7
"STXBP1",318,709,222,650,118,306,148
"ENG",217,173,312,700,178,342,98
"CCL21",12,12,55,79,14,135,22
"TGFBR1",301,125,297,254,194,391,221
"TSC1",777,735,856,1102,729,972,562
"RIGI",186,531,200,168,164,170,170
"IL33",29,12,86,155,24,141,85
"GLDC",9,13,4,14,6,20,9
"KDM4C",828,375,1064,714,732,1131,720
"ACTG1P14",14,18,38,48,22,33,9
"RPL4P5",33,34,68,58,80,48,126
"DMAC1",198,78,101,83,100,228,90
"CACNA1B",4,5,2,5,0,4,2
"FAM157B",7,9,29,36,6,48,9
"TRPM3",7,69,30,85,22,36,8
"CEMIP2",810,1473,567,581,574,1593,641
"ABHD17B",330,64,195,126,101,273,165
"C9orf85",87,87,66,94,73,59,48
"HSPB1P1",19,131,29,69,12,6,13
"ERCC6L2",830,694,758,609,569,852,571
"MAMDC2",13,13,21,133,12,69,7
"RNU2-5P",1,4,0,8,0,2,1
"RPL24P8",19,17,14,27,9,49,9
"RORB",100,39,2,45,43,97,104
"TRPM6",11,6,28,33,29,66,15
"C9orf40",31,19,21,19,20,22,19
"CARNMT1",109,61,64,63,47,88,51
"PUM3",103,59,135,119,68,176,47
"LINC02975",7,13,23,56,6,18,3
"LINC01503",55,500,81,201,77,72,36
"NTMT1",30,69,60,63,33,49,25
"C9orf50",2,3,2,6,1,2,0
"ASB6",120,174,157,193,122,108,60
"PRRX2",3,17,2,18,0,7,5
"FRG1HP",6,6,6,3,3,2,3
"FOXD4L6",7,7,4,12,5,6,1
"ZNG1F",182,283,312,312,241,374,188
"BRD3OS",74,79,95,125,77,67,19
"BRD3",435,350,382,563,247,481,256
"PIGO",348,348,412,475,293,340,230
"NSMF",173,74,188,261,141,240,138
"WHRN",497,488,343,832,434,419,255
"LAGE3P1",11,16,9,24,9,9,3
"DNAJA1",447,485,431,413,402,722,250
"SMU1",494,276,370,354,297,662,259
"B4GALT1",525,891,444,495,284,1201,616
"ZNF484",131,140,190,182,141,238,96
"DPP7",215,143,243,259,172,232,70
"STPG3-AS1",11,19,6,19,12,5,6
"NFIL3",17,2,35,74,31,418,48
"KLHL9",257,112,240,195,216,334,130
"ALDH1A1",12,10,100,245,37,265,53
"ANXA1",72,55,242,612,107,1483,108
"XPA",142,157,172,143,143,221,182
"FOXE1",7,280,19,94,5,9,17
"TRMO",186,111,195,214,160,396,202
"HEMGN",63,14,33,35,44,95,29
"IDNK",273,44,221,187,207,240,135
"UBQLN1",812,407,569,437,401,952,606
"ZNF169",179,114,169,183,128,106,108
"LINC03062",99,0,14,1,10,16,8
"VPS13A-AS1",8,2,4,8,0,2,3
"FAM242E",49,57,57,61,83,70,97
"UBE2R2-AS1",61,32,54,39,54,42,66
"NAMA",42,26,51,50,19,55,24
"MAMDC2-AS1",34,46,60,191,41,70,26
"FAM242D",0,0,3,0,2,2,4
"FAM225B",3,9,4,14,2,12,2
"LINC02846",7,26,12,12,8,12,6
"WDR5-DT",9,29,8,37,24,5,7
"B4GALT1-AS1",2,3,1,10,0,5,0
"UBQLN1-AS1",21,10,21,21,23,33,10
"PRRX2-AS1",0,4,2,6,0,3,0
"VLDLR-AS1",1,4,11,32,8,6,1
"NALT1",109,144,105,231,55,49,71
"FAM242F",11,20,31,23,37,43,40
"LINC01474",0,2,7,18,1,11,0
"HSD17B3-AS1",2,4,1,1,1,2,0
"TMEM246-AS1",0,7,2,8,3,1,1
"FAM88C",31,196,73,142,73,35,66
"BNC2-AS1",5,29,15,20,19,10,5
"HSPA5-DT",4,12,5,16,4,0,4
"LINC01506",0,9,10,16,1,8,0
"PGM5-AS1",1,2,14,42,6,7,1
"LINC01239",2,0,0,8,1,12,0
"PPP1R26-AS1",17,28,31,50,21,7,13
"FAM201A",35,126,5,21,12,6,3
"TLE1-DT",6,1,0,5,5,5,3
"LINC03025",1,11,21,5,12,12,4
"SMC2-DT",2,4,6,3,7,5,3
"RORB-AS1",54,0,2,16,13,23,19
"LINC01230",0,0,21,16,1,3,8
"LINC01504",42,56,80,51,63,97,31
"CT70",8,18,4,8,4,1,4
"LINC00092",17,6,25,25,16,21,7
"DNAJB5-DT",5,31,7,12,5,9,1
"LINC01505",2,4,2,6,0,7,2
"FRMD3-AS1",6,11,13,37,8,14,4
"LINC02603",23,17,32,43,18,18,6
"CAMSAP1-DT",39,46,75,112,74,33,24
"MIRLET7A1HG",193,148,192,232,175,193,131
"LURAP1L-AS1",2,0,1,8,0,2,1
"MIR181A2HG",40,13,25,15,18,21,9
"MIR31HG",2,5,4,11,4,8,2
"ERCC6L2-AS1",110,76,109,115,183,128,49
"CDKN2B-AS1",93,71,49,27,33,48,58
"FAM88E",16,98,23,70,35,18,10
"FAM88D",35,175,80,136,68,34,54
"DOCK8-AS2",193,57,218,87,202,272,223
"HMGA1P4",24,58,65,65,45,31,36
"FKTN-AS1",7,8,6,9,5,2,2
"EBLN3P",623,265,508,362,371,585,460
"CARNMT1-AS1",68,29,49,47,43,37,61
"SNX30-DT",4,0,9,3,6,2,4
"FOCAD-AS1",16,7,15,14,10,19,14
"LINC03026",8,1,2,6,4,0,0
"LINC03041",6,37,0,2,0,0,1
"PTCSC2",2,72,7,29,5,10,11
"DELEC1",18,9,38,20,42,72,12
"ODF2-AS1",21,7,7,12,16,8,10
"ASTN2-AS1",19,36,49,40,26,32,17
"CDC37L1-DT",8,6,11,10,15,18,7
"LINC02872",0,1,2,9,3,1,0
"GLIDR",42,138,72,159,73,38,33
"PIGO-AS1",4,1,0,3,5,3,0
"LINC00963",282,1836,264,682,115,342,163
"CYP4F26P",2,19,10,53,9,3,0
"LINC02893",29,7,7,28,9,4,5
"FAM225A",3,3,3,8,2,14,0
"ZDHHC21",384,185,171,194,124,288,91
"UHRF2",950,328,763,495,626,899,646
"FPGS",247,188,266,434,222,249,165
"SYK",981,723,892,797,755,1126,631
"LINC02957",0,12,2,2,4,3,2
"LINC02937",31,19,40,30,68,34,18
"LINC01189",26,231,153,264,138,42,40
"RBM17P2",11,38,6,26,4,6,12
"CNTNAP3P2",34,67,22,67,18,33,14
"AQP7P4",0,0,4,10,2,3,1
"RBM17P3",14,29,6,23,3,4,9
"YBX1P6",3,3,1,10,7,0,2
"AQP7P2",0,0,6,11,2,3,1
"GAS1RR",25,155,38,149,33,49,10
"SNX18P8",3,11,12,9,6,13,3
"TMX2P1",51,88,57,63,59,61,59
"ZNF322P1",37,44,46,43,39,51,30
"FAM27E3",94,262,219,272,263,127,193
"ZNG1DP",11,0,2,0,2,4,1
"SNX18P4",3,15,15,9,6,15,4
"SNX18P9",1,4,23,2,13,11,4
"CNTNAP3P5",1,0,0,3,1,4,3
"FAM88F",21,146,46,104,53,24,13
"FLJ43315",0,0,1,3,7,3,5
"SNX18P7",0,8,9,15,2,1,0
"NPAP1P6",2,0,9,2,51,14,0
"CYP4F60P",5,0,3,6,1,3,0
"IL9RP1",2,0,5,2,1,2,0
"LINC01410",17,180,42,42,48,33,16
"FAM88B",33,64,44,77,39,19,17
"CNTNAP3P1",0,3,1,3,3,2,1
"BMS1P14",42,24,100,247,97,84,19
"NUDT2",54,23,42,38,45,51,23
"CNTFR-AS1",6,85,34,94,12,12,7
"FAM27C",309,398,459,396,506,448,709
"LINC02851",16,30,15,15,14,14,12
"LINC00484",25,29,50,49,74,39,14
"LINC01507",2,0,12,3,18,15,3
"RFX3-DT",515,373,689,591,379,578,573
"NFIB-AS1",0,9,3,8,2,5,0
"LERFS",2,31,37,7,36,5,0
"ZDHHC12-DT",27,17,29,27,30,29,26
"TBC1D13",232,199,246,344,172,238,114
"LINC01451",11,180,36,98,22,13,22
"LNCEGFL7OS",1,7,11,42,3,7,3
"SNHG7",108,105,117,206,91,158,54
"CCDC183-AS1",31,69,83,87,60,61,20
"LINC02692",18,4,9,9,34,9,1
"TRAF2",273,453,332,393,228,179,136
"ZNF79",78,79,131,164,103,132,45
"PRRT1B",5,37,20,41,13,18,5
"LINC02977",101,14,95,62,65,65,62
"SUSD1",125,34,177,105,98,185,72
"RPL29P20",6,2,11,0,10,6,2
"PTBP3",1584,439,986,579,660,1546,1386
"RN7SL57P",22,14,23,18,17,19,32
"RNA5SP295",10,1,12,1,2,2,14
"RN7SL430P",6,7,12,11,9,8,10
"HSPE1P28",19,5,14,5,10,16,29
"RPL32P22",2,1,4,8,3,3,1
"HSDL2",158,170,139,130,99,216,107
"HSDL2-AS1",72,59,61,61,56,50,40
"SUGT1P4-STRA6LP",37,39,73,130,60,110,24
"TMOD1",2,3,16,103,5,41,2
"TSTD2",106,131,120,191,77,198,69
"ARRDC1-AS1",191,284,220,306,215,178,142
"PPIAP87",3,2,10,2,5,5,7
"PRUNE2",102,15,63,211,25,142,113
"PCA3",5,0,8,37,3,19,5
"SMIM27",39,53,56,43,41,40,16
"MIR1302-9HG",150,52,114,92,134,116,125
"FAM138C",5,0,3,5,5,3,0
"PGM5P3-AS1",1,3,16,24,17,17,2
"LINC01388",0,1,12,2,2,7,2
"DOCK8-AS1",0,0,5,7,8,12,3
"ZNG1A",207,293,291,258,241,240,271
"MTAP",243,237,199,200,150,252,187
"CDKN2B",26,39,31,37,25,43,19
"HNRNPK-AS1",22,5,13,9,10,23,13
"HNRNPK",1964,918,1494,1182,1540,3519,1799
"RMRP",21989,4651,8715,8554,4191,19570,5258
"PAXX",161,77,115,103,136,105,41
"PTPRD",155,106,158,278,164,339,114
"PTPRD-AS1",3,8,4,11,1,1,3
"FBXW2",945,528,660,614,572,944,755
"SNAPC3",424,227,379,331,300,432,331
"PCAT7",0,0,6,8,0,2,1
"HMGN2P32",1,2,3,3,1,2,1
"KLF4",42,46,104,254,38,950,8
"TOLLIP",187,205,246,347,143,277,122
"TOLLIP-DT",7,3,2,7,0,3,2
"MUC5B",55,34,150,191,44,139,86
"BRSK2",37,144,101,236,112,53,20
"H3P33",14,2,8,8,1,11,10
"ZNF215",31,2,32,45,5,68,39
"GALNT18",11,100,70,112,67,96,17
"CALCB",2,0,5,4,2,9,2
"NAV2-AS3",1,0,1,5,3,3,0
"ZNF214",8,27,26,38,6,22,11
"MUC5AC",0,0,2,0,1,4,5
"RBMXL2",2,0,5,4,0,4,2
"ANO3",2,0,4,12,0,11,2
"SYT9",6,7,10,20,8,9,9
"CSNK2A3",14,17,27,18,28,25,17
"FANCF",62,30,47,59,28,58,35
"SPON1-AS1",1,0,3,2,8,3,6
"SERGEF",130,81,161,119,96,138,108
"CAT",289,132,292,484,256,783,189
"ZNF143",191,68,170,128,161,244,160
"BBOX1",7,15,3,4,6,1,2
"LEISA1",2,2,1,15,2,6,0
"FJX1",0,3,7,33,2,17,3
"NAV2-AS5",0,0,14,58,8,42,6
"RRAS2",106,38,87,68,76,140,103
"SPON1",35,28,55,109,56,133,55
"FOLH1",3,5,0,1,3,9,0
"SVIP",79,53,66,84,33,121,54
"DNAJC24",96,60,114,133,66,142,61
"TRIM44",698,569,819,917,692,1106,713
"OSBP",333,180,456,441,347,631,328
"RPL12P31",1,0,2,3,0,4,1
"PRR5L",42,28,82,90,38,71,48
"COMMD9",85,61,103,125,94,113,78
"ZFP91",744,320,423,369,349,575,641
"GLYAT",0,0,11,21,5,11,3
"MMADHCP2",13,12,27,12,11,23,15
"CCDC179",2,7,4,3,1,3,2
"ASRGL1",36,13,29,16,32,48,29
"ELP4",315,129,250,145,165,256,191
"ABTB2",73,47,140,164,126,107,43
"PATL1",291,211,363,361,339,390,330
"AHNAK",1731,8726,10801,37644,5013,25724,2942
"LRRC4C",4,2,12,21,25,30,11
"RCC2P6",10,2,3,7,3,5,3
"SYT7",7,5,11,63,13,25,13
"SLC5A12",5,13,0,0,1,2,0
"SCGB1A1",1,6,0,2,2,1,0
"TSPAN18",69,97,127,309,80,164,81
"IMMP1L",78,19,52,33,37,57,36
"FIBIN",9,12,20,58,14,37,10
"CNTF",14,7,14,14,31,18,22
"METTL15",122,77,115,107,69,140,49
"LDLRAD3",20,87,34,94,38,80,40
"TESMIN",73,11,62,50,37,61,28
"SYT12",0,3,3,42,0,7,0
"WEE2P1",8,1,5,7,3,11,1
"MUC15",1,1,19,3,4,10,8
"PLEKHB1",27,15,29,56,32,47,25
"POLD3",160,111,151,144,96,191,72
"TAF1D",328,93,252,287,234,395,207
"FCHSD2",514,204,614,488,410,745,404
"AMOTL1",1000,2552,1080,2634,891,1546,788
"CEP295",243,102,233,196,209,307,179
"TUBAP2",99,56,107,80,75,66,86
"RSF1-IT2",18,21,19,27,21,19,43
"AQP11",14,11,31,21,19,31,13
"DDI1",3,6,1,8,2,5,3
"TYR",0,0,13,1,0,0,0
"MMP8",4,0,9,0,7,20,10
"NAALAD2",11,5,17,30,8,50,6
"ARHGAP42",243,172,141,150,127,227,195
"HMGN2P38",22,8,9,5,11,11,13
"NOX4",3,5,6,30,4,25,1
"RHOD",6,5,11,28,2,8,4
"SCARNA9",135,62,120,220,182,329,136
"MED17",261,82,262,225,220,199,231
"HEPHL1",2,8,9,0,4,8,0
"VSTM5",0,2,1,14,5,4,2
"RAB38",3,6,17,21,8,21,11
"RELT",147,124,197,191,129,203,179
"TRPC6",5,9,11,41,4,13,4
"KDM2A",1448,713,1757,1760,1426,2148,1295
"PDGFD",23,11,14,46,12,43,12
"PPP2R1B",447,184,325,334,264,515,247
"TMPRSS5",19,5,19,26,11,17,23
"ELMOD1",0,1,7,2,2,3,3
"DSCAML1",15,7,33,72,43,41,23
"ARHGEF17",74,231,203,796,94,250,71
"SMARCE1P1",7,0,20,24,21,31,5
"FTH1P16",12,12,28,18,14,16,14
"SMCO4",13,20,25,47,14,67,19
"P4HA3",15,24,14,23,11,19,23
"CLNS1A",325,177,305,262,248,415,277
"JHY",43,25,70,85,51,82,38
"FDX1",82,33,96,56,61,126,66
"TRIM29",78,533,285,1042,138,233,187
"ARHGEF12",393,1065,775,1549,362,1147,513
"TBRG1",247,146,356,315,321,368,213
"SIAE",43,40,68,94,48,97,33
"CRTAM",31,1,38,21,15,39,13
"BARX2",1,15,2,18,1,3,0
"FEZ1",11,2,35,59,22,33,12
"TENM4",52,63,254,387,120,238,74
"UBASH3B",696,414,388,350,490,647,521
"STT3A",355,139,374,319,269,507,236
"KIRREL3",5,2,16,26,6,18,23
"EI24",191,116,150,211,96,224,126
"DNAJB6P1",45,50,42,41,22,24,41
"FAM118B",152,43,111,88,135,140,81
"CHORDC1",409,297,398,431,487,439,749
"PKNOX2",60,131,135,351,42,86,48
"PKNOX2-AS1",3,6,13,25,8,9,4
"CEP126",96,23,75,136,63,101,36
"RN7SKP158",9,1,6,10,3,0,7
"MIR3162",9,0,3,3,3,1,10
"MIR5579",0,4,9,9,2,0,0
"RNU6-16P",37,8,197,14,109,26,173
"SNORD6",7,0,3,0,3,2,4
"RN7SKP115",7,0,10,2,3,4,1
"RNU6-321P",2,7,6,15,5,6,1
"MIR326",4,0,4,6,0,6,1
"RPS3",1733,1186,1413,2487,1469,2998,1276
"SNORD15B",56,14,75,39,59,74,53
"GDPD5",58,31,205,203,115,127,49
"SERPINH1",131,278,196,461,114,259,155
"MS4A7",297,70,179,214,112,291,84
"MS4A14",12,0,29,49,25,12,10
"OAF",25,40,106,306,26,141,30
"POU2F3",2,2,21,34,8,9,18
"PPP1R14B",103,125,100,136,57,140,62
"PRDX5",183,304,178,328,128,249,66
"CCDC88B",410,102,697,620,545,469,297
"RPS6KA4",85,101,110,128,43,103,21
"RASGRP2",413,64,519,371,552,422,235
"PYGM",34,13,42,85,61,76,19
"MAP4K2",188,168,274,289,192,244,178
"EHD1",231,126,324,399,213,457,159
"PPP2R5B",77,50,116,157,100,95,39
"GPHA2",4,0,5,4,7,1,0
"BATF2",4,8,5,19,0,6,3
"ARL2",17,25,24,74,23,21,23
"CDC42BPG",74,129,128,367,93,100,41
"HBB",29,1,26,432,10,3174,7
"HBG2",0,0,1,2,1,7,3
"OR51B4",3,0,1,4,1,3,2
"OR51B6",1,0,1,4,6,1,3
"OR51J1",3,1,4,6,2,6,4
"OR51Q1",2,2,7,6,0,6,6
"OR51K1P",0,3,2,1,1,4,0
"OR52D1",5,0,3,9,7,6,10
"UBQLN3",8,10,11,30,15,13,11
"UBQLNL",6,8,25,28,20,12,6
"OLFM5P",3,2,20,20,15,16,4
"OR52V1P",1,4,10,13,7,7,2
"OR52H2P",5,4,19,13,7,8,6
"OR52T1P",3,5,12,4,8,7,11
"HNRNPA1P53",6,8,16,10,23,13,8
"OR52B6",10,10,42,30,29,16,28
"TRIM6",15,31,30,30,17,19,15
"OR52U1P",3,0,15,11,4,16,6
"OR56B1",2,0,5,2,3,11,3
"OR52N3P",1,0,0,1,8,9,0
"ZNF195",508,164,440,422,385,503,246
"ENPP7P15",0,3,5,16,13,2,3
"SNRPCP5",0,2,4,2,2,2,0
"GLYATL1P1",3,0,3,2,1,1,1
"GLYATL1B",3,0,13,1,4,7,2
"FAM111B",215,67,66,37,63,138,121
"DTX4",24,25,130,298,39,122,36
"MPEG1",321,83,506,502,248,1061,141
"VWA5A",51,8,70,169,53,109,21
"TALDO1",219,161,224,246,170,401,84
"GATD1",267,401,370,552,236,200,150
"CEND1",36,38,35,48,18,6,8
"SLC25A22",105,134,123,125,71,75,51
"PNPLA2",219,109,459,876,241,587,185
"CRACR2B",11,79,22,76,19,24,4
"CD151",56,208,84,458,50,135,29
"POLR2L",51,89,44,111,25,69,20
"CHID1",144,115,158,284,144,155,60
"KCNJ5",14,8,129,143,83,112,57
"C11orf65",62,23,57,62,37,64,59
"CRYAB",43,32,102,498,29,208,65
"DIXDC1",57,17,98,257,53,144,33
"PPIHP1",9,2,10,10,10,16,11
"NKAPD1",181,74,127,152,138,240,139
"TIMM8B",41,20,48,57,46,45,28
"TEX12",4,6,2,4,3,9,3
"BCO2",31,26,44,50,35,58,39
"KCTD9P4",4,14,10,11,16,10,23
"PTS",75,22,61,39,45,120,61
"RPS6P16",0,0,6,1,4,7,4
"PLET1",24,4,36,24,28,49,37
"ST13P10",36,1,11,7,10,21,28
"RNU6-1025P",6,0,1,3,0,2,4
"MUC6",70,77,186,291,156,134,98
"MIR4298",11,0,6,11,12,6,7
"MRPL23",86,18,60,110,48,74,31
"CD44-AS1",6,0,14,2,6,23,4
"GUCY1A2",24,45,19,86,15,74,31
"SLC37A2",50,41,92,124,57,77,29
"TLCD5",15,27,23,49,15,16,19
"USP47",575,207,566,355,383,763,649
"ELF5",0,0,5,0,2,3,1
"PAK1",248,366,225,278,169,390,182
"RCN1",46,73,50,137,43,113,61
"GRIK4",0,0,10,6,1,4,1
"CSTPP1",303,260,352,337,267,335,257
"NLRP14",6,2,18,21,0,19,10
"RNU6-1306P",12,7,10,5,9,9,6
"RCOR2",23,19,25,35,31,25,11
"NAA40",399,178,435,307,321,369,279
"RNU6-45P",4,10,9,1,6,1,3
"COX8A",104,70,66,85,47,156,33
"MACROD1",39,38,44,92,30,30,15
"STIP1",201,235,281,399,283,374,163
"LSP1",237,55,526,840,284,592,156
"RNF121",122,62,155,188,130,190,91
"RNU6-72P",10,0,1,0,4,1,3
"LAMTOR1",215,189,205,263,156,270,114
"PHOX2A",0,2,2,8,1,2,1
"SLC22A18",24,18,58,50,35,45,18
"SNORA54",222,22,500,256,195,335,280
"RPL23AP65",10,8,5,9,5,2,7
"RPL21P97",24,15,37,16,25,40,26
"SWAP70",175,123,322,364,197,476,264
"RN7SKP50",4,9,11,8,12,15,10
"LINC02709",3,4,14,24,13,15,3
"ADM",2,44,9,38,3,56,27
"MIR4485",6,4,3,4,1,3,2
"RNF141",293,226,202,214,168,291,212
"CRY2",210,231,344,675,189,454,180
"MAPK8IP1",10,50,22,57,9,44,11
"FREY1",9,12,11,15,9,6,7
"PEX16",92,55,128,129,72,96,37
"LARGE2",4,128,54,127,40,51,14
"CREB3L1",1,40,15,34,6,72,20
"FAM76B",173,74,117,87,98,210,123
"CEP57",439,116,281,196,220,307,415
"RPL32P25",0,0,1,1,4,3,6
"EFEMP2",62,118,134,378,108,165,83
"FIBP",134,84,92,126,87,133,42
"CCDC85B",38,26,24,63,12,34,7
"FOSL1",4,23,7,27,4,96,9
"C11orf68",60,45,77,152,54,110,41
"DRAP1",140,204,169,233,141,251,146
"SART1",232,170,318,443,287,376,188
"EIF1AD",193,129,212,266,205,208,134
"BANF1",289,160,224,263,190,274,139
"GAL3ST3",1,0,1,6,1,2,2
"SF3B2",836,555,978,1198,810,1461,682
"RAB1B",175,109,142,250,110,216,93
"CNIH2",25,27,32,36,39,36,39
"CD248",63,54,112,336,39,234,71
"RIN1",5,47,22,64,21,16,2
"BRMS1",77,48,93,118,63,109,41
"B4GAT1",16,23,14,37,10,23,13
"SLC29A2",57,124,101,162,75,100,32
"PACS1",839,392,1188,1159,909,1059,835
"DAGLA",14,11,21,40,9,20,2
"TMEM258",69,23,66,76,44,103,36
"FEN1",159,92,110,72,85,165,108
"FADS1",249,161,194,210,157,307,394
"FADS3",48,33,70,191,37,106,29
"RAB3IL1",65,114,69,183,36,72,17
"MYRF",57,64,89,131,78,51,62
"KCNC1",102,300,137,96,134,98,108
"REXO2",89,17,61,60,43,75,41
"NXPE4",2,0,6,4,0,1,1
"HSPE1P18",19,6,20,13,12,27,28
"MPZL2",64,153,88,104,48,100,118
"FOLR1",2,8,7,4,2,7,1
"MTMR2",355,125,266,209,177,354,283
"PAFAH1B2",469,210,344,377,216,513,452
"TAGLN",80,106,170,873,131,733,60
"RNF214",131,101,205,268,198,267,131
"CEP164",266,224,448,740,285,376,103
"PRR13P3",3,4,5,6,3,3,1
"LRRC55",40,7,17,15,2,6,1
"TNKS1BP1",256,1289,732,2118,520,856,334
"SSRP1",507,346,526,517,410,650,306
"NUDT22",96,79,102,140,92,82,62
"FKBP2",3,3,2,4,4,4,1
"OR7E126P",5,2,19,11,10,9,4
"CARS1-AS1",21,16,27,20,8,17,10
"RNU1-91P",15,1,6,10,10,12,9
"OSBPL5",1482,646,1677,1246,1606,1375,932
"CARS1",202,179,307,290,253,279,238
"CPT1A",248,265,347,824,283,657,283
"LINC02701",29,21,14,17,16,25,18
"MRPL21",157,171,155,191,97,135,64
"TPCN2",164,55,176,181,130,242,120
"UBE4A",472,201,584,497,553,775,239
"DEFB108B",5,9,9,8,1,7,2
"DEFB131B",10,9,5,7,11,6,10
"IGSF9B",233,442,277,578,249,221,205
"TRIM34",2,6,7,3,3,8,6
"SLC43A3",93,16,112,147,68,131,68
"C11orf54",177,99,214,189,172,195,182
"KLC2",488,279,509,588,474,353,369
"TP53I11",180,195,199,453,152,359,208
"SPA17",21,2,18,12,16,29,19
"EHF",12,24,20,24,8,22,18
"LPXN",500,82,365,225,293,468,312
"SCN4B",125,860,147,339,121,145,96
"PLCB3",64,59,123,239,58,113,50
"SETP17",1,0,1,4,2,1,2
"RN7SL225P",11,9,6,9,7,6,3
"CCDC81",5,11,15,20,15,12,6
"ALG9",103,43,102,99,66,105,125
"ALG9-IT1",11,7,7,5,3,8,17
"GNG5P3",1,0,5,2,1,1,6
"FDXACB1",10,0,8,11,2,8,2
"CFAP68",25,37,22,44,20,48,17
"LGALS12",0,0,7,32,1,32,12
"ATL3",304,182,248,440,167,470,205
"IMMP1LP1",8,3,3,5,2,2,4
"RTN3",371,172,305,321,213,511,322
"ZFTA",309,111,220,337,191,217,147
"SPINDOC",89,93,79,157,102,87,54
"SRP14P2",9,0,3,4,0,9,5
"SAAL1",79,30,82,75,42,118,49
"SAA2",3,17,30,3,7,39,8
"ST13P5",6,2,11,4,10,7,13
"TMEM230P2",1,3,2,7,2,7,1
"LMNTD2",13,26,11,24,9,10,2
"RASSF7",29,85,41,59,15,40,13
"PHRF1",446,271,690,918,478,585,304
"CDHR5",42,44,131,212,65,103,43
"SCT",4,3,9,21,4,5,1
"DRD4",8,21,16,41,17,12,6
"PANO1",9,12,5,12,2,5,2
"PARVA",60,111,202,714,106,443,114
"TTC9C",120,89,122,127,105,129,70
"ZBTB3",69,42,71,94,59,60,31
"POLR2G",140,56,135,99,114,212,99
"TAF6L",60,34,62,73,39,63,39
"TMEM223",63,41,84,70,65,80,40
"TMEM179B",58,35,64,65,68,65,34
"NXF1",621,398,985,1728,833,1035,407
"RNU6-118P",4,6,10,1,1,4,6
"YPEL4",51,29,86,171,94,84,88
"MRPL48",130,54,118,110,80,95,65
"RN7SKP243",9,11,14,14,17,5,22
"MIX23P5",12,2,3,7,4,4,0
"PAAF1",155,116,173,188,116,136,99
"DNAJB13",25,8,26,26,40,44,36
"DPPA4P3",0,0,3,6,1,1,0
"UCP3",18,16,45,55,35,39,6
"PPME1",283,225,284,272,197,317,277
"KCNJ1",1,0,11,9,7,30,4
"POLD4",54,26,96,157,98,48,41
"RN7SKP239",7,1,7,16,3,0,0
"CLCF1",10,30,24,52,24,33,4
"PPP1CA",274,128,281,309,238,448,161
"TBC1D10C",810,312,954,872,976,736,642
"RPS6KB2",392,169,488,475,500,383,340
"CORO1B",597,254,894,857,897,662,433
"GPR152",6,3,7,8,6,8,20
"TMEM134",141,67,190,301,174,191,172
"STX5",208,83,212,315,186,302,176
"TUB",56,133,242,578,140,182,109
"TUB-AS1",0,1,1,13,2,14,0
"RN7SL351P",0,0,3,3,4,2,1
"SRPRA",439,367,594,741,555,879,445
"RPL35AP26",4,0,3,0,2,3,2
"DCPS",137,103,160,195,137,150,92
"ST3GAL4",42,34,98,140,36,90,38
"LYVE1",8,2,22,265,13,277,16
"ZBED5",441,172,447,313,290,420,231
"EIF3F",764,440,715,731,741,1048,638
"TBCEL-TECTA",2,4,3,4,1,2,1
"KCNA4",0,27,0,1,0,7,0
"TRPT1",75,45,81,109,85,73,49
"BAD",37,33,44,71,33,60,16
"ESRRA",110,93,117,155,81,115,94
"GAPDHP70",0,2,6,8,1,6,3
"CTSC",350,69,429,396,189,545,227
"DUSP8",24,24,28,91,9,47,9
"IFITM10",16,40,17,41,25,13,46
"PRADX",5,28,13,17,4,7,8
"CTSD",221,263,282,609,201,331,174
"MRPL11",60,46,48,72,32,68,32
"BBS1",45,30,69,81,83,31,33
"ZDHHC24",271,176,241,332,229,229,227
"ACTN3",1,1,3,8,2,8,0
"SLC39A13",132,99,157,281,111,151,69
"RAPSN",8,4,11,3,10,18,9
"RN7SL652P",1,0,2,8,3,0,4
"NDUFS3",124,105,137,144,104,178,90
"PTPMT1",9,9,10,11,13,17,5
"KBTBD4",25,20,39,36,24,57,31
"FAM180B",3,11,4,20,4,14,1
"C1QTNF4",2,2,3,1,1,3,1
"FNBP4",851,354,1228,1047,937,1305,829
"YPEL5P2",10,18,17,20,15,22,19
"PGM2L1",414,128,313,183,222,449,411
"HNRNPA1P40",53,8,29,26,31,23,42
"LIPT2",14,22,14,11,18,17,17
"KCNE3",6,9,9,23,8,12,2
"CTSF",13,7,55,222,24,144,14
"RN7SL605P",7,4,3,5,1,2,1
"RTN4RL2",17,22,7,7,6,7,2
"SLC43A1",17,19,37,65,17,47,7
"TIMM10",13,17,31,40,22,42,7
"UBE2L6",258,181,227,204,160,302,209
"PPIAP42",29,15,45,21,23,20,11
"SERPING1",49,93,243,1015,134,1046,170
"SCN2B",38,51,24,109,56,30,9
"PLAAT5",1,4,8,24,0,20,5
"PPP6R3",987,524,968,877,782,1400,977
"C11orf71",37,20,25,29,32,29,20
"RBM7",82,38,44,67,68,76,65
"BMAL1",673,152,549,302,452,790,813
"TECTA",11,21,15,15,8,24,1
"SNX19",1425,554,1052,991,1017,1236,800
"FAM168A",603,394,782,836,642,884,492
"CABP4",24,23,34,44,20,62,77
"VEGFB",60,175,119,316,66,214,71
"MIR6503",1,10,1,7,1,4,1
"MS4A4A",36,12,90,59,58,107,33
"MMP10",0,0,3,0,0,5,4
"KAT5",91,46,138,220,115,177,80
"RNASEH2C",155,64,241,280,205,194,97
"AP5B1",371,404,392,481,273,363,330
"OVOL1",1,0,3,5,1,1,1
"CFL1",1656,974,1349,1240,1139,2129,1143
"SNX32",83,30,73,103,82,106,57
"MUS81",187,139,270,322,206,240,116
"CTSW",43,25,53,92,23,58,8
"PGAM1P9",1,6,2,2,0,0,0
"SLC36A4",100,33,85,60,63,151,145
"FAT3",93,283,96,217,69,153,55
"MPPED2",161,31,51,74,116,77,106
"RPS3AP41",1,7,2,0,0,2,3
"PATE2",1,8,6,1,3,0,2
"PATE3",2,7,1,1,1,0,1
"PATE4",16,5,9,9,3,8,1
"HYLS1",31,13,16,37,20,27,11
"PUS3",62,21,37,52,47,58,37
"DDX25",9,4,12,18,13,22,3
"NAP1L1P1",2,1,2,0,1,2,9
"RPUSD4",92,74,133,166,77,136,61
"WEE1",392,99,246,171,172,421,159
"TMEM132A",43,47,51,110,31,26,19
"CD6",501,216,769,474,530,562,403
"RNU6-933P",8,0,8,2,5,11,4
"LINC02954",18,4,16,8,7,19,9
"SLC15A3",64,26,94,198,95,124,86
"ART1",3,0,0,4,5,5,0
"CHRNA10",12,13,25,33,36,14,2
"RNU6-1143P",6,0,2,0,1,1,4
"PGAP2",162,175,183,305,163,164,79
"RHOG",207,118,173,223,144,353,135
"HNRNPA1P76",122,50,87,60,184,82,111
"RPS29P20",7,5,6,6,10,9,13
"RRM1",383,221,258,182,199,530,197
"RRM1-AS1",3,0,7,4,6,4,5
"TEAD1",99,300,211,569,141,417,170
"CTTN",294,419,540,1062,262,530,230
"RPS28P7",40,18,170,151,198,392,37
"RBMXP3",2,0,3,2,6,0,1
"PRCP",194,50,238,294,130,387,175
"EIF2S2P6",7,0,1,2,0,1,0
"DDIAS",56,8,35,19,27,46,29
"RAB30",70,40,134,199,99,299,136
"LINC02951",5,2,2,4,1,3,1
"WBP1LP10",8,3,1,0,0,1,2
"OR4F2P",7,3,2,0,0,1,4
"CICP23",21,38,65,55,32,12,12
"SIRT3",111,77,145,214,133,141,104
"NLRP6",35,9,8,14,12,42,13
"PGGHG",1066,1246,689,2636,654,936,393
"IFITM5",22,87,9,52,3,23,11
"B4GALNT4",2,0,7,62,5,6,3
"ANO9",661,962,518,609,423,281,155
"RN7SL838P",2,8,16,9,8,3,5
"P2RY2",3,18,17,54,2,18,5
"P2RY6",26,31,66,114,40,50,34
"IFITM1",33,35,68,155,38,145,43
"SF3A3P2",39,0,16,6,8,17,20
"SCN3B",14,17,31,46,35,32,20
"ZNF202",81,68,123,134,101,122,24
"RNU1-21P",2,0,5,0,5,0,8
"DLG2-AS2",2,0,16,17,4,9,7
"HNRNPCP6",1,0,4,9,6,1,8
"TMEM126B",75,33,50,36,39,90,52
"TMEM126A",27,7,15,33,23,59,27
"CCDC89",0,0,1,10,2,4,0
"IFITM3",61,108,174,420,87,336,85
"RNU6-126P",2,0,7,3,5,2,2
"RPL21P95",10,6,19,8,23,31,21
"THRSP",6,2,23,77,9,27,52
"NDUFC2",24,17,27,47,25,34,12
"RRP8",234,265,360,409,337,375,292
"ILK",27,36,46,98,43,53,59
"MRPL17",59,39,74,105,57,108,36
"RPL21P94",3,0,11,5,5,8,8
"DCHS1",206,48,294,451,124,303,171
"ALG8",202,108,206,174,167,183,97
"LRRC32",17,54,35,164,10,165,13
"TSKU",16,204,123,448,47,240,40
"ACER3",211,132,205,243,179,242,218
"CAPN5",62,15,68,112,55,88,78
"OMP",2,0,2,4,1,2,0
"C2CD3",744,366,867,736,707,899,385
"CCDC82",423,86,301,207,215,349,284
"TMEM45B",7,11,19,16,21,16,11
"PRDM10",177,110,212,319,184,269,160
"RPL34P21",2,11,4,15,2,3,8
"ST14",74,277,115,347,45,134,44
"CLP1",25,16,34,26,17,48,16
"AKIP1",43,158,60,72,51,66,45
"C11orf16",67,357,86,74,92,61,47
"TMEM9B",83,47,60,49,32,112,60
"SCUBE2",10,6,35,63,33,60,16
"DENND5A",528,329,589,840,430,972,673
"TMEM41B",255,66,145,119,85,241,220
"PRR13P2",12,5,18,26,16,15,11
"IPO7",414,198,350,270,232,583,311
"SNORA23",55,9,49,38,48,57,58
"CD5",378,120,406,277,257,691,281
"VPS37C",83,123,136,241,97,144,76
"PGA3",43,8,30,13,11,4,3
"PGA5",21,7,16,18,12,4,2
"DDB1",1097,569,1060,1259,797,1492,790
"TKFC",83,128,122,151,102,94,43
"CYB561A3",182,115,197,199,169,122,88
"CPSF7",884,407,1049,1337,975,1137,756
"SAXO4",39,47,40,75,43,26,37
"LRRC10B",12,8,8,20,17,24,13
"TUT1",40,39,79,104,71,49,46
"MTA2",596,397,666,777,556,840,460
"EML3",337,213,352,561,269,453,197
"ROM1",4,3,20,22,6,7,5
"B3GAT3",128,110,159,191,122,126,50
"GANAB",1151,695,1048,1497,972,1510,766
"INTS5",67,31,78,89,55,96,35
"UBXN1",242,171,245,276,242,378,226
"LRRN4CL",1,4,8,53,5,26,6
"HNRNPUL2",393,221,328,313,372,384,477
"IFTAP",186,40,209,141,107,163,115
"PIH1D2",0,0,3,5,1,2,0
"TP53AIP1",102,11,19,44,82,10,66
"WDR74",87,32,126,184,115,109,64
"DEUP1",3,6,3,12,19,11,2
"MRGPRX3",1,3,2,5,2,0,2
"PSMC3",188,129,221,271,161,344,110
"MAP6",8,10,14,30,12,14,9
"CASP4",159,58,233,225,206,396,138
"CENATAC-DT",21,12,35,63,31,22,8
"CENATAC",416,179,530,375,416,531,613
"RPL23AP64",69,22,59,50,46,49,60
"RPS25",1280,850,887,1337,734,1994,1356
"TRAPPC4",140,36,111,122,80,95,85
"C2CD2L",173,130,194,244,224,199,316
"HINFP",237,157,250,353,303,225,236
"ABCG4",105,3,117,77,106,94,145
"NHERF4",1,4,2,19,3,2,7
"RNU6-262P",5,0,4,0,0,0,3
"MCAM",76,473,303,1730,113,702,113
"GRK2",1329,519,1242,1232,909,1381,898
"ANKRD13D",345,200,354,435,282,300,178
"SSH3",14,76,48,185,30,68,9
"RAD9A",116,45,125,196,118,123,73
"CDK2AP2",118,63,109,176,129,119,39
"CABP2",1,0,10,1,2,3,1
"GSTP1",271,221,207,476,162,528,127
"NDUFV1",320,298,399,503,254,385,135
"NUDT8",16,4,3,8,9,4,2
"ACY3",2,0,3,5,1,5,4
"TRIM5",212,85,211,186,153,217,182
"ARFIP2",139,88,186,260,173,205,96
"TIMM10B",335,195,329,235,251,385,345
"TPP1",531,308,474,488,414,511,433
"OR10A4",7,0,4,6,0,14,4
"FADS2",325,164,238,248,223,455,224
"NCR3LG1",166,96,112,87,199,146,122
"ZBTB16",127,672,753,1571,1877,1517,244
"RPL29P21",5,4,5,10,8,7,3
"USH1C",1,117,4,1,16,7,2
"OTOG",1,10,1,0,1,0,0
"OLFML1",14,24,58,132,57,93,44
"PPFIBP2",40,33,101,348,52,142,47
"CYB5R2",0,4,31,119,9,26,6
"OR5P4P",0,0,1,21,3,0,0
"OR5P1P",0,0,3,6,3,0,0
"BUD13",152,66,144,202,156,218,123
"ZPR1",151,159,167,227,142,259,139
"SIK3",700,343,799,847,648,1007,712
"RNY4P6",13,8,9,6,4,19,19
"RPS27P19",46,11,75,43,27,81,51
"OR51M1",4,2,8,16,6,12,14
"OR51I2",2,5,6,13,1,5,13
"BSCL2",43,43,43,76,50,32,36
"OR52K1",0,0,3,4,11,8,0
"CCDC87",1,11,4,7,5,2,0
"CCS",126,73,170,256,136,126,90
"RNU4-39P",1,1,2,7,2,0,2
"RBM14",1553,609,1332,1263,1386,1189,1000
"RBM14-RBM4",109,10,76,55,43,65,95
"RBM4",634,182,548,385,452,547,701
"RBM4B",364,160,430,486,387,414,484
"C1QBPP2",59,6,33,19,23,30,29
"FTLP6",44,5,25,17,24,15,26
"RNU6-874P",6,0,5,2,1,2,2
"ARHGAP32",650,229,648,611,598,846,590
"ANO5",12,12,26,41,20,49,11
"OR10A2",25,2,40,53,8,51,63
"KCNJ11",6,1,7,6,7,5,5
"OR6A2",27,0,14,11,3,27,11
"OR2AG2",12,0,21,20,1,26,21
"AIP",129,37,120,153,111,191,59
"NADSYN1",628,442,741,831,818,690,486
"KRTAP5-7",2,7,1,5,1,1,0
"KRTAP5-9",3,0,3,3,3,1,1
"LRRC56",14,11,10,10,6,7,4
"THAP12",298,108,283,173,178,357,223
"CTNND1",258,256,285,449,172,386,353
"TSG101",193,83,157,166,107,264,111
"YWHABP2",4,6,8,5,5,8,2
"UEVLD",87,74,73,79,53,124,56
"SPTY2D1",143,72,129,160,100,270,114
"CDKN1C",8,13,31,102,10,49,16
"ALKBH3",63,43,77,117,56,103,26
"SEC14L1P1",8,1,24,35,18,17,0
"ACCS",170,151,475,469,567,429,73
"ALX4",4,11,4,14,7,13,3
"EXT2",339,277,409,501,332,506,259
"FAM111A",1112,471,946,629,922,919,679
"RPL27A",1622,821,1371,1930,1226,3418,1293
"SNORA3B",11,5,35,22,64,18,54
"MMP3",2,4,6,2,7,17,2
"MMP12",0,0,6,1,5,40,11
"DCUN1D5",113,52,107,106,83,152,133
"MTCO3P15",2,3,2,3,0,3,1
"MTATP6P15",1,5,3,2,6,2,4
"MTCO2P15",0,3,1,6,3,5,1
"MTCO1P15",7,5,7,16,5,7,5
"MTND2P26",4,0,2,9,4,4,3
"MTND1P36",1,3,6,8,2,3,4
"DYNC2H1",74,41,160,263,95,237,43
"PTDSS2",215,89,168,256,143,138,69
"APIP",129,54,90,73,71,142,93
"PDHX",132,68,130,183,116,190,84
"PIDD1",175,130,148,203,119,115,70
"BACE1",158,177,147,284,115,166,123
"RSF1",804,490,855,678,622,1216,831
"ADAMTS15",6,41,61,325,22,78,14
"OVCH2",0,1,8,32,2,7,4
"TMEM80",177,176,228,282,207,206,91
"OR10A5",14,0,21,20,0,19,35
"OR2D3",23,5,5,5,0,11,2
"HTR3A",0,0,7,0,0,5,1
"PGA4",28,6,22,21,16,9,3
"OR2AG1",39,1,32,28,0,42,32
"OR52N4",2,1,14,9,4,27,4
"OR2D2",9,0,10,4,0,11,7
"TBX10",0,3,2,9,2,0,4
"OR5B21",7,0,9,5,10,2,6
"OR51I1",0,0,0,3,0,8,2
"OR52H1",19,14,18,14,4,12,18
"CCDC73",4,3,1,1,1,1,1
"RIC8A",323,193,270,431,262,399,157
"DPAGT1",105,29,95,102,91,98,85
"CYCSP29",5,0,4,0,1,2,1
"CHRM4",37,163,22,9,16,14,5
"ARHGAP20",10,5,27,55,10,93,4
"DCDC1",5,10,9,31,8,14,5
"NTM",3,30,15,66,9,36,7
"NFRKB",288,184,403,527,327,349,231
"GDPD4",2,0,4,9,1,1,3
"AMBRA1",439,330,632,717,434,627,319
"TBCEL",148,76,146,115,125,215,187
"DKK3",47,176,91,159,27,126,30
"MS4A6E",3,0,4,3,1,0,0
"TMEM218",124,68,158,129,94,104,62
"SOX6",230,679,109,237,124,156,92
"SLCO2B1",262,188,426,867,266,479,135
"TPBGL",1,1,2,5,0,2,3
"ARRB1",155,91,246,438,142,340,128
"KLHL35",30,39,35,76,36,33,43
"CDON",285,194,215,397,145,283,117
"RPL36AP37",191,205,127,154,126,246,215
"RPS13",940,114,603,414,449,1389,508
"SNORD14A",7,0,1,0,1,2,7
"RNU6-593P",3,1,5,4,1,1,10
"RPL34P24",11,5,12,9,13,12,19
"PIK3C2A",370,266,478,432,268,682,312
"DNAJC4",120,111,129,240,124,118,81
"MED19",37,35,55,69,45,75,23
"TTC36",2,5,0,10,6,5,2
"TMEM25",50,49,72,172,64,72,23
"IFT46",106,91,112,163,91,126,51
"RPL5P30",13,4,15,29,11,22,9
"RNU6-1157P",4,2,11,8,10,7,13
"CD3E",3583,1068,2574,1412,2695,3015,2328
"PHF21A",844,779,1076,1261,842,963,1144
"SMTNL1",49,3,69,47,65,53,42
"ZNRD2",13,0,13,12,8,15,7
"FAM89B",12,9,12,12,7,3,4
"EHBP1L1",765,1485,1481,2260,1161,964,1342
"KCNK7",11,10,10,18,4,8,5
"PCNX3",552,286,609,719,393,570,227
"MS4A4E",29,15,28,79,30,56,18
"LTBP3",762,1731,989,2308,1006,613,739
"FADD",14,10,8,30,15,16,5
"H2AZP4",20,2,22,20,27,20,24
"MIR548K",9,0,2,2,4,5,4
"VSIG10L2",13,19,7,18,5,7,0
"ANO1",53,37,53,136,13,77,15
"FOLR3",0,0,7,2,0,18,0
"PCSK7",1043,637,1477,1236,1031,1343,1048
"AGBL2",35,10,44,47,40,38,8
"ARCN1",625,236,463,465,375,796,527
"HIKESHI",124,42,78,90,55,106,47
"VWCE",97,45,165,186,105,80,61
"NUMA1",1118,827,1678,2605,1330,1543,1086
"PGR",3,7,18,90,9,41,10
"GRAMD1B",606,92,362,369,335,448,429
"MMP13",0,9,0,1,0,1,8
"EPS8L2",34,159,82,267,52,49,35
"CIMAP1A",26,48,33,69,30,16,18
"PSMD13",319,82,268,299,233,465,198
"LDHAL6A",15,3,24,16,14,23,7
"TRIM3",49,76,124,193,85,69,86
"MDK",120,847,210,419,200,252,130
"TNNI2",0,0,5,10,5,6,0
"SCYL1",153,128,200,300,107,245,88
"PHLDB1",170,283,582,2003,264,603,242
"WNT11",2,0,8,78,5,53,8
"FOLR2",22,6,36,95,20,98,10
"INPPL1",368,350,554,1021,342,557,293
"CD44",588,550,1024,1258,583,2011,648
"MYBPC3",0,3,7,10,2,7,3
"MYO7A",14,11,94,128,55,83,20
"HPX",10,26,6,25,12,9,4
"NAV2",38,93,347,1093,79,280,82
"NUCB2",1838,400,990,449,981,1461,1381
"PANX1",81,23,54,54,61,141,47
"ARPC3P3",9,7,22,5,7,7,5
"GPR83",2,4,4,3,1,4,1
"DPP3",79,60,78,83,64,111,34
"C11orf91",1,9,1,2,0,11,0
"FBXO3",562,159,441,375,356,582,556
"OR10A6",0,0,3,3,4,2,0
"AMPD3",368,110,373,298,297,347,142
"BET1L",198,131,202,338,149,268,140
"GAS2",33,20,33,23,22,46,23
"H2AX",383,226,248,202,195,349,141
"APLNR",50,19,93,149,15,147,55
"IFITM2",76,53,129,273,66,500,78
"ANAPC15",33,4,22,39,25,59,17
"HPS5",182,86,180,146,128,221,116
"GTF2H1",188,127,183,160,124,221,146
"SAA1",1,5,37,19,9,58,11
"POU2AF1",74,22,311,230,216,385,274
"LAYN",60,20,53,173,38,115,69
"SIK2",514,566,608,1199,550,1216,568
"RN7SKP273",12,1,7,9,5,15,5
"HOATZ",3,8,1,1,0,1,3
"TMEM86A",39,14,70,96,48,57,52
"IGSF22",11,2,11,18,7,16,15
"PTPN5",1,0,3,13,0,3,0
"JAM3",175,96,177,189,250,326,187
"PTP4A2P2",21,10,12,9,36,28,16
"VPS26B",464,211,497,404,362,485,349
"THYN1",140,77,165,140,154,183,104
"ACAD8",283,82,292,257,231,275,278
"GLB1L3",8,1,8,3,11,11,2
"DEAF1",272,128,227,396,254,315,141
"SHANK2",18,28,14,10,4,11,5
"NCAPD3",781,306,662,437,633,781,462
"AP2A2",695,328,930,1002,677,779,563
"DHCR7",36,36,29,60,23,68,18
"FOXRED1",308,316,377,438,349,264,259
"TSPAN4",80,221,159,524,117,172,44
"TAF10",77,78,100,163,78,100,93
"TMEM216",16,21,33,43,23,50,8
"DENND2B",194,307,415,793,231,420,286
"SBF2",475,360,555,797,431,737,580
"ASCL3",8,3,4,6,9,5,4
"VPS11",181,96,259,343,196,365,119
"POU2AF3",0,5,15,37,27,19,17
"RPS2P39",5,0,5,4,7,1,1
"DDX10",160,58,185,195,168,272,117
"RNF26",81,40,85,120,68,99,36
"USP2",5,16,14,88,5,28,4
"THY1",43,88,161,330,123,136,76
"DRC12",4,0,4,19,4,6,0
"MYEOV",0,0,0,10,2,3,3
"CCND1",128,438,199,616,73,240,118
"LTO1",290,107,321,373,216,241,193
"CXCR5",1,0,5,7,1,8,6
"BCL9L",401,803,808,1372,481,631,338
"UPK2",2,4,5,4,3,2,7
"RN7SL688P",8,1,11,14,5,4,8
"FOXR1",0,2,2,2,8,1,1
"HMBS",36,28,54,67,58,46,24
"SLC22A25",3,0,4,10,0,3,3
"CELF1",1693,846,1637,1507,1446,1859,1560
"SMIM38",2,6,4,13,11,16,7
"MS4A1",94,0,558,53,283,487,175
"GLYATL1",7,3,13,8,11,12,17
"SMIM35",1,0,5,25,11,10,7
"TMEM138",284,298,301,272,218,268,176
"STK33",108,89,178,91,106,144,112
"CARNS1",127,130,188,236,156,139,123
"ANKRD42",29,37,37,83,41,93,13
"PCF11",1007,690,1138,1198,1235,1491,1063
"BTBD18",165,99,133,164,161,138,146
"MISFA",6,13,8,23,15,7,4
"SYT8",0,0,6,20,4,1,1
"LBHD1",46,22,44,37,41,28,24
"CWF19L2",220,70,386,246,260,478,173
"PAX6",16,1,10,5,4,10,9
"SYTL2",156,43,263,240,157,340,230
"PTPRJ-AS1",18,4,16,5,12,12,8
"NUP160",697,171,614,440,435,844,381
"HYOU1",416,334,405,561,378,565,252
"KCTD21",30,37,71,71,52,50,34
"USP35",139,43,245,232,190,194,108
"GAB2",939,411,804,890,900,1197,1086
"ATP5MG",242,129,144,140,116,263,175
"NARS2",310,118,249,208,204,254,151
"EMSY",407,201,460,438,466,568,365
"ASCL2",0,19,1,15,0,11,1
"TSPAN32",86,48,69,80,37,68,35
"RNU6-878P",3,0,4,0,0,2,6
"DGKZ",950,733,1329,1257,871,975,562
"CD3G",1416,560,1151,688,914,1618,1276
"CASP1",42,30,115,158,67,182,36
"CLPB",158,261,190,246,130,175,99
"NXPE1",9,2,12,12,6,5,3
"SNX15",25,2,41,50,25,15,9
"SAC3D1",43,23,36,62,26,40,18
"NAALADL1",10,3,15,25,15,21,5
"CDCA5",201,79,124,92,123,154,76
"ZFPL1",7,0,13,23,20,23,6
"TMEM262",8,6,14,20,8,7,1
"TM7SF2",78,61,82,119,73,98,49
"ZNHIT2",12,24,13,14,9,21,7
"FAU",304,188,363,605,278,755,250
"SYVN1",236,165,386,599,337,497,210
"MRPL49",113,108,115,210,131,177,91
"CAPN1-AS1",4,14,5,8,1,6,1
"CAPN1",395,504,494,774,309,480,217
"TSSC4",65,22,64,107,44,93,25
"TRPM5",13,5,11,7,14,17,4
"FXYD2",56,91,69,86,87,85,28
"FXYD6",28,5,52,113,26,32,20
"IL10RA",344,134,499,772,307,700,408
"CAVIN3",0,0,3,22,6,14,2
"SMPD1",173,70,227,212,183,285,75
"DNHD1",525,367,883,917,652,837,325
"NRIP3",13,33,27,35,20,26,37
"AKR1B1P3",0,9,0,4,1,3,0
"RN7SL188P",0,7,0,5,0,1,0
"C11orf58",612,334,601,555,448,902,703
"RN7SKP90",7,7,22,15,32,3,35
"PIWIL4",22,22,32,52,29,47,15
"FUT4",92,44,108,103,66,115,57
"INTS4",454,131,593,507,470,647,316
"ZW10",80,25,81,61,75,148,42
"RPS29P19",1,0,8,5,0,1,0
"ISG20L2P2",2,1,8,24,14,9,3
"NECTIN1",126,634,263,585,98,231,128
"NECTIN1-AS1",5,13,9,24,6,4,4
"FLI1",532,141,638,641,672,877,491
"USP28",121,86,157,148,99,160,55
"MOB2",153,79,176,289,182,155,62
"ST13P11",7,4,11,7,12,12,2
"CWC15",103,89,92,86,80,192,76
"KDM4D",5,12,9,14,5,9,4
"KDM4E",0,0,4,8,2,2,1
"SRSF8",160,149,161,226,126,203,143
"ENDOD1",50,92,98,170,37,152,42
"BUD13P1",0,3,7,7,1,9,0
"SESN3",1071,1688,779,829,434,967,749
"TRAF6",361,90,389,280,218,389,406
"RAG1",13975,2126,8295,4720,6371,12477,14286
"RAG2",966,131,772,451,706,933,554
"CHST1",28,72,18,26,11,10,12
"SLC35C1",57,45,90,98,53,67,26
"RCE1",117,28,87,93,95,88,40
"PC",54,25,71,175,47,122,24
"LRFN4",30,11,39,68,32,20,23
"MIR3163",4,0,1,2,1,3,1
"SLC37A4",74,120,90,198,107,67,45
"CDC42EP2",0,3,0,5,0,3,3
"SLC25A45",195,107,317,435,228,275,94
"FRMD8",187,179,202,202,130,186,69
"RELA",180,177,291,434,254,390,218
"RNH1",206,207,302,552,207,323,90
"RNU6-46P",1,0,2,0,6,2,3
"RPS3AP40",2,8,2,2,4,4,1
"OR7E1P",2,0,7,6,4,4,0
"ALDH3B1",28,20,27,52,27,32,12
"NDUFS8",161,114,175,210,128,180,81
"MIR6753",3,3,5,5,1,2,1
"CHKA",93,33,99,90,79,117,56
"C11orf24",37,42,83,137,50,86,29
"LRP5",227,188,350,706,212,381,142
"NDUFA3P2",29,28,31,49,36,29,35
"APLP2",450,1388,1029,2161,584,1930,615
"ZBTB44",1072,407,732,668,571,994,776
"NDUFAF2P2",39,14,40,50,60,33,36
"DDX18P5",77,6,36,18,31,31,36
"RN7SL778P",17,11,22,17,13,4,7
"ADAMTS8",4,5,7,31,1,9,1
"MRE11",367,143,345,244,232,437,209
"MIR548L",3,8,9,1,1,4,2
"ANKRD49",96,29,88,58,83,121,121
"IRF7",78,133,210,222,96,136,84
"ALKBH8",80,24,60,64,51,88,41
"TCIRG1",193,180,317,424,147,248,105
"PRDM11",64,39,131,313,87,187,40
"CCDC90B",155,36,107,135,58,129,67
"CYCSP28",1,0,2,2,3,1,2
"PLEKHA7",106,16,192,215,96,184,84
"PTPRJ",279,172,427,312,259,616,170
"MIR3161",3,3,8,1,2,5,5
"FERMT3",554,175,670,590,581,538,291
"STIM1",1571,843,1427,1286,2202,1726,1425
"TRIM22",805,377,1397,789,982,1198,934
"RSF1-IT1",14,4,15,14,4,6,7
"AAMDC",31,20,35,48,20,53,30
"CD81",432,316,602,1144,335,902,291
"RIC3",89,113,267,392,121,164,71
"UNC93B1",37,35,58,118,39,96,13
"IL18BP",160,112,309,407,293,252,143
"ALDH3B2",4,0,16,9,13,6,8
"TSGA10IP",1,6,0,3,2,2,1
"OR56B2P",0,0,1,4,7,3,6
"OR51B5",3,0,1,3,0,1,6
"RASSF10",15,109,22,148,5,23,8
"PACSIN3",9,35,26,91,7,25,8
"DDB2",406,188,390,463,331,345,328
"ACP2",102,69,106,146,111,143,51
"NR1H3",55,32,87,223,120,74,43
"MADD-AS1",54,14,48,55,59,33,59
"ARFGAP2",518,292,523,813,445,601,361
"CBL",2138,758,1532,1254,1465,1960,1959
"SLC3A2",232,189,246,258,160,263,115
"TIRAP",87,87,104,163,77,87,34
"KMT5B",576,223,572,503,436,715,391
"HSD17B12",93,51,73,72,54,153,73
"C11orf96",24,17,14,212,3,253,18
"TIGD3",16,3,4,14,7,20,9
"RN7SKP151",34,13,30,10,31,31,27
"BTBD10",156,76,178,180,134,220,104
"PTH",0,1,1,291,0,14,0
"HMGN2P36",1,0,4,1,3,3,4
"FAR1-IT1",20,6,23,45,31,30,34
"RPL39P26",7,0,6,2,2,9,5
"TMPRSS13",4,3,12,11,6,13,0
"DPF2",521,260,544,772,562,596,412
"RNF169",599,413,535,817,505,632,596
"RN7SL239P",12,17,16,29,12,13,8
"SPCS2",181,91,179,196,148,369,238
"RNU6-216P",9,2,4,1,0,2,5
"NEU3",502,175,438,408,390,381,287
"MSANTD4",78,51,107,112,94,129,77
"KBTBD3",11,1,9,17,10,17,11
"AASDHPPT",142,29,85,59,65,103,89
"NAP1L4",1017,413,697,735,631,1042,786
"NRGN",2,1,1,11,2,16,2
"VSIG2",3,7,4,27,7,9,6
"ESAM",47,38,54,231,22,103,20
"MSANTD2",144,101,167,234,177,207,121
"ROBO3",25,11,58,227,45,77,22
"ROBO4",39,36,108,231,44,129,39
"CCDC15",101,58,57,40,86,198,75
"HEPACAM",0,0,9,32,6,21,4
"API5",460,236,317,249,211,512,292
"RN7SKP287",31,15,19,12,8,14,25
"PPIAP41",14,6,47,36,47,36,10
"TTC17",892,421,963,952,905,1247,758
"OR52P1",1,0,8,2,4,5,4
"TCP11L1",264,168,236,354,186,238,171
"PIGCP1",30,33,34,65,20,38,35
"LINC00294",125,56,108,159,89,108,61
"CSTF3",163,51,132,97,99,250,124
"HIPK3",645,712,653,984,523,1563,706
"KIAA1549L",1,7,42,40,1,9,6
"LMO2",18,100,48,77,19,62,39
"CAPRIN1",1372,877,1020,859,825,1586,990
"NAT10",296,235,360,362,268,453,117
"BLID",5,10,14,15,8,6,4
"NRXN2",14,2,25,62,26,52,12
"ENPP7P8",3,0,0,8,8,4,3
"GLYATL1P2",1,7,2,0,0,1,0
"OR52W1",0,1,3,5,5,1,0
"C11orf42",8,5,14,30,20,1,4
"FHIP1B",285,111,303,490,248,323,104
"CNGA4",1,2,1,6,2,0,0
"APBB1",350,101,501,446,481,478,383
"RANP3",1,0,2,5,3,4,0
"CHRDL2",2,4,5,5,2,4,1
"XRRA1",244,277,199,734,337,225,206
"DGAT2",8,0,32,41,6,82,74
"TRIM66",638,388,619,614,903,1020,333
"CYP2R1",114,17,121,85,82,169,110
"CALCA",4,2,4,3,3,7,6
"EIF4G2",3426,2498,3029,2943,2574,4568,2721
"ETS1",6572,1478,4596,2288,4072,6568,6896
"ETS1-AS1",2,0,7,6,7,5,1
"CD59",440,680,539,832,306,1096,653
"DLG2",76,38,151,258,145,180,99
"EXPH5",36,37,125,196,71,131,95
"POGLUT3",177,173,126,190,73,266,102
"POLA2",285,180,282,230,257,157,249
"MPZL3",54,14,44,43,21,87,33
"LDHA",695,942,478,581,346,1625,1109
"TNNT3",24,5,48,129,17,70,21
"SF1",2009,1154,2239,2857,1663,3123,1486
"NLRX1",53,51,74,135,43,88,37
"SLC1A2",9,2,20,44,6,15,13
"PAMR1",9,1,43,236,9,23,10
"MADD",632,367,864,980,681,871,430
"NUP98",896,620,1036,1074,876,1810,688
"OPCML",8,2,3,14,0,5,0
"GRIA4",4,4,4,14,3,6,9
"HARBI1",23,31,23,24,18,24,2
"ATG13",538,214,514,471,399,641,381
"ARHGAP1",274,270,432,736,272,561,165
"ZNF408",32,19,37,65,39,37,21
"F2",0,0,3,5,7,3,0
"CKAP5",970,624,830,678,716,1299,692
"SNORD67",11,6,21,10,19,15,23
"LRP4",45,92,168,628,81,164,75
"PICALM",751,220,573,579,435,1200,710
"PRSS23",61,122,124,374,87,186,82
"OR7E2P",1,1,8,17,13,14,7
"FZD4",83,103,259,679,103,446,94
"HNRNPCP8",0,3,1,5,5,0,0
"XIAPP2",37,6,33,29,13,24,17
"PRRG4",22,92,57,94,27,38,30
"QSER1",644,357,464,401,340,610,394
"DEPDC7",7,4,3,6,5,10,5
"OTUB1",195,163,274,294,199,263,96
"MARK2",836,417,948,915,791,939,576
"PELI3",12,39,48,123,30,35,11
"TOP6BL",398,64,244,134,190,289,260
"CADM1",69,91,93,198,57,176,75
"JAML",353,43,410,306,340,683,351
"TRIM68",83,63,87,148,82,99,35
"OR52I1",3,0,2,13,21,0,2
"PLAAT3",5,6,58,184,10,162,24
"VPS51",186,87,248,284,142,206,114
"NPAS4",0,1,5,3,0,3,0
"KMT2A",2350,1626,2949,3415,2434,3194,2207
"PDE2A",13,14,71,291,41,169,22
"ARAP1",679,361,855,1210,641,805,430
"ARAP1-AS2",74,40,111,126,94,70,85
"RPS12P20",25,6,19,10,11,9,6
"STARD10",32,16,44,104,26,72,17
"ATG16L2",329,246,506,717,391,527,243
"RNU6-672P",4,2,2,0,1,1,4
"RPL15P16",23,4,29,25,25,40,25
"MTCH2",256,133,148,83,112,240,161
"IRAG1",31,26,79,270,45,232,24
"SSU72L5",3,9,0,0,2,0,0
"SSU72L3",0,8,0,0,4,1,0
"TRIM21",60,60,134,147,113,134,41
"OR52P2P",0,0,0,5,10,1,0
"GPR137",76,116,102,166,79,69,23
"MRGPRF",0,0,17,50,0,33,1
"MIR3164",3,0,2,4,1,10,2
"CFAP300",2,0,6,7,4,9,0
"YAP1",84,220,234,614,94,324,169
"BIRC3",300,90,621,266,466,861,436
"BIRC2",424,89,352,197,315,567,281
"TMEM123",1151,324,694,472,643,1357,1049
"NCAM1",2,5,29,50,16,37,6
"NCAM1-AS1",0,0,7,10,0,1,0
"TTC12",52,47,170,261,92,113,52
"ANKK1",0,7,6,13,2,7,0
"DRD2",0,4,2,5,0,1,0
"SIDT2",211,100,302,602,209,503,139
"GLB1L2",5,19,10,16,7,14,1
"B3GAT1",5,4,18,12,10,14,6
"MEN1",252,109,299,382,312,251,164
"ATG2A",264,152,286,404,207,358,172
"HRAS",68,86,49,94,34,57,19
"CHEK1",138,60,97,60,71,117,63
"ACRV1",17,8,27,7,21,20,13
"SPI1",43,80,96,177,58,260,95
"MTCH1P2",1,0,3,8,3,2,2
"ZNF75CP",59,0,17,5,10,30,27
"ATF4P4",0,11,5,14,5,4,8
"ME3",41,27,89,150,65,101,18
"DLAT",154,118,137,142,98,177,119
"NNMT",14,63,56,131,82,305,29
"OR52I2",11,4,4,16,10,4,4
"OR2AT4",4,3,3,0,4,6,2
"KCNQ1",20,9,47,36,25,60,15
"ATM",2324,653,2742,1828,2009,2816,1712
"SDHAF2",76,38,75,82,64,71,44
"RN7SL23P",10,3,11,18,9,5,10
"SDHD",117,51,65,76,33,102,48
"TPH1",34,15,45,33,22,45,22
"TREH",5,3,12,67,1,28,4
"DDX6",1937,910,1520,1497,1566,2669,1852
"EIF3M",439,125,292,195,243,569,341
"HNRNPA3P9",77,37,56,22,56,39,71
"TMPRSS4",1,11,33,11,12,18,21
"SIGIRR",113,49,174,180,135,135,31
"PKP3",13,116,36,103,15,24,25
"LRTOMT",1,5,0,2,6,5,1
"LRRC51",77,86,93,133,75,55,42
"IGHMBP2",304,108,289,361,312,238,124
"RDX",156,219,189,278,177,323,164
"ZC3H12C",39,84,81,124,50,175,54
"FAR1",311,197,334,348,205,476,311
"TMX2",291,181,320,245,208,276,179
"KLC2-AS1",7,0,4,16,9,1,5
"YIF1A",61,40,98,104,51,81,39
"ABCC8",3,11,13,24,17,4,0
"CTR9",319,178,361,248,223,526,198
"TRMT112",179,119,140,183,120,249,116
"PPFIA1",416,305,542,526,452,647,344
"HSPA8",1956,1173,1867,1334,2081,2505,715
"SNORD14E",10,3,13,5,20,8,12
"CLMP",60,28,117,174,63,118,77
"CCDC86",29,8,15,46,18,34,4
"PTGDR2",62,8,39,50,31,47,21
"ZP1",9,9,10,14,15,12,6
"PRPF19",333,181,318,388,233,488,172
"TMEM109",162,182,186,354,114,373,102
"CCDC34",65,43,41,22,40,47,37
"LGR4",86,122,82,153,49,147,50
"LGR4-AS1",4,23,16,42,13,11,3
"LIN7C",241,171,220,154,126,313,190
"BDNF-AS",34,45,44,56,32,41,20
"RNA5SP339",3,7,0,5,4,2,1
"BDNF",24,33,23,16,15,21,11
"CBX3P1",7,1,6,0,1,2,10
"HSP90AA2P",66,35,60,61,62,108,127
"KIF18A",110,47,63,49,70,78,61
"ATP5MGP8",14,4,12,16,12,11,18
"FLRT1",10,15,23,45,16,5,5
"TMEM135",260,48,182,198,142,256,285
"PSMA2P1",12,0,5,0,4,6,7
"LINC02757",0,0,2,1,1,4,4
"LINC00958",1,9,32,103,21,10,14
"RASSF10-DT",0,2,3,17,2,5,1
"NELL1",3,0,30,66,10,53,6
"MAML2",409,102,642,733,731,919,419
"JRKL",59,48,80,84,94,117,49
"LIPT2-AS1",8,11,4,12,6,5,6
"BACE1-AS",46,41,56,77,64,56,39
"RPLP2",854,314,744,901,545,1612,450
"CARD16",34,7,58,47,27,103,31
"CD3D",1868,679,1623,910,1600,1548,1435
"SPTBN2",128,38,120,159,42,124,63
"ACAT1",97,76,132,186,130,204,83
"MS4A6A",88,29,194,336,130,247,44
"CD82",271,297,321,280,229,301,242
"CD82-AS1",9,8,10,10,17,10,14
"RPL34P22",0,3,2,1,3,6,6
"PHLDA2",1,3,1,4,2,2,1
"CD81-AS1",7,7,7,20,4,7,6
"ARL14EP",81,32,83,92,49,131,51
"UCP2",1476,327,1246,970,1187,1559,895
"BEST1",19,8,64,212,42,167,26
"FTH1",20,0,23,37,18,93,2
"INCENP",402,261,341,354,301,424,230
"UVRAG",241,111,377,335,259,470,266
"MTCYBP41",1,0,3,3,2,4,7
"ZDHHC13",220,71,167,107,112,208,213
"CSRP3",0,0,2,3,4,4,0
"E2F8",199,62,117,79,114,174,108
"HTATIP2",41,17,48,48,25,69,25
"PRMT3",133,37,127,113,72,138,69
"SLC6A5",0,0,1,4,3,5,0
"MIR670HG",13,4,7,10,8,10,9
"LMNTD2-AS1",3,16,8,15,12,7,2
"TTC36-AS1",55,31,58,55,70,44,116
"ALKBH3-AS1",34,20,51,42,36,24,18
"MIR194-2HG",2,9,6,7,11,4,5
"KCTD21-AS1",57,61,109,121,131,81,43
"BBOX1-AS1",1,58,16,9,15,9,4
"LINC02711",2,0,3,8,4,6,3
"KCNJ5-AS1",28,6,46,117,38,27,38
"SBF2-AS1",68,119,64,96,47,70,67
"DPP3-DT",25,52,41,81,44,14,15
"LRP4-AS1",2,2,13,33,6,8,5
"LINC02688",1,11,12,21,11,13,4
"LINC02551",5,11,11,11,7,13,6
"LINC02755",0,2,6,0,1,0,2
"B4GAT1-DT",60,76,57,104,46,68,27
"DISC1FP1",0,0,8,1,3,4,0
"ARHGEF17-AS1",0,2,7,16,3,7,0
"PRPF19-DT",3,5,1,2,5,2,0
"DHCR7-DT",26,14,15,31,17,44,14
"ESAM-AS1",11,6,28,84,20,22,9
"SENCR",91,46,152,139,164,130,145
"LINC00900",3,26,7,34,3,3,1
"APOA1-AS",62,52,64,61,45,40,83
"LINC02724",4,0,3,3,1,2,0
"PIWIL4-AS1",2,10,5,13,5,14,4
"LINC02700",1,1,16,11,3,6,2
"ZNF143-AS1",42,2,22,19,45,21,19
"TMEM123-DT",37,4,9,23,41,27,37
"UVRAG-DT",3,0,8,9,12,4,1
"FXYD6-AS1",2,5,11,34,15,12,7
"NTM-AS1",0,0,3,7,0,5,0
"IGSF22-AS1",8,3,8,18,7,11,10
"B3GAT1-DT",3,3,7,1,1,3,7
"ZBTB44-DT",32,16,38,92,27,27,12
"GATD1-DT",125,154,180,293,160,109,82
"LINC02687",21,9,14,7,17,14,5
"ANKRD42-DT",112,62,154,204,158,113,112
"NRIP3-DT",4,2,10,12,6,11,7
"TMEM9B-AS1",197,158,131,246,149,76,77
"LINC02725",5,13,7,6,8,7,0
"LINC02550",4,1,3,2,0,4,1
"SLC39A13-AS1",3,1,15,26,4,21,1
"LINC02739",0,0,4,5,5,5,0
"IUR1",4,0,2,4,0,5,1
"CSRP3-AS1",5,0,3,2,1,4,5
"NAV2-AS2",0,0,13,18,5,9,3
"CTTN-DT",39,38,72,94,50,25,25
"KRTAP5-AS1",1,8,6,5,6,7,2
"CCDC15-DT",4,11,6,7,11,8,2
"SHANK2-AS1",10,9,1,4,4,4,1
"FZD4-DT",3,6,14,22,10,7,1
"LNCRNA-IUR",191,276,148,226,110,152,146
"GSEC",51,17,60,67,62,57,48
"TIRAP-AS1",23,19,26,36,16,21,12
"IRAG1-AS1",16,4,22,45,24,36,16
"SYT9-AS1",40,94,113,145,81,78,66
"ACER3-AS1",1,1,2,3,1,4,4
"DENND2B-AS1",12,19,27,36,14,34,22
"TPBGL-AS1",2,0,11,33,7,9,6
"LINC02714",4,0,5,2,4,3,1
"LINC02731",10,5,18,23,16,18,8
"LINC02718",1,2,3,3,7,9,2
"CCDC90B-AS1",3,5,11,27,12,10,3
"PDGFDDN",0,10,5,0,2,8,1
"NECTIN1-DT",4,9,7,17,2,4,5
"SF1-DT",4,6,7,5,3,1,2
"CADM1-AS1",3,0,4,5,0,12,5
"LINC01537",4,4,8,8,3,19,3
"PDE2A-AS2",2,0,7,4,5,5,0
"MIR210HG",10,96,11,14,7,12,57
"FAM111A-DT",58,35,57,61,28,38,30
"GLTC1",8,9,3,4,3,1,0
"JRKL-AS1",5,2,2,3,3,1,3
"MSANTD2-AS1",17,36,36,91,34,15,2
"ARHGAP42-AS1",1,3,8,4,1,5,2
"NAV2-AS4",1,3,11,57,4,17,6
"ZBED5-AS1",106,53,65,60,57,80,64
"LINC00678",24,20,34,34,28,21,19
"MPPED2-AS1",3,1,2,9,11,2,2
"CD44-DT",1,3,3,5,1,6,4
"LINC02728",16,7,31,20,21,38,15
"MRGPRF-AS1",0,0,2,15,1,2,0
"PGR-AS1",0,0,2,21,0,12,1
"SLC1A2-AS2",0,0,2,6,2,1,0
"USP2-AS1",5,20,22,83,8,30,7
"NRGN-AS1",6,0,10,4,9,8,1
"COLCA1",18,18,140,180,84,99,107
"ADM-DT",1,11,1,4,2,2,1
"LINC01001",331,188,430,597,286,418,86
"NDUFV1-DT",14,13,16,22,14,10,11
"PITPNM1",273,87,340,345,231,319,217
"PRDM10-DT",1,1,4,12,8,5,2
"EED",152,66,145,118,133,126,113
"IL18",61,25,41,38,72,52,16
"LINC02762",206,43,185,161,169,191,201
"CREBZF",552,271,581,703,500,643,544
"WT1",2,9,3,0,0,3,1
"WT1-AS",4,2,3,8,0,2,1
"SLC35F2",27,44,59,112,15,60,15
"RAB39A",9,22,14,14,7,20,4
"CUL5",248,93,182,120,113,331,234
"NPAT",385,114,358,241,244,461,265
"FAM86GP",1,1,1,6,2,1,0
"OR7E128P",8,8,13,21,14,13,10
"GVINP2",10,0,3,3,0,2,10
"CASP1P2",0,0,8,2,2,7,9
"RAB30-DT",435,228,475,651,399,276,273
"LINC02754",13,20,38,32,43,26,28
"CSTF3-DT",59,19,39,27,44,28,34
"OR7E13P",1,0,2,10,0,0,1
"PRSS23-AS1",13,21,38,136,20,64,22
"RAB6A",381,204,301,299,196,450,379
"COA4",123,107,131,210,119,146,94
"LINC02763",6,0,5,2,10,7,2
"MIR100HG",168,694,564,1134,298,264,237
"LINC02732",28,19,7,3,33,10,7
"LINC02715",5,1,12,1,2,9,0
"VPS11-DT",11,1,10,18,16,7,13
"ENEMAL",8,22,13,32,8,14,6
"ZNRD2-DT",50,37,55,104,83,40,47
"RELA-DT",23,16,35,45,12,28,16
"SIPA1",315,165,343,387,224,342,152
"MIR130AHG",8,7,25,44,34,24,29
"ZDHHC5",516,404,590,543,468,707,352
"C11orf21",182,39,81,91,81,113,66
"STX5-DT",5,3,4,5,2,5,1
"SNHG1",250,65,281,126,222,297,254
"GNG3",61,42,51,64,50,71,51
"MICAL2",481,152,483,507,660,686,263
"COPB1",370,122,327,226,246,565,229
"RNU7-49P",3,1,0,0,2,3,3
"PSMA1",50,23,46,31,20,85,42
"PDE3B",152,32,351,193,188,610,461
"MORF4L1P3",35,12,32,25,38,108,61
"CSKMT",36,15,57,69,75,45,22
"UQCC3",29,19,20,23,29,18,22
"MAP3K11",361,242,553,1020,480,437,225
"STIM1-AS1",2,2,7,6,3,4,2
"XNDC1N",123,61,99,102,80,109,94
"MRPL23-AS1",17,9,15,31,17,21,9
"LINC01219",0,0,5,10,0,6,5
"H19",16,188,107,1095,40,447,135
"IGF2",20,76,141,745,32,299,55
"PPP1R1AP1",11,11,9,0,3,14,4
"LINC02761",0,1,1,7,1,4,0
"GVQW3",273,154,259,294,270,188,128
"EMSY-DT",21,26,23,46,34,26,7
"TSKU-AS1",0,14,3,7,7,0,5
"PLAAT4",74,26,94,73,69,133,52
"PATL1-DT",0,0,2,3,5,1,2
"STX3",53,79,118,184,87,227,66
"FABP5P7",8,15,12,32,15,60,40
"MRPL16",126,55,98,99,116,171,109
"CBLIF",1,2,0,2,7,2,4
"TCN1",5,0,2,0,0,6,3
"MS4A3",2,0,4,0,2,2,2
"MS4A2",2,0,11,39,12,18,7
"PRR33",93,25,184,332,128,105,82
"SELENOH",15,16,9,11,16,18,8
"NEAT1",13023,58949,17050,30646,10045,24897,33305
"MALAT1",2,16,17,28,29,23,0
"SLC22A18AS",1,10,4,19,8,7,2
"KCNQ1OT1",1688,2899,1577,1945,1248,1234,871
"SC5D",184,136,178,160,172,264,221
"BMPR1AP2",2,6,8,12,5,4,8
"SORL1-AS1",53,2,68,56,41,66,36
"SORL1",1398,185,1219,1759,879,2892,1062
"LINC02952",0,0,1,11,2,0,0
"ADARB2",152,164,64,82,87,73,29
"KLF6",537,341,731,748,341,2576,377
"ATP5F1C",231,104,171,125,134,416,149
"ITIH2",39,10,29,21,31,34,22
"CCDC3",23,445,324,993,120,359,220
"KIN",132,57,130,126,142,171,117
"ACBD7",107,33,49,38,48,72,62
"MTND2P16",2,16,0,2,14,7,7
"RPP38",64,33,65,59,79,64,62
"ITIH5",29,12,150,765,49,348,63
"MRC1",94,33,144,294,108,588,74
"CKS1BP2",3,3,2,4,4,8,9
"CUBN",313,102,431,322,468,616,148
"TRDMT1",525,172,477,304,385,573,463
"MINDY3",159,33,87,49,47,128,75
"ZNF33BP1",24,2,18,21,5,13,4
"RPP38-DT",10,2,5,7,4,2,0
"PIP4K2A",687,251,711,472,743,905,551
"RPS4XP11",4,8,5,15,9,5,9
"MALRD1",25,0,18,32,39,46,8
"ST8SIA6",1,2,7,8,2,7,2
"MKX",1,9,2,20,0,11,3
"ODAD2",13,11,6,8,12,10,7
"ITGA8",21,7,54,249,13,157,28
"CICP9",6,12,25,18,6,3,6
"HNRNPRP1",87,36,54,58,38,43,48
"ZFAND4",215,51,165,116,89,178,88
"MYO3A",7,14,6,17,9,9,9
"MSRB2",57,74,46,93,36,54,15
"PRTFDC1",27,10,21,40,13,33,13
"EIF3LP2",7,17,12,22,28,8,7
"ENKUR",1,4,11,32,4,7,7
"DNAJC1",82,115,106,115,54,178,64
"PHYHIPL",0,5,8,9,6,1,0
"NAMPTP1",11,19,8,10,7,174,34
"ARHGAP12",203,99,291,245,174,353,226
"TATDN1P1",25,14,11,5,9,17,11
"UBE2D1",30,16,21,14,17,37,20
"YWHAZP3",30,25,30,28,32,40,43
"GDF10",7,0,4,27,8,17,0
"ZNF33B",421,160,391,353,293,363,312
"NRP1",177,388,683,1759,271,1143,232
"PLXDC2",93,265,174,682,137,519,120
"PRELID1P3",22,13,17,20,16,9,11
"JCAD",403,98,355,1204,166,547,259
"RPSAP6",8,0,12,8,7,6,3
"SPAG6",2,0,3,3,4,7,2
"MARCHF8",296,110,309,389,215,446,264
"KIF5B",1001,505,590,570,474,1095,868
"NMT2",410,121,517,420,433,528,433
"CCAR1",652,524,768,597,737,1092,600
"ZWINT",133,80,102,71,127,133,51
"NUTM2A",264,182,285,435,282,242,175
"RAB5CP1",26,30,17,30,22,11,5
"NDUFA8P1",4,0,3,3,2,5,4
"ANXA11",1506,625,1655,1860,1282,1833,1460
"MINPP1",36,16,28,23,10,30,7
"TFAM",224,147,113,103,79,178,121
"RPS3AP5",52,5,37,12,19,25,58
"PPIAP30",12,6,17,10,18,25,12
"FAM133CP",0,2,4,7,1,4,2
"GRID1",7,29,19,45,9,22,5
"RSU1P3",1,4,3,14,4,10,1
"EIF2S2P3",0,0,1,7,0,3,0
"MYOF",51,99,318,1008,119,601,134
"HHEX",12,15,28,28,13,32,23
"CCSER2",635,277,549,357,310,612,526
"REEP3",94,175,89,101,56,136,88
"ARHGAP19-SLIT1",51,5,24,25,15,14,27
"SDHCP2",4,6,8,5,1,8,4
"TLL2",185,50,50,97,134,67,56
"NRBF2",58,32,62,40,64,135,60
"NPM1P26",22,9,32,20,33,33,47
"CYP2C19",1,12,0,0,1,0,0
"EIF4A1P8",6,15,13,15,4,10,3
"PIK3AP1",59,37,193,102,117,235,78
"KAT6B",1392,633,1535,1483,1254,1996,1268
"ZNF25",105,79,112,117,50,142,61
"RPL17P34",3,1,2,1,0,0,4
"MARCHF5",210,88,179,124,154,217,208
"CPEB3",50,64,89,158,66,110,39
"EXOC6",144,35,110,54,59,214,66
"BICC1",19,13,38,101,17,84,38
"RPL7AP50",7,7,13,10,5,11,6
"NHP2P1",1,17,5,16,4,3,1
"TLK2P2",12,25,25,31,12,17,11
"RPS2P36",2,0,11,2,4,6,1
"BTRC",277,205,252,274,194,290,138
"DNTT",2520,533,968,868,1137,1653,1483
"POLR3DP1",8,6,16,19,14,10,6
"COX7CP4",5,0,1,2,1,2,1
"FAM171A1",34,45,55,156,40,95,21
"ZNF33A",729,413,622,490,473,837,760
"YWHAZP5",3,5,10,7,7,18,15
"GSTO1",143,69,121,153,82,218,91
"CSTF2T",267,203,284,309,243,371,197
"ARHGAP19",315,165,223,142,178,291,239
"DPCD",37,33,35,85,40,54,28
"POLL",76,161,117,254,67,79,47
"FAM204A",254,215,240,256,183,316,212
"FBXW4",290,287,347,538,284,420,288
"TIMM9P1",6,4,2,1,1,1,0
"PDCD11",404,322,557,556,327,549,163
"THNSL1",46,45,25,41,21,25,10
"RHOBTB1",28,19,51,97,37,59,31
"ARMH3",415,211,363,374,293,458,253
"AGAP9",34,27,34,25,23,35,14
"FAM13C",21,59,61,139,49,67,12
"RPL17P36",3,6,19,3,10,0,13
"ITPRIP",181,77,220,332,237,545,168
"CFAP58",0,0,7,9,2,10,2
"TMEM26",27,22,35,8,18,15,17
"CACUL1",690,369,475,367,327,598,584
"RAB11FIP2",186,215,161,154,142,251,191
"DUX4L24",1,3,0,7,2,1,0
"FAM53B",1029,703,1042,1048,772,1034,517
"BTBD16",0,36,5,17,0,5,0
"OAT",141,61,81,120,47,196,34
"MGMT",142,90,244,284,127,199,75
"MTG1",82,61,75,86,49,68,48
"WBP1L",585,828,539,801,425,776,272
"INPP5A",84,42,115,149,90,193,81
"CHST15",293,488,255,624,155,552,114
"TACC2",443,1587,408,1008,281,420,191
"HABP2",11,11,3,3,6,0,2
"LHPP",104,91,168,148,114,155,89
"HTRA1",50,175,100,353,27,186,50
"PDZD8",347,235,206,234,212,417,306
"TM9SF3",714,299,428,320,283,825,564
"PPP2R2D",401,205,439,432,353,568,309
"RARRES2P2",8,13,2,1,4,3,0
"INSYN2A",47,53,58,70,60,74,29
"SAR1AP2",1,0,7,13,4,6,3
"AGGF1P2",31,13,15,19,21,43,2
"WDR11",520,465,478,581,394,632,312
"ACADSB",207,218,179,254,162,315,169
"XPNPEP1",223,205,245,284,146,277,222
"FOXI2",1,0,3,45,4,6,1
"SLC18A2",161,0,46,22,250,38,43
"RPS10P18",12,7,6,7,4,2,2
"SHTN1",89,208,148,213,104,174,63
"GPR26",6,21,6,27,5,4,6
"ATRNL1",21,135,18,19,13,18,11
"STK32C",78,34,117,88,70,51,42
"BUB3",699,233,497,331,418,599,421
"YBX2P1",0,16,3,1,0,12,1
"TCERG1L",11,328,20,28,4,8,2
"ZNF488",7,26,7,12,1,5,3
"RPS26P39",16,2,6,9,10,7,7
"RGS10",426,85,266,180,240,446,267
"MRPL35P3",7,1,8,5,3,9,3
"ADD3",885,307,776,750,688,1555,963
"CPXM2",25,47,126,376,59,215,60
"PPIAP31",29,19,36,17,30,24,28
"MMS19",654,453,705,750,665,706,651
"NHLRC2",533,338,415,457,328,518,328
"EMX2",2,0,5,11,3,4,0
"RTKN2",177,28,145,44,54,118,112
"OPALIN",450,169,255,238,469,239,355
"RPL34P19",6,5,4,4,1,0,3
"GSTO2",11,140,174,502,104,170,47
"HMGB1P7",12,0,3,1,0,5,6
"RNA5SP300",0,6,4,9,6,6,2
"RNU6ATAC39P",21,6,34,21,54,30,24
"MIR4480",9,4,20,14,22,12,5
"MIR4481",3,1,9,3,6,11,4
"RN7SKP219",11,8,5,3,5,9,8
"RN7SKP37",4,5,4,3,2,6,4
"MIR604",8,14,14,22,5,13,9
"SNORD115",1,4,6,2,1,4,2
"MIR938",7,5,13,13,4,25,4
"RNU6-908P",2,0,3,3,0,3,0
"RN7SL398P",3,16,13,39,7,18,3
"RNU6-795P",6,0,0,3,0,1,1
"RNA5SP312",33,19,35,30,21,22,14
"MIR605",1,0,0,3,3,4,2
"MIR1296",13,9,14,19,15,17,6
"MIR4676",2,0,2,2,0,3,8
"RN7SL840P",1,1,4,2,4,1,2
"RNA5SP324",0,0,7,0,1,2,3
"MIR4482",3,0,5,0,7,4,4
"RNU2-59P",10,12,21,8,17,0,26
"MIR3941",5,8,1,1,0,3,0
"LRRC27",93,79,94,98,75,67,31
"PWWP2B",38,40,32,79,16,22,7
"PSD",21,78,16,59,16,33,9
"CUEDC2",77,90,68,118,43,68,30
"MFSD13A",35,59,40,96,54,32,10
"ACTR1A",485,354,489,485,429,505,372
"RPL23AP58",22,16,7,7,7,5,9
"RNU6-43P",3,3,8,1,11,1,12
"EIF4BP2",6,14,18,17,6,6,7
"RNU6-15P",58,8,253,39,158,47,265
"PLAU",16,18,19,85,2,78,23
"ANKRD1",2,49,7,3,16,15,6
"RPL35AP24",5,0,4,4,5,0,5
"SNORA74C-2",4,0,6,3,3,2,3
"RNA5SP317",21,19,34,23,25,13,11
"WASHC2A",551,434,721,687,593,893,395
"DYNC1I2P1",25,23,36,30,18,35,12
"ZNF365",15,7,3,2,2,1,3
"MIR4297",1,3,1,1,2,2,1
"EBF3-AS1",34,0,6,30,9,11,2
"RPL21P16",350,203,364,299,269,605,446
"PLPP4",12,3,3,19,4,8,10
"SKIDA1",28,39,21,58,32,16,1
"RNU6-306P",0,0,4,1,3,5,2
"OLAH",3,0,3,1,2,3,1
"BAG3",9,162,61,135,21,183,37
"PRKG1",21,36,46,175,31,141,46
"VCL",218,261,381,936,238,937,221
"SUFU",226,205,243,283,229,217,176
"RNU6-946P",10,15,10,3,7,11,13
"RNU6-490P",10,4,4,1,2,3,4
"MASTL",133,89,71,81,63,168,80
"RPAP2P1",7,3,3,8,1,2,4
"ANKRD26",233,223,271,219,213,243,173
"HMGN2P35",19,11,16,18,14,12,17
"SLIT1",116,19,130,129,73,88,79
"NET1",198,338,180,333,131,397,157
"CALML5",0,0,19,1,11,15,7
"CALML3",64,167,25,45,22,22,15
"ASB13",33,17,26,72,26,54,29
"NRBF2P5",38,11,28,25,26,19,29
"CEP55",149,57,74,36,59,118,86
"RNA5SP323",20,6,6,2,2,0,1
"FFAR4",1,1,3,6,0,5,1
"PDE6C",30,28,34,35,11,27,33
"FRA10AC1",242,136,238,158,129,372,215
"LGI1",0,0,3,4,0,4,0
"CDNF",10,18,7,18,9,7,5
"HSPA14",57,29,22,16,26,51,41
"CNNM2",209,168,295,448,269,357,207
"RPS15AP29",52,26,52,31,33,42,45
"MARCKSL1P1",44,6,29,25,22,26,14
"ST13P13",2,0,3,0,4,1,4
"RPEL1",2,3,2,3,5,3,1
"INA",5,14,3,0,5,15,7
"PCGF6",52,35,44,45,30,43,18
"ATP5MK",94,35,50,30,49,114,57
"SLC35G1",44,12,29,21,23,27,23
"NOC3L",104,77,70,66,45,125,27
"TBC1D12",57,68,51,107,26,68,31
"CTBP2P2",0,10,0,0,0,2,0
"DDX20P1",55,16,31,26,26,29,14
"RNA5SP297",9,2,5,3,3,3,10
"RN7SL754P",0,6,2,4,0,3,1
"KCNMA1-AS1",12,7,6,11,4,17,5
"RNA5SP321",0,2,4,2,1,2,1
"KCNMA1-AS3",14,15,13,19,4,13,4
"LIPF",11,0,1,0,1,0,0
"LIPN",1,0,4,1,0,33,2
"MAP3K8",39,34,91,114,44,319,33
"SNRPGP12",1,0,3,4,2,6,0
"SMNDC1",135,96,123,92,103,194,122
"DUSP5",43,15,59,64,30,370,111
"MTPAP",147,150,140,195,97,189,87
"MED28P1",0,0,3,6,3,4,3
"RPS12P17",7,5,3,5,5,1,8
"ANXA8",1,156,73,279,14,40,37
"LCOR",977,689,864,939,792,1209,852
"KIFBP",92,71,75,91,46,126,36
"RPP30",112,58,67,96,62,119,37
"NEBL",102,179,115,265,108,151,90
"DOCK1",262,328,324,827,218,522,135
"CFAP43",21,20,17,32,13,29,9
"HSPA12A",142,593,274,419,341,244,124
"RPS26P41",10,10,7,5,5,6,2
"MYOZ1",1,3,2,8,1,5,0
"SYNPO2L",23,17,44,52,21,21,22
"BMS1P4",21,17,23,43,17,11,11
"RNA5SP320",5,2,0,4,1,3,1
"SEC24C",379,286,420,432,296,501,261
"FUT11",77,94,72,96,45,78,80
"CHCHD1",22,2,15,13,8,17,12
"ZSWIM8",527,497,685,963,645,614,358
"NDST2",54,32,65,55,59,39,84
"C10orf71",0,0,2,26,0,5,0
"RPL35AP23",16,0,8,6,13,5,2
"TIMM23",182,99,109,98,91,187,74
"SNORA74C-1",7,4,1,6,5,3,3
"RPL23AP61",5,0,2,0,0,4,8
"LINC00200",9,24,5,1,3,17,4
"VPS26A",160,161,127,113,67,244,146
"SUPV3L1",190,98,150,149,95,209,109
"HKDC1",185,54,65,36,118,59,19
"TSPAN15",24,3,51,126,15,53,16
"FAM241B",24,17,11,17,7,11,5
"ACBD5",247,186,191,212,152,232,198
"KIF11",573,322,288,127,231,535,331
"RPL11P4",15,8,1,5,6,3,2
"RN7SL644P",0,1,3,6,1,0,1
"AIFM2",52,27,92,215,47,77,41
"CALM2P2",28,12,12,15,14,29,26
"RPS25P9",0,0,0,7,0,4,0
"PPA1",142,102,94,122,63,312,97
"TYSND1",227,195,266,367,203,159,159
"SPTLC1P1",47,23,57,44,31,56,29
"NSMCE4A",157,95,144,153,110,197,86
"HPS6",58,72,41,84,30,46,21
"LDB1",681,792,808,1413,690,985,483
"PPRC1",241,297,322,509,209,464,137
"NOLC1",359,512,307,390,251,580,201
"AK3P5",19,4,26,34,40,52,14
"PITRM1-AS1",47,29,54,55,56,38,30
"GAPDHP21",0,0,2,2,4,3,0
"PITRM1",751,729,668,559,706,815,340
"RNY3P12",6,0,1,0,3,0,1
"SFTPD",2,18,6,23,2,10,6
"SFTPD-AS1",3,0,3,6,0,2,0
"TMEM254",76,55,43,39,41,58,38
"MACROH2A2",79,198,152,293,127,132,86
"NPFFR1",0,0,5,0,2,4,0
"MLLT10",494,416,521,539,319,586,368
"EPC1",633,303,598,443,542,754,499
"TIMM23B",117,59,75,71,47,79,53
"MSANTD7",234,183,172,176,186,230,198
"NUTM2D",280,297,352,528,375,270,207
"AP3M1",278,139,269,182,189,376,198
"HERC4",804,361,681,560,440,709,594
"MXI1",154,95,216,291,155,323,308
"HECTD2",52,75,63,105,73,88,32
"ADK",80,94,123,115,70,144,73
"IFIT6P",2,2,3,1,0,1,2
"IFIT1B",4,4,3,1,3,6,4
"IFIT1",41,136,114,126,54,108,87
"SLC16A12",3,2,16,70,7,30,20
"RPL15P14",19,4,19,7,18,7,14
"ANAPC16",624,327,516,476,454,544,344
"DDIT4",587,826,1156,464,1360,1233,536
"RNU6-805P",5,0,6,7,2,4,0
"SNX19P4",5,0,1,7,5,4,1
"RNA5SP305",4,0,3,2,4,6,4
"HACD1",22,1,14,12,4,12,8
"STAM-DT",12,6,10,9,12,7,3
"STAM",249,62,214,183,133,301,239
"TMEM236",4,6,16,13,3,18,14
"GTPBP4",194,141,174,198,135,301,107
"IDI2",2,4,3,2,3,2,0
"RNA5SP310",18,4,16,5,7,6,3
"ANXA8L1",1,108,41,171,9,21,11
"HNRNPA1P33",5,15,13,28,6,3,13
"NPY4R",0,5,2,17,0,1,0
"STOX1",69,194,99,190,81,119,40
"DDX50",174,114,177,184,104,274,121
"C10orf105",15,8,19,19,9,12,8
"VSIR",254,178,384,445,412,654,138
"MIR7152",8,1,5,7,13,8,1
"CDH23",455,225,964,806,935,913,310
"RNU7-38P",4,4,5,8,0,3,4
"PPIF",231,244,129,144,78,183,87
"ZCCHC24",37,38,139,515,24,222,70
"SFTPA2",2,224,15,0,5,7,7
"SFTPA1",0,111,7,4,6,6,2
"LINC02679",6,0,3,0,0,1,3
"BEND3P3",10,7,0,8,2,5,2
"WAPL",707,440,662,419,486,927,656
"RNU6-780P",9,0,3,2,0,5,7
"WAPL-DT",43,55,41,67,42,16,42
"CYP2C9",3,26,5,3,1,1,0
"MTND4P20",0,130,1,0,2,0,4
"CYP2C8",30,10,10,16,19,15,4
"PAWRP1",9,5,4,4,2,2,3
"ALDH18A1",116,205,122,160,100,185,59
"ENTPD1",176,155,283,255,133,409,122
"LOXL4",36,60,99,326,75,114,37
"MCMBP",377,136,254,226,128,328,189
"CH25H",13,35,31,104,16,139,15
"LIPA",181,92,91,128,85,353,70
"TCTN3",158,128,113,143,95,167,70
"IFIT3",54,314,194,92,78,192,109
"OGDHL",43,157,17,50,9,15,0
"RPL21P89",3,0,1,2,1,4,1
"SGMS1",232,189,255,271,112,330,117
"PAPSS2",20,21,46,96,24,84,33
"ATAD1",276,124,228,114,112,337,252
"KLLN",23,13,14,15,16,14,9
"RPL11P3",113,83,129,93,141,123,157
"ARID5B",492,370,745,1207,506,1907,716
"RPL26P6",10,6,25,16,26,17,34
"MSS51",115,26,126,130,104,113,75
"PPP3CB",433,187,303,277,257,465,293
"SEC31B",710,356,565,590,789,750,415
"HIF1AN",1313,765,1189,1171,1169,1144,1074
"SLF2",513,337,512,456,378,475,290
"TWNK",73,56,61,79,68,67,26
"PDZD7",18,41,20,24,30,14,6
"KAZALD1",24,88,14,38,10,26,6
"IFIT2",50,67,86,78,49,139,63
"MIR8086",2,6,1,1,0,3,0
"BAMBI",2,0,1,5,2,3,0
"VENTX",5,8,10,25,0,3,5
"ADAM8",53,66,83,100,34,161,44
"ZNF511",13,12,29,33,21,38,19
"PRAP1",3,0,1,6,0,2,0
"ECHS1",82,59,102,153,49,112,47
"PAOX",5,11,4,12,2,2,4
"ERCC6",315,239,360,376,237,465,188
"ZNF248",192,190,174,260,141,176,99
"NCOA4",998,782,728,619,528,1343,636
"EIF5AL1",12,41,35,19,24,26,12
"PARG",276,192,244,223,220,291,153
"TIAL1",621,246,530,497,339,684,505
"SLC16A9",17,0,11,14,7,15,2
"FAM107B",380,106,418,275,232,723,457
"SFR1",55,20,22,26,12,51,15
"OGA",2722,1283,2696,2365,2081,3743,3066
"KCNIP2",70,123,158,556,106,188,64
"KNDC1",158,85,47,49,92,38,2
"GFRA1",977,2212,122,631,102,334,107
"RNU1-19P",3,4,7,3,7,2,14
"MMRN2",49,24,112,304,43,159,39
"SNCG",8,0,24,121,8,42,6
"SHLD2",101,42,113,76,59,153,54
"RN7SL733P",2,4,10,7,3,3,3
"GPAM",102,43,229,386,51,257,255
"ZEB1",1273,599,1041,879,990,1529,1450
"TUBGCP2",507,316,674,903,468,578,343
"ZDHHC6",375,190,345,324,219,441,264
"CEP57L1P1",1,0,5,4,2,2,2
"EIF4EBP2",1826,1039,1138,1310,960,1789,1054
"NODAL",33,23,10,22,31,23,41
"YY1P1",12,1,17,18,10,15,10
"EBF3",278,80,91,288,86,181,24
"C10orf143",49,50,62,78,49,38,40
"CTAGE7P",50,20,27,39,29,22,16
"GLRX3",213,187,168,151,154,200,117
"RPL6P24",4,0,6,1,4,5,4
"ACSL5",181,56,195,176,141,254,106
"CSGALNACT2",323,123,380,249,267,483,453
"RASGEF1A",12,15,32,45,11,26,15
"GLUD1",549,292,418,436,286,673,534
"COX6CP17",14,4,19,16,11,7,10
"MIR5699",3,14,4,13,0,7,0
"CTNNA3",4,9,3,17,2,19,2
"DNAJC12",7,3,1,2,1,5,2
"RPL12P8",11,8,7,21,9,11,15
"SIRT1",217,76,185,139,122,260,145
"RPS3AP38",32,14,44,48,48,38,42
"RN7SL220P",11,12,26,26,18,9,12
"POU5F1P5",13,4,22,30,15,21,14
"DNAJB12",292,287,374,419,311,480,190
"FBXL15",15,25,26,31,21,14,7
"SYT15B",163,306,185,300,101,112,84
"AGAP5",23,6,15,22,14,13,4
"ADAM12",93,95,193,260,87,195,130
"MPP7",109,205,72,104,50,166,50
"SFMBT2",263,65,328,339,194,395,160
"ASAH2",31,12,31,21,25,31,19
"HNRNPF",729,736,690,809,539,1123,619
"ZNF239",20,11,36,28,19,19,4
"CAP1P2",1,3,3,4,4,6,10
"ZNF485",19,11,14,19,18,20,19
"ZNF32",51,75,42,76,51,55,34
"CCNJ",91,58,73,46,61,84,79
"MIR3157",9,5,6,11,4,4,1
"RNU6-271P",2,0,6,0,3,1,4
"PRF1",43,14,34,29,26,79,14
"ADAMTS14",318,561,41,42,12,11,10
"PCBD1",123,102,44,98,27,81,30
"TBATA",15664,18749,5458,2564,11894,3374,2215
"TLX1",0,32,1,0,0,1,0
"CALHM2",39,54,56,166,28,80,11
"CALHM1",3,1,5,5,0,0,2
"SH3PXD2A-AS1",17,55,24,31,13,23,14
"RNA5SP311",20,14,23,10,15,4,10
"PTPN20",17,11,13,4,7,27,2
"BNIP3",145,329,148,188,108,190,195
"OR6L2P",9,24,22,56,24,16,15
"OR7M1P",3,6,0,10,2,8,1
"CYP2E1",16,9,21,30,23,17,8
"SYCE1",3,6,7,9,5,0,1
"OR6L1P",2,5,12,28,17,5,6
"SPRN",19,37,35,49,21,25,11
"PBLD",166,96,169,227,166,215,139
"HNRNPH3",937,622,908,980,1022,1392,1226
"EIF3LP3",4,0,2,2,1,4,2
"ZNF37A",395,366,346,365,277,433,338
"TACR2",15,26,10,24,36,27,15
"ZMIZ1",961,772,951,1769,615,1368,615
"PSAP",3597,2506,2767,3565,1895,5183,2099
"WASHC2C",542,382,728,689,655,936,470
"CAMK1D",650,177,684,869,615,710,449
"MICU1",158,120,174,203,126,289,106
"RBP4",0,0,28,77,1,128,20
"ARHGAP21",226,486,534,1323,338,726,291
"JMJD1C",936,634,1182,941,748,2108,845
"SMC3",939,512,625,436,540,918,1136
"LDB3",11,10,38,119,25,57,10
"DPYSL4",7,27,25,34,19,22,10
"JAKMIP3",54,60,27,57,24,30,21
"AGAP4",134,152,235,285,194,177,66
"GBF1",1014,1003,1276,1425,968,1358,851
"AKR1C2",8,12,99,298,40,200,33
"BTAF1",822,302,1001,715,732,1279,527
"NEURL1",48,54,34,70,11,42,13
"USP6NL",203,118,160,137,155,268,163
"SVIL",339,374,747,1806,515,1063,319
"MCU",114,69,131,122,89,154,80
"NUTM2E",243,206,215,380,305,247,159
"PLCE1",82,91,115,193,79,147,56
"LRRTM3",0,5,1,8,3,1,1
"TAF3",321,225,334,361,341,487,209
"PDCD4",848,741,804,751,533,1428,1271
"BBIP1",439,304,458,333,351,512,501
"SHOC2",544,211,410,304,307,661,431
"RPL13AP6",24,8,28,35,21,19,17
"ADRA2A",26,15,54,74,3,72,13
"EGR2",87,17,64,102,50,265,21
"TAF5",131,50,97,85,82,119,109
"USP54",378,456,214,470,303,358,185
"FRMPD2",2,11,24,0,1,21,0
"MAPK8",487,151,325,216,219,482,483
"ARHGAP22",29,41,69,96,38,42,17
"RPL13AP19",1,0,4,3,4,6,1
"DDX21",556,393,429,346,276,938,419
"LINC02635",0,0,4,7,1,2,4
"MIR3611",0,0,2,3,0,5,1
"RNU7-77P",4,3,7,8,6,7,4
"ATP6V1G1P4",6,13,13,10,2,13,4
"ANKRD22",32,6,33,19,11,26,21
"STAMBPL1",102,22,152,67,56,151,53
"CELF2-AS2",604,247,416,289,620,541,290
"NUDT13",130,114,164,104,146,155,89
"SNORA11F",6,11,37,27,29,27,19
"ECD",191,98,216,221,203,403,119
"FAM149B1",135,125,180,186,149,154,107
"DNAJC9",80,85,51,79,83,101,34
"EIF4A2P2",14,12,12,12,11,16,16
"MRPS16",266,234,172,194,139,213,131
"RNU6-833P",4,8,1,1,0,1,2
"ANXA7",290,233,221,277,125,413,161
"CELF2",2409,1455,1864,1591,3244,2934,2028
"CFAP70",184,221,111,203,124,90,60
"ATE1",552,343,454,421,362,561,433
"GHITM",403,237,287,195,132,431,198
"CDHR1",250,2,114,85,63,395,70
"LRIT2",5,0,1,0,2,5,3
"RPL12P29",18,7,21,9,14,14,11
"TNPO1P1",32,4,27,14,24,25,14
"CACYBPP1",39,2,12,10,13,14,18
"VIM",517,211,754,1457,346,2252,406
"LRRC20",52,62,50,50,35,39,15
"COMMD3",84,64,60,45,32,70,64
"BMI1",65,54,52,49,19,60,27
"ADRB1",4,3,9,16,1,21,3
"CCDC186",425,245,339,298,261,473,501
"VWA2",21,0,155,494,77,122,53
"AURKAP2",0,0,2,6,0,3,1
"SYT15",98,202,132,195,56,89,44
"GPRIN2",1,4,14,51,5,12,1
"PLEKHA1",384,488,172,280,123,345,128
"SH3PXD2A",1148,2357,913,2635,632,1252,603
"WDFY4",457,188,1005,619,585,1136,271
"MRPL43",62,41,95,125,65,103,20
"LARP4B",1232,756,1056,1035,774,1291,938
"EPC1-AS2",8,2,7,15,1,7,3
"EPC1-AS1",42,8,42,35,32,36,50
"C1DP1",5,2,4,3,2,5,2
"CASP7",88,80,112,131,79,153,94
"DCLRE1A",35,13,22,15,18,35,10
"TDRD1",5,0,14,19,3,17,7
"LZTS2",164,311,207,504,173,199,170
"AKR1E2",5,16,10,38,25,18,0
"AKR1C1",17,40,103,378,58,225,39
"ANKRD16",51,54,36,80,37,49,23
"FBH1",751,358,818,732,680,803,630
"IL15RA",28,6,52,80,25,46,24
"IDI1",102,68,70,63,46,179,147
"RPS15AP30",6,17,12,10,14,8,11
"RNU7-165P",27,2,0,2,9,0,9
"DDX10P1",6,0,21,15,11,11,15
"ZNF518A",554,171,481,386,320,551,187
"BLNK",134,48,263,221,132,177,106
"OTUD1",69,47,57,87,30,82,23
"KIAA1217",608,1567,954,2381,740,1137,497
"MIR603",1,3,4,3,2,2,1
"PARD3",285,304,374,639,481,438,346
"ELOBP4",3,0,3,4,5,4,1
"RPL37P18",14,31,25,36,41,13,20
"RPS12P16",30,43,23,50,63,19,33
"CNNM1",10,39,21,34,9,18,3
"GOT1",95,166,71,72,40,95,27
"AFAP1L2",149,18,288,651,108,220,112
"OPTN",229,317,359,573,219,413,381
"SNRPGP5",3,8,4,5,3,5,3
"BTBD7P1",7,0,10,3,3,15,2
"MCM10",139,57,81,61,103,132,48
"RNU6-6P",70,14,341,47,213,79,373
"PHYH",29,23,16,43,6,38,8
"ZNF438",100,65,121,168,91,138,98
"SUV39H2",115,48,69,42,48,91,54
"MEIG1",2,4,8,6,10,8,7
"FAS",346,668,611,667,311,564,397
"IL2RA",16,2,52,38,30,90,65
"RBM17",582,305,594,550,508,811,576
"PFKFB3",308,528,436,872,158,1488,447
"RN7SKP78",13,4,11,23,12,26,9
"SDCBPP1",7,9,8,12,2,11,20
"PALD1",93,82,220,277,134,150,68
"SEMA4G",57,101,122,230,106,71,53
"RNU6-1231P",5,2,8,4,3,5,9
"CYP17A1",6,13,10,21,8,6,2
"BORCS7",37,20,37,52,27,40,28
"AS3MT",2,1,3,12,2,4,4
"NT5C2",909,245,540,402,392,723,704
"UNC5B",150,241,87,142,39,61,43
"SLC29A3",61,33,63,80,39,71,24
"NFKB2",174,276,286,428,122,355,116
"SLK",492,561,455,500,294,783,494
"COL17A1",546,375,872,2314,697,949,575
"MIR936",0,0,3,5,5,2,3
"STN1",329,185,302,277,289,243,282
"PDLIM1",548,418,300,652,243,764,242
"ACSM6",92,43,80,96,74,112,23
"VSTM4",184,293,194,360,72,331,140
"LRRC18",48,15,69,20,36,69,27
"CYP2C18",1,23,0,2,0,1,0
"SPMIP5",0,2,1,6,2,2,0
"RNU6-1266P",3,1,10,8,3,2,3
"IMPDH1P5",1,26,6,27,7,10,1
"DLG5",103,520,403,1073,238,336,131
"RN7SL284P",2,7,3,14,5,5,5
"POLR3A",460,259,453,507,392,535,333
"RPS24",2292,1409,1485,2039,1681,3214,1527
"HELLS",1102,425,543,362,410,692,639
"NUTM2B",415,408,244,477,431,370,205
"TASOR2",720,641,852,703,676,1131,603
"PYROXD2",32,31,64,169,45,47,10
"HPS1",240,216,351,384,318,255,165
"PFKP",285,310,344,322,302,338,200
"PRPF18",926,605,1059,942,1008,972,596
"SFXN3",118,158,189,388,121,182,214
"SCART1",96,47,90,152,65,104,54
"LIPJ",22,25,8,4,8,7,3
"NPY4R2",0,5,2,15,0,1,0
"NPM3",28,9,27,38,17,30,8
"ENTPD7",168,225,143,161,102,173,107
"EBAG9P1",5,5,0,5,6,5,0
"CUTC",109,32,72,78,71,159,100
"COX15",211,291,193,211,154,154,166
"NANOGP6",5,4,1,3,3,0,4
"CCDC6",273,235,241,243,227,365,177
"ARL4AP1",8,3,10,9,9,3,6
"CDK1",246,56,101,40,63,181,88
"SLC25A28",161,149,278,344,221,296,160
"NKX6-2",2,1,5,8,4,5,3
"CFAP46",30,22,18,13,16,15,8
"RPL21P93",37,41,55,54,35,27,63
"FRMD4A",445,705,564,823,434,578,224
"NUTF2P5",1,2,3,6,2,3,1
"IPMK",100,83,51,63,38,151,87
"TPT1P10",3,9,14,6,7,15,8
"CISD1",22,56,35,36,19,25,23
"GATA3",549,212,433,337,391,361,284
"HK1",571,728,580,660,559,953,514
"CCDC7",153,40,86,72,89,165,75
"ZMYND11",399,413,372,585,332,592,264
"TCF7L2",207,412,283,754,228,432,278
"WDR37",461,235,424,443,308,481,309
"SRP9P1",109,93,72,50,47,83,125
"CACNB2",136,124,154,174,104,183,80
"NSUN6",149,63,167,154,158,229,58
"ARL5B",255,91,114,97,80,428,198
"PCDH15",2,0,8,2,3,13,1
"INPP5F",177,82,216,160,119,243,164
"RN7SL846P",7,1,8,9,2,0,2
"SEC23IP",332,162,316,273,248,479,215
"HSD17B7P2",3,0,1,0,5,2,1
"BMS1P2",23,0,10,6,7,8,5
"AGAP12P",2,3,0,5,3,2,4
"SHLD2P1",6,0,2,3,0,2,3
"PARGP1",44,22,35,36,36,65,21
"SVIL2P",14,2,15,6,22,12,2
"FAM21EP",6,5,4,7,1,3,7
"BMS1P1",9,0,1,2,0,1,0
"ANK3",362,320,361,561,250,431,200
"TIMM23B-AGAP6",85,64,78,54,93,62,88
"AGAP6",66,87,82,76,60,52,55
"VTI1A",335,213,418,283,345,470,315
"COL13A1",23,21,12,40,9,25,10
"ZRANB1",133,54,144,147,120,267,128
"MIR4296",3,0,3,11,6,6,3
"WAC",1217,740,1041,1028,1063,1516,1286
"PLAC9",34,30,65,150,55,72,49
"PPP1R3C",5,14,13,40,3,20,7
"DCLRE1C",482,195,441,330,337,388,288
"IDE",332,250,296,253,210,387,259
"IFIT5",53,71,92,79,51,141,77
"NUDT9P1",20,30,25,15,17,14,16
"PCGF5",500,408,361,293,234,515,407
"C10orf90",7,0,9,5,11,4,3
"NPM1P24",2,0,5,2,2,2,2
"RPL17P50",20,14,30,16,42,35,71
"P4HA1",152,109,117,102,84,169,126
"PAX2",1,320,8,0,4,6,6
"HTR7",5,0,1,4,0,3,0
"NUTM2HP",12,11,10,34,12,6,12
"ASAH2B",44,15,32,28,32,57,28
"A1CF",2,1,1,2,0,3,3
"RNA5SP307",32,9,37,19,26,39,38
"LINC03028",3,0,2,2,5,2,0
"PDSS1",168,58,149,58,149,240,197
"HSPA8P3",60,19,64,14,45,44,91
"ABI1",555,217,528,406,498,863,478
"PPIAP19",10,7,8,9,9,16,19
"TRUB1",72,72,52,54,39,97,36
"LINC02626",1,1,4,0,2,5,0
"SAMD8",342,284,285,273,186,394,361
"RPS26P42",5,6,16,7,9,11,8
"VDAC2",217,102,125,128,83,282,135
"COMTD1",19,16,35,36,13,15,10
"CAMK2G",350,210,384,442,266,403,325
"CUL2",311,137,235,213,194,295,226
"SEPHS1",340,177,227,262,201,386,131
"BEND7",21,37,24,90,23,34,5
"KCNMA1",150,105,118,259,100,192,63
"TMEM273",19,9,94,146,55,85,20
"SORBS1",64,729,367,1648,139,1127,160
"PTPRE",286,174,332,408,234,704,225
"MKI67",5038,4854,3937,2806,4900,5329,4026
"DIP2C",108,218,160,433,141,229,69
"CC2D2B",82,36,65,63,49,86,43
"RPL21P90",4,2,5,2,2,3,4
"UBTD1",5,18,11,28,1,22,5
"ANKRD2",0,4,1,2,3,1,0
"HOGA1",4,39,6,25,4,4,2
"C10orf62",1,16,1,2,1,0,0
"MORN4",17,91,20,51,12,18,4
"PI4K2A",81,49,94,126,52,116,68
"AVPI1",12,22,11,56,4,30,9
"MARVELD1",60,169,115,453,59,103,24
"ZFYVE27",253,191,273,346,230,254,141
"SFRP5",9,19,11,11,16,15,2
"GOLGA7B",14,17,16,18,4,11,2
"CRTAC1",2,15,2,9,2,7,1
"R3HCC1L",195,159,237,162,155,232,162
"HPSE2",0,3,10,16,1,3,0
"ABCC2",47,22,53,58,48,71,24
"DNMBP",716,989,1265,854,669,963,1083
"ERLIN1",135,92,109,145,87,179,61
"CHUK",264,84,188,148,161,257,160
"CWF19L1",272,95,212,145,125,296,178
"SNORA12",87,23,65,32,53,110,82
"PHB1P9",43,21,54,37,48,46,44
"BLOC1S2",116,69,73,59,55,124,82
"SCD",420,1674,266,172,192,1173,1801
"ZNF503",19,55,22,122,11,32,14
"LRMDA",18,48,69,94,26,69,26
"MIR606",1,0,2,4,1,2,2
"ADO",89,42,52,35,34,78,39
"ARL3",72,44,75,93,65,127,117
"SFXN2",473,542,510,494,406,362,355
"TNKS2",752,345,547,359,353,890,616
"FGFBP3",17,4,19,28,23,15,16
"FHIP2A",359,110,220,144,167,391,233
"SORCS1",81,103,28,20,9,31,18
"FGFR2",91,344,335,919,155,280,179
"ECHDC3",6,11,20,40,6,43,11
"PROSER2",6,3,24,49,21,28,20
"UPF2",409,191,476,353,428,669,390
"RNU6-1095P",3,2,1,3,1,4,1
"DHTKD1",325,177,296,295,243,341,176
"SEC61A2",247,119,207,128,172,242,216
"NUDT5",309,172,279,186,220,284,261
"CDC123",144,61,117,76,88,229,60
"RSU1",208,126,225,226,133,318,111
"CXCL12",1387,2808,687,1715,531,1344,495
"RUFY2",373,196,312,272,264,334,206
"DNA2",241,123,145,73,117,194,106
"RPL26P29",9,8,8,4,12,12,5
"RNA5SP319",12,3,8,5,3,5,2
"SLC25A16",256,251,210,287,137,242,182
"RPL26P27",20,3,15,7,14,12,10
"TET1",263,95,263,366,238,443,201
"COX20P1",9,17,23,8,8,4,24
"RPS3AP37",8,0,7,7,11,14,15
"SAR1A",547,247,442,366,294,662,499
"CHST3",147,665,161,359,157,151,34
"SPOCK2",3292,4398,2313,1483,2583,2834,2327
"ASCC1",307,212,313,247,331,270,230
"NANOS1",7,8,21,35,14,35,4
"EIF3A",1368,1717,1425,1682,1268,2321,1461
"SNORA19",8,0,1,1,2,4,5
"DENND10",134,73,80,121,83,148,87
"SFXN4",85,98,79,86,49,76,26
"PRDX3",221,102,158,133,81,202,116
"GRK5",137,100,220,357,169,338,189
"GRK5-IT1",23,7,34,19,20,28,40
"RN7SL749P",20,18,22,31,17,23,16
"MIR4681",1,0,5,2,2,0,6
"PANK1",153,422,49,30,51,59,47
"ZNF487",103,72,131,94,72,117,61
"LRRC37A6P",4,10,5,11,0,1,0
"PHACTR2P1",11,6,5,8,6,15,9
"DMBT1",6,19,1,0,1,1,1
"CUZD1",1,0,7,6,6,2,1
"FAM24B",35,22,36,23,25,21,18
"C10orf88",45,28,63,33,23,61,33
"PSTK",72,25,66,70,68,57,54
"IKZF5",165,112,145,163,154,214,142
"ENO4",4,9,7,13,6,5,0
"RNA5SP315",30,18,34,27,20,21,14
"ACTA2",49,136,137,742,73,681,64
"BMPR1A",94,127,127,260,67,179,55
"PTEN",1784,868,1154,884,975,1828,1533
"BMS1",238,268,317,407,274,484,153
"RET",7,2,68,281,20,76,25
"EIF5AP4",3,2,4,11,3,13,2
"MAT1A",27,20,3,3,1,1,2
"PRXL2A",449,1627,267,465,341,453,364
"TSPAN14",627,783,734,1007,713,951,536
"SH2D4B",3,6,9,6,2,5,4
"EDRF1-DT",14,27,22,17,16,7,10
"EDRF1-AS1",37,23,45,26,30,39,33
"EDRF1",259,99,270,219,161,246,138
"MMP21",53,8,35,26,18,27,20
"UROS",236,179,225,271,164,230,114
"MIR4484",0,0,2,5,2,3,1
"BCCIP",142,106,153,145,95,226,106
"DHX32",85,62,75,71,60,103,64
"FANK1",15,42,27,21,5,31,16
"ABRAXAS2",127,90,89,57,75,130,84
"CTBP2",82,307,176,405,117,214,90
"RNLS",61,110,27,29,28,38,16
"ACTA2-AS1",19,15,34,53,27,48,18
"SNRPD2P1",0,1,1,3,2,4,2
"ZNF32-AS1",3,0,1,3,0,7,4
"HNRNPA3P1",3,0,9,6,4,2,8
"CCNY",316,169,225,279,160,444,176
"FZD8",83,273,26,73,7,26,11
"LINC02656",21,5,13,34,13,36,58
"PRKCQ",549,121,532,287,467,761,385
"LINC00842",0,11,12,77,2,5,6
"FAM245B",10,17,11,13,2,6,0
"EEF1AKMT2",158,52,117,78,55,81,107
"SGPL1",678,1268,494,624,349,637,331
"TMEM72",4,1,4,2,3,4,10
"RASSF4",89,54,235,272,193,297,81
"DEPP1",48,85,310,655,137,929,108
"ZNF22",99,21,39,22,21,62,42
"OR13A1",14,7,12,8,15,20,9
"ALOX5",59,21,134,106,46,205,48
"RBM20",38,39,52,111,51,34,40
"TRIM8",681,814,715,1381,599,753,558
"RAB18",931,314,547,315,403,692,877
"WNT8B",44,77,22,28,41,42,27
"NDUFB8",112,61,114,105,71,130,92
"YME1L1",797,346,616,508,424,1003,540
"ITGB1",702,492,922,1221,599,2147,864
"PTER",82,21,68,63,51,124,44
"C1QL3",12,6,5,6,6,14,20
"SRGN",97,11,104,74,82,854,153
"JMJD1C-AS1",23,21,22,26,14,12,9
"JMJD1C-AS2",12,27,18,24,9,19,14
"JAKMIP3-AS1",0,11,3,5,1,0,0
"LINC01515",65,211,91,125,46,94,28
"SLIT1-AS1",18,5,10,13,6,3,17
"GOLGA7B-DT",6,15,13,0,7,4,2
"IDI2-AS1",50,50,39,37,54,61,81
"ZNF503-AS2",10,42,7,71,10,7,5
"ADIRF-AS1",13,8,77,366,31,43,57
"LINC02636",4,9,2,20,2,3,2
"PLCE1-AS2",1,5,6,1,5,4,0
"PFKFB3-AS1",11,11,11,22,5,25,10
"SUV39H2-DT",23,15,22,36,23,9,9
"ZNF503-AS1",8,213,55,95,44,36,22
"LINC02642",7,7,19,0,3,7,3
"LINC02666",32,24,34,35,22,39,7
"LNCAROD",6,0,6,1,5,3,0
"LINC01518",0,8,0,1,0,3,0
"DDIT4-AS1",3,5,25,10,27,13,4
"VIM-AS1",31,2,29,14,16,24,17
"LINC00863",142,74,146,177,138,159,150
"ZNF22-AS1",27,16,22,35,22,38,26
"LINC02916",9,18,14,24,16,14,9
"EMX2OS",1,5,15,50,9,34,1
"LINC00865",54,24,51,45,39,34,17
"LINC01375",15,0,7,10,11,8,12
"CHUK-DT",51,83,53,62,51,65,61
"C10orf95-AS1",146,105,156,222,157,84,62
"SLC18A2-AS1",17,0,5,3,38,6,9
"SYNPO2L-AS1",38,36,39,42,49,20,35
"LINC00710",11,3,38,99,18,32,3
"KCNMA1-AS2",1,0,0,2,3,6,1
"DNMBP-AS1",78,54,53,50,40,46,77
"LINC02672",4,9,4,3,1,2,0
"LINC00601",0,2,5,3,13,1,4
"ADD3-AS1",10,6,7,12,8,9,5
"OLMALINC",167,447,113,115,138,85,99
"CALML3-AS1",19,70,40,105,42,22,13
"TNKS2-DT",14,1,2,6,8,4,4
"DUSP5-DT",10,2,10,12,22,11,3
"ITPRIP-AS1",39,13,49,54,40,101,22
"MACORIS",1,0,2,4,0,6,1
"LINC03036",6,2,2,13,2,4,2
"LINC00836",0,0,0,20,3,1,0
"LARP4B-DT",13,18,12,24,15,13,7
"FAM53B-AS1",303,145,302,188,211,211,174
"CASC2",23,71,31,44,30,26,11
"ENTPD1-AS1",351,180,411,391,280,417,191
"LINC02669",0,0,2,2,1,5,2
"LINC02649",72,21,83,108,41,82,136
"ADARB2-AS1",69,46,61,75,38,37,14
"LINC02935",44,33,25,36,25,35,31
"TMEM26-AS1",1,0,5,0,4,1,1
"HPS1-AS1",9,2,13,13,13,7,2
"ST8SIA6-AS1",3,5,14,21,2,8,6
"DNAJC9-AS1",31,43,31,41,23,19,14
"LINC02646",9,19,11,6,11,7,4
"SGMS1-AS1",87,109,78,120,42,92,52
"CSGALNACT2-DT",6,3,4,13,5,11,6
"LINC00839",1,18,4,9,5,3,2
"SYT15-AS1",60,83,25,48,25,27,17
"SLC25A28-DT",6,4,2,10,5,7,0
"TCERG1L-AS1",0,17,0,0,0,0,1
"ZNF32-AS3",47,28,36,35,30,24,26
"ZEB1-AS1",214,124,143,169,105,116,148
"LINC02930",22,11,15,48,16,21,7
"WDR11-DT",15,7,15,12,12,14,4
"NUTM2B-AS1",1284,519,481,591,710,838,755
"LINC02637",3,0,3,8,0,1,0
"PDCD4-AS1",71,54,64,74,73,75,25
"LINC00856",10,6,8,12,7,2,7
"TMEM72-AS1",50,23,72,84,93,85,52
"LINC01166",0,38,1,9,0,2,0
"LINC01435",12,6,2,0,2,0,0
"FAM170B-AS1",1,0,1,6,2,0,2
"LINC00858",2,1,3,12,5,2,0
"ARHGAP22-IT1",8,4,16,4,8,3,1
"PFKP-DT",6,5,10,20,4,6,2
"ITGB1-DT",9,5,14,18,5,9,1
"IATPR",3,0,2,3,1,0,5
"CERNA2",1,1,4,0,6,6,4
"DIP2C-AS1",59,223,127,346,79,124,116
"LINC00841",0,1,3,6,0,6,0
"LINC00840",2,10,2,10,4,2,0
"LINP1",3,6,5,8,16,1,0
"LASTR",14,297,42,27,25,8,17
"MIR1915HG",4,4,7,22,4,4,2
"LINC02625",4,1,16,1,2,9,2
"GATA3-AS1",38,13,47,36,45,27,39
"KCNIP2-AS1",11,7,24,51,20,30,8
"PARD3-DT",16,2,14,15,15,13,8
"PRKG1-AS1",7,6,22,34,15,19,17
"TSPAN14-AS1",3,7,2,1,3,0,3
"HECTD2-AS1",0,0,4,15,2,1,2
"ZMIZ1-AS1",50,50,45,74,35,48,42
"LINC01163",168,47,127,43,140,145,73
"ZEBTR",4,3,2,6,3,5,0
"LINC00702",0,6,3,30,6,26,0
"GRID1-AS1",1,0,0,2,3,5,0
"DLG5-AS1",5,4,6,38,12,6,2
"GOT1-DT",119,147,102,128,89,59,65
"CELF2-AS1",616,399,598,387,1161,705,564
"UNC5B-AS1",6,8,6,17,1,3,9
"CYP26C1-DT",1,0,7,1,3,0,0
"PPP3CB-AS1",102,159,103,144,106,111,49
"LINC02680",22,27,44,14,22,22,29
"LINC02652",2,5,1,1,0,3,4
"WAC-AS1",277,155,199,249,165,248,137
"PRKCQ-AS1",451,61,385,182,732,304,251
"LINC02648",46,11,49,50,145,41,12
"FRAT1",43,21,56,69,58,108,34
"FRAT2",69,51,55,101,80,172,39
"RRP12",82,105,87,154,66,221,41
"RPL34P20",0,5,1,2,0,4,0
"PGAM1",507,645,304,336,254,530,297
"EXOSC1",231,143,183,183,150,188,155
"ZDHHC16",261,272,300,311,287,244,244
"FUOM",25,12,53,45,26,41,36
"AKR1C3",50,22,79,145,87,185,62
"APBB1IP",1887,390,1577,913,1034,2198,1266
"ANTXRL",7,3,5,6,21,6,2
"ABLIM1",979,358,1333,1679,1092,1989,1113
"FRMD4A-AS1",5,0,5,6,4,7,2
"AGAP10P",14,10,20,33,16,21,9
"NUTM2A-AS1",1670,660,1446,1243,1213,1466,1422
"FAM245A",43,3,17,10,16,16,27
"NPM1P30",4,1,5,10,3,4,3
"DUSP8P5",24,18,39,42,23,21,4
"TMEM254-AS1",17,17,17,49,11,27,4
"ANTXRLP1",365,160,337,235,334,335,354
"AGAP14P",11,4,27,20,16,27,23
"AGAP13P",4,9,3,3,8,0,1
"LINC00857",1,1,3,4,1,2,0
"LINC02641",33,202,21,22,24,26,6
"PROSER2-AS1",8,1,23,36,9,18,13
"LINC02676",4,5,8,3,2,5,2
"LINC02664",45,24,35,39,55,51,37
"GDI2",687,275,582,475,447,986,550
"CREM",165,111,122,128,101,264,158
"CCNY-AS1",83,94,88,103,65,75,44
"PANK1-AS1",13,29,4,3,12,1,4
"KIF20B",219,116,144,51,102,245,186
"DDX11L8",3,1,3,7,6,7,0
"FERRY3",119,71,109,82,78,150,71
"KCNA5",1,3,11,17,2,4,0
"OR7E140P",0,0,5,3,3,1,0
"MFAP5",9,8,24,188,11,309,11
"CLEC4E",1,6,6,1,8,101,1
"RIMKLB",438,222,433,490,297,593,430
"ETV6",1099,687,1061,843,993,1556,928
"CLEC1A",183,369,176,105,174,188,107
"CLEC9A",28,157,35,11,26,50,0
"LRP6",246,291,263,391,223,379,146
"RPL15P17",3,1,8,1,4,0,4
"PTMAP9",8,3,11,3,12,2,10
"SUPT16HP1",6,1,16,13,15,20,16
"OLR1",6,17,3,7,3,12,6
"CLEC4D",1,5,1,0,0,24,0
"PTPRO",9,6,39,16,21,42,11
"CLEC7A",40,30,42,74,31,184,79
"MANSC1",7,1,21,56,13,81,10
"OTUD4P1",91,34,83,60,64,75,78
"HNRNPABP1",2,0,1,2,2,0,4
"RPSAP51",14,5,6,1,4,10,7
"A2ML1",5,3,93,24,40,66,63
"RPL21P100",4,5,3,1,0,2,3
"BCAT1",134,58,123,83,84,155,92
"STK38L",282,159,188,205,123,403,233
"BORCS5",225,100,227,220,183,282,211
"MGST1",9,3,59,162,19,195,46
"EEF1A1P16",8,0,25,4,7,3,17
"EPS8",35,62,111,309,32,287,51
"PARP11",207,65,201,121,140,275,167
"CRACR2A",433,107,514,298,394,529,278
"DERA",65,27,61,54,34,103,36
"BCL2L14",11,16,30,16,11,16,16
"PCED1B",45,48,93,112,67,102,24
"B4GALNT3",11,21,145,378,98,57,52
"EGLN3P1",15,2,10,13,14,13,19
"STRAP",263,145,179,149,144,333,203
"SPRYD3",153,128,165,376,106,251,35
"TMEM117",23,19,16,17,10,26,7
"SLC2A13",28,38,61,59,33,69,32
"REDIC1",4,0,6,6,8,12,4
"ALG10B",167,134,86,78,61,101,58
"NTF3",0,1,6,15,3,6,1
"DUX4L27",1,0,4,2,3,5,0
"RPS3P6",6,0,1,1,2,4,3
"GAPDHP44",1,3,4,5,3,5,1
"CPNE8",28,4,44,79,17,79,31
"RPL14P1",80,45,77,91,44,87,75
"SMAGP",6,21,38,40,29,43,35
"KLF17P1",6,2,6,11,4,0,0
"RESF1",1176,232,1590,570,1260,2484,905
"KRT8P39",9,9,23,14,15,23,9
"PDZRN4",1,0,0,15,1,41,0
"MED21",190,146,111,98,88,218,111
"THAP2",31,26,34,33,20,27,15
"SLC16A7",302,70,270,251,181,451,201
"ATP5PDP4",121,13,101,46,88,101,137
"MRPL40P1",2,0,4,0,4,2,4
"PPP1R12A",640,306,694,530,549,1166,707
"ITGB7",28,42,49,50,31,56,29
"TMEM19",128,49,123,76,63,102,86
"ACSS3",10,37,67,213,34,168,52
"IGFBP6",8,0,25,366,7,190,3
"KRT2",23,0,51,4,11,27,19
"PAWR",157,183,159,319,104,180,114
"PPM1H",170,345,170,151,142,162,106
"TMBIM6",1756,1110,1371,1583,1101,2443,1251
"BIN2",421,163,581,409,565,601,419
"BEST3",3,0,5,27,6,33,63
"GALNT6",166,67,159,116,139,187,70
"BTG1",950,218,1071,384,899,1930,512
"CPSF6",885,405,799,870,636,986,474
"MRS2P2",34,8,26,23,23,24,14
"LRRIQ1",5,5,8,10,2,7,3
"CBX3P5",6,1,3,4,4,1,4
"RARG",57,250,84,350,37,65,35
"LYZ",170,23,232,243,152,687,97
"NAV3",16,67,140,279,92,150,49
"SLC35E3",1180,1297,1175,960,1229,699,2282
"SPIC",14,1,7,0,4,14,4
"PPP1R12A-AS2",2,4,2,1,0,1,3
"FAM186A",48,24,39,71,39,15,14
"NSA2P2",6,0,2,2,7,5,18
"KRT1",11,0,391,42,140,294,281
"CHST11",626,228,430,204,317,616,483
"C1GALT1P1",11,4,8,4,6,7,0
"DIP2B",679,445,580,577,525,883,598
"USP15",825,185,841,413,631,1259,634
"RPSAP12",169,109,145,179,112,131,77
"CCDC59",73,64,85,77,79,177,76
"SLC4A8",110,47,143,83,94,146,86
"CAND1",1006,465,627,482,461,878,606
"ALDH1L2",36,35,70,113,59,94,43
"NUP107",299,125,271,202,177,325,177
"SOAT2",0,0,1,19,1,2,0
"ELK3",248,158,336,431,239,515,343
"ANO4",2,2,12,50,15,6,4
"FGD6",133,61,257,264,130,215,108
"MYBPC1",2,0,36,13,20,52,16
"CDK17",451,187,381,258,362,723,442
"CMKLR1",71,20,101,252,54,154,18
"WASHC3",138,39,104,92,106,212,92
"GNPTAB",765,324,674,553,560,924,882
"HAL",4,6,14,4,12,62,12
"KRT77",0,0,10,3,4,6,5
"GAS2L3",35,41,26,29,21,35,12
"TM7SF3",613,529,481,546,360,543,386
"RPL21P98",20,15,37,47,28,17,42
"CCT2",335,137,275,194,191,475,179
"APPL2",377,124,383,394,356,552,271
"PCNPP1",10,3,10,11,7,13,2
"TMCC3",35,12,59,74,34,233,19
"GGTA2P",2,7,2,2,7,2,0
"MAP1LC3B2",27,75,17,14,16,20,26
"GXYLT1",248,197,178,190,136,162,233
"SNRPGP18",122,19,45,20,12,41,53
"RAB21",429,421,307,399,267,617,377
"CCDC38",7,8,12,5,5,6,3
"SH2B3",435,216,482,546,276,616,329
"ZNF740",519,381,572,627,574,576,510
"PIGAP1",6,0,6,7,8,4,5
"RPL21P106",0,0,9,1,2,5,2
"OSBPL8",651,256,473,349,316,967,537
"UBE2N",270,89,118,120,109,319,132
"ALG10",72,32,36,13,21,66,34
"SCAF11",1381,1452,1316,1261,987,1579,1276
"PLXNC1",161,73,310,299,168,482,90
"METAP2",252,246,189,200,151,426,187
"MON2",897,299,965,735,708,1343,534
"DAZAP2",1181,587,820,734,614,1604,1023
"CSRP2",31,23,81,247,63,179,68
"SOCS2",97,34,116,106,108,242,50
"TM7SF3-AS1",82,112,72,83,46,55,93
"EEA1",149,208,150,212,116,288,145
"RIC8B",347,148,279,197,234,318,260
"E2F7",299,144,175,115,159,212,163
"TMTC3",126,92,73,76,53,138,61
"MON2-AS1",34,8,21,8,14,27,16
"WSCD2",1,0,2,11,1,7,0
"SLC5A8",1,14,10,25,10,2,5
"CFAP54",4,0,20,18,8,26,6
"NUP37",77,18,39,32,24,62,30
"IFITM3P5",41,38,48,58,48,28,46
"LTA4H",260,106,201,181,145,348,172
"NTN4",34,18,44,249,20,101,28
"ADGRD1-AS1",1,0,0,9,0,3,0
"RAP1B",832,351,727,523,560,1016,830
"USP44",17,17,68,25,39,36,48
"RBM19",246,147,547,738,437,621,139
"AMDHD1",12,8,7,13,7,12,7
"PAH",17,11,10,22,8,8,1
"NOPCHAP1",365,129,329,359,257,246,174
"SUDS3",770,314,499,444,413,661,719
"BBS10",89,38,56,30,12,62,24
"RPL23AP67",6,0,1,2,4,2,1
"CRADD",161,126,125,131,130,129,90
"CCDC60",2,58,11,31,7,12,4
"NUDT4",523,338,349,453,268,626,443
"DRAM1",23,20,71,92,36,80,50
"SRRM4",0,0,7,4,7,8,0
"TSPAN8",2,0,1,7,0,8,3
"RPL10P12",81,38,69,78,93,96,99
"RPL29P26",21,23,27,29,21,18,19
"GALNT9",24,62,7,9,3,3,2
"UTP20",255,212,269,279,191,411,88
"LGR5",2,6,4,7,1,5,3
"ADGRD1",14,44,13,141,14,105,13
"ZNF10",123,73,91,81,62,118,87
"KRT18P60",7,0,2,19,5,10,5
"ARL1",322,244,195,221,109,297,173
"ALKBH2",24,3,15,48,20,32,8
"TAOK3",519,207,477,405,343,650,496
"ASCL1",121,183,62,220,43,61,21
"USP30",113,99,110,122,62,129,103
"RBMS2P1",8,6,17,35,9,11,7
"CPM",66,86,94,148,136,246,45
"ABTB3",409,173,303,186,226,337,215
"RPH3A",0,15,4,0,4,10,1
"P2RX7",25,20,32,72,33,34,5
"SLC17A8",42,1,7,9,19,15,10
"ST13P3",4,1,7,4,3,0,7
"BRAP",225,115,159,168,138,245,149
"CHPT1",36,29,74,117,87,149,44
"TBX3",123,66,39,141,12,56,12
"SYCP3",19,34,47,71,57,69,31
"FGFR1OP2",356,214,244,216,247,328,340
"ABCD2",24,0,32,22,9,52,7
"YEATS4",50,25,20,22,23,50,21
"RN7SKP161",14,15,16,25,6,13,11
"RNU6-595P",22,4,19,8,19,16,24
"RNU1-83P",1,2,11,2,11,4,26
"RNU6-769P",3,0,1,1,1,2,3
"MIR6757",0,3,1,5,1,2,0
"SNORA70G",47,30,47,31,39,41,41
"RNA5SP363",5,0,1,1,1,7,3
"RNU6-808P",3,0,4,0,6,9,4
"RN7SL88P",2,0,10,5,2,0,9
"RNU4-24P",6,0,4,5,0,2,7
"RN7SL330P",10,4,3,5,5,12,3
"RNY1P16",2,6,2,1,3,2,3
"RNU6-172P",2,0,2,4,7,3,11
"RN7SL630P",2,10,11,7,9,3,7
"RNU6-1188P",58,13,33,19,12,34,33
"RNA5SP371",2,14,3,5,6,10,5
"RNA5SP372",3,0,2,3,2,4,1
"MIR3922",8,2,4,0,3,2,5
"ADIPOR2",336,288,346,423,235,496,323
"RPS4XP14",23,25,25,12,10,20,16
"CACNA2D4",72,36,84,88,67,99,25
"LRTM2",11,69,8,5,10,8,5
"LINC00940",0,4,3,3,6,0,2
"DCP1B",115,92,130,133,98,128,57
"PHC1",511,241,695,779,718,611,334
"M6PR",271,187,293,323,278,391,229
"KLRG1",50,14,33,30,19,32,23
"HNRNPA1P34",15,7,21,10,14,9,19
"VDAC2P2",5,0,6,4,2,5,1
"PZP",150,38,131,113,122,114,133
"TBX5",1,6,0,3,1,3,1
"RNU6-879P",16,0,0,4,2,4,0
"INHBC",4,7,0,3,2,3,0
"GLI1",51,31,65,67,79,55,74
"ARHGAP9",326,137,539,411,462,513,255
"MARS1",400,225,554,481,396,497,306
"MIR616",4,0,2,11,7,10,4
"MBD6",783,996,880,1416,807,699,496
"PIP4K2C",140,187,139,149,90,147,74
"DTX3",167,81,249,310,143,209,121
"ARHGEF25",3,6,4,82,10,12,1
"B4GALNT1",0,5,9,10,3,7,2
"TSPAN31",120,86,131,161,122,141,74
"CDK4",95,82,105,171,84,112,63
"MARCHF9",177,92,199,197,169,153,167
"METTL1",11,2,6,32,3,36,6
"EEF1AKMT3",40,12,19,37,13,29,23
"TSFM",15,17,20,32,19,12,10
"C12orf50",9,5,6,1,1,5,4
"RLIG1",65,73,94,67,110,115,69
"LRRC43",2,5,1,6,3,3,1
"B3GNT4",6,16,30,32,24,24,10
"RPL21P1",1,0,14,10,4,6,4
"CLIP1-AS1",11,11,9,9,5,15,10
"PPIAP8",0,4,1,3,2,0,3
"SNORA53",171,0,40,3,2,28,39
"IKBIP",53,95,43,60,31,47,54
"RBP5",90,134,155,261,182,157,92
"CLSTN3",385,322,412,685,358,539,279
"HNRNPA1P50",46,39,55,48,31,23,56
"MYRFL",0,0,4,1,0,4,3
"KCNMB4",21,0,15,34,14,29,7
"A2M",735,380,1057,2477,592,2813,508
"AVPR1A",29,8,27,46,7,81,13
"MSRB3",35,58,76,288,31,176,55
"C12orf75",130,51,81,79,70,88,94
"ZNF268",149,139,154,139,122,182,68
"DYRK2",552,112,433,322,346,585,532
"WASHC4",343,146,359,296,229,550,318
"ZFC3H1",708,231,899,646,761,1064,470
"TNS2",78,447,442,2130,233,900,102
"RNU4ATAC16P",17,1,10,10,9,6,18
"RAD52",182,70,234,272,240,175,87
"LPCAT3",79,85,93,98,116,103,88
"C1R",58,75,275,1057,166,633,182
"PEX5",696,230,433,436,576,595,578
"FAM222A",10,0,9,11,9,12,7
"FAM222A-AS1",0,0,3,3,2,5,0
"RBISP3",4,6,5,2,3,6,4
"RN7SL441P",2,2,0,4,3,3,0
"LINC01465",22,12,17,17,5,15,15
"MIRLET7IHG",166,164,190,204,160,226,234
"RPL32P26",1,3,1,2,1,2,1
"TRPV4",5,3,7,19,3,4,1
"GLTP",87,115,114,143,51,134,56
"PSMC1P9",2,0,2,5,3,4,2
"PIK3C2G",0,0,7,8,0,0,0
"LUM",37,22,41,72,9,280,26
"DCN",216,97,474,1927,270,3789,264
"COX6A1",112,122,120,140,82,177,99
"TRIAP1",32,28,32,15,21,47,16
"GATC",147,140,164,179,171,173,186
"RPL31P52",10,13,7,3,8,9,7
"DYNLL1",247,137,177,225,241,294,75
"COQ5",83,48,99,93,59,87,37
"RPL29P24",9,22,11,23,16,7,3
"POP5",88,31,100,113,90,125,50
"CCDC65",98,133,71,53,60,74,59
"FKBP11",142,217,166,207,197,190,129
"WNT10B",21,65,35,34,10,27,12
"RHEBL1",13,19,7,16,6,11,5
"DHH",3,6,4,20,7,7,0
"TUBA1B",621,231,374,321,262,921,193
"ARF3",1080,946,661,812,568,932,615
"COPS7A",151,180,139,244,138,131,63
"LAG3",11,0,14,19,6,19,4
"CD4",2784,642,2099,1696,1818,2360,2053
"GPR162",12,11,15,55,14,16,3
"P3H3",2,11,20,91,2,28,9
"GNB3",15,27,29,53,21,10,12
"LRRC23",20,68,27,75,31,45,12
"ENO2",247,379,222,256,145,216,201
"ATN1",552,1343,911,2699,686,956,465
"C12orf57",60,32,30,56,45,81,33
"PTPN6",372,181,665,508,476,703,238
"TPI1",401,706,346,498,233,578,338
"ATXN2",784,723,1038,1427,795,896,724
"NAP1L1",2160,1068,1179,817,900,2165,1782
"TIGAR",89,90,51,41,81,59,35
"FGF23",4,0,0,0,8,3,2
"CCND2",1140,132,800,1085,379,1115,715
"GDF11",302,143,419,322,419,417,380
"SARNP",52,54,53,65,21,35,66
"ORMDL2",45,32,73,61,80,87,30
"MMP19",95,32,98,165,102,768,62
"OLA1P3",3,1,12,4,1,2,0
"DGKA",4653,1632,5843,3961,7271,5324,5143
"LPAR5",37,7,66,52,45,54,34
"ACRBP",30,21,32,43,71,23,5
"ING4",120,66,186,190,191,203,57
"GPR182",32,11,40,29,24,20,26
"ZBTB39",145,111,190,224,143,187,149
"TAC3",1,7,4,2,1,1,1
"MYO1A",14,24,20,28,18,12,10
"NEMP1",736,271,309,273,291,449,576
"NAB2",102,212,141,229,114,170,72
"HDAC7",3883,1328,4106,3767,3859,3010,3061
"LINC02354",42,2,68,44,64,46,15
"VDR",39,158,65,113,71,123,34
"TMEM106C",202,110,115,145,110,177,110
"COL2A1",3,6,5,5,8,1,1
"ATP6V1FP2",7,6,4,12,4,7,8
"TMED2",341,182,258,218,177,488,242
"DDX55",232,117,227,240,190,229,127
"SNORA9B",2,4,1,7,9,2,4
"EIF2B1",202,110,226,239,156,283,111
"GTF2H3",97,119,81,105,68,108,50
"ATP6V0A2",520,229,471,358,359,504,371
"RPL27P12",7,2,7,3,6,4,2
"DNAH10",19,10,36,42,26,42,23
"DNAH10OS",30,30,26,27,21,36,18
"HSPB8",414,443,166,346,116,335,191
"PPFIBP1",549,441,380,870,367,812,542
"C12orf71BP",32,14,28,33,19,18,17
"MRPS35",81,60,56,51,39,96,39
"KLHL42",281,168,170,154,173,210,114
"PTHLH",0,3,2,17,0,6,0
"CEP290",403,256,334,311,266,349,188
"HMGA2-AS1",4,18,7,8,2,7,7
"RN7SL69P",3,1,3,8,1,9,2
"VWF",250,281,689,1928,258,1727,238
"FICD",32,41,75,94,57,66,32
"SART3",359,264,435,458,364,490,327
"ISCU",467,229,532,507,460,715,723
"TMEM119",16,36,29,74,19,66,13
"EMP1",108,102,286,1090,81,3512,195
"RN7SKP162",1,0,3,3,8,2,8
"EIF4B",2583,1733,1961,2480,1686,3150,2246
"KIF21A",30,122,51,73,36,88,44
"NELL2",46,9,69,46,25,102,21
"RAB3IP",137,121,143,108,135,177,195
"CD163L1",137,17,178,215,91,225,43
"TPCN1",326,172,482,1011,318,548,170
"CORO1C",380,398,483,547,683,731,498
"MED13L",4189,2343,3917,3323,3222,5353,3582
"CENPUP2",104,0,33,18,22,36,55
"DNAI7",11,11,12,28,6,12,3
"ETFRF1",34,36,28,38,35,57,31
"MANSC4",5,0,6,4,4,9,1
"FOXN4",0,1,3,10,4,25,1
"KCTD10",343,177,343,451,248,441,305
"UBE3B",536,421,623,738,464,543,242
"MMAB",48,80,70,137,53,86,45
"RSRC2",718,491,814,738,775,1008,867
"KNTC1",737,297,541,292,473,690,325
"HCAR2",5,5,14,26,9,106,14
"HCAR3",0,0,0,3,1,12,0
"HCAR1",12,0,30,102,6,32,12
"CCDC62",20,30,17,18,19,16,9
"HIP1R",860,1040,483,723,370,523,326
"VPS37B",200,207,200,325,177,420,205
"MIR4304",65,13,23,20,25,39,26
"ACVR1B",176,103,150,256,140,332,169
"TAMALIN",180,42,107,198,159,334,38
"NR4A1",363,384,214,994,154,2138,167
"NR4A1AS",3,9,3,22,4,60,12
"STAB2",3,3,14,21,4,14,2
"KIF5A",6,9,12,21,13,10,14
"RDH5",20,12,52,91,33,23,20
"CD63",255,367,285,669,138,831,201
"SPRING1",467,92,325,240,220,492,232
"HRK",290,34,263,148,80,236,79
"SCNN1A",5,40,70,191,50,58,25
"LTBR",56,183,110,448,104,204,59
"RPL31P10",4,5,7,16,3,20,9
"TAPBPL",231,150,323,323,291,221,107
"VAMP1-AS1",20,13,45,27,30,28,14
"CD9",95,259,174,387,90,420,129
"ATP5F1B",1182,1036,824,769,598,1551,595
"PTGES3",613,223,290,211,185,379,383
"RN7SL809P",35,21,23,22,15,18,42
"HSD17B6",4,0,4,4,2,6,9
"NACA",1502,1443,996,1271,1205,1295,1421
"MFSD5",35,42,38,48,22,52,17
"ESPL1",437,215,276,216,273,290,251
"PFDN5",59,25,63,80,75,73,57
"AAAS",282,184,262,372,209,225,131
"SP7",22,23,56,31,62,16,8
"SP1",1381,1512,1285,1360,972,1743,1245
"PRR13",221,150,163,181,184,218,120
"CBX5",4036,2411,2211,1934,1996,3229,3186
"RN7SL390P",16,1,10,9,6,1,11
"NFE2",3,2,8,9,7,50,6
"COPZ1",333,267,263,198,227,412,204
"RN7SL744P",0,4,2,4,0,1,0
"GPR84",0,2,5,6,0,6,4
"MRPL51",114,124,88,141,87,234,77
"NCAPD2",821,554,665,584,717,903,418
"GAPDH",1741,1922,1104,1080,885,2425,761
"SCARNA11",8,6,15,8,11,2,12
"YAF2",406,91,268,219,231,336,262
"PPHLN1",717,404,650,470,593,661,544
"ZCRB1",219,172,188,176,178,227,200
"IFFO1",235,193,232,325,205,207,114
"TMEM233",2,147,23,18,4,9,10
"RN7SKP197",0,15,2,5,0,0,4
"PRKAB1",259,139,221,182,197,227,131
"MLF2",469,365,359,531,266,482,264
"PHB2",445,391,343,471,296,503,214
"NFYB",178,70,150,109,115,205,119
"RNA5SP370",16,1,6,11,1,2,4
"RPL18AP3",272,150,244,343,170,358,106
"EID3",26,17,20,16,24,26,26
"RNFT2",168,84,218,111,53,127,37
"HMGA2",6,2,7,3,9,8,17
"CNOT2",772,376,546,407,425,878,753
"VAMP1",531,233,517,498,544,418,503
"HNRNPA1",5319,3744,3419,3909,3325,6110,4224
"KICS2",66,58,49,53,37,66,34
"C12orf56",27,23,36,28,36,24,34
"ATP6V1E1P3",2,12,0,4,0,1,2
"XPOT",479,342,324,227,176,369,203
"DCTN2",390,272,436,499,378,485,389
"USP5",312,241,254,301,196,345,155
"PTPRB",60,50,192,368,81,401,44
"CD27",47,3,40,53,41,50,23
"PIANP",9,15,32,47,51,15,10
"FRS2",229,126,178,188,108,282,160
"RERGL",0,0,5,15,1,15,3
"SLC2A14",7,10,8,5,5,28,30
"BAZ2A",2209,1386,2602,2976,2237,2953,2234
"PPFIA2",0,6,19,32,5,23,1
"MRPL42",497,285,314,294,267,364,306
"PARPBP",84,25,57,27,54,69,56
"CDCA3",162,87,133,120,129,143,125
"SPSB2",34,60,37,69,48,60,60
"CD163",212,64,347,428,384,721,152
"TBK1",77,112,144,208,93,197,131
"GNS",322,191,344,428,198,644,227
"LEMD3",254,136,286,334,252,430,185
"SCARB1",116,73,260,540,135,238,168
"LETMD1",513,265,431,445,387,421,290
"CSRNP2",437,256,393,433,440,444,332
"RPL35AP29",4,1,2,2,5,2,2
"SFSWAP",697,419,1003,1056,816,993,567
"ULK1",604,595,594,727,384,572,509
"PUS1",77,91,96,137,56,72,41
"MMP17",2,12,25,46,8,12,0
"LRCOL1",8,9,3,3,1,2,1
"P2RX2",16,10,10,10,8,10,2
"PXMP2",29,24,16,19,27,27,15
"RNA5SP379",0,0,4,5,3,5,1
"FBRSL1",636,379,585,742,334,487,262
"RPL30P13",3,0,3,0,1,5,2
"HSP90B1",1075,335,1031,1003,827,2008,1276
"TDG",263,92,254,129,155,283,242
"LRRK2",78,50,151,221,70,598,39
"SLC6A15",1,0,7,9,0,0,1
"PTPRQ",0,0,13,16,11,28,7
"AKIRIN1P1",0,0,2,4,1,4,4
"OTOGL",0,0,18,11,17,20,8
"OAS1",62,339,315,153,85,172,138
"OAS3",231,1352,725,500,317,505,325
"OAS2",207,415,506,210,248,394,311
"C12orf43",53,53,67,121,45,65,19
"ANO6",891,282,585,731,451,1198,757
"TCTN2",40,53,40,121,32,64,26
"ARPC3",306,132,215,147,131,432,183
"GPN3",18,6,5,16,7,14,11
"RPL31P49",3,0,3,8,4,3,5
"FAM216A",87,45,92,107,76,55,84
"VPS29",212,94,188,144,98,294,150
"RAD9B",10,6,27,24,15,18,2
"PPTC7",350,340,221,150,179,303,281
"HVCN1",44,24,91,59,79,104,29
"PPP1CC",771,293,444,376,325,685,412
"TCTN1",151,222,206,230,168,181,92
"TROAP",222,132,239,173,224,190,100
"DNAJC22",0,17,2,5,2,1,0
"PLBD2",208,265,266,421,120,346,132
"SDS",3,4,4,15,4,14,6
"SDSL",3,11,2,5,2,0,2
"SLC8B1",533,112,542,570,540,622,318
"RAB5B",939,565,846,958,627,1021,820
"SUOX",63,112,110,229,115,109,65
"IKZF4",116,111,115,167,87,240,96
"RPS26",1066,352,456,596,429,1077,452
"PA2G4",217,178,220,215,191,336,136
"RPL41",1241,777,1018,1769,821,2367,570
"ESYT1",493,391,520,883,400,722,294
"ZC3H10",142,103,141,186,187,179,138
"MYL6",762,630,1016,1563,809,1764,695
"SMARCC2",1105,883,1335,2070,1264,1729,964
"RNF41",236,207,300,345,250,360,192
"NABP2",37,70,43,74,37,84,18
"SLC39A5",13,11,7,22,14,5,3
"ANKRD52",847,842,852,1246,805,766,830
"COQ10A",57,46,50,74,63,80,40
"CS",735,780,700,768,559,978,767
"CNPY2",38,129,64,88,52,33,56
"IL23A",14,15,13,15,11,42,10
"RNU7-40P",2,2,3,6,7,4,10
"PYROXD1",88,22,79,37,41,101,56
"ELOCP31",12,1,10,7,5,5,9
"RECQL",118,42,102,61,42,184,75
"GOLT1B",69,25,24,14,13,59,37
"SPX",24,0,6,16,9,7,5
"YARS2",53,42,97,55,55,89,22
"CACNB3",137,105,120,185,145,116,80
"RND1",2,9,1,12,2,45,0
"ADCY6",76,107,124,629,80,145,51
"MPHOSPH9",1516,527,1093,491,777,1240,1691
"CDK2AP1",306,225,275,241,156,238,286
"SBNO1",890,452,813,648,596,978,762
"MTRFR",941,479,829,583,454,621,768
"DHX37",93,53,140,161,79,143,38
"BRI3BP",160,104,119,89,77,122,53
"AACS",322,325,350,375,333,393,316
"LLPH",86,118,89,115,110,102,85
"LLPH-DT",8,10,6,15,4,9,5
"IRAK3",70,15,121,145,90,451,67
"RBMS1P1",21,6,29,42,26,67,32
"RN7SKP166",2,0,2,0,2,2,6
"HELB",75,21,87,90,123,157,48
"SLC11A2",871,205,723,475,501,729,1131
"RDH16",14,4,17,22,12,9,15
"DNAJC14",108,110,114,152,102,165,86
"CLIP1",331,580,468,784,424,723,336
"ZNF140",80,45,77,67,49,81,49
"NUAK1",58,175,128,238,38,168,19
"TBC1D15",250,143,181,167,144,376,216
"ZDHHC17",453,161,436,274,256,562,388
"GLT8D2",12,13,17,73,11,42,16
"LIN7A",7,11,14,11,7,40,9
"C12orf71",6,11,14,7,7,10,6
"FIGNL2",21,4,20,24,11,14,5
"ZNF891",468,354,460,410,427,367,369
"WNK1",2754,2301,2856,3246,2731,3943,2744
"TBC1D30",8,8,10,8,6,11,6
"NR2C1",176,58,174,181,145,253,145
"NDUFA12",126,60,105,72,89,176,90
"RNF10",658,546,686,732,624,871,584
"SLC25A3",771,658,572,664,429,1179,509
"CREBL2",244,156,187,231,111,270,140
"RPL21P136",20,13,14,16,10,16,11
"GPR19",18,20,25,13,18,34,15
"APOLD1",408,207,329,286,234,1704,156
"MIR613",17,2,10,2,7,16,10
"STX8P1",34,7,14,7,13,13,7
"DDX47",42,20,38,30,26,57,49
"CLIC1P1",2,1,0,0,3,5,2
"ATP2A2",957,883,890,1326,727,1408,635
"RN7SL769P",0,0,6,6,4,0,3
"PYM1",88,72,112,118,72,173,59
"PMEL",112,172,282,253,274,168,121
"CDK2",313,113,165,150,156,249,267
"GLIPR1L1",19,17,23,37,17,15,32
"GLIPR1L2",7,7,6,15,5,7,0
"GLIPR1",107,155,203,105,221,247,206
"GLIPR1-AS1",43,60,57,61,73,65,98
"KRR1",296,163,258,193,233,356,311
"ERBB3",11,18,98,182,25,47,20
"TRHDE",2,1,4,29,7,15,3
"PHC1P1",157,74,239,352,275,181,100
"ANP32D",2,0,0,2,0,3,4
"C12orf54",2,11,0,7,2,3,3
"DUSP16",778,370,735,580,576,955,737
"HEBP1",42,39,50,134,35,93,30
"GARIN6",3,3,28,37,12,6,16
"PRKAG1",21,39,26,31,32,33,14
"CDKN1B",550,247,437,453,379,768,610
"ERP29",245,253,273,398,281,377,269
"NAA25",335,156,329,336,234,424,320
"TRAFD1",206,166,256,249,174,298,180
"RN7SKP71",9113,4616,8370,8261,6239,3707,6927
"RPL7AP60",15,9,17,20,13,22,5
"HECTD4",1937,1649,2554,3089,1995,2535,1371
"C1RL",153,256,292,582,246,277,184
"IQSEC3P1",4,12,2,3,1,4,1
"DDIT3",13,35,25,53,17,32,13
"ANAPC7",323,202,410,329,277,331,225
"TMEM132C",19,0,42,332,16,161,32
"ATG101",34,29,55,47,49,78,44
"CLEC12B",0,12,0,0,2,7,0
"TAFA2",94,33,90,62,97,96,50
"SLCO1A2",12,0,4,4,3,2,1
"PLEKHG7",7,0,20,5,14,28,9
"PITPNM2",6490,2112,5991,4379,4899,5537,3822
"PLEKHG6",27,33,60,182,46,174,21
"SLC41A2",22,33,31,53,21,80,32
"PWP1",215,109,150,142,118,258,121
"RPL17P38",4,7,3,3,5,4,5
"PRDM4",179,183,219,279,166,280,109
"PRDM4-AS1",48,11,35,46,34,22,20
"TMEM132B",3,0,4,4,4,2,1
"PCBP2",1589,794,1224,967,1153,1618,1532
"PCBP2-OT1",24,11,16,23,27,36,18
"MAP3K12",428,319,473,456,402,383,403
"ATF7",362,283,346,463,341,410,321
"ATP5MC2",410,339,355,364,244,526,225
"RASSF9",9,3,47,82,15,42,17
"MGAT4C",0,1,0,0,3,6,4
"FGD4",53,319,106,281,148,351,76
"IRAG2",959,253,811,421,710,1264,1019
"NPFF",4,11,10,18,10,8,4
"CFAP73",4,0,2,1,4,4,0
"DDX54",179,146,189,282,126,274,93
"RITA1",51,49,54,71,49,59,31
"IQCD",23,13,17,11,13,16,7
"DTX1",10,110,46,125,27,47,27
"TFCP2",321,221,330,380,288,439,199
"RNU4-54P",8,1,10,5,3,2,10
"RNA5SP355",1,0,4,1,3,5,2
"RPL29P27",4,0,7,1,4,9,1
"CCDC91",374,114,298,187,184,440,296
"KRT4",0,0,12,2,1,11,4
"KRT79",0,0,13,0,7,10,7
"KRT78",0,2,3,2,0,1,3
"KRT18",16,12,29,92,15,62,18
"KRT8",325,493,123,264,164,404,69
"ABCC9",43,41,103,315,41,267,60
"RPS4XP1",0,5,0,5,2,3,3
"TCHP",194,92,229,244,195,203,124
"ANKRD13A",483,224,455,448,358,618,366
"IFT81",78,63,105,86,57,92,44
"GUCY2C",2,0,9,22,6,11,2
"H2AJ",52,20,61,76,35,52,51
"WBP11",248,207,205,227,168,406,233
"C12orf60",14,1,25,11,11,30,14
"MGP",47,36,109,358,38,451,61
"ERP27",61,9,55,35,53,87,58
"ARHGDIB",2879,1217,2387,1678,2353,4122,2293
"ATF7IP",1720,989,1974,1316,1452,2213,1206
"PLBD1",11,9,43,58,30,195,23
"RN7SKP134",4,4,12,10,22,3,15
"ACADS",47,9,60,70,29,49,16
"SPPL3",547,465,483,475,360,600,502
"ARF1P2",64,47,37,46,38,39,31
"CABP1",2,5,2,29,5,8,1
"KMT2D",4010,3138,5037,6345,4205,4396,2846
"RPL6",1201,764,1036,1323,804,1888,604
"PTPN11",932,763,659,712,541,1047,822
"C12orf76",92,59,83,95,74,72,70
"WNT1",6,0,2,3,2,4,2
"CEP83",123,51,125,72,69,124,31
"TMT1B",0,0,1,7,0,3,0
"TUBA1C",762,355,623,460,513,987,586
"NOS1",2,67,56,35,4,31,2
"UBC",2715,3410,3882,5485,1984,12227,2622
"GIT2",604,250,596,499,529,607,459
"ABCB9",66,183,62,135,40,54,31
"CSAD",257,253,356,479,290,260,184
"LMO3",68,0,213,441,179,198,110
"TMBIM4",134,87,163,153,150,199,93
"LARP4",497,432,305,271,240,484,281
"VEZT",395,118,378,329,335,601,334
"MDM2",902,619,673,626,496,898,728
"ACSM4",8,3,1,8,3,6,3
"ACACB",234,319,899,2618,569,1736,256
"POU6F1",38,36,114,214,43,83,31
"BLOC1S1",55,39,81,84,41,81,48
"CLEC1B",0,7,1,2,2,2,1
"H4C16",136,87,105,124,96,188,55
"C12orf42",158,19,82,62,90,85,57
"PIWIL1",2,2,1,4,1,0,1
"RNU6-1077P",0,0,5,2,4,0,6
"RAN",595,427,414,395,366,910,301
"RXYLT1",59,47,54,73,36,42,23
"PABPC1P4",5,1,9,11,9,17,10
"MORN3",100,33,84,55,62,87,67
"TMEM120B",154,196,223,319,153,145,128
"RHOF",57,19,65,81,30,36,36
"LINC01089",586,212,497,461,337,376,222
"AGAP2",317,95,432,313,348,397,224
"MIR26A2",4,0,2,7,4,4,0
"BICDL1",260,118,387,240,259,270,172
"RAB35",289,212,288,348,252,401,221
"GCN1",911,502,965,1199,685,1013,342
"RPLP0",1485,1335,1307,1941,944,2401,528
"PXN",330,439,371,983,264,534,204
"RPS20P31",7,2,7,15,4,16,5
"HTR1DP1",17,12,34,59,36,31,29
"WNT5B",16,7,56,116,23,42,16
"FBXL14",80,34,108,112,70,114,48
"ERC1",697,533,970,1239,916,1208,618
"BHLHE41",94,455,96,319,106,167,223
"RASSF8",35,154,72,155,58,133,58
"MUC19",99,59,96,74,145,93,47
"AVIL",77,140,141,276,131,130,36
"CLEC2D",912,310,916,512,803,1109,1187
"LINC02390",2,12,16,15,8,22,19
"CD69",120,10,156,17,100,259,56
"KLRF1",5,0,9,2,1,6,5
"CLEC2B",53,27,60,49,59,81,76
"CLEC12A-AS1",7,8,2,8,1,4,3
"CLEC12A",2,14,16,7,11,16,7
"CHFR",1935,613,1667,1432,2005,1405,1334
"ZNF605",202,273,298,221,234,203,253
"ZNF26",392,332,495,506,388,528,253
"RNU4ATAC12P",14,10,17,13,16,20,12
"ZNF84",325,220,265,350,333,411,185
"DENND5B",187,63,142,185,84,201,78
"ANKRD49P2",2,1,8,7,3,2,0
"GOLGA3",2718,1147,2013,2533,2575,1965,1072
"RASAL1",2,1,7,26,2,14,5
"R3HDM2",553,369,465,456,411,480,332
"SNRPF",122,90,81,50,84,233,101
"PAN2",465,250,608,667,602,536,246
"LIMA1",220,460,414,789,181,782,265
"GPRC5D",7,19,10,26,6,13,5
"CAPRIN2",337,137,462,481,390,390,250
"RAD51AP1",126,41,73,26,48,120,95
"DYRK4",98,73,78,81,91,60,61
"AKAP3",7,0,14,24,8,1,1
"NDUFA9",188,147,167,152,159,143,135
"GAU1",4,2,6,6,8,9,5
"GALNT8",3,0,9,3,3,6,2
"KCNA6",47,21,17,29,29,27,5
"KCNA1",251,201,38,70,53,22,24
"DPY19L2",53,86,65,167,40,47,19
"SRGAP1",102,248,115,230,123,197,110
"RPL36AP41",4,0,2,3,0,11,1
"RNU6-87P",3,0,4,7,0,1,12
"RNU6-199P",16,3,6,10,0,3,3
"TMT1A",220,72,247,531,164,365,189
"ATF1",115,78,117,98,108,164,125
"TMPRSS12",4,1,1,4,7,3,2
"POU5F1P3",21,18,19,19,9,10,11
"FAM90A1",1,37,11,47,8,5,0
"MYL6B",108,104,115,157,122,101,71
"HADHAP2",1,0,2,6,0,5,0
"AICDA",0,0,8,3,1,5,0
"HSPD1P12",10,0,0,5,6,2,2
"FOXJ2",273,254,290,484,232,429,303
"C3AR1",13,27,31,28,18,101,27
"NECAP1",330,136,239,204,177,325,285
"CLEC4A",9,3,8,4,3,3,5
"PUS7L",316,119,220,149,113,269,163
"TWF1",121,87,57,51,37,146,72
"ZNF75BP",6,9,5,2,2,7,5
"IRAK4",511,197,483,334,370,494,301
"FAR2",175,53,209,114,112,275,194
"ERGIC2",213,78,158,139,106,265,141
"FAM234B",79,78,53,82,43,55,36
"KRT80",0,18,25,20,5,14,7
"KRT7",1,29,41,85,3,22,15
"KRT86",2,24,5,25,3,9,0
"KRT81",0,11,5,24,3,1,0
"KRT84",1,3,9,1,6,4,8
"KRT75",2,0,4,2,1,4,4
"KRT6B",4,28,35,24,8,7,14
"KRT6C",5,28,31,27,7,19,29
"KRT6A",9,167,224,104,29,114,68
"KRT5",1586,10694,1970,4743,1155,2088,1237
"KRT71",0,0,4,3,1,1,3
"KRT74",0,2,3,2,4,4,0
"KRT72",4,11,13,2,5,7,0
"KRT73",8,2,1,1,2,5,1
"KRT128P",4,6,2,0,0,1,0
"GRIP1",16,55,32,69,46,33,18
"TXNRD1",501,305,323,310,264,561,336
"OVCH1",8,26,29,28,8,20,6
"MVK",38,59,70,99,58,50,18
"TAS2R13",31,16,34,12,17,11,11
"TAS2R15P",52,42,48,19,30,27,12
"MIR4698",3,1,2,10,2,4,3
"TIMELESS",249,168,186,156,199,219,83
"STAT2",656,751,1334,1598,884,1037,632
"TNFRSF1A",399,176,391,746,282,751,364
"BMAL2",48,31,71,61,20,78,62
"CCDC92",282,115,307,485,329,368,199
"ZNF664",653,585,505,504,467,652,573
"KCNH3",29,14,27,31,11,30,3
"MCRS1",134,114,163,219,112,185,78
"PRPF40B",67,113,157,269,88,85,72
"FAM186B",62,37,64,86,79,46,34
"RNU6-834P",9,0,3,1,3,2,0
"POLR2KP1",9,21,17,7,10,7,7
"PARK7P1",10,26,13,13,22,10,10
"FMNL3",639,424,1090,1052,701,931,480
"ARL6IP4",7,8,17,13,25,12,7
"C1S",177,69,691,1678,374,1603,391
"HOXC6",1,37,8,23,1,2,0
"HOXC8",0,43,1,0,0,2,1
"MYO1H",6,2,17,24,12,27,6
"NINJ2",25,12,33,37,35,29,2
"RPL23AP14",4,7,2,6,6,2,6
"FKBP4",179,172,170,250,155,159,176
"ITFG2",372,332,529,655,474,458,308
"NRIP2",206,134,252,258,206,196,123
"TEX52",46,75,55,74,74,54,35
"FOXM1",432,375,290,282,359,322,209
"RHNO1",138,127,102,102,95,153,89
"TULP3",123,187,163,324,111,224,130
"TEAD4",10,27,16,33,5,40,11
"RPL13AP24",2,3,19,20,17,13,12
"TSPAN9",89,68,99,311,45,117,66
"TSPAN9-IT1",2,4,4,14,4,6,4
"RPS27P3",162,60,212,170,109,474,137
"PRMT8",61,0,79,27,73,50,19
"CAPS2",45,73,89,92,57,60,56
"UNG",182,133,132,153,132,165,66
"OGFOD2",24,29,44,53,37,20,12
"TAS2R10",5,4,3,3,3,2,0
"POLE",1015,317,1018,904,992,1104,373
"RN7SL246P",33,8,22,13,20,17,30
"KNOP1P2",114,19,63,49,49,84,75
"LMBR1L",498,131,517,525,457,497,503
"OS9",441,388,621,993,518,833,355
"RPL7P6",6,2,7,3,8,1,6
"RN7SL459P",5,4,9,18,7,5,3
"RN7SL67P",4,7,7,6,4,7,12
"EEF1A1P4",164,33,244,126,212,113,285
"DDX23",605,417,735,733,538,792,440
"EMG1",33,26,58,37,54,46,46
"SNORA49",124,31,116,143,146,386,157
"DDX51",163,186,227,268,198,185,83
"NOC4L",65,46,57,75,42,56,17
"EP400",1282,1008,1567,2085,1264,1633,756
"DNM1L",474,167,323,286,202,494,282
"IFNG",9,0,6,9,4,20,6
"IL26",1,0,3,2,1,6,2
"MDM1",141,123,149,134,139,146,117
"RFLNA",8,3,2,22,6,6,4
"HOXC4",3,176,7,7,4,6,4
"HOXC5",0,8,0,2,0,3,0
"SMUG1",153,248,178,230,169,138,82
"TAS2R14",41,30,29,31,25,18,14
"TAS2R50",14,33,33,15,12,15,6
"TAS2R20",45,38,55,32,28,23,17
"TAS2R19",39,18,34,12,11,21,7
"TAS2R31",53,13,47,24,39,35,23
"TAS2R63P",12,4,0,4,3,3,9
"TAS2R46",10,12,2,3,7,6,5
"TAS2R43",41,0,12,8,0,17,6
"TAS2R30",91,30,89,31,30,63,49
"TAS2R18P",54,13,31,29,25,33,31
"SMIM10L1",120,82,61,56,82,64,68
"THCAT155",162,1,163,62,153,87,25
"HNRNPA3P10",9,16,14,10,12,9,23
"SCN8A",119,91,100,101,73,147,54
"IQSEC3",187,148,182,206,103,67,53
"SLC6A12",3,11,5,4,6,2,4
"SLC6A13",3,6,0,4,2,3,3
"KDM5A",1795,803,1702,1398,1563,2485,1215
"CCDC77",84,37,64,87,71,108,41
"SOX5",17,8,61,149,23,106,15
"MIR920",1,0,4,3,3,2,0
"HELLPAR",342,426,312,150,233,190,259
"IGF1",6,8,18,12,4,24,5
"SYT1",10,10,11,17,13,13,3
"NOP56P3",2,12,4,7,3,4,4
"ANKLE2",890,580,1066,1129,835,1060,853
"PGAM5",125,153,158,195,114,144,53
"A2MP1",4,0,8,6,8,3,7
"RERG-IT1",0,0,0,11,0,0,0
"RERG-AS1",0,5,4,5,2,1,2
"POC1B",171,54,129,78,82,162,151
"CENPCP1",13,0,4,3,2,9,10
"GALNT4",0,4,1,2,1,1,2
"ATP2B1",398,151,538,386,349,864,281
"KCNJ8",4,15,12,25,0,30,11
"BICD1",301,232,353,289,403,375,195
"CNTN1",3,2,27,37,10,36,12
"TSPAN11",169,24,238,113,114,66,76
"DDX11",783,267,735,723,578,527,188
"RPL13AP22",10,6,27,29,24,18,27
"KLRB1",52,8,23,10,23,34,26
"PRPH",1,0,2,10,2,0,0
"SPATS2",183,358,227,219,185,231,159
"STX2",199,70,220,185,82,282,123
"MSI1",0,3,0,5,2,1,2
"SRSF9",238,105,216,224,182,332,198
"NRAV",65,132,83,92,65,41,33
"FZD10",1,1,4,27,0,5,2
"PRIM1",65,36,38,38,47,40,37
"AEBP2",252,112,239,247,209,393,158
"RNU1-146P",0,6,1,0,3,0,4
"PLEKHA5",246,425,407,542,294,437,362
"RERG",8,33,16,65,10,46,8
"PHLDA1",29,47,214,247,81,201,55
"ASB8",216,105,192,213,120,234,172
"ZNF641",450,288,567,467,404,633,435
"OR5BK1P",11,20,13,19,15,5,8
"OR5BT1P",5,25,3,6,5,2,1
"OR5BJ1P",3,5,2,2,3,0,1
"ITGA7",67,67,194,925,106,324,100
"OR10AD1",12,17,28,36,52,16,12
"H1-7",1,0,4,3,0,1,2
"RIMBP2",24,41,22,41,6,29,4
"RPL21P99",1,1,10,21,2,8,1
"NCOR2",1635,2492,2063,4287,1487,2131,799
"ANKS1B",15,35,159,412,70,120,44
"GSG1",7,2,6,5,2,11,6
"SENP1",255,163,218,170,183,332,186
"PFKM",105,117,140,302,99,185,97
"PTMS",127,508,233,875,126,321,123
"TARBP2",82,53,82,131,91,63,44
"ZNF384",272,183,328,532,379,492,189
"CACNA1C",306,162,377,669,369,393,183
"KRAS",495,199,299,224,239,378,475
"SLC15A4",363,36,151,134,109,225,181
"GLT1D1",12,12,13,12,9,78,4
"NOP2",24,13,26,41,33,32,36
"NCKAP5L",307,192,377,722,314,335,197
"BCDIN3D",43,74,53,54,60,37,25
"FAIM2",14,4,10,15,17,19,55
"AQP6",3,4,1,1,3,2,2
"RACGAP1",311,125,186,88,171,274,171
"ASIC1",54,10,70,70,70,55,55
"SMARCD1",724,371,549,588,486,733,419
"GPD1",11,27,141,492,40,346,89
"COX14",61,55,44,55,49,63,37
"CERS5",532,535,660,634,501,653,397
"KSR2",37,28,24,9,13,25,8
"CIT",999,403,702,397,797,758,533
"SETD1B",1032,524,1250,1474,802,1227,742
"HPD",2,0,6,12,8,4,0
"PSMD9",164,102,172,179,143,90,129
"RNU7-170P",6,0,0,4,0,2,0
"CFAP251",229,122,208,199,167,162,137
"BCL7A",608,216,506,505,310,599,450
"MLXIP",1184,488,1418,1744,1352,1231,1002
"DENR",311,263,257,239,202,276,236
"ZCCHC8",226,179,302,334,244,303,205
"ACAD10",299,301,375,417,345,346,143
"ALDH2",407,575,278,881,122,392,106
"ARID2",1504,553,1188,803,1021,1738,1125
"TMTC1",150,297,235,840,152,382,152
"TAS2R12P",25,23,13,9,7,4,3
"CBX3P4",5,2,0,3,2,0,2
"TMEM198B",64,56,51,84,46,46,28
"DIABLO",93,47,59,72,53,92,47
"HSPA8P5",1,0,2,3,8,4,2
"GPRC5A",8,39,18,88,3,366,4
"TMEM263",208,81,161,180,139,250,222
"MTERF2",181,45,164,127,125,197,276
"CRY1",218,57,134,120,107,261,262
"ANO2",15,17,21,95,9,84,11
"ACVRL1",27,21,90,240,49,114,25
"SMIM41",2,3,1,3,3,5,1
"PKP2",94,142,103,196,113,128,68
"CUX2",12,0,26,5,11,15,3
"PHETA1",17,20,18,66,13,26,7
"HSPA8P14",2,0,4,6,1,0,0
"GRIN2B",1,8,3,15,3,9,3
"IPO8",454,151,344,284,235,522,250
"STAT6",1357,1909,1715,2310,1460,1487,1015
"RPL41P5",117,195,231,405,167,163,168
"NT5DC3",21,37,59,125,47,117,25
"TTC41P",8,3,0,1,1,0,1
"UQCC6",67,30,50,71,31,60,56
"HCFC2",139,57,130,116,76,178,110
"VPS33A",157,121,165,147,122,153,114
"TUBA1A",533,327,453,534,350,935,325
"APAF1",230,131,182,219,121,278,140
"TMPO",1608,672,947,609,826,1412,1092
"ZNF385A",161,258,154,319,93,222,176
"ITGA5",210,155,294,571,207,601,247
"GTSF1",7,0,9,2,4,11,3
"NCKAP1L",1327,412,1442,813,1244,1763,1344
"PRICKLE1",12,43,45,108,16,45,12
"CACNA1C-AS4",5,7,15,57,13,25,9
"CACNA1C-AS3",1,3,0,1,2,4,0
"SLC2A3",238,117,176,180,134,1041,441
"CMAS",57,31,44,45,37,76,51
"ST8SIA1",20,15,57,29,17,39,30
"C2CD5",721,388,469,384,412,739,350
"ETNK1",1658,1822,702,485,545,859,775
"RPS27P22",23,73,49,28,34,15,14
"LINC02566",27,80,37,27,30,10,4
"PDE1B",75,13,80,107,80,114,97
"PPP1R1A",5,2,41,204,17,174,23
"TESPA1",604,255,777,470,824,799,637
"MYL6B-AS1",5,0,1,3,2,4,0
"CTDSP2",1610,1161,1832,2741,1537,2302,1154
"ATP23",33,8,28,20,22,26,31
"RN7SKP65",1,1,8,7,10,1,11
"LRIG3",145,388,226,445,128,395,177
"DUSP6",56,42,115,283,49,631,121
"METTL25",52,27,54,38,21,51,21
"TMTC2",35,51,62,123,44,65,44
"KITLG",7,51,60,106,35,59,33
"LDHB",53,9,25,22,28,46,19
"PDE3A",10,8,50,191,20,124,46
"UBE2L2",1,8,3,13,5,4,1
"POLR3B",82,50,88,78,61,123,33
"RFX4",36,17,27,5,28,28,27
"ART4",14,2,29,49,19,36,16
"SINHCAF",411,106,235,191,183,516,328
"FLJ13224",30,10,28,30,28,45,21
"RFC5",151,100,109,106,80,164,91
"WSB2",151,100,165,196,88,229,72
"VSIG10",40,24,55,149,29,72,19
"PEBP1",363,402,360,567,174,475,234
"RPS2P5",489,429,379,416,259,556,214
"TDGP1",2,0,5,3,3,7,6
"SSPN",38,37,51,97,43,80,40
"ITPR2",2809,983,3490,2369,2809,4503,2455
"RNA5SP354",13,0,7,4,3,4,10
"INTS13",166,62,97,82,94,169,103
"LINC00938",431,148,266,197,336,233,342
"SLC38A1",2516,4522,1568,1453,1385,2105,1655
"SLC38A2",1394,525,810,568,507,1223,1194
"OR7A19P",10,17,13,18,6,4,7
"MARK3P1",8,4,9,6,5,7,10
"SLC38A4",131,57,116,79,75,130,90
"AMIGO2",8,52,33,45,9,57,7
"RPAP3",142,53,99,74,90,206,112
"ENDOU",9,1,14,33,14,11,5
"RAPGEF3",47,56,274,967,280,182,61
"SLC48A1",256,181,353,461,396,278,245
"KANSL2",191,56,196,182,166,249,117
"SNORA2C",2,0,1,7,6,3,4
"SNORA2A",20,0,20,0,12,9,31
"SNORA2B",2,0,1,2,3,3,3
"CCNT1",515,236,356,334,255,620,334
"MLEC",678,434,543,734,444,777,392
"UNC119B",247,130,184,225,162,269,168
"NEDD1",209,109,142,52,85,210,140
"IFNG-AS1",77,0,140,70,42,66,45
"GABARAPL1",189,267,173,344,192,503,358
"KLRD1",29,48,27,70,21,37,23
"KLRK1",7,4,12,17,3,6,5
"KLRC4",24,4,38,18,36,19,22
"OASL",4,18,28,20,9,30,5
"TSPAN11-AS1",78,2,81,26,30,23,13
"DDX11-AS1",103,9,107,35,77,35,18
"LINC01479",2,0,8,8,6,3,2
"CYP27B1",6,13,15,14,9,12,7
"KLRC2",2,2,3,1,1,1,3
"KLRC1",2,8,0,1,3,5,3
"EIF2S3B",70,61,37,36,53,47,61
"MAGOHB",127,56,93,88,68,135,72
"YBX3",242,467,440,816,264,1626,407
"MAPKAPK5",550,349,485,551,456,573,294
"RPS2P41",13,12,19,13,16,12,17
"ADAM1B",32,8,43,28,27,28,27
"TMEM116",199,123,240,176,151,139,184
"SLC25A3P2",5,6,10,9,16,9,15
"SELPLG",203,108,210,253,160,419,117
"SSH1",267,358,390,602,231,575,286
"MIR619",4,0,4,6,1,6,5
"CKAP4",126,298,80,147,36,162,59
"TCP11L2",388,441,354,321,310,586,521
"ATXN7L3B",703,466,600,546,489,762,487
"BLTP3B",183,92,126,145,94,207,129
"GOLGA2P5",1,0,0,1,5,4,0
"ACTR6",59,28,56,30,28,62,36
"DEPDC4",12,5,15,14,11,19,3
"SCYL2",308,128,237,165,152,361,220
"LINC02361",29,45,35,27,57,34,27
"SCAT2",29,1,9,3,15,5,12
"ATXN2-AS",12,4,15,26,5,11,7
"R3HDM2-DT",4,0,0,7,2,1,3
"LINC02400",1,0,0,4,0,10,0
"CD63-AS1",13,26,19,51,16,10,8
"TNS2-AS1",77,148,170,406,93,176,119
"LINC02446",34,13,7,10,16,26,13
"MIR200CHG",4,34,6,14,9,8,6
"TMPO-AS1",67,24,48,36,40,56,49
"LINC00485",1,0,2,7,0,2,2
"LINC02388",0,3,5,8,2,2,0
"FAM66C",35,141,99,171,59,51,19
"OVCH1-AS1",32,46,64,86,34,53,92
"MAPKAPK5-AS1",82,47,112,103,103,115,98
"LINC02457",7,33,28,9,25,13,3
"MRPS35-DT",2,4,4,5,5,2,5
"PLBD1-AS1",5,5,3,13,4,13,4
"CAPS2-AS1",3,7,6,0,2,1,1
"CCND2-AS1",8,13,18,47,18,29,11
"LINC00941",2,13,26,138,21,20,18
"SOCS2-AS1",43,54,55,38,101,37,20
"LINC02412",7,0,1,8,1,14,20
"BMAL2-AS1",0,16,0,3,1,5,1
"LINC02413",4,0,8,8,3,7,10
"LINC02882",16,1,1,2,55,1,2
"DDN-AS1",5,5,13,13,6,8,6
"CEP83-DT",11,1,4,5,6,2,1
"CD27-AS1",88,52,136,261,136,70,97
"LINC02367",119,89,39,32,44,32,18
"LINC02470",9,1,13,1,7,20,24
"RASSF8-AS1",36,124,64,90,42,57,32
"LINC02408",12,7,4,0,6,6,4
"C2CD5-AS1",22,23,15,29,13,14,12
"ETNK1-DT",12,28,6,1,6,0,1
"LINC01619",136,24,146,26,208,382,161
"LINC02373",11,12,14,4,15,14,6
"LOH12CR2",1,1,5,7,3,2,2
"NINJ2-AS1",145,61,131,134,128,90,73
"MYG1-AS1",3,1,3,5,6,2,5
"TMEM263-DT",16,20,14,16,14,8,7
"LINC02471",0,6,1,0,3,2,5
"LRRK2-DT",3,1,5,10,3,11,4
"CACNA1C-IT3",5,5,13,32,14,15,14
"DENND5B-AS1",9,2,2,7,5,4,2
"LINC02414",1,2,4,4,0,2,0
"GUCY2C-AS1",14,18,14,15,8,23,11
"CRADD-AS1",218,150,191,106,181,132,162
"GPRC5D-AS1",23,95,38,89,24,35,19
"SNRPF-DT",8,2,14,21,2,6,1
"LINC02453",10,2,6,9,11,14,15
"LINC02443",0,4,1,6,1,0,0
"CPNE8-AS1",2,0,5,13,1,14,0
"SLC38A2-AS1",6,11,9,31,13,23,11
"LINC02820",3,0,0,11,0,14,1
"GPR84-AS1",40,47,41,96,51,83,50
"TRHDE-AS1",4,9,90,172,34,40,3
"PPP1R12A-AS1",14,6,11,34,22,11,9
"LINC02404",12,0,6,0,4,10,4
"ADCY6-DT",0,3,3,23,3,5,1
"LRIG3-DT",54,19,49,13,41,48,20
"PRANCR",123,41,92,143,78,158,79
"LINC02821",11,3,8,34,7,14,2
"RPAP3-DT",17,8,18,57,22,25,3
"SOX5-AS1",3,1,12,12,3,24,5
"C1RL-AS1",197,252,344,638,366,302,190
"TUBA1B-AS1",130,148,139,138,80,121,69
"LINC02963",2,2,6,9,5,8,0
"PARP11-AS1",34,8,43,11,21,28,18
"PHLDA1-DT",3,8,18,38,13,14,7
"FZD10-AS1",3,0,24,116,9,30,6
"LINC00173",221,247,156,175,126,106,93
"KLRK1-AS1",38,26,85,54,56,36,41
"KRT73-AS1",6,0,1,2,2,10,0
"BCDIN3D-AS1",35,19,37,57,31,22,15
"LINC02384",17,1,17,11,30,26,14
"GIHCG",372,89,218,118,207,323,329
"ATP2B1-AS1",24,4,25,38,24,54,6
"SLC38A4-AS1",592,150,465,272,390,430,364
"SLC4A8-AS1",7,3,11,6,6,11,6
"LINC00942",3,12,2,6,2,4,1
"PITPNM2-AS1",672,183,621,340,572,418,464
"PUS1-AS1",4,4,0,8,2,1,0
"DBX2-AS1",43,0,19,14,30,24,25
"GALNT9-AS1",21,33,0,0,0,1,1
"LINC02420",11,0,0,0,16,4,0
"POC1B-AS1",109,149,293,311,190,188,105
"USP30-AS1",14,22,27,17,24,17,15
"LINC02456",5,0,6,3,1,5,4
"LINC02421",19,8,23,7,10,13,31
"CHFR-DT",5,3,8,4,4,2,5
"LINC00987",62,1,55,32,35,54,33
"LNCOG",4,1,3,1,2,2,3
"LINC00612",41,39,31,45,38,27,24
"TBX3-AS1",27,0,0,12,1,3,1
"LINC02371",17,39,13,23,22,17,12
"A2M-AS1",41,11,21,25,17,17,18
"LINC02972",2,0,4,11,6,23,1
"LINC02985",3,3,9,26,17,7,6
"LINC02955",681,2056,1037,808,975,577,461
"BLTP3B-DT",7,0,1,10,5,7,6
"LINC02458",9,1,3,4,1,2,2
"LINC02391",5,0,12,15,13,7,3
"PAFAH1B2P2",8,17,7,6,5,9,9
"NUP107-DT",13,0,16,9,9,7,16
"BTG1-DT",57,18,111,57,141,114,51
"LINC00939",3,0,10,0,18,7,4
"LINC02826",1,0,5,0,2,0,6
"LINC02824",1,7,3,9,2,1,2
"LINC00943",2,9,19,27,12,7,4
"RNU1-104P",2,1,5,1,4,0,12
"SBNO1-AS1",39,6,33,49,34,43,9
"KMT5A",269,379,267,431,286,345,207
"RILPL2",45,64,96,145,93,155,62
"SNRNP35",75,87,152,198,112,148,94
"RILPL1",59,154,132,269,90,88,35
"TMED2-DT",151,102,137,200,122,71,84
"LINC02397",18,3,52,13,45,45,28
"FBXW8",270,221,202,227,153,218,118
"TESC",158,73,21,26,8,41,10
"TESC-AS1",14,12,9,20,11,14,7
"FBXO21",283,155,216,300,190,384,174
"DDX12P",17,3,3,2,9,8,12
"RPS3AP43",4,0,1,1,2,3,5
"ITFG2-AS1",417,153,334,405,463,268,150
"ENPP7P5",2,4,5,2,4,0,1
"DDX12B",113,38,107,85,77,104,33
"KDM2B-DT",55,23,59,65,86,51,61
"P2RX4",127,83,150,186,76,133,68
"CAMKK2",303,266,313,583,201,383,130
"ANAPC5",1067,486,1035,991,774,1018,785
"RNF34",283,155,302,257,209,320,186
"KDM2B",460,236,625,536,366,596,258
"ETFBKMT",61,35,71,71,81,94,89
"H3-5",14,18,30,38,9,16,16
"LINC02422",20,6,93,16,61,94,29
"RPL12P32",1,9,2,2,5,6,2
"LINC00937",131,84,74,117,61,82,48
"LINC02449",62,134,66,199,79,38,47
"LINC02827",0,3,3,8,3,8,1
"IQSEC3-AS1",46,16,37,46,16,16,8
"LINC02405",5,1,0,3,0,2,0
"PCED1B-AS1",138,98,219,191,162,181,106
"LINC00944",5,13,8,23,20,6,5
"LINC02415",2,0,5,2,1,1,0
"RASSF3",201,52,173,216,132,332,146
"CLEC4C",7,2,55,12,22,51,9
"NANOG",1,1,4,4,1,2,2
"ORAI1",59,15,47,73,31,67,42
"PRR4",12,25,20,13,24,7,6
"RMST",2,0,19,68,32,14,2
"RNU6-36P",69,12,282,47,172,49,306
"TMDD1",2,0,0,4,4,1,1
"FIGNL2-DT",1,0,2,13,2,0,0
"PRH2",68,90,93,69,69,59,27
"PRH1",77,28,35,32,13,56,29
"TAS2R42",2,8,2,6,4,7,4
"PRB3",23,44,52,22,27,21,15
"PRB4",8,15,18,13,15,13,19
"PRB1",16,20,39,21,17,19,16
"PRB2",23,13,45,25,19,23,19
"HIGD1AP8",3,1,2,4,0,1,0
"LINC01252",23,51,27,28,29,22,12
"DDX55P1",2,11,7,2,10,8,1
"KRT7-AS",1,1,2,17,1,4,3
"RAB35-AS1",17,33,18,35,18,12,8
"PXN-AS1",33,36,54,74,33,42,29
"TROAP-AS1",8,5,5,4,6,1,3
"GAPDH-DT",41,36,33,37,51,23,39
"CHD4",434,231,394,355,303,343,470
"SIRT4",11,9,5,8,12,5,2
"HNF1A",3,9,4,4,1,6,1
"AMN1",88,23,87,73,83,98,87
"STMN1P1",10,0,20,4,7,23,7
"RNU4-2",1329,251,2514,321,2488,1060,4237
"CNPY2-AS1",23,41,11,52,29,12,12
"MIP",3,0,1,5,3,2,2
"SPRYD4",136,232,142,177,130,141,89
"GLS2",6,27,12,20,18,19,4
"HSPD1P4",3,1,5,4,5,7,3
"RBMS2",204,161,329,760,256,507,287
"LRP1",454,1118,1991,9473,665,4621,753
"LRP1-AS",2,2,2,29,2,5,4
"NXPH4",1,25,2,2,0,1,2
"SHMT2",139,232,138,139,122,165,85
"NDUFA4L2",12,142,16,56,7,28,0
"STAC3",29,51,37,71,49,49,11
"FLJ12825",14,17,11,23,23,13,8
"FAM242C",14,119,9,23,27,17,17
"LINC02381",38,155,15,69,36,36,27
"CALCOCO1",648,297,1003,1532,915,1005,670
"MIPEP",65,82,48,48,34,57,19
"MTUS2-AS1",1,9,0,6,0,4,0
"KPNA3",195,90,137,90,82,237,135
"CRYL1",111,58,76,105,46,79,65
"LINC00562",12,13,15,12,13,23,19
"CAB39L",48,70,78,262,76,149,37
"CHCHD2P11",4,8,1,4,3,3,1
"RAD17P2",29,12,28,23,15,33,34
"DNAJC15",205,98,164,127,96,213,111
"WASF3",20,35,31,107,23,70,21
"POSTN",10,144,132,245,23,172,30
"FNDC3A",536,396,532,609,458,989,446
"LHFPL6",68,267,132,461,72,261,134
"SPATA13-AS1",14,22,9,11,29,25,8
"AKAP11",824,390,706,534,465,992,598
"MZT1",48,21,12,8,4,56,16
"PROSER1",700,376,434,357,379,562,479
"ERICH6B",7,2,4,4,0,6,3
"RPL13AP25",100,171,250,423,149,117,156
"PIBF1",172,68,156,140,117,216,82
"FABP5P1",1,7,1,15,6,7,16
"BORA",48,6,44,26,27,59,32
"SCEL",0,0,8,3,2,4,3
"FREM2",13,75,44,62,21,71,19
"TBC1D4",84,72,229,261,102,317,87
"SPRY2",24,14,61,165,30,140,20
"UFM1",228,300,229,245,178,301,317
"KLF5",49,672,128,280,109,236,96
"WASF3-AS1",5,4,6,16,5,11,5
"LINC00377",0,5,8,8,3,9,4
"UBAC2",359,175,296,235,254,372,319
"RFC3",137,46,76,53,88,135,54
"POU4F1",16,6,12,7,13,12,10
"PSMD10P3",3,0,2,7,1,1,1
"SPATA13",294,108,247,214,408,347,219
"NHLRC3",255,196,239,234,150,223,184
"OLFM4",2,0,24,5,12,42,27
"IPO5",559,261,409,375,277,664,264
"DIAPH3",148,48,66,41,86,143,76
"RPS26P47",124,27,84,77,58,62,99
"PCDH17",7,12,16,35,4,41,2
"HNRNPA1P31",7,0,7,3,1,2,2
"SERTM1",8,4,0,3,2,2,1
"SLC7A1",294,129,286,292,157,428,197
"SLC15A1",254,58,9,11,11,7,7
"FOXO1",141,164,273,247,132,429,206
"ARF4P4",1,0,1,1,3,3,4
"COG3",281,103,246,187,196,320,224
"LINC01309",3,8,0,2,3,0,1
"LRCH1",659,357,597,473,544,813,816
"COX5BP6",10,20,6,11,14,11,10
"FTLP8",4,0,2,3,4,3,1
"CDADC1",59,29,65,83,51,82,39
"ZDHHC4P1",14,57,78,25,36,35,75
"DIS3",304,127,272,205,165,432,240
"SLITRK6",0,10,5,13,1,6,4
"ZMYM5",149,50,201,117,107,166,90
"NALF1-IT1",1,1,1,15,5,2,3
"MYO16",3,0,6,12,1,11,2
"IRS2",106,141,183,378,99,543,77
"ANKRD10",899,291,698,671,450,920,587
"NALF1",1,6,12,11,3,6,0
"RPL7P45",81,8,54,4,49,51,36
"PCCA",154,77,190,170,125,201,113
"TUBGCP3",531,212,378,334,317,547,336
"GRK1",13,4,4,1,3,7,3
"OBI1",84,26,56,22,29,84,55
"UBL3",171,95,180,174,143,261,117
"FLT3",52,5,51,25,46,115,31
"KMT5AP1",5,5,10,10,13,7,8
"RN7SKP1",0,0,0,3,0,2,6
"RNU6-60P",11,0,12,2,8,5,20
"RN7SL375P",8,7,0,2,0,0,3
"RNA5SP33",43,15,23,10,8,19,18
"FTH1P7",28,11,40,9,8,20,26
"LINC00327",2,0,4,8,2,5,0
"ITM2B",737,369,752,1076,482,1381,538
"PPP1R26P1",80,25,73,74,64,40,35
"PCNPP5",19,3,9,3,7,7,7
"TRIM13",1003,335,718,433,800,458,590
"KCNRG",141,59,116,82,127,72,72
"RPL18P10",66,15,55,28,70,67,44
"ST13P4",11,7,3,6,10,20,11
"RPL34P26",2,3,2,3,1,1,1
"RNA5SP28",4,10,4,1,1,3,0
"FAM124A",253,446,136,370,51,108,66
"IPO7P2",3,5,2,2,2,1,4
"IFIT1P1",5,0,2,4,5,5,0
"N4BP2L1",236,166,243,242,208,285,237
"ATP8A2P2",30,28,31,42,36,40,41
"SMAD9-IT1",2,11,9,4,6,4,7
"RFXAP",92,43,32,53,36,50,46
"RN7SL288P",34,6,38,28,42,69,53
"RN7SKP5",8,0,3,1,3,1,7
"RNU2-6P",14,4,2,7,3,7,12
"COX17P1",0,3,2,4,0,1,1
"CPB2",27,25,21,14,31,17,16
"LCP1",3172,747,2647,1419,2196,5416,2825
"SIAH3",11,0,9,6,7,8,13
"NALCN",8,13,9,9,2,5,1
"CCDC168",8,4,14,2,14,9,6
"TEX30",31,21,11,6,16,20,16
"BIVM",149,115,114,152,88,124,104
"GAS6",430,532,508,890,336,407,176
"NUDT15",49,65,31,47,31,48,40
"MED4",124,75,89,69,75,168,126
"PSME2P2",3,3,1,2,2,2,3
"SGCG",1,0,0,20,1,3,0
"RBM26",619,341,806,759,658,951,513
"DGKH",742,203,683,687,487,529,625
"SUCLA2",147,134,122,117,91,235,116
"FAM204CP",5,2,0,1,2,3,0
"RN7SKP9",441,334,778,381,498,161,783
"H2AZP3",17,8,27,12,10,11,15
"GPR183",157,65,146,70,88,322,175
"SNORA31",1,3,0,9,0,1,1
"ABHD13",142,44,98,74,68,138,131
"RNA5SP39",2,3,2,0,4,3,3
"ESD",235,56,200,108,99,345,176
"HTR2A",3,81,1,5,1,7,4
"TARDBPP2",10,0,15,3,12,10,6
"TDRD3",206,239,241,279,181,311,177
"SPART",163,225,162,243,130,344,129
"STK24",518,350,501,553,369,756,514
"RCBTB2",92,23,101,139,66,145,55
"IFT88",141,84,149,134,98,167,106
"TMTC4",159,67,130,74,98,139,130
"EPSTI1",109,151,293,98,126,202,286
"TNFRSF19",24,99,70,97,37,80,22
"COL4A2-AS2",6,0,11,18,6,6,5
"COL4A2-AS1",3,1,0,14,4,1,0
"RAB20",4,4,16,26,4,35,9
"NAXD-AS1",2,0,6,11,3,3,1
"CARS2",462,392,550,530,298,444,261
"KBTBD6",69,65,55,80,51,49,36
"CALM2P3",5,11,1,2,2,0,2
"KBTBD7",95,84,60,81,50,77,43
"MORF4L1P4",7,9,6,3,0,8,3
"MTRF1",92,78,88,67,59,90,45
"NAA16",195,94,162,166,162,218,157
"RNU6-57P",11,0,4,0,0,0,4
"TUBBP2",2,2,3,5,5,2,6
"OR7E37P",4,2,3,10,1,0,0
"RGCC",205,33,86,92,77,178,81
"VWA8",371,251,430,480,321,602,165
"RN7SL515P",3,7,3,7,0,4,7
"KARS1P1",21,0,15,12,10,9,11
"MAPK6P3",36,4,20,23,25,36,15
"RNA5SP37",5,21,19,34,7,14,21
"RAP2A",251,217,203,93,125,241,138
"LPAR6",229,106,200,200,184,225,174
"NAXD",168,101,185,216,137,224,85
"KRR1P1",117,16,59,40,37,64,93
"GJB2",19,23,83,22,5,62,50
"GJB6",34,0,183,44,7,112,31
"ZMYM2",1194,451,1080,643,741,1709,1307
"SLC35E1P1",9,2,14,19,10,15,4
"RNU2-7P",1,1,0,2,8,3,2
"EEF1AKMT1",35,9,36,38,21,42,14
"RANP8",1,7,9,5,10,5,4
"RPSAP54",70,28,93,43,61,98,63
"LATS2",41,18,67,212,28,177,39
"LATS2-AS1",2,0,7,5,2,6,0
"RPS12P23",1,0,7,2,1,3,4
"CENPJ",158,69,208,192,185,184,88
"SHISA2",136,213,27,129,15,50,39
"FRY",249,105,515,547,359,792,194
"PDS5B",675,413,479,333,342,886,600
"RNY1P4",21,21,20,4,16,14,29
"SCAND3P1",3,0,10,2,4,11,2
"PHB1P13",8,4,8,16,5,2,1
"INTS6",981,634,648,632,578,841,874
"RN7SL413P",19,16,9,9,12,19,22
"ATP5PBP1",17,4,13,15,12,19,16
"GPR18",204,62,164,112,123,157,169
"MTUS2",13,149,12,16,6,21,3
"TNFSF13B",25,21,33,29,16,62,30
"RNF6",291,325,231,210,238,345,294
"ATP8A2",60,56,41,48,42,48,25
"SACS",514,151,367,371,244,439,162
"ANKRD10-IT1",145,69,96,75,55,100,81
"TEX29",8,0,6,16,4,8,4
"KCTD12",267,190,400,727,200,748,189
"RPL7P44",1,1,6,3,1,3,5
"DHX9P1",3,0,2,2,3,6,2
"CLN5",462,167,419,449,425,406,340
"FBXL3",211,64,170,139,118,288,155
"MYCBP2-AS1",16,17,31,34,17,30,9
"MYCBP2-AS2",32,15,19,16,29,23,16
"ATP11A-AS1",29,32,43,36,31,47,33
"MCF2L-AS1",14,4,12,3,6,7,3
"SERPINE3",12,10,16,33,19,22,13
"METTL21C",2,0,7,5,4,5,4
"ERCC5",151,75,136,96,108,146,198
"IL17D",13,19,8,17,6,3,2
"GGACT",15,26,61,31,4,22,27
"ATP11A",681,431,669,805,593,933,369
"CYSLTR2",39,11,50,64,23,79,81
"OXGR1",2,0,5,4,1,0,0
"COMMD6",93,41,68,67,37,77,34
"THSD1",22,59,49,105,19,53,9
"VPS36",520,349,412,447,310,478,407
"CKAP2",308,254,129,75,133,245,186
"SUGT1",464,262,423,520,306,508,249
"RPL15P18",6,2,6,5,3,2,6
"LNX2",132,113,123,167,90,170,116
"POLR1D",396,488,369,499,346,486,358
"LIG4",429,144,254,164,205,266,236
"MIR4306",0,5,1,0,3,4,0
"CLYBL",32,34,33,41,28,54,11
"ITGBL1",6,41,4,28,2,21,4
"SUPT20H",386,125,302,208,207,388,202
"NBEA",544,167,696,523,602,770,395
"SETDB2",224,119,219,194,134,223,111
"SNRPGP14",8,5,5,7,7,7,5
"PHF11",250,88,265,154,186,299,231
"RCBTB1",244,188,245,221,178,211,147
"SKA3",177,40,78,32,87,108,62
"MRPL57",134,107,97,117,71,131,57
"GRK6P1",10,7,11,2,9,3,3
"RNA5SP25",1,0,3,0,3,2,2
"ZDHHC20-IT1",53,142,121,160,15,35,79
"MICU2",148,43,105,69,74,205,81
"FNTAP2",19,10,8,3,10,22,8
"RNU6-59P",6,1,2,1,2,3,3
"RPS7P10",35,16,32,20,30,32,24
"FGF9",1,57,7,29,5,6,3
"ALG5",293,148,276,223,235,259,286
"EXOSC8",336,121,264,241,192,304,188
"ENOX1",6,198,34,71,26,47,7
"RPL36P19",1,5,0,1,2,2,0
"ENOX1-AS1",11,134,22,24,34,12,13
"CCDC122",33,74,18,24,25,25,13
"LACC1",40,104,60,44,45,51,58
"DGKZP1",87,98,110,108,89,91,47
"MIR8075",46,27,25,38,10,10,14
"LAMP1",666,824,669,960,474,899,487
"GRTP1",40,112,69,105,45,47,16
"DCUN1D2",279,223,272,223,197,290,286
"RNU1-16P",14,7,9,9,11,11,22
"TMCO3",248,206,215,308,150,278,169
"TFDP1",365,306,248,284,212,373,174
"ADPRHL1",17,9,22,30,18,22,3
"ZC3H13",887,794,1090,1214,1117,1495,1117
"N4BP2L2-IT2",468,168,335,285,245,346,431
"NEK5",73,31,42,38,44,44,31
"XPO4",441,198,305,226,207,449,230
"MYCBP2",2393,987,2939,2253,2135,3704,1827
"MRPL3P1",0,0,4,3,3,7,5
"PARP4P2",11,12,17,11,12,14,8
"SLC25A15P2",0,7,0,1,0,0,7
"MPHOSPH8",480,434,658,959,667,701,344
"PSPC1-AS2",6,11,5,10,8,12,3
"PSPC1",547,302,681,628,581,790,473
"RN7SL166P",25,14,29,21,29,15,18
"ST6GALNAC4P1",7,13,4,12,11,6,3
"WDFY2",475,288,497,498,318,587,586
"DHRS12",56,42,89,133,50,68,45
"FABP5P2",2,4,2,10,5,3,12
"HNRNPA3P5",15,23,36,24,25,26,35
"TPTE2",2,1,1,4,2,6,9
"EIF4A1P7",3,1,6,4,2,1,3
"SLC46A3",195,33,76,47,63,119,75
"CYP51A1P2",1,0,2,7,4,0,1
"POMP",232,76,128,99,97,286,133
"TNFSF11",4,1,6,4,1,15,2
"TPP2",850,380,736,676,446,889,700
"ALG11",247,134,269,243,215,213,147
"NUP58",635,463,347,250,282,614,499
"N4BP2L2",2659,1870,2463,2181,1767,2438,2494
"C1QTNF9",0,2,4,6,0,4,1
"LRRC63",124,36,93,34,122,88,87
"SAP18",357,385,273,392,289,619,266
"ATP12A",0,5,2,1,1,3,1
"RNF17",1,12,0,1,0,0,0
"ARHGEF7",1947,845,2166,1870,1764,2674,2528
"CDK8",167,80,146,97,117,147,106
"RPS3AP44",1,6,3,2,0,3,1
"RASA3-IT1",27,7,17,12,5,24,4
"CFAP97D2",4,9,0,0,5,1,1
"CDC16",411,94,406,437,416,561,225
"UPF3A",596,355,517,550,453,498,396
"CLCP2",5,1,1,2,3,0,0
"CHAMP1",399,185,286,233,259,380,232
"NDFIP2",116,114,96,104,62,145,70
"RPL7L1P12",6,10,14,1,14,11,1
"DOCK9-DT",9,1,4,21,5,7,3
"DOCK9",1400,465,1032,1172,1638,1316,468
"HSPH1",451,337,300,194,316,368,933
"B3GLCT",101,80,67,96,38,90,58
"ANKRD26P4",6,7,13,7,2,8,9
"ZDHHC20",486,319,278,215,193,397,420
"MBNL2",274,177,298,397,201,524,226
"F7",14,43,7,8,4,4,1
"F10",13,73,2,65,5,60,4
"KARS1P2",2,4,0,4,1,1,1
"PROZ",5,3,17,13,15,2,1
"PCID2",304,101,233,266,221,296,138
"CUL4A",546,386,448,522,331,632,278
"ATP4B",2,0,8,4,2,1,4
"MCF2L",576,341,467,697,248,461,228
"DLEU7",56,21,33,14,40,22,13
"MRPS31P5",3,0,2,1,5,1,0
"MIPEPP3",3,0,4,6,5,1,3
"EDNRB",29,18,45,116,24,166,38
"SLAIN1",190,50,125,81,105,173,120
"KL",14,26,6,52,10,39,3
"STARD13",33,153,74,254,70,192,23
"STARD13-IT1",0,8,1,7,0,11,2
"EBPL",40,26,25,40,28,59,29
"CNMD",2,0,2,7,1,5,0
"RHOT1P3",4,0,2,0,0,2,7
"RNU6-55P",2,0,2,4,1,1,2
"DACH1",71,45,71,334,74,130,34
"H3P36",97,32,83,47,54,102,61
"RPL21P109",4,1,0,4,0,2,1
"RPL35AP31",13,5,6,17,8,5,12
"ARL11",57,60,72,56,98,120,41
"FGF14",2,10,7,10,0,8,0
"FGF14-IT1",1,2,0,9,4,10,0
"POGLUT2",30,43,20,33,12,14,16
"PAN3",843,249,780,462,481,1122,608
"EEF1A1P3",54,7,68,42,44,94,26
"RNU6-82P",7,0,2,1,1,8,0
"FLT1",108,50,99,291,83,323,174
"NUFIP1",25,41,29,27,17,47,15
"GPALPP1",266,120,228,248,176,325,205
"RN7SL49P",7,8,33,24,13,12,9
"GTF2F2",147,96,82,76,86,154,85
"RN7SKP4",5,2,3,6,1,1,3
"KCTD4",33,12,19,8,19,15,16
"TPT1",3076,1089,1815,1366,1171,3780,1779
"SLC25A30",107,73,84,131,59,99,43
"AMER2",0,1,8,5,3,6,4
"MTMR6",179,74,119,110,76,269,148
"MIR623",7,5,4,8,13,11,5
"HMGB3P4",26,9,45,45,68,53,43
"LNCARGI",3,6,3,1,1,4,0
"TM9SF2",410,154,283,188,166,544,253
"CCDC169",6,2,3,2,1,5,0
"DCLK1",33,6,92,269,39,205,38
"RLIMP1",73,18,100,69,55,145,58
"MIR320D1",2,0,8,1,1,7,2
"MRPS31",104,52,118,78,95,146,47
"SLC25A15",99,28,92,91,65,76,52
"TPTE2P5",4,0,2,1,1,3,6
"CYCSP34",19,9,31,30,31,20,16
"MAB21L1",20,1,23,52,13,13,18
"SERP2",20,14,45,66,44,31,32
"TSC22D1",970,1896,841,1055,568,1434,675
"SMARCE1P5",3,3,7,7,5,2,3
"GPC6",33,54,28,166,22,46,15
"HNRNPA1P29",5,11,5,23,2,4,1
"GPC6-AS2",2,1,5,9,1,2,1
"GPC6-AS1",4,0,1,11,1,1,0
"DCT",14,0,233,100,9,21,8
"TGDS",114,18,47,25,24,59,43
"GPR180",126,68,89,64,60,148,123
"SOX21",1,8,0,0,1,0,2
"BRD7P5",1,0,5,1,0,3,1
"ABCC4",92,20,104,79,61,179,63
"DZIP1",27,21,49,141,40,92,32
"DNAJC3",267,182,166,232,129,403,179
"MTND5P2",14,12,14,7,13,14,12
"MTND6P18",9,0,4,3,0,8,6
"MTCYBP3",19,8,13,6,14,12,23
"UGGT2",48,59,39,116,23,96,24
"HS6ST3",0,0,1,7,0,3,0
"RASA3",519,336,426,988,420,502,364
"KLF12",783,281,658,435,553,844,591
"SPRYD7",13,61,27,52,18,32,19
"UCHL3",16,13,12,10,6,5,10
"GPC5",1,0,3,7,2,3,1
"HNRNPA1P30",20,16,29,28,14,14,36
"C1QTNF9B",4,37,0,1,0,0,0
"ATP7B",171,45,97,150,75,73,70
"BRCA2",271,109,189,88,153,248,113
"RB1",543,192,355,237,268,525,304
"COL4A2",451,873,525,2526,329,1417,405
"RNASEH2B",5077,1716,2598,1511,3099,2443,4556
"ING1",146,48,122,119,104,177,127
"LMO7",702,295,619,601,1565,807,642
"SMAD9",44,46,35,82,34,39,35
"PARP4",672,642,735,670,505,1025,411
"EFNB2",95,168,52,143,40,97,34
"ARGLU1",1385,480,1263,988,926,1453,1127
"CLYBL-AS2",10,0,11,5,6,11,5
"HMGB1",1747,820,1210,914,1517,2482,1521
"RBM22P2",7,18,17,41,21,10,2
"MFAP1P1",4,3,14,26,16,10,2
"PTPN2P2",15,8,17,16,5,9,4
"USPL1",154,89,182,132,120,206,101
"ALOX5AP",78,13,57,48,72,221,50
"MEDAG",1,1,11,67,4,162,5
"USP12",189,86,180,146,117,296,187
"GTF3A",461,143,389,214,315,535,305
"MTIF3",116,66,113,66,74,143,79
"LINC00402",18,6,51,15,12,20,23
"FARP1",197,245,253,606,196,332,219
"RNF113B",1,3,4,12,0,3,0
"RN7SKP8",19,7,41,23,30,8,57
"FARP1-AS1",0,2,1,5,2,0,1
"GAS6-AS1",248,1752,733,731,303,236,421
"TMEM255B",13,32,32,78,25,66,16
"C13orf46",21,42,48,111,38,21,8
"COL4A1",391,910,456,2066,257,1521,460
"MIR8073",0,0,2,8,0,10,1
"SLITRK5",3,31,8,246,6,5,6
"COG6",167,77,103,91,68,185,59
"MIR4305",4,1,2,0,0,1,5
"RUBCNL",354,78,496,300,371,736,463
"RPL21",1242,586,876,920,753,2497,944
"RASL11A",6,0,21,40,11,45,2
"RB1-DT",14,14,38,34,22,28,13
"VWA8-AS1",1,4,4,3,2,1,2
"FRY-AS1",2,4,15,13,5,10,3
"LINC00540",12,0,32,51,7,11,6
"LINC00375",2,41,1,1,3,1,0
"EDNRB-AS1",15,5,7,8,7,16,22
"DLEU2",1892,875,1456,949,1950,1186,1231
"LINC00345",4,8,0,16,5,8,3
"DNAJC3-DT",57,20,37,41,38,41,25
"LINC00621",1,4,5,8,0,3,2
"LINC01232",25,33,45,43,44,40,20
"LINC00676",2,1,1,1,2,3,1
"CKAP2-DT",7,7,0,2,8,6,0
"GRTP1-AS1",5,25,7,25,3,0,1
"LINC01054",1,6,3,5,6,1,7
"PRECSIT",4,2,6,43,4,18,4
"LINC02344",3,4,6,19,10,13,0
"DCUN1D2-AS",26,4,30,20,26,31,15
"LINC00539",68,40,64,40,58,41,31
"LINC00434",4,0,4,5,9,2,0
"SPART-AS1",3,0,4,12,6,6,2
"GAS6-DT",25,34,6,24,9,12,3
"TSC22D1-AS1",30,24,37,47,22,28,9
"OBI1-AS1",0,0,1,2,2,4,2
"LINC02341",2,3,4,1,0,2,2
"INTS6-AS1",79,146,69,92,97,56,40
"LINC00544",2,0,5,1,8,2,3
"HTR2A-AS1",2,3,5,6,4,1,0
"DIAPH3-AS2",10,10,7,4,11,10,16
"LINC01198",5,5,10,10,9,10,19
"LINC00598",13,40,45,53,30,45,38
"NALCN-AS1",2,7,0,2,1,1,0
"PCCA-DT",7,8,11,10,8,8,4
"PCCA-AS1",30,16,31,39,13,38,20
"LINC00378",3,1,2,1,3,5,1
"DOCK9-AS1",40,22,28,34,34,39,19
"RNASEH2B-AS1",148,100,92,50,64,48,31
"LINC02343",2,9,5,2,4,0,2
"STARD13-AS",49,54,67,96,41,147,19
"SUGT1-DT",11,1,12,11,6,13,7
"LINC00393",0,79,1,1,1,1,0
"LINC00392",8,16,13,11,3,4,4
"SWINGN",2,39,25,25,19,7,1
"ENOX1-AS2",1,25,3,3,1,1,3
"LINC00370",1,3,2,4,5,8,7
"LMO7DN",2,4,5,11,13,0,1
"LINC00398",9,11,6,4,8,13,14
"TEX26-AS1",1,0,2,18,4,42,1
"LINC01076",1,2,2,3,6,4,1
"KBTBD6-DT",102,68,70,48,63,68,51
"PAN3-AS1",85,21,72,127,130,118,62
"LINC00332",1,0,2,4,1,5,3
"CLYBL-AS1",6,0,9,5,3,7,3
"TPT1-AS1",1036,962,1135,1692,921,913,866
"LINC01050",4,6,1,1,0,0,1
"DIAPH3-AS1",18,2,9,2,4,5,18
"LINC00563",20,6,40,16,17,19,27
"LINC00428",2,11,0,3,4,4,2
"MIR4500HG",0,5,3,20,4,0,1
"LINC00458",3,2,6,2,0,2,6
"LINC02334",10,30,21,33,4,9,7
"LINC00571",6,11,19,22,12,11,10
"CPB2-AS1",157,51,120,84,141,176,180
"LINC00412",49,58,49,57,19,36,15
"USP12-AS1",23,9,18,18,22,41,10
"RBM26-AS1",32,47,65,102,29,48,17
"LINC01068",0,8,0,0,0,2,1
"TPTE2-AS1",5,1,2,0,2,2,3
"STK24-AS1",4,4,7,27,7,4,1
"MED4-AS1",31,14,39,28,14,32,34
"SUCLA2-AS1",9,4,7,3,3,4,4
"LMO7-AS1",42,14,37,30,42,39,33
"DLEU1",846,504,783,384,1000,561,853
"PCOTH",1,75,0,2,0,0,0
"TUSC8",64,254,42,104,114,71,72
"NRAD1",20,464,7,26,5,10,4
"LINC00390",31,154,27,17,16,16,23
"LINC02938",199,95,141,242,181,96,157
"ELF1",1193,416,992,631,821,1768,950
"RGS17P1",42,5,50,24,28,38,14
"WBP4",93,77,103,79,89,154,88
"PCDH9",870,115,554,597,633,560,288
"RPSAP53",4,0,5,1,1,2,4
"PCDH9-AS2",11,3,6,8,11,8,2
"PCDH9-AS3",16,0,3,5,8,1,5
"LINC02337",5,0,3,0,2,1,0
"SMIM2-AS1",150,86,100,200,138,58,76
"LINC03032",1,0,1,2,3,4,0
"IGSF3P1",7,5,1,11,6,1,1
"PWWP2AP1",5,3,1,1,3,2,0
"UBAC2-AS1",10,2,11,19,11,10,1
"CYP4F34P",1,2,16,10,2,0,3
"PSPC1P1",3,1,10,9,8,6,4
"ARGLU1-DT",5,7,10,8,11,9,15
"LINC00384",1,3,7,16,13,2,5
"KATNAL1",286,147,204,234,236,314,196
"RNU6-64P",6,1,3,1,0,1,2
"PRDX2P1",19,0,21,16,20,12,15
"LINC00427",15,17,18,13,16,6,23
"LINC00426",693,151,769,509,967,727,487
"LINC01058",24,3,35,51,52,22,12
"UBE2L5",11,1,3,13,6,3,6
"TMEM272",56,4,80,27,103,58,31
"FGF14-AS1",5,2,1,11,1,2,0
"FGF14-AS2",6,2,9,17,5,15,2
"METTL21EP",5,7,15,25,9,4,5
"MIR17HG",129,36,94,64,61,96,40
"NEK3",45,10,63,94,24,73,26
"TRDJ1",9,0,3,5,8,6,4
"TRDV2",27,7,14,10,39,20,11
"TRAJ60",24,14,15,11,30,12,13
"TRAJ54",43,7,22,14,36,22,27
"TRAJ49",58,7,31,12,40,38,45
"TRDJ3",15,3,12,6,18,13,6
"TRAJ48",71,25,73,24,105,54,61
"TRAJ59",19,12,15,15,43,12,33
"TRAJ61",8,14,9,11,22,9,8
"TRDC",190,38,91,31,126,172,70
"TRAJ58",19,4,18,16,25,22,12
"TRDJ4",4,8,6,5,9,9,14
"TRAJ47",29,9,30,23,38,19,36
"TRDJ2",10,3,7,2,9,11,1
"TRAJ56",54,8,29,13,31,27,46
"KIAA1143P1",6,7,4,11,4,9,16
"NUBPL",118,66,96,107,65,140,54
"SNX6",212,97,155,138,119,252,124
"TRAJ53",33,3,22,9,44,16,21
"TRAJ45",74,36,112,72,146,84,93
"TRAJ52",24,1,44,12,38,26,25
"TRAJ55",39,27,35,17,61,17,48
"GLRX5P3",5,1,16,13,7,7,0
"TRDV3",14,0,8,1,9,9,3
"TRAJ51",48,18,34,20,44,24,36
"HMGN2P6",24,36,49,53,38,27,32
"TRAJ57",36,6,27,18,35,37,38
"MAD2L1P1",8,0,5,0,1,0,3
"GNRHR2P1",59,183,76,106,82,63,68
"RPL31P4",13,6,18,27,12,11,20
"PCNX4",674,340,724,640,536,900,466
"SIX1",134,228,133,384,78,117,65
"PPP2R5E",453,169,338,249,211,432,358
"STYX",178,77,105,114,75,148,80
"L3HYPDH",79,46,61,71,42,70,47
"EIF1AXP2",6,1,5,3,5,1,5
"C14orf39",3,0,2,12,2,2,2
"SIX6",7,3,4,16,2,1,0
"SIX4",52,84,49,86,18,22,20
"SALL4P7",0,1,4,12,1,4,0
"PPM1A",740,237,422,406,301,752,587
"SCOCP1",2,0,4,4,10,3,3
"DHRS7",101,90,110,125,90,175,51
"PCNX1",800,395,1057,1108,941,1522,714
"SALRNA1",4,10,10,27,8,5,14
"MNAT1",68,45,71,66,35,110,50
"JKAMP",165,31,130,96,80,133,86
"RHOJ",11,14,60,138,11,94,11
"SOCS4",221,67,137,95,103,257,197
"KCNH5",0,85,4,4,3,3,3
"SUSD6",460,442,555,631,369,835,437
"PTTG1P1",23,7,24,15,27,28,38
"RAP1AP",12,14,3,3,5,1,2
"RMB8AP1",14,8,6,10,4,9,5
"EGLN3",118,17,73,27,60,67,92
"SPTSSA",23,26,19,33,14,74,20
"GTF3AP2",6,3,4,8,4,14,4
"HNRNPUP1",0,1,2,0,4,4,8
"PLEKHD1",5,32,3,6,9,15,2
"YBX1P1",45,53,62,70,37,42,39
"LTBP2",150,499,216,622,127,394,91
"ISCA2",93,47,60,69,65,102,61
"SPATA7",74,16,47,68,30,86,19
"AP5M1",464,165,279,168,239,314,271
"RPL21P8",18,0,19,3,10,8,7
"SLC35F4",5,2,9,4,2,7,3
"BMP4",5,10,26,104,21,48,8
"RPL21P11",14,12,17,38,16,18,28
"COILP1",10,0,15,8,12,10,8
"TRAJ50",46,29,45,26,64,34,48
"SRSF5",1661,525,2289,2853,2532,3792,1433
"CAP2P1",21,12,42,53,44,68,20
"FUT8",214,58,224,165,158,332,129
"RPS19P3",14,5,21,22,10,9,11
"RAB42P1",5,6,4,3,4,3,6
"ENSAP2",15,26,10,19,13,22,16
"NAA30",169,73,137,99,72,163,126
"CLEC14A",27,13,50,101,11,72,18
"RGS6",6,0,19,179,6,71,13
"PTPN21",19,34,99,256,37,110,26
"SYNDIG1L",0,23,0,4,0,1,0
"MTCO1P2",0,1,3,3,2,1,1
"TMX1",196,87,161,106,97,268,153
"LINC00520",2,4,8,2,1,3,1
"RTRAF",406,149,236,175,215,479,340
"FOXN3-AS1",31,7,28,25,17,31,19
"AKAP6",55,48,95,194,72,125,34
"SSTR1",0,1,1,15,4,3,1
"CEP128",1526,802,1623,1317,1708,1885,1249
"ARMH4",10,4,21,46,10,28,3
"NRDE2",312,168,371,442,284,486,159
"CCDC85C",301,238,384,451,336,308,411
"MOK",53,68,86,180,70,99,23
"PSMC1",92,100,107,135,102,221,71
"ATG2B",902,372,722,677,482,1158,720
"IGHVIII-16-1",28,0,19,17,63,0,19
"IGHV3-23",33,1,92,185,21,317,96
"RPS6KA5",281,89,233,257,221,335,177
"IGHV4-34",16,12,12,24,48,26,6
"AK7",2,0,7,9,6,11,2
"IGHV1-12",67,10,29,8,58,0,17
"GOLGA5",124,95,121,143,102,214,79
"TMEM260",175,49,165,139,137,205,140
"IGHVII-30-1",2,5,1,2,16,2,2
"IGHVII-15-1",13,2,11,11,30,0,10
"IGHGP",146,1,55,480,252,802,248
"IGHV3-38",4,17,12,5,5,10,7
"IGHV3-22",2,0,8,1,0,2,2
"CDCA4",135,69,71,71,69,79,49
"IGHV3-37",21,40,25,10,68,23,21
"IGHV4-28",2,2,0,9,14,2,0
"IGHV7-34-1",14,17,7,9,23,6,3
"IGHVIII-11-1",35,12,29,8,59,0,28
"IGHV3-21",12,0,24,55,9,18,18
"IGHV3-64D",0,2,0,7,0,34,0
"IGHVII-30-21",1,1,5,2,4,2,2
"IGHV1-17",10,9,14,7,28,3,4
"IGHV3-35",31,58,30,13,72,25,25
"IGHV3-15",31,15,40,79,60,105,21
"IGHV3-36",36,47,29,19,76,19,29
"IGHV3-25",7,0,6,3,8,1,2
"LGMN",287,78,270,498,155,766,152
"CCNK",135,64,153,133,130,259,175
"CLBA1",27,63,58,125,40,44,26
"SETD3",294,199,294,395,260,440,220
"IGHV1-14",16,12,16,4,40,3,7
"IGHV3-20",1,1,9,22,1,7,5
"IGHV3-33-2",15,19,8,7,52,2,11
"AHNAK2",35,5286,132,938,43,332,35
"IGHV3-33",46,14,34,82,31,120,15
"TTC7B",30,42,55,180,49,86,36
"IGHVIII-38-1",2,8,18,12,5,8,7
"IGHV3-30",31,4,33,75,46,141,10
"GPR68",28,87,69,88,64,58,10
"OR7E105P",4,0,12,7,4,3,5
"SLC20A1P2",15,6,9,2,39,1,7
"IGHV5-10-1",0,0,0,3,0,19,0
"LINC02312",278,348,216,270,456,201,205
"KCNK13",7,13,5,4,7,3,4
"IGHV3-32",4,3,0,7,23,6,0
"IGHVII-33-1",5,4,0,4,22,2,0
"IGHV2-26",1,6,2,7,1,6,3
"TDP1",242,139,212,184,210,296,150
"IGHVIII-13-1",33,6,16,9,45,0,16
"IGHV1-18",4,0,17,39,16,18,13
"HOMER2P2",8,7,8,3,5,8,7
"IGHV3-19",25,17,33,16,53,13,11
"IGHV4-31",1,0,0,2,2,15,2
"LINC00226",3,8,2,0,2,7,4
"ACTR10",168,50,126,103,64,199,95
"IGHV3-29",5,11,11,6,19,2,7
"GSKIP",64,24,49,38,38,46,32
"FOXN3-AS2",102,19,88,52,79,92,98
"IGHV3-13",82,36,42,19,91,9,32
"IGHV3-30-2",7,0,0,6,9,2,3
"IGHVII-22-1",0,0,39,4,0,1,1
"KTN1",1064,641,907,761,685,1309,1147
"IGHV3-16",27,21,29,14,65,1,20
"EFCAB11",55,42,32,44,27,37,25
"IGHV3-11",45,26,40,72,59,38,30
"IGHVII-28-1",5,2,0,1,23,1,0
"TRAJ46",67,19,77,37,78,46,50
"RNU6-8",69,11,309,50,198,98,310
"RNA5SP385",2,1,4,3,1,2,0
"RNU6-7",69,13,326,55,209,80,379
"RN7SL683P",15,3,23,15,15,20,12
"SNORA11B",13,1,19,15,10,9,6
"RN7SKP255",1750,699,1565,1460,1055,1594,1117
"RNU6-91P",9,0,7,1,2,3,3
"TRAJ44",42,26,60,29,49,45,40
"TRAJ43",52,42,66,31,86,47,70
"TRAJ42",101,17,65,30,96,71,87
"TRAJ41",62,18,53,21,47,56,48
"TRAJ40",94,13,91,37,96,61,119
"TRAJ39",78,27,68,41,42,42,67
"TRAJ37",83,25,80,43,108,64,156
"TRAJ36",95,8,93,30,90,75,101
"TRAJ35",42,16,62,16,60,39,15
"TRAJ34",71,19,77,46,70,66,61
"TRAJ33",83,13,95,61,113,52,138
"TRAJ32",55,9,56,29,61,41,37
"TRAJ31",128,18,123,61,146,82,113
"TRAJ30",77,4,62,13,40,55,44
"TRAJ29",120,20,97,75,113,66,174
"TRAJ28",97,12,84,43,69,81,57
"TRAJ27",88,16,74,44,54,51,75
"TRAJ26",168,37,226,133,249,95,235
"TRAJ25",77,4,91,42,87,72,61
"TRAJ24",120,27,99,42,102,87,84
"TRAJ23",180,44,204,101,262,168,328
"TRAJ22",129,0,73,18,64,85,117
"TRAJ21",84,2,31,8,24,39,56
"TRAJ20",100,20,85,45,112,82,91
"TRAJ19",164,47,163,72,223,133,326
"TRAJ18",122,41,166,84,239,132,210
"TRAJ17",94,13,91,33,61,75,89
"TRAJ16",104,8,93,43,69,51,97
"TRAJ14",114,19,129,37,97,86,156
"TRAJ13",119,20,133,45,109,85,135
"TRAJ12",143,37,233,90,253,123,263
"TRAJ11",133,10,120,45,98,117,180
"TRAJ10",110,22,129,82,166,132,215
"TRAJ9",93,6,53,14,45,83,82
"TRAJ8",119,7,70,23,64,83,86
"TRAJ7",118,18,165,93,126,114,88
"TRAJ6",110,20,152,45,143,111,151
"TRAJ5",90,11,91,45,82,105,103
"TRAJ4",71,15,100,42,94,99,95
"TRAJ3",89,21,117,60,143,90,100
"TRAJ2",63,20,54,28,36,60,110
"TRAJ1",73,20,93,51,81,96,168
"TRAC",1384,260,1428,772,979,1729,1121
"DAD1",133,39,85,67,45,221,64
"OXA1L",411,251,408,402,317,501,260
"LRP10",518,486,721,1165,612,894,456
"REM2",3,7,6,22,8,15,3
"RBM23",669,520,727,873,676,829,464
"PRMT5",93,42,75,117,75,110,31
"C14orf93",79,32,105,150,95,86,46
"PSMB5",155,75,102,103,77,121,85
"PSMB11",158,18,113,58,103,85,59
"C14orf119",63,31,64,51,52,95,32
"CIROP",4,0,1,14,17,4,1
"PPP1R3E",422,319,442,483,530,368,373
"EFS",10,114,41,255,24,66,8
"THTPA",39,23,47,78,30,50,13
"AP1G2",298,236,411,496,399,295,174
"DHRS4",79,50,79,89,67,76,59
"TRAJ38",89,18,89,58,106,71,90
"TCL1A",6,0,44,1,5,21,2
"CHGA",9,9,24,313,16,61,7
"ITPK1",136,151,173,350,96,277,91
"ITPK1-AS1",63,58,82,82,39,37,48
"MOAP1",183,81,144,176,128,256,176
"LYSET",34,11,22,24,20,30,16
"GON7",30,12,14,8,11,31,10
"UBR7",281,150,165,139,134,278,217
"RPL36AP4",2,2,5,8,6,4,2
"ALKBH1",67,13,45,39,28,72,30
"RPL21P10",10,7,13,11,7,13,4
"ZMYND19P1",16,10,17,12,7,10,20
"SLIRP",71,29,56,48,32,120,48
"ADCK1",109,78,121,124,142,90,40
"SAV1",58,60,99,205,67,209,52
"RN7SL452P",2,0,3,5,6,1,3
"PYGL",24,10,67,242,46,264,64
"ABHD12B",24,12,16,44,13,26,14
"DLST",533,202,457,515,352,614,481
"RPS6KL1",71,45,55,93,93,74,92
"PGF",61,160,49,108,63,53,62
"EIF2B2",151,110,130,173,92,183,75
"MLH3",268,172,301,312,189,304,191
"RNU6-689P",4,0,2,6,0,5,1
"ACYP1",112,53,97,120,60,72,42
"ZC2HC1C",42,52,62,75,57,63,30
"HIF1AP1",1,0,4,3,1,1,5
"TMED10",759,232,404,357,271,598,405
"SERPINA5",0,0,1,14,0,0,2
"SERPINA3",1,0,2,4,2,19,0
"RPSAP4",6,0,11,5,2,3,9
"RPL15P2",26,49,66,103,36,19,41
"CNIH1",170,43,66,85,64,168,108
"SAMD4A",28,45,189,640,122,332,143
"FDPSP3",8,6,11,8,9,10,9
"WDHD1",155,75,100,36,90,209,130
"RPSAP13",10,1,5,1,11,2,1
"FRMD6",159,125,148,259,106,306,89
"DHRS2",0,9,2,1,4,0,1
"NPC2",89,146,118,132,58,230,41
"SNW1",294,255,266,249,228,463,269
"PLD4",7,17,48,40,13,17,1
"TTC5",155,64,147,203,106,120,75
"SNORA79B",18,19,39,32,20,32,36
"TEP1",482,262,862,954,598,757,345
"KLHL33",29,12,59,46,47,45,31
"OSGEP",287,146,279,355,236,218,255
"APEX1",329,270,302,317,264,494,200
"RNASE6",31,8,24,17,37,73,19
"RNASE1",148,125,317,653,127,846,119
"RNASE2",11,4,5,4,2,7,9
"SLC39A2",29,3,8,2,4,3,5
"TPPP2",0,1,2,5,2,2,1
"RNASE7",3,0,15,9,14,12,10
"RNASE8",1,2,4,4,0,2,0
"ARHGEF40",156,429,189,663,120,335,88
"ZNF219",183,362,213,370,156,172,103
"LINC00641",460,226,419,405,426,663,478
"SUPT16H",697,421,657,659,543,1159,458
"SNORD9",8,2,16,6,10,3,12
"ANG",1,3,1,8,1,12,3
"RPSAP5",0,1,3,6,7,2,5
"RPL10AP1",37,9,28,16,22,25,22
"TRMT61A",53,69,60,112,36,34,15
"RNU7-160P",2,6,1,3,4,1,2
"KLC1-AS1",400,264,443,473,325,252,288
"XRCC3",243,206,340,429,272,201,145
"TGFB3",120,138,164,290,117,200,150
"TGFB3-AS1",9,2,5,7,4,9,6
"RPL13P6",3,2,7,9,2,7,4
"SNORA28",28,1,34,14,17,41,42
"MIR3173",18,6,9,11,4,10,6
"CLMN",84,63,234,536,170,300,141
"TMEM179",1,1,5,15,0,5,4
"LINC02280",1,0,0,5,9,0,1
"SIVA1",769,179,352,388,435,446,319
"ZBTB42",38,33,37,60,21,23,14
"RNU4-22P",4,2,2,2,1,1,1
"ZC3H14",294,241,296,493,308,398,199
"TTC8",49,37,41,97,20,58,17
"INF2",240,101,362,752,196,277,123
"GCH1",82,11,66,47,38,83,91
"GCATP1",7,4,16,14,20,10,1
"HSPE1P2",16,0,7,2,13,12,9
"RNU6-597P",4,6,4,3,0,3,0
"DLK1",1,0,11,31,2,5,10
"SNORD113-2",0,3,0,5,1,2,1
"SNORD114-3",0,0,2,4,2,7,2
"SNORD114-11",0,2,2,2,1,1,3
"MIR329-2",0,0,0,10,1,1,0
"SSBP3P5",0,0,5,4,1,0,1
"NRL",79,28,76,61,43,60,52
"PCK2",97,67,153,136,96,153,64
"DCAF11",367,197,397,438,383,422,351
"PSME1",222,109,282,267,213,469,172
"EMC9",32,13,33,49,35,41,17
"PSME2",241,171,287,343,271,342,208
"IPO4",8,6,10,17,9,16,6
"TM9SF1",20,24,26,34,19,32,20
"TSSK4",170,203,180,214,234,143,195
"CHMP4A",38,37,41,39,29,31,29
"NEDD8",137,55,120,132,80,170,70
"TGM1",13,2,44,47,13,30,16
"DHRS1",172,68,163,215,167,155,119
"NOP9",276,252,260,258,254,280,185
"LTB4R2",62,95,84,85,59,61,57
"LTB4R",230,762,263,509,235,281,168
"RIPK3",34,7,97,97,71,80,17
"NFATC4",142,330,102,365,31,104,50
"CHD8",1093,524,1292,1279,1046,1691,837
"EIF4EBP1P1",13,6,4,8,5,3,6
"RAB2B",208,82,111,166,96,191,150
"SLC24A4",35,4,56,62,32,58,15
"PSMA3",411,179,328,261,189,406,193
"HMGB1P14",71,11,38,23,28,42,12
"LINC00216",72,29,85,48,79,69,73
"RNU6-341P",15,9,14,6,3,11,8
"ARID4A",406,181,447,374,337,657,520
"TOMM20L",4,3,3,2,4,9,1
"TIMM9",56,18,35,17,23,50,37
"KIAA0586",498,134,457,293,283,518,280
"HSBP1P1",4,5,5,4,9,5,1
"C14orf180",1,3,9,38,1,6,3
"ZFYVE21",173,138,217,343,139,129,106
"PIP4P1",226,145,199,261,200,266,326
"DAAM1",119,84,198,291,135,303,145
"CCDC198",10,7,3,9,3,4,6
"GPHN",126,99,113,167,115,194,66
"METTL17",227,108,173,176,146,184,204
"GSC",11,0,6,59,3,9,1
"TRAV1-1",7,0,18,7,0,15,7
"OR10G2",3,0,9,5,0,10,11
"TRAV1-2",15,0,6,2,2,18,7
"ARL6IP1P1",0,0,5,1,0,5,9
"TRAV2",17,0,31,5,4,26,18
"TRAV3",7,0,16,9,3,21,2
"TRAV4",19,3,45,25,13,32,28
"TRAV5",12,0,13,10,4,12,5
"RPL4P1",3,0,3,7,3,5,4
"BCL2L2",193,298,194,398,183,225,232
"HMGN2P2",30,2,8,1,7,9,8
"TSHR",949,292,552,489,679,652,626
"GPRASP3P1",331,154,266,272,315,170,333
"RPL17P3",128,27,57,30,52,67,74
"NMNAT1P1",38,20,50,18,35,48,26
"GTF2A1",393,174,270,254,207,446,230
"RTL1",0,5,10,53,6,60,1
"EIF2S1",269,156,200,198,142,367,191
"PLEK2",80,31,54,35,39,54,46
"BATF",2,0,29,12,2,19,11
"FLVCR2",18,13,41,34,17,36,8
"TTLL5",398,120,356,354,315,451,193
"ERG28",61,39,48,72,42,92,20
"GPATCH2L",1304,638,1025,1012,864,1191,886
"IFT43",96,36,62,131,44,103,51
"PLEKHH1",123,150,262,310,159,233,111
"PIGH",51,27,40,42,31,63,23
"ARG2",27,20,35,46,28,99,49
"VTI1B",175,74,143,187,133,320,145
"COX7A2P1",4,0,0,2,2,3,4
"RDH11",208,142,209,163,149,223,220
"RDH12",0,12,7,3,2,14,7
"RN7SL213P",7,4,6,7,11,4,1
"IGBP1P1",27,7,15,9,3,9,2
"RPL29P3",0,0,0,4,4,4,2
"NKX2-8",0,5,1,17,1,2,0
"PAX9",266,1010,266,941,148,195,130
"SF3B4P1",3,0,6,0,1,6,0
"PALS1",480,298,300,292,247,423,268
"ATP6V1D",187,114,199,100,135,254,107
"SRP54",252,75,220,170,147,390,237
"IGHV4-39",4,8,9,27,7,61,4
"IGHVII-40-1",8,0,1,0,4,0,1
"IGHV3-41",8,0,5,3,9,11,5
"IGHV3-42",2,1,3,3,6,2,1
"IGHV3-43",4,2,17,17,9,7,10
"IGHVIII-44",5,1,9,1,3,3,0
"IGHV1-45",3,2,0,1,4,7,1
"IGHV1-46",3,0,5,8,5,16,3
"IGHV3-47",4,0,0,2,1,2,2
"IGHV3-48",8,4,16,29,7,18,19
"IGHV3-49",4,0,4,15,3,6,8
"IGHV5-51",3,0,11,18,4,12,14
"IGHV3-53",3,0,3,3,5,8,4
"IGHV3-57",1,0,4,1,4,0,2
"IGHV4-59",11,0,28,41,5,48,2
"NEK9",847,590,782,1019,672,850,459
"VESTAR",38,52,18,34,63,19,2
"RPS2P4",8,15,3,7,13,3,2
"MARK3",1766,1195,1895,1861,1582,1531,1879
"NYNRIN",166,863,299,801,183,249,55
"CBLN3",35,56,50,27,42,51,18
"KHNYN",597,373,772,983,591,712,711
"CMA1",3,0,6,16,4,18,4
"GZMH",4,0,17,9,11,9,1
"CTSG",5,4,26,33,15,46,17
"NRXN3",36,108,129,190,81,89,40
"BLZF2P",1,3,1,10,6,15,2
"BANF1P1",8,4,11,5,10,21,6
"DCAF5",729,343,899,953,786,1071,710
"G2E3",387,132,254,185,262,285,290
"UBE2CP1",43,18,47,40,30,47,31
"SCFD1",710,283,590,399,366,739,583
"SERPINA10",0,0,2,7,1,0,2
"SERPINA1",28,28,36,55,43,232,15
"SERPINA9",1,0,14,4,0,9,3
"PARP2",64,24,99,143,58,134,73
"DGLUCY",556,460,679,766,781,620,357
"ADCY4",50,54,211,599,93,138,49
"C14orf132",84,46,108,229,80,96,25
"ESRRB",2,5,7,3,0,7,1
"FOXN3",1083,979,988,1307,792,1589,1197
"MMP14",72,452,217,620,104,354,108
"TC2N",201,30,230,163,104,328,242
"TRIP11",489,261,385,403,348,569,283
"NDUFB1",156,84,117,116,126,224,90
"CPSF2",618,350,387,368,367,602,383
"TOX4",432,313,422,564,378,697,404
"METTL3",353,158,455,532,400,494,307
"SALL2",93,70,109,216,75,103,74
"RN7SKP193",1,1,11,3,2,2,12
"VCPKMT",74,36,42,45,47,73,30
"SOS2",313,144,303,340,211,462,302
"L2HGDH",104,60,62,74,43,81,74
"MIR4504",8,0,1,0,1,3,2
"CDKL1",241,113,137,111,128,179,135
"RPGRIP1",3,5,4,10,4,12,0
"COX16",14,13,13,16,18,13,9
"SYNJ2BP",262,306,211,291,161,249,190
"ADAM21",14,20,15,30,16,11,8
"ADAM20",43,44,37,70,35,24,19
"MED6",172,72,127,144,100,163,94
"KRT18P7",13,13,25,44,8,19,1
"TTC9-DT",3,0,3,0,5,3,4
"TTC9",50,38,108,52,56,94,91
"MAP3K9",98,50,135,148,87,83,86
"SEC23A",234,103,223,256,158,386,209
"TRAPPC6B",77,46,80,83,82,98,65
"RPL7AP2",43,15,27,36,27,16,22
"PNN",1318,1116,1720,1474,2103,1753,2349
"YTHDF2P1",4,7,13,9,5,5,14
"AREL1",519,234,485,401,326,529,283
"FCF1",218,130,129,204,114,220,159
"YLPM1",1526,1253,1974,2344,2162,2227,1315
"LGALS3",42,85,112,288,76,250,68
"DLGAP5",297,87,153,51,114,275,128
"FBXO34",186,78,237,258,186,329,183
"ATG14",193,83,151,238,66,210,105
"HMGN1P1",27,5,38,25,23,35,34
"ZFYVE26",563,409,702,764,511,756,293
"RN7SL706P",14,2,7,6,5,2,5
"RN7SL108P",10,8,3,3,4,7,0
"RPL7AP5",9,2,10,11,6,7,13
"PPIAP6",29,9,22,13,20,10,14
"DNAJC8P1",2,0,6,6,4,4,2
"INSM2",2,0,2,6,3,3,1
"QRSL1P3",41,16,27,22,23,37,31
"BRMS1L",28,9,19,25,12,33,14
"RABGGTA",62,33,90,80,37,78,14
"PPP4R3A",815,229,597,464,511,922,496
"ESR2",289,222,389,343,717,404,311
"HAUS4",49,22,40,47,34,44,30
"FITM1",18,6,10,7,16,11,19
"LRFN5",1,0,18,64,17,27,5
"OR6J1",0,4,3,1,3,0,2
"C14orf178",2,2,4,1,5,4,4
"RALGAPA1",546,220,581,715,380,788,253
"MAP4K5",265,130,200,196,151,314,171
"DYNC1H1",3090,2392,3632,4757,2736,4527,1784
"ACIN1",1451,960,2032,2663,2086,2164,1114
"RAB15",296,152,313,244,333,259,281
"FNTB",78,51,74,74,62,55,92
"MIR4706",3,3,7,1,1,5,6
"MRPL52",171,90,153,150,130,112,109
"CCDC196",20,14,29,20,30,32,14
"ZDHHC22",0,17,0,1,2,1,0
"GSTZ1",129,124,146,268,180,143,101
"TMED8",656,410,385,309,328,553,502
"NUDT14",26,65,33,99,11,20,1
"RN7SKP92",2,0,5,2,1,4,1
"PPP1R36",5,2,5,4,0,3,3
"NUP50P1",7,4,7,15,9,4,7
"PLEKHG3",53,251,185,771,83,203,72
"SPTB",10,121,40,112,30,50,15
"POMT2",221,218,147,320,137,139,50
"OR4E2",9,4,2,3,4,3,11
"MIR624",11,5,6,6,0,6,7
"BTBD6",98,53,140,180,78,151,45
"COCH",4,0,19,36,32,25,10
"STRN3",270,208,193,224,177,292,291
"HIGD1AP17",3,9,2,1,3,3,8
"RPL21P5",15,7,15,9,12,10,9
"RNU6-541P",7,0,4,0,0,2,3
"FLRT2",29,93,134,559,70,198,40
"PAPOLA",1626,563,1058,801,813,1518,1118
"CHURC1",511,197,402,290,392,400,348
"GEMIN2",64,27,33,47,31,43,27
"DPF3",23,0,49,60,33,39,21
"PABPN1",383,225,347,428,430,333,391
"SDR39U1",39,17,64,120,93,54,27
"NGB",6,30,0,0,0,1,0
"RNASE3",1,0,5,0,1,3,1
"TRAV6",11,0,12,6,5,11,11
"TRAV8-1",2,0,25,4,2,12,11
"TRAV10",1,0,5,4,5,17,4
"TRAV12-1",6,5,16,6,0,15,3
"TRAV8-2",25,0,29,14,23,45,32
"TRAV8-3",20,0,29,13,19,40,13
"TRAV13-1",12,0,19,8,20,32,14
"TRAV12-2",2,1,8,5,3,18,4
"TRAV8-4",15,0,18,14,12,22,12
"TRAV8-5",10,1,9,1,6,13,0
"TRAV13-2",22,0,18,8,19,13,14
"TRAV14DV4",26,0,14,11,7,20,9
"TRAV9-2",9,1,14,7,8,16,6
"TRAV12-3",10,2,14,1,17,34,12
"TRAV8-6",22,2,20,10,10,23,5
"TRAV16",7,5,6,10,6,14,10
"TRAV17",33,5,28,11,60,49,27
"TRAV18",7,4,9,4,8,11,3
"TRAV19",31,0,25,13,18,26,26
"TRAV20",6,0,9,5,4,7,2
"TRAV21",10,1,18,19,17,35,9
"TRAV22",14,1,32,10,34,24,4
"TRAV23DV6",19,3,35,9,23,30,11
"TRDV1",29,0,32,10,12,30,9
"TRAV24",9,0,6,9,8,11,7
"TRAV25",6,0,5,3,13,12,9
"TRAV26-1",16,0,18,3,31,21,6
"TRAV27",8,0,12,3,10,11,4
"TRAV29DV5",20,4,5,9,9,14,8
"TRAV30",10,0,10,3,11,13,1
"TRAV31",6,2,2,0,2,1,2
"TRAV32",6,0,2,1,2,1,0
"TRAV33",5,0,2,0,2,2,1
"TRAV26-2",13,0,4,7,18,13,1
"TRAV34",11,3,8,1,3,10,5
"TRAV35",12,1,9,1,14,10,2
"TRAV36DV7",6,0,8,2,7,15,6
"TRAV37",11,0,6,4,5,5,1
"TRAV38-1",9,3,6,1,12,10,1
"TRAV38-2DV8",27,0,18,8,19,18,6
"TRAV39",27,14,16,14,28,16,3
"TRAV40",4,5,4,3,7,7,3
"TRAV41",31,10,24,26,27,48,15
"IGHG1",1369,7,4415,15997,1908,12958,4706
"IGHG3",379,2,615,1953,539,2520,601
"IGHD",17,1,42,18,12,47,13
"IGHM",402,21,506,552,171,468,88
"MIR4537",2,0,23,23,3,2,0
"IGHJ6",7,0,23,89,21,17,16
"IGHJ3P",5,0,26,60,13,17,9
"IGHJ5",1,0,10,31,9,7,5
"IGHJ4",2,0,3,8,7,9,3
"IGHJ3",0,0,5,6,2,0,0
"IGHD5-18",0,0,5,4,0,3,0
"IGHD3-16",0,0,5,1,0,5,0
"IGHD2-15",0,0,2,6,1,5,0
"IGHD1-14",2,3,1,1,0,3,1
"IGHD5-12",1,0,9,4,2,1,1
"IGHD4-11",3,0,4,2,1,4,0
"IGHD2-2",1,4,7,3,2,2,1
"IGHD1-1",1,0,5,4,3,2,1
"IGHV6-1",1,0,2,4,0,21,4
"IGHV1-2",13,0,3,9,7,40,3
"IGHV1-3",19,0,19,22,8,39,17
"IGHV4-4",22,0,31,9,0,20,16
"IGHV7-4-1",6,0,10,0,0,15,10
"IGHV2-5",10,1,22,45,7,55,14
"IGHV3-7",10,0,36,64,9,44,15
"RNA5SP389",12,2,5,7,0,1,0
"IGHV4-61",8,0,7,8,3,2,4
"IGHV3-66",0,0,2,9,2,3,1
"IGHV1-69",6,12,9,13,4,3,2
"IGHV2-70D",2,0,2,6,1,1,0
"IGHV3-69-1",0,0,0,3,1,1,6
"IGHV1-69D",6,3,1,14,5,5,8
"IGHV2-70",6,0,5,2,1,11,0
"IGHV3-72",0,0,1,4,0,8,2
"IGHV3-73",6,2,1,18,3,13,4
"IGHV3-74",9,0,10,21,6,25,9
"IGHV3-75",2,0,0,1,5,2,3
"IGHV3-76",1,0,5,0,1,4,0
"IGHVIII-76-1",1,0,5,1,3,1,1
"MIR5195",3,0,4,3,10,8,4
"IGHV5-78",4,0,6,4,2,5,3
"IGHVII-78-1",5,0,5,2,3,2,0
"IGHV3-79",1,0,2,1,4,2,1
"IGHV7-81",2,0,2,1,4,3,2
"PROX2",57,38,37,77,58,33,54
"SIPA1L1",360,161,442,544,324,651,297
"ZBTB1",455,214,370,295,346,427,271
"TRIM9",60,5,27,49,31,26,19
"HIF1A",598,552,343,271,245,917,517
"SNAPC1",29,31,20,24,8,48,17
"REC8",185,96,255,236,220,347,154
"CPNE6",52,14,61,40,52,63,38
"WDR25",37,28,67,69,42,72,19
"ASB2",2,0,24,30,1,20,3
"OTUB2",9,32,34,71,49,87,20
"IFI27L1",53,70,59,52,44,70,33
"IFI27L2",57,54,28,68,19,65,25
"PPP4R4",3,0,3,10,0,5,5
"HSPA2",49,81,46,113,26,47,5
"GPR132",31,28,73,59,33,80,29
"JAG2",99,610,117,433,46,77,31
"PACS2",450,389,528,887,421,505,151
"RPS20P33",7,14,9,12,18,5,1
"TEX22",54,40,55,57,60,32,20
"MTA1",538,178,618,762,363,499,195
"CRIP2",32,256,90,570,32,160,26
"CRIP1",14,32,28,88,5,24,4
"IGHA2",63,6,91,597,13,242,65
"IGHE",10,0,30,14,6,98,4
"IGHG4",203,0,542,1868,123,1055,455
"IGHG2",455,0,737,2327,157,1855,646
"COPDA1",0,0,8,17,3,5,3
"BEGAIN",38,111,28,92,38,54,44
"VASH1",66,126,151,339,84,152,42
"IRF2BPL",267,205,183,305,172,342,195
"LRRC74A",0,1,2,7,1,1,0
"CKB",30,146,32,94,4,52,14
"COA8",57,53,90,97,57,63,65
"PRKD1",18,27,33,105,23,47,10
"DMAC2L",110,37,93,99,85,95,44
"DIO2",12,12,40,76,30,132,39
"RTN1",14,6,16,58,6,47,2
"CDKN3",92,14,32,18,34,43,26
"ARHGAP5",539,214,361,371,241,577,392
"NDRG2",123,173,337,835,240,399,135
"GZMB",5,0,28,10,6,32,5
"SYNE2",2948,1691,3399,4366,2825,3527,2260
"DHRS4L2",120,68,90,156,88,134,78
"BRF1",299,168,373,484,248,262,191
"NID2",31,32,114,275,32,178,24
"ZFHX2",110,101,152,225,124,90,54
"JPH4",8,3,13,12,11,27,6
"CCDC88C",845,708,1223,1176,1129,1202,671
"GMPR2",146,61,164,211,153,248,57
"CDH24",241,285,202,154,177,112,111
"MBIP",77,12,50,43,33,104,42
"ATXN3",474,279,440,526,397,428,369
"SLC7A8",101,336,78,176,55,125,33
"GPX2",93,68,138,110,161,129,87
"CALM1",788,159,713,891,432,1180,540
"EAPP",107,26,83,115,65,242,88
"HNRNPC",2730,1135,2073,1706,1930,3156,2137
"MIA2",257,87,167,168,135,289,128
"ABHD4",148,146,57,135,46,112,44
"GPR135",53,58,59,91,43,45,15
"GNG2",414,91,350,274,259,633,316
"EML5",57,35,38,39,24,56,19
"FAM161B",32,32,46,75,43,41,16
"COQ6",73,56,116,95,67,57,92
"ENTPD5",154,96,122,146,119,134,82
"BBOF1",31,24,33,47,18,35,18
"ALDH6A1",123,77,112,226,81,203,65
"RN7SL530P",8,1,6,6,5,5,4
"ABCD4",472,252,492,784,473,452,349
"LIN52",112,68,98,115,74,131,97
"STK16P1",11,14,10,5,6,6,7
"KLHDC1",32,12,42,68,35,69,28
"NEMF",509,201,515,434,413,698,467
"RNU6-539P",23,3,4,6,3,6,9
"RN7SL3",2645,2407,6454,5597,2107,2379,4661
"PDLIM1P1",8,3,6,1,6,2,0
"ARF6",519,306,423,353,291,649,427
"CFL2",27,15,27,53,22,78,49
"RPL12P6",16,17,23,33,17,19,25
"BAZ1A",417,263,458,275,321,700,397
"RNU7-41P",5,0,1,1,0,2,2
"BAZ1A-AS1",8,2,3,9,3,7,0
"PPP2R3C",94,32,64,44,48,84,60
"PRORP",203,124,208,162,213,120,161
"RPL23AP70",23,4,6,5,5,13,6
"SEPTIN7P1",15,0,14,5,3,2,4
"MRPL57P8",12,2,8,11,10,8,8
"DPRXP3",36,8,38,11,19,18,31
"RPL7AP3",20,1,20,9,3,10,11
"RPL9P3",7,4,9,4,5,8,5
"PSMA6",214,121,178,127,150,140,214
"VIPAS39",179,98,168,162,162,225,123
"AHSA1",218,173,183,237,219,261,148
"SPTLC2",392,199,361,346,222,433,193
"RN7SL587P",7,10,29,24,15,14,11
"GALNT16",22,29,91,436,84,200,65
"ERH",251,67,135,112,140,335,197
"SLC39A9",477,197,334,314,263,467,261
"EXD2",152,73,162,212,113,187,73
"WDR89",78,22,52,29,47,63,38
"TMEM229B",139,36,197,140,169,155,72
"RNF212B",36,27,26,16,11,19,18
"SEL1L",528,207,446,362,291,908,494
"STON2",61,292,204,368,107,214,197
"EXOC3L4",49,30,116,240,64,68,32
"HEATR5A",43,22,53,60,26,85,21
"ACOT1",21,3,18,42,8,40,12
"ACOT2",53,22,61,88,33,130,22
"NT5CP1",4,4,2,7,0,2,4
"DNAL1",114,110,87,100,71,89,57
"PNMA1",156,100,168,195,116,211,137
"MIR4505",7,1,6,11,4,16,1
"PTGR2",24,28,24,50,12,17,15
"ZNF410",91,55,81,105,98,99,87
"SAMD15",30,28,10,28,13,21,13
"NOXRED1",29,19,31,20,20,31,20
"STXBP6",37,23,56,244,47,96,36
"FBXO33",173,52,134,89,72,216,121
"HECTD1",843,549,1103,1116,695,1569,649
"BAG5",312,148,276,216,182,359,210
"KLC1",1035,538,993,1142,821,895,570
"NPM1P20",44,4,24,23,32,45,32
"RN7SL472P",2,2,0,9,8,1,2
"HSP90AA1",2745,1416,1731,1413,1604,3452,3812
"PPP2R5C",1482,576,1182,1000,1088,1983,1429
"SLC25A21-AS1",3,3,2,26,1,1,4
"FOXA1",0,12,3,0,1,0,0
"BTBD7",355,215,369,494,336,564,278
"PRIMA1",4,3,7,56,1,38,1
"UNC79",13,1,1,3,3,8,2
"SLC25A21",11,64,11,19,3,12,5
"MIDEAS",657,664,834,1244,610,1154,580
"SLC22A17",15,109,48,198,29,58,10
"LINC00517",1,0,4,6,0,0,1
"TTC6",0,7,0,4,0,0,1
"PRPF39",119,48,114,92,88,156,85
"SNORD58",2,2,2,5,4,3,1
"FKBP3",145,81,107,97,84,169,98
"MIS18BP1",362,132,353,180,194,449,254
"FANCM",250,153,272,174,229,258,286
"RNASE10",4,7,5,18,6,5,2
"GARIN2",39,9,10,10,15,22,21
"CGRRF1",17,13,19,28,6,26,12
"HHIPL1",9,4,24,68,12,27,2
"CYP46A1",94,29,30,68,93,12,31
"EML1",18,19,39,130,10,95,4
"ASPG",19,4,13,27,5,8,0
"KIF26A",5,4,20,97,7,39,5
"ZBTB25",974,401,802,657,615,803,900
"AKAP5",145,62,103,98,70,127,153
"MTHFD1",668,407,592,546,538,754,854
"DICER1",1072,385,1085,939,733,1376,851
"PNP",89,119,99,76,75,379,53
"ZFYVE1",187,94,224,315,191,249,112
"RBM25",1052,476,1216,1233,1111,1771,1030
"PAPLN",66,410,386,695,278,212,132
"RNU6-419P",1,2,7,5,1,0,1
"RIOX1",106,38,111,136,84,114,30
"NFKBIA",201,117,501,562,289,817,145
"MIPOL1",40,118,70,167,30,68,26
"SLC7A7",45,7,78,104,78,98,43
"IRF9",167,139,320,258,227,295,202
"BCL11B",4464,1179,3285,2054,2590,3648,3422
"TINF2",272,145,319,354,281,401,178
"RNF31",91,28,77,67,88,47,120
"ANKRD9",39,121,38,93,26,38,16
"RN7SL546P",3,2,10,9,6,2,6
"RCOR1",501,201,379,316,262,612,422
"RPL23AP11",40,6,26,10,17,24,28
"AMN",8,16,14,35,16,15,6
"TRAF3",353,282,437,519,243,465,198
"NPAS3",9,54,30,57,13,38,10
"TMEM253",1,11,4,9,2,4,3
"TRD-AS1",360,93,265,149,339,223,240
"RPS29",977,242,543,447,459,1466,440
"RN7SL1",80984,45637,94515,139048,22083,141072,42025
"LRR1",89,12,35,28,22,63,30
"RHOQP1",12,3,10,13,21,15,8
"RPL36AL",260,166,227,337,202,585,238
"MGAT2",5,1,5,9,2,9,1
"DNAAF2",42,22,34,86,26,39,13
"POLE2",107,43,70,61,72,69,41
"KLHDC2",235,89,243,220,188,337,191
"PSEN1",803,398,840,773,640,1059,721
"CDC42BPB",182,239,345,925,183,501,113
"SRMP2",21,15,38,26,22,28,21
"TRMT5",72,27,72,97,55,90,31
"SLC38A6",148,45,89,94,74,124,49
"TMEM30B",42,43,70,192,34,113,81
"FAM177A1",324,237,336,354,338,325,230
"NGDN",103,45,190,122,137,203,95
"GPR65",23,3,22,21,18,41,16
"KCNK10",1,0,4,5,1,2,0
"POTEM",2,1,16,4,2,3,6
"MIR151B",29,16,43,17,14,35,4
"MIR342",3,0,7,10,13,8,1
"SLC25A29",319,549,308,487,250,423,235
"MIR345",1,5,2,7,0,6,0
"WARS1",240,143,359,326,136,485,194
"YY1",976,456,609,730,591,1109,823
"HOMEZ",194,178,152,242,145,179,130
"PELI2",961,223,427,373,302,671,797
"SLC10A1",48,29,49,106,111,66,31
"SMOC1",3,3,14,59,8,39,11
"RPL7AP6",206,313,244,513,242,296,145
"SLC8A3",4,1,11,16,9,9,3
"EVL",2863,1584,4214,2717,3078,2819,2068
"SGPP1",56,44,67,38,24,104,68
"CATSPERB",14,4,21,26,9,14,12
"FBLN5",187,60,249,613,198,575,153
"NIN",1672,690,1576,1105,1249,2082,1301
"LRRC9",17,7,14,13,4,4,4
"DEGS2",65,46,114,92,87,87,35
"EIF5",783,322,639,611,626,1238,740
"CARMIL3",75,30,66,51,45,68,52
"IGHD3-10",2,0,1,6,3,3,1
"IGHD3-9",1,0,6,9,2,2,0
"DACT1",94,94,26,51,17,58,44
"DIO3",0,0,3,8,3,8,1
"VRK1",893,262,598,346,434,660,518
"TEDC1",76,38,90,105,43,136,25
"OR4E1",3,0,2,0,1,4,6
"ADSS1",20,17,11,47,13,18,10
"CCNB1IP1",74,44,81,120,57,105,80
"AJUBA",126,183,153,395,67,68,58
"GNPNAT1",33,24,27,44,34,53,17
"FERMT2",41,25,63,175,25,336,37
"DDHD1",648,202,618,327,405,693,656
"GMFB",141,61,78,67,47,181,106
"MAPK1IP1L",691,367,436,514,363,788,576
"DDX24",754,573,1042,998,762,1638,965
"TMEM121",7,15,11,18,3,2,0
"MAX",494,204,468,418,391,597,501
"RPL21P7",3,0,7,4,4,3,3
"RPL36AP2",1,0,2,1,1,1,5
"MYH6",1,3,11,6,24,8,4
"RAD51B",208,118,200,201,196,218,116
"SRP54-AS1",7,1,2,1,4,2,1
"IFI27",138,878,294,382,170,177,126
"EXOC5",436,228,288,160,141,395,356
"FOXG1",80,131,119,310,65,68,53
"MYH7",0,0,9,3,15,15,2
"AP4S1",174,87,221,228,143,186,156
"ATL1",29,38,52,77,25,51,22
"ANGEL1",213,102,173,292,138,193,131
"AKT1",628,423,620,865,491,562,422
"CEP170B",62,190,150,476,48,110,44
"RIN3",494,255,549,591,368,511,320
"DOCK11P1",2,0,4,2,1,1,2
"C14orf28",3,14,8,21,2,20,11
"KLHL28",197,81,156,125,143,237,178
"TOGARAM1",321,99,286,277,234,372,148
"NOVA1",14,42,44,164,33,86,20
"DTD2",15,7,21,11,10,12,8
"WDR20",392,179,421,399,365,462,321
"ZNF839",87,73,116,134,75,112,40
"CINP",71,75,109,133,69,100,27
"TECPR2",214,180,285,379,181,389,104
"LINC03059",1,5,1,2,1,1,2
"PPP1R13B",50,114,200,312,89,147,50
"ATP5MJ",163,67,134,102,115,196,97
"TDRD9",8,1,7,10,8,17,2
"IGHA1",495,28,712,4284,245,2184,423
"FAM30A",127,11,337,370,233,278,168
"LINC02289",30,3,16,16,17,30,32
"CIPC",150,196,94,127,64,129,84
"TMEM63C",17,88,8,2,6,8,0
"LINC02296",0,1,1,3,5,1,1
"GALC",180,45,189,162,117,239,144
"SHLD2P2",7,0,6,10,7,3,7
"SYNE3",336,112,716,1285,486,899,320
"GLRX5",142,29,63,48,60,123,57
"TCL6",6,3,86,2,11,5,1
"LINC03058",3,4,5,10,7,3,4
"FOS",258,178,286,1038,96,6604,22
"JDP2",19,29,52,189,36,178,16
"ACTN1",402,351,473,910,410,1109,385
"PTGDR",25,11,41,151,20,25,3
"PTGER2",13,24,13,6,7,34,2
"LINC02315",1,55,12,6,1,14,0
"HEATR5A-DT",39,31,35,51,34,14,17
"AJUBA-DT",56,59,59,146,80,35,32
"PRMT5-DT",42,55,46,57,52,25,32
"AP1G2-AS1",30,37,36,50,49,34,33
"ZFHX2-AS1",58,58,47,82,66,50,50
"LINC00524",0,0,8,14,4,8,0
"DIO3OS",4,1,33,260,37,36,8
"SYNE3-AS1",4,0,5,19,9,11,6
"LINC02291",99,74,59,77,177,104,57
"LINC02327",0,0,5,18,4,1,1
"JDP2-AS1",0,0,3,7,3,12,1
"LINC02284",61,7,35,27,34,46,59
"LINC02295",73,33,49,15,55,20,43
"MTA1-DT",32,24,33,61,29,13,10
"LINC01550",491,148,420,236,527,354,250
"LINC02691",0,0,2,7,1,2,0
"LINC02960",6,0,13,14,9,11,5
"LINC02322",1,5,1,4,3,0,3
"FRMD6-AS2",7,32,31,63,17,21,13
"FOXG1-AS1",31,45,52,122,24,31,15
"KTN1-AS1",21,32,18,38,13,25,6
"DICER1-AS1",76,30,76,123,58,36,26
"LINC02328",34,0,40,29,33,44,17
"LINC02316",12,9,20,5,16,12,10
"PNN-AS1",5,0,3,2,3,6,1
"LINC02320",5,1,1,3,2,4,3
"LINC00239",1,6,0,0,5,4,2
"ARHGAP5-AS1",6,6,5,13,7,6,6
"LINC02323",38,29,50,77,53,23,16
"LINC01588",162,87,258,166,343,237,116
"YY1-DT",16,12,36,51,39,48,12
"FUT8-AS1",4,7,6,9,4,1,3
"LINC02290",3,2,4,1,5,4,3
"LINC01500",18,12,2,4,1,0,0
"LINC00639",9,14,12,49,9,18,6
"RRAGAP1-AS1",1,1,7,7,9,4,3
"PPP1R13B-DT",6,10,11,11,13,14,5
"GALNT16-AS1",14,4,5,13,11,18,5
"LINC01551",54,88,58,147,40,46,24
"LINC02281",8,8,3,8,3,3,3
"LINC02282",9,16,14,42,13,9,12
"TOMM20L-DT",13,4,20,18,20,15,23
"PSMA3-AS1",1024,388,910,627,725,919,868
"LINC00640",7,2,9,5,10,10,13
"LINC01220",1,1,3,7,3,15,1
"LINC00519",4,0,4,2,0,6,6
"FLRT2-AS1",0,0,0,7,2,2,0
"LINC01629",1,2,4,2,1,4,1
"LINC00645",0,0,0,8,3,2,1
"PRMT5-AS1",6,8,4,7,6,7,3
"SIPA1L1-AS1",29,8,23,34,17,60,35
"RNASE2CP",6,1,0,2,1,0,1
"LINC00648",2,4,1,39,0,5,0
"OXA1L-DT",10,18,8,19,12,4,5
"LINC02332",1,0,0,5,6,7,2
"DIO2-AS1",107,40,71,78,110,104,79
"SAMD4A-AS1",6,30,34,89,12,107,27
"MAP3K9-DT",15,8,15,29,20,3,20
"PAPOLA-DT",2,0,5,7,4,0,0
"GTF2A1-AS1",11,6,13,23,13,13,9
"SNHG10",104,47,64,83,95,54,41
"LINC02298",24,68,35,150,22,9,13
"MIA2-AS1",2,1,2,4,1,4,3
"LINC01147",5,2,12,16,12,10,11
"DHRS4-AS1",185,70,167,152,110,169,107
"LINC02325",164,48,223,74,214,175,79
"FLVCR2-AS1",1,0,5,0,0,4,1
"LINC02301",0,21,25,25,18,26,15
"MIDEAS-AS1",23,4,14,63,12,44,12
"LINC02324",6,0,10,3,5,9,5
"HSPA2-AS1",168,79,143,121,145,113,129
"LINC02318",0,4,1,1,8,1,1
"G2E3-AS1",49,4,41,27,35,27,32
"TTC7B-AS1",5,2,4,8,5,5,3
"PAPLN-AS1",6,14,39,80,51,12,14
"NUMB",568,476,703,920,602,994,564
"HEATR4",91,61,108,100,83,59,109
"TXNDC16",184,28,105,63,47,162,78
"GPR137C",16,18,14,18,8,11,5
"ERO1A",136,74,95,83,54,176,110
"PSMC6",342,156,290,186,204,376,391
"HISLA",31,14,39,37,24,20,36
"DDX18P1",48,10,32,21,23,47,41
"SEC23A-AS1",0,0,2,5,3,1,0
"DDHD1-DT",81,102,102,91,80,91,63
"LINC02313",3,21,5,7,1,6,1
"LINC02288",102,22,122,93,87,144,147
"PCNX4-DT",8,0,8,3,5,13,3
"TNFAIP2",648,350,861,1586,338,860,357
"LINC00605",0,4,2,8,0,1,4
"EIF5-DT",8,0,5,8,1,5,4
"LINC00677",3,1,4,11,2,5,0
"ACTN1-DT",5,0,7,10,14,14,6
"ZFP36L1",1352,2918,1744,3185,1306,3050,1875
"RBM25-AS1",9,5,11,15,8,16,4
"DCAF4",74,17,123,132,70,69,34
"TRMT61A-DT",46,72,48,105,29,47,19
"HIF1A-AS3",382,361,237,174,141,383,358
"PRKCH",1132,150,1012,609,832,1196,717
"PRKCH-AS1",130,59,134,136,108,120,80
"LINC01303",73,13,81,45,79,138,80
"LINC03033",13,7,8,7,17,16,35
"BDKRB2",32,47,15,78,12,37,14
"CKS1BP1",1,1,1,3,3,5,0
"CHMP4BP1",21,11,32,40,38,55,15
"MEG8",8,88,76,248,38,212,61
"MEG9",1,7,10,74,9,12,3
"MEG3",71,1683,992,5190,703,1918,989
"IGHV1OR15-1",38,10,97,46,74,92,31
"IGHV1OR15-3",13,0,13,8,6,26,9
"ZFYVE19",129,139,143,216,134,104,53
"OCA2",0,3,5,6,3,4,1
"DPH6",87,108,63,40,35,90,20
"C15orf62",93,67,95,129,61,60,56
"SPRED1",47,247,146,198,46,221,72
"FMN1",495,627,705,788,1221,527,237
"GABRG3",2,8,13,28,12,14,7
"HNRNPA1P71",6,4,9,7,18,10,6
"PRTG",5,6,13,30,1,13,3
"RAD51",90,33,58,35,59,108,38
"GOLM2",481,310,355,399,245,496,445
"SHC4",4,0,5,10,2,2,0
"APH1B",219,48,161,122,131,220,154
"FRMD5",122,70,93,62,96,90,102
"CTDSPL2",550,242,371,337,284,623,462
"CCNB2",311,124,155,104,181,299,145
"LDHAL6B",1,2,4,2,0,6,4
"COPS2",171,134,109,91,78,220,120
"SMAD6",47,158,92,228,34,37,43
"SLTM",865,713,864,754,792,1256,766
"GAPDHP43",7,4,24,16,27,16,4
"SECISBP2L",499,325,412,465,323,700,448
"HERC1",2137,1096,2796,2411,2267,3434,1541
"SALRNA2",7,20,7,32,7,3,2
"SKOR1",27,15,18,26,16,32,12
"THAP10",8,5,1,9,2,8,1
"HNRNPA1P45",12,28,9,8,18,11,6
"GCHFR",3,7,3,10,2,9,2
"CA12",2,0,3,20,0,16,7
"MYO1E",303,441,313,403,290,366,175
"HNRNPMP1",56,28,45,23,41,40,44
"RAB8B",331,78,214,128,141,378,365
"ARIH1",929,661,576,534,404,956,791
"PLCB2",443,67,665,615,575,888,186
"ITGA11",43,88,61,310,37,152,17
"HACD3",400,351,244,258,181,286,248
"PLCB2-AS1",5,0,5,4,4,2,1
"REC114",5,19,11,13,11,4,5
"NPTN-IT1",136,124,119,108,87,99,66
"NPTN",164,269,207,289,144,328,114
"FEM1B",415,240,343,323,273,451,360
"PML",509,1063,749,959,542,635,450
"SALRNA3",3,1,0,5,1,1,0
"ALDH1A2",71,50,85,80,73,170,57
"NEO1",219,591,215,569,180,406,152
"HMG20A",294,233,257,285,227,383,267
"SLC27A2",2,0,3,2,1,6,2
"NDUFAF4P1",3,5,3,5,4,1,3
"IREB2",765,472,507,385,322,768,631
"NPM1P43",4,16,6,9,3,4,0
"HCN4",1,8,4,3,0,2,0
"EDC3",182,192,250,358,188,255,94
"CTDSPL2-DT",15,11,12,9,17,6,23
"MAP2K5",455,230,445,380,389,473,288
"CNOT6LP1",29,31,48,36,52,44,64
"HNRNPA3P11",238,84,148,95,152,181,224
"HSP90AB4P",63,24,116,48,131,121,48
"PAK6-AS1",0,3,2,3,2,2,0
"PSMA4",294,86,216,151,173,399,206
"FKBP1AP2",2,5,2,11,1,0,0
"GOLGA6A",2,30,9,7,0,6,2
"ULK3",181,326,184,249,142,146,80
"CSPG4",24,186,102,655,33,219,30
"LIPC",30,30,35,13,66,57,23
"STOML1",98,133,99,129,103,73,63
"RPL15P19",8,6,11,15,11,4,6
"AP4E1",235,172,156,125,135,195,179
"TCF12-DT",165,47,131,136,101,66,92
"ATP8B4",23,4,65,58,31,102,54
"LIPC-AS1",28,35,42,9,69,35,26
"LOXL1",93,113,41,69,10,40,9
"RPL21P14",0,4,2,1,2,1,2
"LINC02204",4,7,5,6,2,3,0
"LMAN1L",1,12,2,0,1,0,0
"GALK2",212,148,205,210,128,196,125
"CHRNA3",1798,273,1096,920,1237,2060,1625
"RPL21P113",2,6,5,2,1,5,4
"DNAAF4",5,16,2,7,2,2,1
"RMDN3",218,250,202,219,185,234,140
"CHRNA5",100,38,68,39,58,90,84
"DCAF13P3",14,2,9,6,15,23,11
"UACA",88,246,203,446,112,356,105
"SCAMP2",376,299,317,457,232,494,155
"SNUPN",65,42,69,66,50,55,49
"SCAPER",308,211,510,418,353,636,203
"HYKK",18,21,23,49,15,28,33
"DNAJC17",88,89,124,165,73,101,77
"USP3",444,203,413,384,391,496,577
"ABHD17C",17,48,34,46,19,31,22
"CEMIP",162,99,236,347,162,254,171
"HOMER2",115,583,167,355,194,172,50
"PDE8A",261,201,216,273,140,308,197
"MINAR1",2,12,12,29,13,10,4
"MRPS11",139,133,134,161,122,192,89
"LARP6",17,13,27,197,26,107,24
"RORA",284,633,412,506,262,526,406
"HMGB1P51",83,17,38,14,45,68,84
"EID1",208,273,189,288,119,412,125
"ADAMTSL3",11,18,31,161,37,98,27
"HDC",1,0,10,56,5,43,19
"LINC02157",0,0,4,11,1,6,0
"AEN",148,103,210,153,259,204,92
"ADAM10",2002,778,1573,747,1756,2514,2089
"SH3GL3",112,20,110,47,55,114,90
"MRPL46",72,46,50,52,48,44,43
"TUBAP12",0,0,2,6,0,2,2
"IGF1R",864,791,1022,1929,758,1467,880
"MINDY2",228,237,236,199,206,362,299
"NR2F2",35,111,139,443,63,224,69
"CEP152",234,99,252,168,284,260,84
"FAM81A",14,143,7,15,7,11,5
"RNA5SP390",2,0,8,2,1,1,1
"MIR3942",4,2,2,0,2,1,1
"RN7SL577P",4,1,9,13,5,7,7
"MIR4716",1,1,2,3,2,2,0
"RN7SL307P",4,2,3,4,5,3,7
"RN7SKP95",54,10,73,25,51,39,34
"RNU6-212P",2,7,0,3,0,1,0
"RNU6-1",26,9,117,27,69,36,145
"MIR629",2,4,4,4,4,2,0
"MIR4513",20,6,19,20,17,11,19
"RN7SKP217",1,1,14,12,11,6,10
"ZNF592",653,995,850,1095,820,1016,460
"RNU6-90P",9,10,4,1,2,4,12
"LEO1",134,174,165,109,122,285,120
"TMOD3",559,423,525,531,392,707,434
"CKMT1B",1,122,16,19,10,22,5
"STRC",16,155,113,47,73,82,27
"PDIA3P2",1,7,4,6,1,1,1
"PPIP5K1P1",100,250,201,347,141,160,47
"CKMT1A",0,97,21,14,4,17,4
"ELL3",1,4,1,1,2,3,2
"MFAP1",98,142,133,175,146,216,89
"SLC24A1",173,217,259,367,176,364,111
"DENND4A",540,249,585,387,367,953,460
"SNORD13E",10,0,2,2,1,12,16
"RAB11A",294,176,225,215,131,390,181
"HNRNPA1P44",1,0,1,3,3,1,4
"RNU6-18P",8,3,37,2,7,2,16
"GOLGA8O",128,126,139,234,102,92,83
"RN7SL539P",0,3,7,6,1,1,2
"GOLGA6L23P",12,11,14,20,6,6,1
"CIB2",253,126,191,144,186,171,241
"HMGB1P6",256,240,392,263,456,625,308
"CSPG4P11",15,249,52,240,37,26,15
"RN7SL331P",2,58,16,37,12,15,3
"RN7SL417P",2,83,12,68,16,5,4
"CSPG4P5",1,5,0,9,1,0,0
"WDR76",256,96,158,87,143,243,142
"PIN4P1",19,7,6,11,15,14,11
"BUB1B",417,167,265,140,409,471,300
"SEMA6D",100,172,66,147,28,128,30
"AKAP13",1443,1034,2084,2148,2118,3359,1178
"PPP1R14D",5,3,7,10,7,5,6
"SNX33",140,642,367,874,194,334,136
"CATSPER2",100,478,214,259,146,125,155
"TCF12",3533,992,2631,1878,2000,3864,2550
"DEPDC1P1",1,0,2,1,7,3,5
"CHRNA7",9,32,30,61,15,18,15
"EMC7",80,56,66,49,49,120,44
"RPL32P2",2,5,5,3,2,2,2
"PGBD4",34,70,66,36,45,47,21
"KATNBL1",202,166,174,214,161,182,157
"EMC4",93,74,79,118,77,119,60
"ACTG1P15",5,0,4,3,0,0,0
"ABHD2",598,322,542,667,342,1086,559
"RNU7-195P",0,0,3,0,3,10,5
"HMGB1P8",16,8,11,6,12,17,17
"RLBP1",1,0,4,5,2,7,5
"SLC12A6",831,301,708,624,618,1089,715
"SLC28A2",33,44,23,26,24,13,4
"GATM",77,204,85,177,54,134,33
"AFG2B",44,18,54,64,45,58,41
"SLC30A4",34,42,40,55,12,33,19
"BLOC1S6",303,287,223,205,133,295,223
"SQOR",25,17,18,33,25,55,18
"RNA5SP395",2,0,4,3,1,4,1
"USP50",33,44,58,27,25,47,60
"TRPM7",581,503,664,504,441,738,423
"MESD",240,194,374,443,322,377,256
"CFAP161",3,4,4,11,7,8,2
"SLC28A1",2,23,0,3,1,4,0
"UBE3A",1054,663,787,619,500,1101,756
"ALPK3",64,244,121,325,103,132,66
"AVEN",27,47,56,48,34,54,10
"CHRM5",23,12,31,19,20,24,21
"FAM227B",65,68,58,61,68,48,28
"DTWD1",216,318,246,287,251,217,201
"SNX1",1403,876,1160,1534,966,1498,1028
"SNX22",178,91,142,111,126,81,56
"CSNK1G1",356,402,322,353,317,381,287
"PCLAF",38,83,24,29,22,30,19
"TRIP4",124,96,153,139,118,206,63
"GAPDHP61",103,45,81,78,108,64,90
"RN7SL628P",1,2,9,1,4,6,2
"FDPSP4",1,0,0,7,6,1,0
"UBR1",641,216,554,394,373,815,352
"RPS3AP47",61,0,27,14,21,37,46
"TMEM62",222,59,161,106,114,153,136
"CCNDBP1",190,54,207,196,158,239,132
"LCMT2",81,48,56,95,52,81,41
"DMXL2",542,258,470,306,287,595,215
"SCG3",13,7,8,7,9,4,8
"LYSMD2",20,30,23,20,12,21,18
"FBXL22",6,6,6,13,7,18,2
"PIAS1",684,479,628,564,599,1037,524
"DET1",84,73,78,132,68,82,48
"RNF111",253,274,317,317,256,475,196
"LRRC49",21,18,36,86,22,57,18
"PLIN1",12,30,301,1166,55,815,123
"PEX11A",11,32,19,66,23,24,10
"RPL36AP43",5,7,11,14,3,2,1
"JMJD7",19,25,22,31,23,21,8
"JMJD7-PLA2G4B",96,134,151,250,128,81,61
"SPTBN5",26,231,63,90,36,35,8
"EIF3J",218,146,157,110,121,226,185
"CD276",22,153,58,232,20,90,19
"RPL36AP44",5,1,2,14,3,34,8
"ICE2",477,288,394,425,296,473,287
"CYCSP38",3,21,6,3,8,13,8
"WDR93",4,1,6,16,5,5,0
"ANPEP",60,15,112,184,90,185,35
"AP3S2",188,216,199,247,147,184,125
"MIR5094",3,9,1,2,2,3,1
"RNU6-1111P",5,1,1,1,0,3,1
"ARPIN",74,108,157,408,77,147,92
"ANXA2",255,1196,619,1483,305,1599,421
"MTHFS",12,14,13,27,12,18,6
"BCL2A1",8,4,13,2,4,117,11
"SPG21",320,183,281,236,184,361,162
"MTFMT",39,29,42,60,38,75,11
"SLC51B",0,0,2,13,0,2,0
"RASL12",4,9,14,60,5,24,8
"PDCD7",212,187,206,270,220,208,152
"CLPX",277,162,216,237,147,290,186
"CILP",11,11,39,146,14,222,16
"SNORA24B",5,1,2,1,1,5,6
"MAGEL2",0,0,2,7,0,2,1
"NDN",32,94,38,83,26,99,17
"PAQR5",3,12,3,10,4,7,3
"RPLP1",1394,1165,1122,2082,703,2423,598
"LINC02896",0,3,2,4,3,2,1
"KIF23",257,107,166,72,158,205,147
"MYO5C",83,115,122,238,81,210,51
"EEF1B2P1",27,1,26,25,15,11,20
"ARPP19",697,484,479,432,293,699,478
"EEF1A1P22",12,4,24,16,42,17,26
"CHSY1",212,270,192,228,136,481,153
"TM2D3",257,92,163,140,160,250,153
"TARS3",122,70,166,179,113,199,87
"PCSK6",310,249,310,549,685,387,145
"PIGBOS1",13,32,24,45,11,19,12
"PIGB",119,51,96,55,43,109,53
"RSL24D1",208,81,133,88,71,246,128
"CHP1",298,593,190,280,155,380,179
"OIP5",4,1,3,2,6,2,2
"NUSAP1",20,31,8,7,7,8,10
"NDUFAF1",58,56,61,71,73,56,26
"LTK",3,0,6,28,4,6,0
"RPAP1",148,260,172,265,144,153,77
"ELOCP2",2,3,1,3,3,1,2
"TYRO3",7,8,37,136,12,83,5
"KLF13",3008,1154,3131,2052,3053,3952,2192
"RPL21P116",5,2,7,2,4,7,5
"RNU6-415P",9,1,4,3,4,15,4
"RASGRF1",7,4,22,17,21,21,9
"CTSH",292,225,696,796,593,755,344
"MKRN3",23,1,3,12,18,45,18
"FGF7",8,11,30,72,11,116,56
"HMGN2P5",106,111,141,149,104,141,98
"PYGO1",7,21,18,53,8,27,9
"GNB5",218,403,258,178,204,250,270
"LINGO1",2,10,6,14,2,10,0
"HAPLN3",45,13,83,92,29,97,64
"ACAN",1,3,14,39,1,34,11
"RNA5SP402",13,3,2,0,1,3,2
"CERS3-AS1",2,28,15,51,2,6,2
"RNU6-322P",4,10,8,2,0,4,6
"PRKXP1",11,6,23,28,11,17,2
"RNU6-181P",5,5,5,2,5,1,0
"AAGAB",371,252,270,128,201,291,260
"RPS24P16",15,1,7,2,1,3,6
"TJP1",181,549,306,698,197,548,172
"ADAMTS17",2680,1095,1076,714,1527,1055,564
"LINS1",156,110,170,174,111,180,95
"ASB7",146,113,126,90,57,142,137
"CERS3",2,30,3,18,3,4,3
"LINC01585",14,7,11,14,15,6,5
"FES",29,17,61,149,21,110,13
"BLM",225,74,173,64,123,182,90
"FURIN",171,220,218,421,130,447,174
"ISG20",602,133,1083,458,1522,1059,359
"AP3B2",7,154,52,160,31,33,15
"FSD2",14,31,31,51,41,16,4
"WHAMM",157,201,143,205,119,190,136
"SENP8",48,27,42,63,36,42,40
"GRAMD2A",7,25,5,17,6,8,2
"CELF6",4,12,5,4,3,1,3
"ARID3B",184,144,195,170,145,217,141
"TMOD2",379,302,406,408,274,382,393
"CLN6",130,314,212,232,144,159,79
"INSYN1",0,3,5,7,0,2,2
"PLA2G4B",15,51,35,71,31,11,22
"ZNF280D",693,141,502,308,383,520,579
"NEDD4",116,75,111,142,91,197,84
"NSMCE3",94,63,80,106,60,131,34
"APBA2",158,109,122,76,320,169,91
"SORD",108,107,106,99,62,101,56
"DUOX2",11,94,12,29,8,6,4
"DUOX1",481,1314,463,532,345,361,255
"LARP4P",8,6,14,12,22,7,4
"TPST2P1",11,5,7,7,4,2,2
"CDIN1",117,149,105,120,75,100,49
"ADPGK",606,248,717,465,453,643,509
"FABP5P8",21,1,8,6,7,13,14
"TM6SF1",18,21,32,35,21,36,7
"BNC1",73,391,48,129,30,65,39
"SPG11",1022,872,1184,978,864,1351,736
"STARD5",17,0,45,39,34,23,22
"TMC3",4,1,10,56,10,16,2
"RPS12P26",7,12,18,26,14,19,9
"NGRN",102,71,54,97,66,74,46
"FAH",59,94,78,201,46,84,56
"CTXND1",4,8,4,20,6,9,6
"DUT-AS1",34,38,32,57,47,26,23
"DUT",253,167,179,195,169,277,136
"RFX7",708,534,534,442,427,743,570
"TMEM183AP3",4,0,1,1,9,1,0
"FAN1",454,489,407,489,413,380,241
"MTMR10",456,273,390,324,255,600,391
"RNU6-466P",8,3,13,4,13,4,15
"HEXA",639,738,644,711,521,513,613
"ZNF710",172,102,204,251,116,153,126
"MIR3174",4,4,10,9,2,4,1
"ZNF710-AS1",144,44,126,124,108,146,147
"IDH2",671,343,459,393,336,733,334
"GABARAPL3",1,7,0,2,1,1,0
"ZNF774",45,45,67,122,55,58,22
"IQGAP1",1467,781,1508,1859,1269,3311,1250
"HSPE1P3",3,3,11,7,14,11,11
"SPINT1",10,92,77,204,37,75,18
"CLK3",826,680,995,1198,971,905,581
"CALML4",6,1,9,10,24,4,6
"SH2D7",63,48,87,40,78,39,105
"TBC1D2B",1044,587,966,1151,730,1057,1067
"ENTREP2",0,4,3,5,5,4,2
"CSK",641,342,721,589,541,760,475
"GDPGP1",49,24,55,68,37,29,19
"GOLGA2P8",3,1,1,8,2,1,1
"UNC13C",3,0,22,9,6,13,7
"PEAK1",436,549,576,905,447,800,324
"ATOSA",534,187,571,468,376,616,546
"DUOXA1",3,53,7,11,5,4,0
"IMP3",68,113,65,79,52,59,28
"CPEB1",0,13,2,12,6,7,2
"PATL2",71,33,123,90,100,108,39
"GOLGA8B",1288,364,2284,3854,1894,1836,865
"GOLGA6L4",86,82,107,192,100,95,112
"DIS3L",235,202,225,301,138,238,157
"TIPIN",45,52,54,32,32,41,18
"SCARNA14",4,0,4,1,4,0,6
"MAP2K1",272,242,248,261,207,336,177
"ATP5MFP6",16,0,4,8,7,7,3
"RPL35AP32",25,16,14,12,14,11,18
"SNAPC5",96,84,65,78,69,113,43
"MIR4512",7,7,2,1,1,2,0
"RPL4",4029,3670,2485,3741,2468,4784,2837
"ZWILCH",92,17,55,20,20,69,36
"RN7SL286P",2,3,7,3,3,2,5
"ARHGAP11A",152,71,64,26,54,85,129
"GREM1",6,7,1,8,2,14,10
"GOLGA8H",34,45,52,64,41,52,44
"SLC12A1",16,13,14,4,12,82,2
"UBAP1L",340,294,420,610,491,304,252
"RPL41P2",51,47,118,106,91,91,101
"HERC2",1551,1555,1745,2046,1416,1882,826
"TLNRD1",144,80,142,229,108,215,70
"MEGF11",164,321,129,168,133,109,101
"INAFM2",69,129,37,78,32,90,50
"PHGR1",22,9,10,5,13,11,9
"DISP2",79,38,69,68,48,62,24
"BAHD1",206,458,193,240,135,159,60
"CHST14",46,131,38,78,35,56,29
"IVD",332,170,392,522,301,340,235
"MYO5A",785,605,1134,1541,756,1110,536
"TLE3",865,726,827,1126,640,1090,663
"LPCAT4",160,74,227,303,162,138,240
"ARNT2",18,47,67,61,25,41,23
"SNRPA1",216,89,196,124,98,293,174
"TGM5",1,10,4,0,3,0,3
"GOLGA6B",3,47,8,9,1,11,3
"ATP10A",78,37,116,153,66,120,30
"KNSTRN",239,102,123,95,137,143,100
"LYSMD4",132,63,140,177,81,99,100
"MCTP2",153,250,190,195,78,334,192
"MAPK6",261,542,169,140,180,242,229
"ARHGAP11A-SCG5",18,5,16,9,19,14,19
"SHF",48,160,78,181,45,75,42
"GOLGA6L7",9,6,20,12,17,4,11
"RPL17P39",91,46,122,108,171,134,241
"NR2E3",0,2,4,13,6,4,4
"RNA5SP399",2,2,2,4,1,1,0
"CRTC3",419,381,488,594,363,645,369
"PDIA3",488,585,526,528,375,892,573
"TYRO3P",31,41,56,67,33,39,25
"OTUD7A",65,148,45,86,52,53,39
"THSD4",8,15,130,552,85,103,119
"SCG5",4,4,4,1,7,0,5
"INTS14",202,163,144,140,151,234,106
"RTF1",415,424,364,454,322,612,381
"MESP1",2,2,0,8,0,1,0
"SEMA4B",279,677,351,610,273,340,226
"CCDC9B",63,197,108,152,63,63,40
"LCTL",5,0,13,13,10,14,10
"MFGE8",836,171,765,1134,685,1052,658
"CIB1",109,112,195,161,116,158,194
"EHD4",50,98,105,190,57,154,68
"PLA2G4D",2,24,2,1,7,4,2
"LACTB",30,41,35,53,31,65,41
"RPS27L",207,108,115,244,150,272,71
"MEX3B",84,58,90,137,77,51,74
"RNU1-77P",0,0,1,0,4,2,4
"GOLGA6L10",42,41,53,77,41,43,55
"GOLGA6L9",156,62,70,167,93,120,104
"RPS17",58,27,65,57,60,66,37
"EFL1",208,161,207,140,198,287,117
"TICRR",213,154,191,190,223,191,103
"KIF7",67,47,84,167,56,60,28
"FANCI",1114,499,675,381,667,868,822
"RHOV",0,7,10,9,2,7,6
"VPS18",127,139,118,161,64,152,55
"DLL4",82,87,80,123,63,95,26
"CHAC1",4,3,6,4,2,2,3
"INO80-AS1",17,28,20,12,19,11,10
"CYCSP2",11,5,5,8,4,6,4
"INO80",523,348,597,657,438,698,337
"RCN2",207,114,153,158,123,238,208
"TSPAN3",515,349,481,583,492,768,426
"PSTPIP1",204,61,335,253,225,228,95
"CCPG1",87,139,109,106,95,113,107
"RAB27A",214,99,284,202,151,338,224
"GOLGA8Q",53,73,86,167,60,67,42
"FAM98B",361,173,245,152,190,317,247
"RASGRP1",1615,366,1145,521,653,1069,1114
"GOLGA8J",30,19,35,60,24,37,29
"RN7SL673P",1,3,3,2,3,4,1
"GOLGA8T",41,17,36,48,25,40,35
"RNU6-17P",9,0,23,0,9,3,20
"RN7SL196P",0,3,4,3,2,0,4
"TTLL13",3,1,0,4,4,4,0
"RN7SL736P",2,1,4,3,1,1,0
"SPPL2A",417,321,381,342,268,408,383
"ST20",42,37,31,23,31,26,33
"GCNT3",19,53,18,21,9,14,6
"GTF2A2",130,112,91,83,66,157,77
"PIGHP1",20,10,23,23,12,16,7
"RPS3AP6",379,45,226,170,163,239,265
"CCDC32",100,195,243,209,205,178,125
"RPUSD2",31,36,35,57,27,32,16
"KNL1",693,206,413,178,331,580,347
"RN7SL376P",3,2,4,5,1,0,0
"PKM",865,2300,798,953,483,1108,780
"IGHV4OR15-8",1,0,6,0,2,0,2
"CIMAP1C",0,27,0,12,0,8,3
"UBE2Q2",192,200,138,106,130,188,251
"RN7SL510P",2,1,8,6,2,7,1
"FBXO22",200,175,202,157,140,188,180
"NRG4",11,10,12,11,9,9,14
"ETFA",283,237,233,282,161,323,159
"GOLGA8S",3,12,4,16,7,10,9
"GOLGA8A",947,265,1839,3870,1842,1683,928
"NOP10",105,91,81,86,76,152,60
"DAPK2",32,23,75,141,34,90,26
"PAK6",12,59,11,41,6,11,2
"C2CD4A",1,8,18,42,9,30,25
"C2CD4B",6,4,19,64,9,82,21
"PIF1",97,45,77,73,87,68,46
"PLEKHO2",110,71,138,284,79,347,99
"ANKDD1A",106,144,170,212,153,115,107
"GOLGA8K",31,23,41,44,33,29,26
"FTLP20",2,3,2,1,2,3,1
"ASB9P1",8,2,5,17,5,8,2
"MIR3175",2,0,3,1,2,6,2
"RGMA",49,516,67,228,52,89,23
"YBX2P2",3,11,1,9,1,2,2
"BNIP2",557,359,353,219,247,668,454
"HDDC3",19,29,28,59,21,28,13
"UNC45A",199,154,202,372,150,192,98
"PRC1",48,6,24,21,29,29,26
"VPS33B",38,43,37,38,37,31,22
"SV2B",16,555,56,43,27,65,30
"ZSCAN2",72,50,106,151,92,97,46
"WDR73",112,114,138,176,129,129,100
"NMB",8,28,6,13,1,9,4
"NIPA1",291,223,215,173,132,219,202
"NIPA2",152,84,144,136,70,153,95
"TUBGCP5",185,217,187,166,134,216,96
"CYFIP1",150,374,227,546,151,361,70
"FAM174B",86,47,69,82,75,70,12
"HMGN1P38",21,21,14,21,26,27,15
"FAM149B1P1",3,0,3,1,1,2,1
"SEPHS1P2",7,6,2,1,3,3,3
"MIR4312",28,4,28,23,19,29,18
"SPESP1",12,17,23,14,20,12,13
"OR4F28P",9,3,2,2,3,2,4
"SNORD13D",51,37,48,32,28,34,52
"CGNL1",161,222,265,979,165,283,111
"POLR2M",215,70,188,144,232,208,126
"TNFAIP8L3",5,4,9,20,5,14,3
"CYP19A1",11,17,1,4,3,11,3
"GOLGA8R",126,148,144,204,123,108,84
"SNAP23",116,61,98,95,79,180,107
"LRRC57",176,241,151,227,159,129,117
"HAUS2",116,94,88,77,50,85,64
"STARD9",975,2636,1519,2243,1526,1420,893
"EIF4EBP2P2",5,4,4,6,6,2,4
"CDAN1",239,795,271,418,309,272,137
"KRT8P50",2,6,13,12,12,7,4
"TTBK2",363,370,359,459,342,478,395
"RNU7-79P",7,0,3,1,4,2,3
"FABP5P9",22,7,18,18,17,22,10
"MGA",1436,978,1573,1285,1339,1933,944
"GOLGA8VP",25,48,38,84,71,40,13
"C15orf39",198,324,148,401,136,255,98
"GOLGA6C",3,28,7,6,2,7,4
"COMMD4",162,112,153,185,119,149,92
"NEIL1",486,492,615,660,430,512,345
"MAN2C1",453,551,592,917,451,633,281
"RPL13P4",12,0,11,9,11,15,11
"PTPN9",304,286,314,369,318,398,266
"SIN3A",1144,809,923,947,719,1487,961
"PLA2G4F",108,1491,119,25,304,108,44
"VPS39",731,471,774,810,579,930,432
"MIR627",1,4,1,3,5,4,2
"TMEM87A",203,72,165,129,73,269,148
"BNIP3P5",2,13,7,14,7,1,1
"CORO2B",4,74,42,138,18,71,21
"ANP32A",1261,846,1234,982,1598,1518,1263
"GLCE",77,98,114,106,77,148,48
"CSPG4P13",5,0,8,28,0,1,0
"ADAMTS7P3",8,18,7,12,9,3,2
"STRCP1",0,4,14,5,10,8,3
"UBE2Q2P13",6,2,11,3,0,5,4
"DNM1P46",1,8,2,0,1,0,0
"ADAMTS7P1",15,1,21,13,34,18,3
"UBE2Q2P2",10,0,6,5,6,10,17
"CSPG4P10",13,162,29,196,25,21,8
"GOLGA6L17P",2,11,11,52,9,4,9
"HERC2P2",10,4,14,15,11,5,10
"CATSPER2P1",8,15,10,16,3,6,4
"HERC2P9",6,2,5,6,1,3,8
"CSPG4P12",17,289,41,289,39,31,17
"ADAMTS7P4",5,0,14,8,12,6,2
"ISLR2",0,10,5,39,4,11,2
"ISLR",29,83,41,264,17,112,28
"STRA6",11,7,6,15,11,13,11
"CYP11A1",4,11,7,5,3,2,1
"SEMA7A",152,97,234,161,139,262,185
"UBL7",88,79,82,94,72,74,29
"MEF2A",490,394,524,591,375,736,480
"MIR4714",14,0,8,11,5,13,17
"SYNM",302,769,80,251,72,168,71
"TTC23",51,59,85,161,30,89,27
"TTC23-AS1",15,67,16,45,17,16,7
"HSP90B2P",5,4,19,15,17,20,7
"HNRNPA1P62",28,33,24,25,28,23,37
"MEIS2",179,805,418,959,176,310,190
"SEC11A",435,371,386,292,305,367,477
"ACSBG1",142,51,139,81,110,26,119
"DNAJA4",143,212,182,165,160,169,490
"SKIC8",214,259,187,266,178,190,182
"CHD2",2944,2420,3374,3008,3292,4710,4118
"GABRB3",5,12,21,30,15,22,16
"GABRA5",216,304,35,13,12,42,31
"ARHGAP11B",152,48,71,21,85,55,144
"POLG",643,336,654,645,467,629,449
"PIERCE2",2,1,4,1,4,3,2
"IL16",849,220,1121,1042,996,1201,479
"GOLGA8N",123,87,82,180,69,105,59
"VPS13C",2027,1087,2234,1792,1378,2919,1247
"B2M",1678,647,1790,732,977,4171,1805
"NTRK3",33,1,134,319,49,189,42
"ZSCAN29",285,323,284,353,258,272,203
"TUBGCP4",163,149,125,139,152,137,102
"RN7SL487P",12,16,11,9,7,8,5
"TP53BP1",609,749,822,896,793,885,399
"MAP1A",2002,1735,1606,1513,2230,2258,1735
"PPIP5K1",191,586,378,577,280,304,125
"PGPEP1L",3,4,4,2,4,3,0
"MPI",125,231,158,277,168,168,68
"FAM219B",66,114,61,140,80,58,50
"COX5A",143,216,138,91,93,214,64
"RPP25",18,155,10,19,16,10,7
"SCAMP5",33,153,81,64,45,74,22
"PPCDC",113,101,148,165,116,85,59
"GOLGA6D",2,33,5,5,0,3,1
"SERF2",503,277,347,564,268,488,216
"TUBAP11",2,3,7,7,11,5,3
"AQR",640,453,571,392,388,745,396
"RPL36AP8",45,23,43,33,52,33,56
"ZNF770",239,177,120,130,81,228,132
"PRELID1P4",0,1,1,10,0,3,1
"THBS1",466,341,108,645,43,7344,314
"THBS1-IT1",25,14,1,13,3,285,8
"FSIP1",5,0,5,1,2,8,1
"GPR176",11,5,29,54,13,76,12
"EIF2AK4",256,265,362,427,276,534,186
"H3P38",2,0,2,3,3,6,2
"SRP14",359,152,251,230,185,573,208
"NANOGP8",3,1,1,8,1,4,0
"GANC",247,149,329,393,245,407,146
"CAPN3",128,89,244,292,164,161,67
"ZNF106",804,760,948,1054,717,1297,544
"RNU6-188P",5,0,4,3,0,1,1
"MYEF2",350,219,258,144,197,332,327
"GLDN",12,202,12,58,4,81,5
"AQP9",6,1,5,6,4,252,11
"MTCO3P23",0,1,0,0,2,11,0
"MTND3P12",1,8,0,0,0,4,1
"MTND5P32",5,12,0,3,1,31,2
"MTCYBP23",3,6,3,0,2,29,5
"MYO9A",507,347,586,709,445,796,336
"EIF5A2P1",3,0,6,3,1,2,0
"RNU2-65P",3,3,3,4,2,1,3
"NUTM1",4,4,14,15,13,3,4
"TRPM1",0,3,28,8,0,0,0
"SLCO3A1",70,89,126,334,61,182,39
"NPM1P5",1,0,4,0,5,0,11
"ST8SIA2",56,28,57,35,38,39,27
"ENO1P2",6,4,7,1,3,3,0
"NOX5",111,23,13,13,26,10,6
"WHAMMP1",6,0,1,6,3,3,0
"HNRNPCP3",0,1,3,5,6,1,1
"TMED3",179,87,191,163,158,171,130
"MAPDA",73,93,73,64,66,51,43
"TMEM266",46,51,55,58,60,45,17
"RYR3",60,1896,391,1144,173,370,196
"ACTC1",1,0,17,12,3,34,3
"TPM1",226,543,230,823,223,567,152
"TRIM69",126,267,167,183,136,160,92
"FBN1",248,331,512,2597,255,1984,202
"MYZAP",3,0,7,21,3,11,9
"CHRFAM7A",2,7,7,19,4,1,6
"RPL7AP62",14,30,13,14,6,9,7
"RAMAC",33,30,33,48,27,52,29
"C15orf40",375,432,393,456,386,274,342
"BTBD1",315,180,149,143,133,283,175
"HDGFL3",272,239,278,326,200,402,209
"SMAD3",405,527,789,1500,564,777,553
"SMAD3-AS1",20,14,39,39,17,30,21
"EPB42",3,2,10,2,5,6,1
"CIAO2A",129,120,104,82,109,128,137
"ALDH1A3",0,28,13,55,7,65,1
"LRRK1",124,121,292,544,245,314,97
"PWRN1",10,2,7,11,9,8,8
"PWRN2",3,0,4,0,3,2,0
"SNRPN",121,80,131,124,142,164,157
"RPL5P1",3,2,4,3,8,5,5
"RPS27P2",1,0,3,1,3,2,6
"SNURF",8,6,11,11,7,8,11
"SNORD116-5",2,2,16,5,0,3,1
"SNORD116-17",5,1,4,6,2,3,5
"NUTF2P6",0,4,0,4,1,4,0
"RBM17P4",5,6,10,8,8,15,1
"AKAP13-AS1",19,13,7,13,22,33,13
"RNU6-1280P",6,6,2,1,2,4,2
"LINC02883",13,6,28,25,29,32,23
"KLHL25",55,36,99,74,59,72,46
"MIR9-3HG",6,3,24,5,14,16,9
"RCCD1-AS1",6,17,9,16,9,3,11
"ARRDC4",78,71,70,94,24,173,87
"LRRC28",383,173,235,178,227,315,232
"PPIB",158,127,243,256,223,334,147
"CHRNB4",70,18,72,36,43,79,147
"ADAMTS7",13,16,29,81,15,20,12
"MORF4L1",848,384,780,821,632,1384,824
"BBS4",247,167,274,258,190,259,151
"ZFAND6",503,394,516,317,421,581,768
"ZNF609",1463,1052,1589,1860,1632,1771,1491
"RPL21P15",40,9,19,25,16,29,15
"RNU6-549P",5,8,4,3,4,5,6
"OAZ2",519,468,575,899,671,664,587
"RBPMS2",8,6,24,98,32,46,24
"GABRG3-AS1",2,10,34,47,11,13,9
"SPINT1-AS1",2,15,5,34,9,6,1
"MINDY2-DT",4,0,5,7,6,4,3
"LINC03034",53,30,78,73,77,57,46
"LINC02352",100,24,115,110,97,89,70
"USP3-AS1",196,46,152,69,103,147,282
"LINC02895",2,0,11,1,5,9,3
"LINC02345",4,0,6,6,5,5,3
"LINC01852",1,3,4,7,3,10,2
"SPATA41",7,21,6,30,12,7,2
"LINC02244",12,6,10,6,11,12,6
"ADPGK-AS1",31,0,21,11,4,32,15
"LINC02253",3,2,1,4,1,2,0
"LINC00923",87,338,79,148,62,68,45
"LINC02348",3,5,5,2,7,7,7
"RAD51-AS1",341,196,390,369,363,337,273
"PAQR5-DT",2,18,4,11,12,2,3
"IRAIN",26,9,14,6,6,2,0
"THSD4-AS1",0,0,8,42,6,4,2
"FBN1-DT",8,2,4,7,5,5,3
"KIF23-AS1",6,18,5,28,11,13,1
"SCG5-AS1",21,14,20,4,22,9,16
"SLC28A2-AS1",39,52,10,18,16,5,0
"CRAT37",2,9,0,0,1,0,2
"ZSCAN2-AS1",9,8,14,11,10,11,4
"ST20-AS1",33,40,43,34,33,37,31
"LUNAR1",125,109,132,45,186,90,143
"CRTC3-AS1",24,22,37,30,23,26,19
"LINC02205",1,0,2,2,2,2,2
"LINC02207",12,8,21,7,31,71,8
"RORA-AS2",1,0,6,5,2,5,1
"EIF3J-DT",62,28,90,149,84,59,11
"LINC01413",0,6,2,7,1,3,2
"NTRK3-AS1",0,0,7,20,3,3,1
"DIS3L-AS1",9,24,0,5,11,0,1
"LINC00930",3,16,2,13,8,4,0
"LINC02351",1,62,20,2,9,14,4
"LINC00926",167,58,346,178,256,222,166
"ARNT2-DT",7,6,17,32,10,13,1
"ALDH1A3-AS1",6,27,28,94,20,57,10
"DRAIC",64,22,28,43,20,27,12
"DNM1P35",9,138,32,74,23,19,11
"CPEB1-AS1",0,10,3,8,2,4,2
"LOXL1-AS1",75,121,21,57,25,47,61
"TTBK2-AS1",4,17,3,2,4,3,0
"CT62",1,0,6,13,0,0,0
"LINC01586",7,3,9,6,7,4,4
"LINC03080",7,35,8,7,6,5,2
"SNHG14",3360,2384,3094,3135,2536,3061,2117
"VPS13C-DT",0,6,3,6,3,5,10
"DPH6-DT",14,39,12,53,21,10,7
"LINC02853",3,13,0,1,2,3,1
"CERNA1",10,14,22,30,21,12,9
"OIP5-AS1",1553,1819,1097,1117,807,920,1052
"LINC02256",49,96,82,143,87,69,62
"IDH2-DT",5,3,3,8,2,3,1
"GCAWKR",1,13,11,16,7,2,2
"LINC02250",28,34,29,52,21,19,18
"LINC01418",134,290,49,197,30,176,103
"LINC03065",9,0,11,5,8,2,6
"SNHG21",37,28,49,53,44,32,19
"VPS39-DT",18,3,25,14,14,22,14
"SYNM-AS1",10,12,11,20,14,16,11
"LINC00924",11,0,10,41,6,18,3
"LETR1",9,0,32,67,9,31,7
"LINC02259",25,36,30,40,27,43,32
"CARMAL",0,0,1,13,0,5,0
"POLG-DT",3,0,1,9,6,15,2
"IGHV1OR15-2",0,0,1,5,0,2,3
"HERC2P3",169,214,183,164,148,174,161
"LINC02915",28,98,66,55,46,34,31
"BMF",891,152,1423,592,2423,2189,695
"HYPK",58,91,75,113,82,62,86
"PRC1-AS1",62,48,59,47,81,41,91
"VPS33B-DT",29,6,11,20,4,11,11
"SLC30A4-AS1",0,2,3,2,6,3,8
"LINC02694",17,195,74,81,41,60,42
"ARHGAP11B-DT",110,104,143,195,94,142,117
"GOLGA8UP",5,42,4,7,3,6,0
"HERC2P10",34,21,6,2,23,10,11
"SMAD3-DT",2,2,5,42,2,8,5
"HNRNPLP2",46,21,42,51,32,42,33
"FSCN1P1",1,3,2,4,1,0,0
"GOLGA6L3P",8,12,15,41,10,6,7
"COMMD4P2",1,6,4,2,0,0,0
"DNM1P41",8,32,12,29,4,7,1
"SNRPA1-DT",16,10,17,38,35,20,14
"PCSK6-AS1",15,11,14,17,32,9,2
"SELENOS",110,47,91,103,59,183,50
"ARHGAP11A-DT",100,81,91,110,76,67,65
"NR2F2-AS1",25,104,138,493,78,170,40
"SRP14-DT",176,118,227,184,460,164,116
"LINC02249",6,31,10,16,1,6,7
"LINC01579",14,10,6,3,11,19,3
"MIR4713HG",7,13,3,4,4,2,2
"EWSAT1",10,11,8,6,11,5,2
"TMC3-AS1",121,113,109,111,40,83,79
"RORA-AS1",58,98,85,54,54,78,59
"LINC02255",0,4,6,3,3,5,2
"UBL7-DT",167,113,151,109,122,132,106
"MAN2A2",388,309,577,716,352,561,307
"RCCD1",160,82,105,170,120,85,43
"CHASERR",683,266,364,295,355,705,864
"RYR3-DT",0,57,5,13,0,0,0
"DUOXA2",0,29,4,9,1,4,1
"RNU5A-1",103,5,184,11,25,14,193
"PARP16",133,98,98,110,104,116,63
"RNU5B-1",54,7,73,6,12,6,46
"IGDCC3",135,401,44,52,34,19,20
"IGDCC4",249,322,80,128,72,65,45
"DPP8",687,372,521,375,397,791,670
"RNU6-19P",5,0,10,0,1,1,6
"FAM138E",3,0,7,4,5,1,1
"HNRNPA1P5",14,7,20,18,35,21,12
"IQCH",49,63,49,33,23,38,9
"IQCH-AS1",72,181,105,114,63,74,36
"C15orf61",14,28,19,30,5,19,9
"MAP2K5-DT",9,4,7,13,12,8,2
"SAXO2",14,60,20,20,28,19,3
"MAPKBP1",338,504,391,625,316,396,221
"EHD4-AS1",6,11,31,22,13,27,20
"GABPB1",135,62,111,61,80,196,103
"RNU6-94P",8,0,2,1,0,2,3
"GABPB1-IT1",561,155,356,297,343,447,472
"GABPB1-AS1",2258,1270,976,1568,2013,1291,1136
"USP8",446,554,607,616,547,730,467
"TEX9",53,28,55,35,49,54,41
"MNS1",53,31,37,23,41,50,18
"MGC15885",3,0,11,7,7,7,2
"TPM1-AS",0,3,4,17,0,3,4
"TLN2",116,193,245,714,189,411,110
"PARP6",561,433,725,775,554,674,556
"HEXA-AS1",8,37,10,9,14,6,1
"TMEM202-AS1",29,114,64,100,66,53,25
"IDH3A",355,250,302,221,225,247,437
"RAB40C",262,374,311,403,185,190,118
"NHLRC4",20,5,13,22,11,13,11
"FAM234A",144,182,171,277,106,184,57
"AXIN1",227,179,294,365,242,290,122
"ABCA3",343,510,259,250,207,281,97
"TMEM204",49,66,78,169,56,77,28
"UNKL",366,178,319,471,232,317,169
"ARHGDIG",0,6,3,2,0,0,0
"IFT140",150,167,212,328,138,190,37
"XYLT1",227,148,239,372,219,376,152
"DPPA3P6",68,0,45,13,44,26,42
"HS3ST4",0,0,11,1,6,5,7
"CREBBP",1937,2147,2421,3252,2201,3237,1488
"RPL7P47",9,0,12,2,6,4,17
"RGS11",2,11,25,100,9,6,3
"SCNN1G",6,91,39,222,17,37,40
"HS3ST2",3,1,7,7,3,29,0
"TMC7",0,8,4,8,0,5,0
"TNRC6A",999,1196,1479,1698,1269,1705,810
"SNX29",736,872,855,976,913,1131,476
"POLR3E",251,295,341,502,296,317,244
"PCMTD1P2",1,1,5,4,4,0,3
"NETO2",45,127,33,22,26,48,19
"METTL22",252,279,274,338,308,281,180
"EEF1A1P38",14,2,29,6,10,6,13
"LONP2",796,896,881,1248,773,1171,537
"RPL23AP72",1,0,3,6,1,3,0
"MPV17L",24,40,23,68,13,35,14
"ITFG1",176,69,110,97,85,200,94
"NUP93",387,269,376,303,263,420,240
"CDH8",1,14,14,36,5,9,4
"COQ7",117,122,101,107,59,135,29
"ZC3H7A",581,184,515,421,390,685,591
"MMP2",40,75,136,829,50,801,95
"CRAMP1",239,162,273,243,168,221,185
"CCL22",51,5,277,66,125,256,157
"CAPNS2",1,2,2,6,0,5,0
"NPAP1L",5,5,6,9,6,1,9
"DYNC1LI2",901,686,840,882,659,950,959
"UTP4",154,126,117,136,130,216,72
"LPCAT2",20,55,37,72,14,99,32
"CTRB2",0,22,0,3,0,3,0
"FA2H",126,44,48,30,63,59,59
"VAT1L",6,10,4,5,1,4,1
"MAF",632,1671,437,891,261,428,217
"TANGO6",128,76,185,291,164,224,81
"COQ9",172,241,143,162,176,127,73
"CFAP20",59,35,49,37,55,132,31
"CTRB1",0,10,2,6,0,8,0
"CCDC102A",34,33,43,83,33,31,13
"FOXC2",1,0,4,24,3,13,0
"BCAR1",30,312,67,260,29,120,44
"SYCE1L",14,6,27,27,16,24,7
"GSE1",3423,2543,2440,1996,1690,2619,1910
"MON1B",316,333,374,409,324,436,177
"ZFP90",338,133,309,263,248,328,265
"ZCCHC14",205,459,217,441,117,302,122
"KLHL36",414,274,434,601,313,396,234
"MLKL",73,57,157,98,76,223,34
"CIAPIN1",134,83,133,98,158,185,57
"JPH3",27,11,21,34,19,24,12
"CDH11",34,176,86,107,24,101,67
"WDR59",537,415,543,687,446,573,372
"MTHFSD",124,129,158,189,130,147,55
"ADGRG5",24,8,86,52,55,50,15
"PIEZO1",298,420,474,872,317,385,124
"HCCAT5",0,0,1,8,0,2,0
"CX3CL1",35,34,72,279,19,120,24
"CFDP1",152,154,123,196,136,147,126
"NUDT7",15,18,16,26,15,17,5
"FOXL1",6,0,9,42,4,10,0
"ZFP1",116,84,64,73,85,118,117
"ZFHX3",396,526,435,1248,347,677,162
"VN2R10P",7,6,13,4,7,2,2
"RFWD3",746,383,401,276,361,525,419
"TMPOP2",6,2,4,5,5,2,6
"ZNRF1",1635,645,1170,795,795,968,1133
"ADAMTS18",49,552,52,106,28,62,13
"POLR2C",219,218,169,245,206,276,121
"FOXF1",2,1,1,33,1,25,2
"NPIPA5",167,231,270,494,189,335,59
"RN7SKP76",1,4,2,3,0,0,3
"PKMYT1",160,111,119,89,98,83,69
"PAQR4",48,193,44,28,34,23,17
"CLDN9",1,3,2,6,4,3,4
"THOC6",55,74,40,47,29,76,19
"BICDL2",0,2,30,18,2,17,4
"ZSCAN10",1,1,0,0,3,4,2
"TIGD7",18,27,22,18,13,22,9
"RPL7L1P19",7,2,3,3,4,1,3
"MTCO1P28",11,177,24,48,22,15,13
"MTND1P8",8,45,10,16,16,17,2
"ZNF174",29,45,35,71,37,43,20
"ZNF597",55,57,47,49,38,59,21
"C16orf90",0,3,3,4,2,1,1
"NLRC3",653,192,814,635,569,682,462
"SRL",94,203,26,43,20,25,7
"GLIS2",30,105,37,200,13,39,19
"PAM16",71,45,90,128,80,59,59
"VASN",67,52,94,166,54,88,52
"HMOX2",111,142,152,228,116,148,47
"SNORA30",11,1,7,5,10,6,6
"PHKG2",124,128,130,117,127,106,60
"CFAP119",4,1,2,1,3,7,0
"ZNF629",186,344,216,366,180,217,195
"CTF2P",0,1,1,5,4,0,0
"ORAI3",50,135,48,84,35,48,34
"HSD3B7",12,15,16,35,13,17,2
"STX1B",32,60,51,85,40,29,17
"STX4",179,197,206,378,215,284,164
"ZNF668",31,32,33,41,29,36,10
"ZNF646",313,368,418,635,447,395,150
"VKORC1",3,5,2,6,0,4,4
"BCKDK",77,122,97,164,69,131,39
"KAT8",369,529,390,490,368,416,295
"PRSS8",53,215,49,110,42,48,34
"PRSS36",6,14,8,30,7,8,0
"NAGPA",51,75,87,115,51,50,22
"EEF2KMT",15,25,23,37,16,22,13
"MT2A",20,28,30,102,27,464,23
"MT1E",0,3,8,16,4,55,1
"MT1M",0,0,2,10,3,106,2
"MT1A",1,0,2,4,0,50,1
"MT1F",3,0,8,4,6,8,2
"MT1X",16,198,72,199,35,224,34
"CRYM",2,0,3,1,7,4,2
"IGSF6",171,95,123,110,87,202,129
"RNU6-1005P",4,9,13,2,3,3,8
"UQCRC2",580,549,410,328,403,614,376
"TPRKBP2",11,0,8,1,11,19,10
"RNY1P10",13,8,4,5,6,11,19
"SBK1",481,107,322,228,237,305,330
"SGF29",51,57,66,105,58,69,39
"TUFM",244,359,233,339,173,345,97
"RABEP2",120,121,167,204,173,118,61
"CD19",27,3,65,19,64,54,17
"NFATC2IP-AS1",266,192,348,251,311,194,272
"SPNS1",36,57,56,74,34,30,39
"SLX1B-SULT1A4",64,15,33,88,44,26,19
"MIR3680-2",4,3,7,8,6,4,7
"SPN",1274,755,1206,1112,1094,1160,1104
"SMG1P2",319,59,260,197,242,304,118
"TAOK2",567,550,627,909,597,544,373
"HIRIP3",112,255,149,229,169,159,134
"INO80E",506,633,814,1047,777,391,359
"DOC2A",11,23,9,16,10,5,9
"PPP4C",234,148,219,240,144,269,133
"YPEL3",338,189,354,616,391,480,322
"GDPD3",10,8,18,43,20,13,9
"MAPK3",98,87,156,338,103,244,97
"BOLA2B",56,41,63,73,35,90,22
"SLX1A-SULT1A3",56,15,30,76,41,22,19
"CD2BP2",235,231,324,442,275,300,129
"TBC1D10B",324,238,307,348,242,253,250
"SULT1A4",48,45,30,83,64,26,18
"GLG1",1275,943,1444,1694,1093,2167,1035
"C16orf95",9,3,9,15,6,1,1
"MRTFB",608,619,799,1038,502,949,529
"EIF3CL",959,951,754,1365,951,1778,376
"ZNF469",173,101,147,290,106,130,55
"EIF3C",1066,1080,846,1547,1053,1547,465
"PIGQ",213,275,220,274,138,111,89
"ATP2A1",45,110,55,115,79,51,24
"PDIA2",2,0,6,8,2,6,0
"TNFRSF12A",9,74,13,53,7,61,8
"HCFC1R1",30,75,38,71,14,56,24
"GINS3",69,191,41,58,22,61,19
"LMF1",171,250,227,279,114,188,61
"KDM8",52,36,98,112,77,65,44
"OTOA",8,7,6,8,3,9,2
"SULT1A3",76,69,59,140,89,43,28
"HNRNPCP4",0,1,9,4,10,4,1
"RMI2",299,90,67,35,101,87,61
"TNP2",182,43,2,5,7,4,5
"PRM3",21,2,0,0,0,1,0
"PRM2",40,23,4,0,4,1,2
"PRM1",35,11,2,0,1,0,0
"SNN",268,496,291,336,156,391,170
"ATMIN",259,230,242,228,192,353,172
"C16orf46-DT",8,17,13,16,2,2,2
"GCSH",39,62,11,23,5,6,11
"BCO1",15,6,2,2,4,1,0
"PPIAP51",75,35,70,74,68,61,75
"MIR7854",12,8,7,7,7,9,3
"MIR6504",6,5,1,6,4,5,4
"MIR1972-2",4,1,4,1,2,3,0
"PDPR",737,444,569,685,505,439,397
"EXOSC6",449,514,320,355,234,274,170
"RN7SL279P",2,1,3,4,1,2,3
"DDX19B",126,111,153,195,120,181,79
"DDX19A",106,163,133,194,129,141,96
"ST3GAL2",469,481,502,657,371,445,238
"FCSK",142,202,140,220,90,98,63
"SF3B3",1320,1309,1173,1169,951,1644,704
"SNORD111",11,3,7,2,3,4,11
"AARS1",392,447,523,629,383,531,245
"TMEM170A",158,88,129,174,91,121,89
"CHST6",5,13,20,25,13,35,19
"GABARAPL2",244,145,173,178,133,299,178
"TERF2IP",462,221,352,259,266,517,494
"DUXB",13,10,4,17,5,17,18
"RN7SL520P",3,5,1,2,0,3,1
"ATP5PBP7",7,0,4,4,1,0,4
"CPHXL",12,1,3,3,2,2,4
"IMPDH1P11",4,52,8,3,1,0,0
"RNU6-633P",0,6,0,3,0,2,0
"AMFR",288,256,238,332,203,417,219
"OGFOD1",138,196,145,181,130,146,77
"KARS1",346,305,343,338,314,553,181
"RHBDF1",4,7,48,146,16,45,13
"NPRL3",196,308,226,420,167,204,83
"HBA2",69,18,107,1171,4,10208,1
"HBA1",0,0,0,34,0,499,0
"HBQ1",1,2,1,3,2,2,0
"DDX28",24,24,36,36,14,48,9
"NFATC3",3140,928,2753,1755,2278,3127,2211
"RPS12P27",124,50,132,67,100,108,137
"ESRP2",333,372,448,547,464,438,450
"PLA2G15",110,76,100,112,59,101,92
"SLC7A6",760,241,870,660,769,956,793
"RNU6-1262P",55,0,24,11,10,36,16
"SLC7A6OS",214,89,232,196,246,180,198
"RNU4-30P",6,0,6,2,8,6,17
"SMPD3",569,291,542,441,609,827,281
"MLYCD",344,238,574,683,419,435,313
"OSGIN1",23,9,33,57,24,42,16
"HSDL1",178,121,134,94,128,173,243
"DNAAF1",7,15,24,18,13,23,7
"ADAD2",4,0,4,3,2,2,1
"SLC38A8",2,0,5,4,0,1,2
"ITGAM",53,26,125,205,70,238,22
"ITGAX",170,67,168,297,117,582,91
"ITGAD",17,5,33,10,34,29,11
"ZNF843",10,9,10,22,3,9,4
"ARMC5",39,68,44,93,46,66,15
"TGFB1I1",21,14,53,207,34,87,31
"SLC5A2",5,20,8,13,7,6,3
"CDIPT",190,123,152,273,100,175,97
"ASPHD1",2,6,5,7,7,5,1
"KCTD13-DT",9,13,5,14,8,6,3
"ALDOA",75,190,43,87,45,71,32
"MRPS34",79,97,61,94,45,118,27
"NUBP2",190,290,210,280,119,156,88
"IGFALS",73,87,20,36,11,10,0
"HAGH",273,509,182,238,113,216,113
"HS3ST6",11,46,0,0,3,0,0
"VAC14",348,319,438,436,289,383,134
"VAC14-AS1",95,98,147,102,126,104,72
"NUBP1",42,19,26,53,27,46,33
"TVP23A",33,19,74,79,29,59,59
"DEXI",118,119,183,171,181,132,136
"COG7",150,225,170,199,117,154,70
"RN7SKP23",68,99,86,72,54,47,77
"CCNYL7",68,86,32,33,18,24,59
"EARS2",297,381,233,254,158,252,160
"SUB1P4",1,2,4,7,1,1,1
"UBFD1",712,533,485,467,329,509,435
"NDUFAB1",75,30,60,51,45,97,45
"DCTN5",490,412,462,386,324,514,332
"PLK1",260,175,200,147,189,214,122
"JPT2",329,358,297,373,252,286,184
"MIR3177",3,1,1,3,2,1,1
"CCNF",298,236,167,160,188,186,134
"TEDC2",29,62,22,20,10,16,4
"NTN3",26,68,13,28,22,7,5
"ATP6V0C",4,1,7,13,8,14,5
"MARF1",1001,559,1131,1151,945,1443,728
"NDE1",388,731,476,674,407,546,483
"METRN",349,527,529,495,397,265,177
"ANTKMT",100,106,91,78,52,46,27
"CIAO3",122,297,226,176,211,104,123
"MSLN",2,17,2,1,0,2,3
"SPG7",1922,1301,2221,2498,1515,1861,1377
"CPNE7",41,8,16,27,22,33,17
"CDK10",297,355,384,503,262,210,102
"SPATA2L",22,29,25,42,17,39,17
"VPS9D1",71,125,77,131,53,60,25
"CHMP1A",330,327,303,424,255,285,148
"CTF1",21,42,13,41,27,16,7
"PDZD9",5,17,11,14,12,10,4
"USP10",420,313,397,424,324,566,290
"C16orf46",5,5,1,4,0,1,3
"LUC7L",827,386,796,741,652,709,649
"XPO6",902,412,1050,794,564,1442,553
"ZNF205",4,16,14,56,6,9,3
"LDHD",52,40,100,100,58,67,38
"FLYWCH1",691,861,455,531,210,363,262
"CLEC18C",24,75,17,30,37,13,4
"NKD1",117,62,238,458,154,334,147
"ADGRG1",328,215,294,422,270,405,157
"ADGRG3",3,0,6,10,5,148,6
"DRC7",0,0,6,1,0,3,1
"KATNB1",101,86,77,105,53,89,22
"RNU6-20P",3,1,20,2,7,1,17
"CYLD",825,502,698,593,413,986,957
"RNU6-1153P",17,0,6,4,0,3,13
"AKTIP",137,55,167,169,142,176,84
"SPIRE2",40,267,45,91,42,35,8
"TCF25",677,829,901,1113,569,921,688
"MC1R",75,564,103,145,47,52,73
"GAS8",72,98,50,118,49,66,33
"GAS8-AS1",6,13,9,13,0,9,2
"CICP25",14,17,28,25,21,7,1
"DBNDD1",22,35,31,30,25,13,8
"SLC12A3",8,7,18,6,18,21,5
"HERPUD1",229,157,310,464,251,939,189
"CETP",10,15,43,28,19,36,22
"CFAP69P1",3,0,4,5,1,6,6
"CPNE2",42,114,88,239,69,95,39
"ARL2BP",5,3,3,9,4,11,3
"PHAF1",122,136,133,175,89,124,64
"B3GNT9",15,53,31,93,14,33,11
"TRADD",65,102,80,109,40,58,34
"FBXL8",23,71,33,31,13,20,6
"MATCAP1",161,503,210,368,188,171,96
"EXOC3L1",9,56,3,14,1,9,1
"E2F4",222,245,264,280,207,341,102
"ELMO3",48,116,74,136,80,53,19
"TMEM208",49,23,34,55,34,52,33
"FHOD1",113,149,170,287,136,177,92
"SLC9A5",25,105,34,46,36,25,18
"KCTD19",52,5,36,18,63,30,12
"RN7SKP118",2,0,15,0,8,1,15
"LRRC36",3,2,3,7,4,2,3
"TPPP3",1,3,21,80,0,29,1
"ZDHHC1",17,47,17,51,8,30,1
"HSD11B2",5,10,22,35,7,21,2
"AGRP",20,5,18,29,20,12,7
"RPL17P40",28,8,7,9,15,4,23
"COG8",78,105,83,105,60,86,36
"PDF",7,0,12,13,2,12,1
"NIP7",92,114,121,108,72,125,63
"TMED6",17,8,9,8,16,7,6
"TERF2",263,216,242,295,212,311,192
"ACSF3",2181,1275,2132,1471,1452,1389,1345
"LINC00304",3,64,7,9,5,8,1
"CDH15",0,8,3,4,1,3,4
"ZNF778",123,78,114,163,122,111,47
"NOMO3",664,638,629,725,601,740,399
"LNCPTCTS",2,0,0,7,0,2,0
"RPS20P2",0,0,2,2,1,2,4
"TSR3",45,49,42,78,21,55,10
"CEP20",146,137,92,93,94,157,96
"ZNF48",86,90,83,93,81,81,62
"ZNF771",21,42,26,60,30,24,18
"SEPHS2",193,213,183,138,127,246,163
"RNU7-61P",31,25,16,19,34,17,29
"MIR4518",10,1,2,4,11,5,19
"ZNF768",44,126,40,159,13,56,25
"RPL7L1P16",19,6,15,4,19,5,6
"ZNF764",68,89,77,108,78,66,45
"ZNF785",138,276,166,277,143,82,121
"ZNF689",101,132,72,85,57,96,62
"PRR14",211,256,254,365,200,268,120
"FBRS",949,799,982,1324,799,1031,519
"RNU6-1043P",16,1,3,1,4,8,10
"ITGAL",1613,531,1806,1408,1457,1606,1042
"CSNK2A2",323,209,284,280,282,376,245
"DCTPP1",37,31,22,37,19,49,16
"ABCC1",1217,680,1369,972,1378,1191,808
"LINC02179",8,1,8,9,21,9,1
"ZNF423",59,92,63,288,37,133,24
"ADAM3B",5,7,4,7,3,2,3
"MRPS21P8",1,1,5,2,0,2,1
"ADCY7",274,92,359,374,222,311,131
"TENT4B",148,102,109,143,94,192,101
"CKLF",51,28,54,52,73,28,81
"CKLF-CMTM1",0,5,2,4,1,1,0
"CMTM2",3,5,11,4,5,27,2
"CMTM3",185,89,227,262,155,242,117
"CMTM4",76,123,69,144,48,88,58
"CLN3",92,92,110,118,92,60,55
"BMERB1",35,108,58,155,29,80,20
"NUPR1",13,96,39,177,30,50,23
"SULT1A2",6,3,13,20,12,15,0
"BEAN1-AS1",0,12,6,13,2,6,0
"TK2",128,160,150,296,112,186,94
"KCTD5",157,130,160,157,100,188,99
"PRSS27",12,33,24,30,12,22,6
"PRSS21",24,2,15,7,5,12,0
"C16orf89",10,7,22,74,7,20,3
"DEF8",112,267,139,280,59,143,30
"TAF1C",335,330,411,515,271,271,139
"LDAF1",34,16,52,92,12,46,34
"AMDHD2",69,114,102,153,48,53,23
"FBXL19",191,254,138,338,180,111,97
"BCL7C",35,62,69,146,47,57,23
"RNF40",204,284,315,534,222,343,121
"TXNDC11",207,94,199,200,118,313,190
"HAGHL",69,304,103,55,64,39,46
"CMTM1",40,25,35,26,31,21,22
"CDH3",516,1389,282,340,200,478,216
"CDH3-AS1",26,27,8,15,2,15,3
"HSPE1P5",10,24,5,10,4,17,11
"CDH1",864,2591,435,572,201,422,275
"RNA5SP429",3,12,4,3,0,3,2
"FTLP14",4,11,4,5,3,0,0
"ACSM5",1,6,9,34,10,22,0
"RNU6-103P",2,28,6,16,3,2,0
"SETD6",144,230,142,193,139,132,113
"CNOT1",2099,1763,1864,1487,1471,2724,1351
"SNORA46",27,2,32,2,11,5,21
"SLC38A7",114,190,140,209,106,103,60
"GOT2",213,256,159,169,123,239,90
"RBL2",1708,466,1267,787,1083,1239,1417
"RPGRIP1L",96,116,66,72,50,88,28
"TUBB3",3,131,4,16,0,5,3
"ADAT1",228,257,309,252,235,281,137
"RPL7P46",8,0,18,17,9,19,7
"RSPRY1",343,317,268,258,226,341,273
"LINC01290",0,3,3,7,1,1,3
"EMP2",27,202,103,338,38,207,62
"ZNF319",45,110,62,99,50,67,28
"ZNF688",41,38,49,83,47,63,17
"CENPN",73,40,45,38,33,55,17
"CNEP1R1",76,49,59,62,43,68,33
"ITPRIPL2",44,123,125,349,54,159,81
"PRDM7",0,7,1,2,0,1,0
"PLEKHG4",82,38,78,130,57,84,24
"GNPTG",162,114,206,280,152,190,94
"ACSM3",47,38,37,27,22,29,18
"THUMPD1",334,236,283,239,147,368,266
"REXO5",64,13,34,54,42,87,38
"ACSM1",4,4,10,12,4,11,4
"ABAT",109,165,184,136,140,164,86
"RN7SL743P",7,7,13,7,15,11,3
"RNU7-63P",2,2,12,2,1,3,4
"TMEM186",30,33,23,48,32,32,6
"CARHSP1",273,151,272,424,232,238,201
"RNU6-430P",19,0,7,4,1,12,8
"CMPK1P2",72,16,44,22,21,27,48
"MRPL28",74,88,84,96,59,105,41
"PGAP6",135,167,169,195,134,164,54
"NME4",132,206,117,309,108,164,60
"DECR2",16,71,25,39,24,19,10
"ZNF19",21,30,46,59,30,55,15
"CHST4",5,10,9,2,3,6,0
"MARVELD3",12,34,16,51,8,9,9
"PHLPP2",95,128,130,180,64,167,60
"AP1G1",837,560,751,549,517,1094,734
"SNORD71",9,2,10,2,7,19,17
"SLC6A2",40,22,0,5,0,1,2
"WWOX-AS1",34,11,27,22,19,32,7
"LSM3P5",1,3,2,2,0,4,0
"RPS3P7",24,23,25,20,24,14,9
"ERCC4",236,205,198,210,233,165,147
"RPS26P52",3,3,13,3,6,6,3
"TVP23CP2",14,7,23,15,9,20,13
"ABCC6",15,25,32,62,36,31,17
"PPL",53,192,291,1471,137,308,76
"SEC14L5",25,0,8,15,6,8,2
"ALG1",115,110,108,136,91,85,50
"CCDC78",112,374,122,78,135,58,37
"ERN2",3,4,8,4,5,5,0
"CHP2",0,10,1,0,2,0,1
"PRKCB",1761,396,1637,896,1383,2221,1464
"MIR1273H",11,5,5,9,8,9,9
"RBBP6",754,643,821,761,652,1187,657
"HAPSTR1",753,418,574,512,460,810,696
"RPL21P119",156,31,185,76,140,196,268
"PMM2",374,332,480,680,465,438,366
"NUDT21",108,49,48,71,41,110,52
"BBS2",255,134,233,277,177,311,215
"ATXN1L",641,732,655,904,543,898,657
"IST1",683,500,721,696,483,989,603
"ZNF821",18,55,35,47,23,23,25
"DHODH",100,149,142,175,141,112,54
"DHX38",355,294,491,651,449,615,234
"CIAO2B",85,54,73,122,79,102,30
"CES2",198,200,227,419,140,254,95
"CES3",2,13,6,14,3,9,1
"CBFB",344,281,238,270,203,393,207
"HSF4",136,894,40,112,21,37,25
"NME3",42,59,25,44,11,29,5
"SPMIP8",3,1,19,28,11,5,3
"SOCS1",190,70,183,89,164,117,37
"ATXN2L",1225,1251,1343,1680,1112,1350,719
"EME2",292,345,278,369,237,185,121
"SPATA33",66,125,79,91,75,53,32
"USP31",171,253,285,540,137,302,186
"PKD1L3",9,12,12,22,19,18,8
"IL32",233,176,482,278,324,308,323
"ZNF267",130,69,120,101,84,196,72
"IGHV3OR16-9",0,2,1,3,1,1,4
"CHD9",926,855,1125,1025,702,1517,724
"CHST5",0,10,0,3,2,1,0
"SEZ6L2",24,5,7,2,4,16,8
"SLC22A31",2,8,1,0,0,1,0
"NPIPB8",36,30,63,53,52,38,64
"MYL11",8,4,12,18,30,36,2
"CMTR2",218,120,164,146,169,143,118
"ZNF23",15,18,33,44,28,20,15
"C16orf54",140,35,137,145,87,236,95
"PRRT2",20,204,55,183,31,26,14
"PAGR1",113,120,98,150,107,102,148
"MVP",252,437,365,535,188,385,229
"KIF22",657,344,577,545,589,662,443
"MAPK8IP3",1439,970,1830,1999,1444,1320,1023
"CRISPLD2",73,100,182,574,108,1326,123
"ZDHHC7",251,191,285,345,238,317,125
"LINC00311",4,8,5,18,1,5,3
"KIAA0513",86,105,137,154,199,172,73
"CDR2",168,100,168,155,114,202,131
"LINC02890",4,1,6,11,11,7,6
"ERI2",98,57,75,59,72,102,42
"DCUN1D3",85,72,110,219,88,387,84
"LYRM1",121,93,102,151,90,153,97
"LMF1-AS1",38,10,36,29,15,23,8
"PRMT7",740,387,758,780,584,589,600
"ABCC11",6,1,1,6,0,2,1
"MTSS2",432,863,259,368,225,237,268
"APOBR",24,46,69,95,37,118,30
"TBX6",11,20,13,53,18,11,5
"SNX20",326,85,311,191,224,365,212
"ATP6V0D1",303,422,353,353,246,447,188
"HPR",30,22,51,29,29,23,23
"CFAP263",14,70,10,20,6,13,4
"SMG1",3935,1852,4112,3391,3226,3883,2352
"HP",31,40,90,36,64,63,38
"SEPTIN1",626,205,686,658,646,732,423
"IL34",22,29,36,63,11,30,9
"NECAB2",3,0,0,8,2,4,0
"TLCD3B",48,59,25,28,19,27,18
"MBTPS1",884,492,920,1135,784,1159,598
"PSMD7",205,161,143,139,126,207,172
"RPL21P118",12,28,54,57,28,22,19
"PCHILR",77,186,145,131,160,91,120
"CLEC18B",17,80,10,28,27,14,1
"NPIPB15",53,96,150,90,36,25,48
"TMEM231",24,57,27,76,16,29,9
"ELOB",164,140,171,251,121,224,84
"HAS3",18,31,41,69,48,36,11
"CHTF8",3,6,16,22,11,8,7
"RNU6-22P",7,0,7,2,3,2,10
"NDUFB10",82,109,90,162,82,151,53
"RPS2",1784,1519,1101,1806,875,2736,575
"RNF151",2,0,4,1,2,1,1
"TBL3",78,77,55,112,70,86,19
"SYNGR3",0,0,5,3,3,14,2
"RN7SL219P",1,0,0,5,5,0,0
"NHERF2",116,94,99,317,45,81,9
"UQCC4",14,16,15,12,5,24,7
"PERCC1",6,32,6,9,4,3,0
"CCDC154",22,55,25,55,16,10,2
"ARHGAP17",516,337,674,773,554,721,482
"CYB5B",367,354,248,270,167,317,185
"SLC5A11",5,8,4,3,3,2,2
"ZNF747",96,117,89,116,93,96,68
"POLR3K",58,43,47,53,46,48,35
"MPG",22,37,21,51,19,31,8
"TMEM219",143,77,155,183,82,180,76
"DPEP1",15,8,4,11,10,11,6
"ATF7IP2",293,174,286,184,242,245,132
"NLRC5",471,339,1239,769,616,1066,445
"HEATR3",164,83,121,91,85,124,79
"NDRG4",285,1605,146,430,122,150,36
"NFATC2IP",822,478,788,618,605,641,615
"CDH13",18,13,43,125,8,30,13
"HSBP1",88,52,63,89,33,95,34
"KNOP1",66,151,146,211,100,112,49
"CCP110",457,303,288,236,224,345,327
"GPRC5B",15,36,123,484,70,170,50
"IQCK",9,36,20,37,5,27,10
"PARD6A",6,5,6,10,3,10,4
"ENKD1",58,44,64,88,46,47,41
"C16orf86",15,10,30,27,19,14,11
"GFOD2",204,167,216,212,149,173,165
"NPIPB6",93,48,61,86,57,84,75
"CIITA",801,395,1781,1793,1230,1460,446
"RIPOR1",1272,802,1892,1776,1701,1205,710
"CTCF",1077,635,968,794,760,1343,840
"RANBP10",274,410,404,505,356,413,185
"TSNAXIP1",9,22,10,33,16,10,4
"CENPT",147,117,217,339,193,176,81
"THAP11",61,69,69,71,45,88,66
"EDC4",246,237,293,317,231,334,142
"PSKH1",193,202,236,311,193,248,112
"PSMB10",66,47,89,102,75,120,53
"LCAT",137,171,182,325,141,114,50
"DPEP3",0,0,3,2,2,6,1
"DPEP2",56,8,107,84,59,140,52
"DUS2",90,68,81,90,67,91,51
"NPIPA2",48,76,98,107,49,50,46
"NOMO1",441,417,478,589,365,586,259
"ZFPM1",149,186,185,277,192,184,73
"MIR5189",7,4,8,7,5,5,3
"ZFPM1-AS1",23,43,43,75,38,27,12
"ZC3H18",480,500,565,727,591,630,287
"IL17C",0,0,2,3,1,10,1
"CYBA",305,101,426,383,289,457,168
"MVD",77,63,77,92,44,64,24
"SNAI3",9,45,28,30,15,21,3
"RNF166",259,123,282,276,236,249,138
"CTU2",47,44,45,66,31,43,15
"HSALR1",22,51,82,96,37,25,18
"PIEZO1-AS1",15,47,35,55,22,14,6
"BFAR",193,225,238,281,199,264,163
"PLA2G10",10,19,10,9,18,4,8
"NPIPA3",50,51,87,156,49,52,33
"CARMIL2",530,154,579,405,449,443,214
"CORO1A",777,190,1092,857,864,1192,370
"ZNF276",235,316,328,490,277,244,114
"CDT1",179,117,112,119,94,144,52
"APRT",143,127,104,117,80,133,33
"GALNS",232,405,378,592,264,283,148
"CBFA2T3",1726,718,1322,1284,946,990,535
"TRAPPC2L",95,91,71,117,64,109,63
"FANCA",404,287,290,239,280,267,235
"IL21R-AS1",19,26,50,23,17,26,28
"GTF3C1",812,1026,934,1246,746,1105,476
"KATNIP",193,192,318,401,263,370,110
"GFER",10,29,29,28,16,13,12
"EIF4BP5",50,13,40,24,27,24,35
"NDUFA5P11",14,13,13,8,10,18,15
"EMC8",104,72,115,108,54,123,64
"RNU1-103P",3,3,3,4,4,3,6
"COX4I1",496,543,390,579,288,752,251
"IRF8",379,68,855,259,493,856,257
"MIR6774",2,0,8,4,1,6,2
"LAT",204,83,219,193,169,106,203
"NSMCE1",116,74,61,90,84,108,30
"IL4R",134,177,331,571,156,447,172
"IL21R",216,101,264,133,157,218,125
"NPIPB3",1747,764,3198,2551,2804,2463,1307
"MIR3680-1",10,10,22,14,10,12,14
"MCRIP2",65,212,101,175,45,54,28
"WDR90",290,226,199,245,123,161,68
"RHBDL1",30,159,11,33,14,3,6
"STUB1",25,27,31,62,11,41,11
"JMJD8",50,57,51,70,31,44,16
"WDR24",72,59,73,116,48,56,16
"RHOT2",364,291,393,671,220,300,140
"NPIPB13",4188,2020,4426,3463,3985,3458,2992
"BCLAF1P2",240,182,315,302,311,408,331
"LINC03107",3,5,7,2,5,4,0
"PARN",498,334,447,393,321,523,318
"SDR42E1",158,262,151,137,126,154,68
"HSD17B2",45,16,21,6,9,7,13
"MTCYBP28",11,1,5,2,7,3,2
"MPHOSPH6",66,48,73,45,49,82,35
"KCTD13",342,314,300,331,227,211,201
"RSL1D1",349,497,345,494,304,574,269
"GSPT1",653,426,447,341,297,725,399
"COX6CP1",26,17,26,18,17,18,31
"TNFRSF17",28,4,38,24,16,22,8
"UBL5P4",5,0,22,8,0,4,4
"RPS23P6",37,29,35,18,13,16,18
"DNAH3",14,8,26,11,21,9,13
"MMP15",20,12,22,58,8,23,7
"USB1",363,263,341,294,332,268,269
"NPIPB11",1047,513,1620,1527,1568,973,1270
"ACD",80,98,77,148,58,82,28
"NOD2",19,4,24,45,16,44,16
"PHKB",578,414,489,431,352,689,395
"PTX4",0,12,2,1,2,2,0
"TELO2",166,165,168,193,81,116,61
"CLCN7",458,342,509,533,327,378,243
"CHD9NB",8,17,23,30,17,21,6
"CES4A",22,47,45,90,40,39,20
"FAHD1",59,89,22,53,26,39,15
"NPIPA7",180,145,200,296,229,159,53
"PRSS53",42,49,60,91,65,36,29
"PABPN1L",6,2,6,16,7,3,4
"CPHXL2",17,16,16,36,24,18,13
"DOK4",20,32,29,145,33,51,23
"NPIPB2",220,98,388,279,270,271,207
"NQO1",13,65,19,71,18,47,3
"NOB1",62,65,67,113,36,128,35
"NFAT5",1314,1765,1585,2237,1216,1860,1323
"CA5A",6,1,3,0,0,1,0
"BANP",308,188,289,304,331,351,192
"BEAN1",16,61,31,122,20,27,31
"USP7",2500,969,1879,1151,1642,2445,2422
"BOLA2-SMG1P6",125,39,124,177,116,111,78
"NUTF2",235,188,194,191,133,228,115
"COG4",277,267,265,375,286,323,161
"CLEC16A",663,370,834,768,724,822,523
"FBXO31",189,167,211,388,188,310,107
"MAP1LC3B",468,309,256,247,210,562,359
"LCMT1",113,45,85,90,70,124,85
"ZKSCAN2",123,83,114,105,92,162,93
"SLX1B",52,32,52,97,52,44,18
"HNRNPA1L3",418,480,374,443,394,312,587
"PKD1",726,1186,922,2196,519,636,297
"PKD1-AS1",7,43,19,34,11,10,11
"MIR4516",4,11,2,19,12,5,4
"RAB26",18,23,27,44,23,16,7
"TRAF7",227,209,162,229,152,216,69
"CASKIN1",17,35,3,15,6,3,4
"MLST8",75,49,65,113,52,70,33
"BRICD5",13,24,22,31,19,11,2
"PGP",92,114,76,89,66,65,27
"E4F1",138,138,204,275,123,137,86
"DNASE1L2",4,21,4,19,6,5,0
"ECI1",90,188,95,123,67,78,43
"ECI1-AS1",11,64,22,33,25,15,10
"RNPS1",688,599,633,739,509,761,425
"PLLP",52,64,49,83,53,45,57
"RAB11FIP3",376,409,412,566,274,323,172
"LINC00235",17,60,47,111,29,27,7
"CAPN15",525,562,471,485,330,298,183
"MIR5587",7,4,7,13,5,8,3
"MIR3176",18,10,9,17,7,5,4
"RBFOX1",2,132,16,18,2,6,7
"SLC12A4",429,337,639,1233,391,500,316
"SMG1P4",270,34,246,50,108,173,85
"ABCA3P1",0,0,2,1,3,3,6
"HERC2P4",18,50,23,17,38,6,6
"HERC2P5",45,59,19,5,31,8,2
"SLC6A10P",2,15,1,1,3,0,3
"HERC2P8",22,21,9,2,10,2,1
"SMG1P5",148,21,59,19,11,44,49
"SMG1P1",40,17,25,27,42,25,32
"MAZ",224,141,200,182,152,142,75
"LINC00921",51,66,105,118,95,104,67
"METTL9",464,273,270,256,171,434,284
"MOSMO",105,84,78,68,53,101,60
"VWA3A",2,21,12,17,6,11,4
"CLEC18A",26,88,22,38,55,24,9
"ARHGAP23P1",8,8,8,5,4,2,7
"WWP2",388,274,477,586,383,569,219
"NPIPA8",13,13,14,19,7,21,7
"PKD1P4",407,339,365,658,183,198,127
"PKD1P5",290,368,287,582,157,236,82
"PKD1P3",74,55,70,166,46,60,25
"NPIPA1",258,340,400,690,293,219,175
"MIR1972-1",2,4,1,13,1,6,0
"NTAN1",70,31,71,100,61,85,30
"RRN3",246,158,214,151,145,339,161
"NPIPP1",8,12,8,19,4,1,7
"SRCAP",257,219,255,323,273,233,137
"FLYWCH2",44,43,41,96,29,58,16
"NPIPB9",119,67,92,111,69,87,130
"NPIPB12",1105,480,1951,1878,1923,1528,802
"NOL3",74,1346,63,164,42,38,39
"VPS35L",293,191,335,377,230,431,144
"SPSB3",13,31,9,16,15,8,4
"KIFC3",35,93,68,286,35,81,27
"SH2B1",689,647,867,1242,706,650,341
"FTO",541,473,606,553,456,657,448
"CPPED1",48,52,110,99,48,150,30
"MIR4718",1,0,3,7,0,1,0
"SHISA9",3,0,3,4,3,7,0
"NPIPB7",68,131,120,135,108,57,200
"WWOX",422,383,423,393,365,467,244
"SHCBP1",124,61,65,51,59,98,69
"RAB43P1",14,9,32,17,11,24,15
"VPS35",511,380,357,295,251,585,288
"ORC6",100,133,88,67,68,71,67
"MYLK3",4,7,10,10,3,10,1
"C16orf87",65,77,56,68,47,88,75
"GPT2",126,1351,130,245,86,133,110
"DNAJA2",261,215,239,227,223,421,226
"KRBOX5",238,259,227,178,177,189,231
"RPL23AP86",8,9,14,22,5,3,6
"KREMEN2",71,355,29,113,16,19,4
"SETD1A",341,428,482,662,353,501,201
"BRD7",524,433,435,454,456,764,533
"SNRNP25",37,47,31,69,33,47,14
"WFIKKN1",47,186,90,121,50,26,27
"METTL26",115,117,87,118,75,75,21
"FBXL16",71,940,78,164,35,48,44
"SRRM2",7287,7149,14445,21382,14209,13348,5734
"ZNF213",84,152,93,184,61,77,38
"TRIM72",7,28,7,8,4,2,2
"RUSF1",189,199,204,299,163,155,92
"CBLN1",0,0,2,3,3,12,3
"PSME3IP1",529,544,567,527,485,720,478
"CDH5",42,48,119,443,46,269,24
"DYNC1LI2-DT",0,0,0,4,5,2,0
"TERB1",2,3,1,4,1,6,1
"NAE1",216,135,115,103,88,160,129
"CA7",0,2,2,11,0,0,0
"PDP2",86,128,83,127,38,98,50
"RRAD",0,1,12,41,1,20,4
"ZG16B",2,0,0,4,1,4,0
"PRSS22",0,5,6,12,4,7,2
"HYDIN",34,110,154,347,87,133,18
"CALB2",0,0,3,13,0,18,4
"CACNA1H",13,29,52,338,25,138,10
"TPSG1",0,0,2,11,1,2,0
"TPSB2",7,13,48,243,32,105,32
"TPSAB1",8,10,47,268,24,141,33
"TPSD1",0,2,3,46,1,1,0
"UBE2I",744,423,699,896,597,796,430
"BAIAP3",27,23,46,219,42,56,4
"CEROX1",9,5,22,39,15,16,23
"SOX8",6,0,11,20,3,4,5
"ABCA17P",2,7,4,3,0,2,3
"MFSD13B",45,28,42,25,35,30,65
"AFG3L1P",2,1,8,4,8,8,4
"ZNF598",122,193,167,209,65,143,59
"PKD1P6",19,46,27,83,26,6,7
"MYH11",389,541,714,3529,391,2005,359
"PALB2",112,159,121,99,86,139,70
"GNAO1",60,398,59,97,31,68,15
"SNTB2",364,660,334,515,422,548,367
"VPS4A",305,556,340,458,240,299,199
"TSC2",930,1213,1046,1543,697,856,282
"GREP1",9,223,198,873,141,186,66
"NTHL1",21,29,34,53,20,16,6
"MEIOB",0,27,2,1,3,3,1
"PDXDC2P-NPIPB14P",138,143,182,149,127,156,146
"FUS",3668,2569,4379,3715,3178,4638,3708
"NPIPA9",346,436,436,825,422,374,144
"CMC2",204,116,133,100,136,159,182
"CENPN-AS1",16,9,11,11,5,5,3
"PKD1L2",3,2,27,55,15,43,0
"CES1",2,7,31,84,15,41,7
"TEDC2-AS1",23,116,13,21,9,3,4
"QPRT",170,141,61,114,62,76,60
"ITGAL-AS1",10,4,14,5,5,2,12
"UBE2MP1",9,13,9,6,3,12,4
"UBA52P8",15,12,13,26,17,8,7
"SIAH1",141,112,120,154,106,205,149
"N4BP1",350,464,402,397,229,489,283
"RPS2P44",22,22,30,18,25,15,6
"TOX3",4,1,14,67,13,14,6
"IRX3",1,1,10,10,2,8,6
"IRX5",8,1,7,1,4,2,0
"IRX6",110,107,15,35,21,28,14
"ERVK13-1",939,1147,1138,1409,810,1190,701
"SYT17",8,5,15,28,2,10,2
"TMC5",4,0,7,12,4,7,2
"GDE1",113,170,112,109,94,180,81
"EEF2K",243,673,279,766,231,405,170
"CDYL2",63,75,72,43,48,114,84
"CEDORA",2,5,10,30,0,3,5
"RN7SL381P",95,95,138,97,92,66,114
"GINS2",97,114,83,78,72,120,46
"C16orf74",2,2,8,5,2,8,2
"ZNF778-DT",25,33,46,49,34,43,12
"VPS9D1-AS1",63,73,83,137,75,49,50
"ANKRD11",2713,3305,3264,3961,2799,3076,2236
"GAN",325,284,324,270,203,322,272
"TBC1D24",136,320,79,176,55,66,46
"SCNN1B",3,21,19,94,14,26,10
"GGA2",1590,3196,1445,1586,982,1241,1073
"GRIN2A",138,1273,34,61,45,49,22
"DYNLRB2-AS1",11,14,12,0,10,8,2
"PDPK1",639,591,615,717,507,775,479
"LITAF",332,248,326,410,176,1123,327
"HSD17B2-AS1",4,0,8,2,4,4,2
"SNHG19",31,16,24,27,20,31,14
"STUB1-DT",1,25,1,3,2,0,0
"PSMD7-DT",74,37,33,25,27,16,25
"ITFG1-AS1",1,8,6,2,2,2,5
"LINC02137",0,436,6,21,4,6,1
"DDX19A-DT",15,32,27,19,17,14,8
"LINC02124",1,9,0,0,2,0,0
"ZNF747-DT",27,23,20,23,34,12,18
"MAPK8IP3-AS1",33,40,32,45,33,36,37
"CDH13-AS2",3,0,4,8,0,6,0
"CDH13-AS1",9,0,5,12,2,2,0
"ZCCHC14-DT",2,3,2,1,1,2,2
"LCMT1-AS2",229,198,224,214,162,187,189
"FENDRR",1,10,0,2,1,6,1
"LINC02138",0,20,0,3,1,0,0
"CYLD-AS2",4,12,8,18,14,12,13
"CYLD-AS1",13,10,31,25,15,39,23
"NUP93-DT",42,15,71,35,77,47,30
"MIR3677HG",51,83,46,65,42,29,22
"LOHAN2",1,6,0,5,0,3,1
"RUSF1-DT",5,10,4,14,11,5,0
"LINC01572",347,89,211,102,162,269,201
"MAFTRR",38,58,27,40,40,17,26
"LINC01229",37,38,32,30,23,29,11
"LINC02182",63,2,9,18,35,22,18
"LINC02181",6,3,2,6,5,10,6
"LINC02175",112,71,149,232,149,90,82
"LCMT1-AS1",18,17,36,27,36,22,17
"COQ7-DT",9,7,10,16,3,7,6
"GLIS2-AS1",1,15,1,36,0,3,6
"LINC02168",0,6,0,5,2,0,1
"MMP2-AS1",0,0,5,9,10,6,3
"TXNDC11-AS1",12,6,13,22,9,17,16
"FBXL19-AS1",80,130,75,119,95,58,29
"RSL1D1-DT",250,173,160,172,122,187,152
"DNAJA2-DT",18,14,15,18,11,20,6
"LINC02188",0,0,0,9,1,3,0
"ARLNC1",11,5,3,2,1,1,1
"SMG1-DT",4,2,6,3,7,5,0
"C16orf95-DT",5,0,10,10,9,6,2
"LINC02185",0,0,13,15,1,7,2
"MIR762HG",14,43,18,38,27,23,20
"MBTPS1-DT",1,2,0,3,2,4,1
"LINC02128",0,3,1,3,0,3,1
"MVP-DT",45,61,94,104,83,50,47
"ZKSCAN2-DT",184,113,210,213,189,160,170
"LINC00920",15,9,11,11,22,32,6
"ATP2A1-AS1",4,5,9,8,5,6,3
"GNAO1-DT",6,81,5,22,3,8,5
"MIR193BHG",37,50,117,230,83,75,41
"NSMCE1-DT",14,15,34,34,23,10,2
"FAM157C",432,165,603,590,309,610,239
"NQO1-DT",11,14,16,34,12,9,8
"SNAI3-AS1",58,75,114,197,101,56,19
"SRRM2-AS1",105,113,125,112,97,78,37
"CMIP",1024,569,874,1140,725,1209,1018
"PLCG2",287,55,545,504,317,861,323
"LINC02166",2,11,9,2,6,2,0
"RPL13",2372,1771,1755,3311,1383,3459,1033
"CDR2-DT",48,27,33,37,21,22,47
"NPIPB5",5155,2266,7242,5662,6695,5485,3977
"MMP25-AS1",479,407,592,740,640,434,454
"ZNF213-AS1",351,424,397,491,311,252,245
"MMP25",55,73,78,108,109,224,50
"PKD1P6-NPIPP1",106,215,152,236,124,99,71
"PDXDC1",666,919,401,1159,824,805,283
"YPEL3-DT",7,16,19,27,17,17,7
"CORO1A-AS1",17,11,46,41,65,40,18
"SLX1A",22,15,23,28,19,7,4
"CD2BP2-DT",28,16,23,42,28,17,20
"RRN3P2",442,151,671,537,342,529,333
"TXNL4B",46,48,55,55,32,46,18
"PMFBP1",48,35,94,76,88,87,22
"SNX29P1",1,2,6,0,3,6,0
"DPPA2P4",2,5,2,2,1,3,1
"PLA2G10DP",3,10,2,7,3,2,0
"PLA2G10KP",2,0,2,8,3,0,0
"SMG1P6",242,60,208,194,225,180,116
"YBX3P1",3,12,6,5,2,9,1
"PKD1P1",73,73,81,203,47,49,24
"PKD1P2",241,328,258,593,216,159,106
"SCML2P2",20,9,13,26,25,19,13
"NPIPB10P",3,10,13,18,16,12,17
"NPIPB4",3460,1832,5038,4239,4559,3861,2678
"ZFHX3-AS1",331,288,265,282,333,254,177
"KRT18P18",2,0,4,0,4,1,0
"LITAFD",2,1,0,8,2,2,0
"USP7-AS1",121,32,71,53,65,74,74
"ATP6V0D1-DT",165,318,271,267,247,125,141
"CTCF-DT",302,239,319,219,404,222,212
"CRNDE",231,92,144,86,124,79,177
"LINC02177",6,7,4,9,1,7,3
"WFDC1",5,2,6,29,1,14,4
"ATP2C2",72,31,63,44,54,49,40
"ATP2C2-AS1",16,12,18,13,13,12,7
"MEAK7",280,114,273,225,196,304,137
"COTL1",363,86,488,339,227,725,177
"CDIP1",421,585,240,453,260,289,171
"UBN1",589,485,650,859,506,811,374
"DYNLRB2",5,0,5,4,3,4,1
"KLHDC4",628,410,800,598,549,536,370
"SLC7A5",144,51,211,104,88,256,68
"MSRB1",46,34,23,48,22,80,18
"SNHG9",10,13,10,15,7,15,4
"ZNF263",191,228,236,381,187,266,121
"LINC01569",46,97,57,91,54,31,18
"TFAP4",178,144,139,244,114,135,100
"CORO7",78,32,141,111,89,90,70
"WASIR2",2,2,2,4,3,6,2
"IL9RP3",19,13,17,21,18,24,3
"DNAJA3",238,289,245,344,160,225,109
"ZNF200",77,55,86,84,44,88,42
"ZNF75A",200,269,266,272,216,236,149
"NMRAL1",146,131,128,161,104,129,53
"DNASE1",536,493,677,711,638,398,190
"ZSCAN32",83,160,110,146,116,135,57
"MEFV",7,14,4,26,7,100,6
"SLX4",183,222,265,280,199,239,122
"SDR42E2",4,14,5,54,10,8,6
"RPUSD1",72,79,80,89,51,61,28
"CHTF18",188,101,193,215,146,121,67
"GNG13",7,8,11,10,19,4,12
"C16orf96",26,25,11,29,10,9,8
"UBALD1",122,137,106,180,87,130,48
"MGRN1",549,449,622,892,463,593,359
"RN7SL850P",4,2,5,2,2,0,4
"MIR6769A",0,2,1,2,0,4,3
"NUDT16L1",82,92,90,83,64,70,39
"ANKS3",100,206,156,305,136,111,58
"DNAAF8",21,79,47,37,39,18,17
"ZNF500",155,213,202,287,160,100,69
"SMIM22",5,19,3,5,1,1,0
"ROGDI",40,79,37,83,26,35,13
"GLYR1",620,570,680,709,485,761,400
"LINC02861",5,22,11,15,8,1,4
"ADCY9",87,304,142,412,81,153,39
"NAA60",252,299,275,347,230,296,158
"CLUAP1",151,265,170,189,129,250,112
"TRAP1",131,135,237,303,145,215,68
"NPIPA6",282,423,391,695,433,418,176
"NOMO2",821,984,831,1092,843,1304,472
"RPS15A",875,498,507,532,449,1669,453
"ARL6IP1",560,225,187,140,133,383,282
"SGSM2",421,339,632,876,379,486,236
"ANKFY1",720,721,792,881,583,968,411
"ZZEF1",1629,914,1929,1937,1518,2270,1023
"CRK",291,375,277,400,199,400,162
"ZNF287",84,51,59,54,46,70,17
"RYKP1",64,46,66,46,40,34,47
"LRRC75A",88,123,105,142,93,91,47
"RPL34P31",5,0,1,0,0,3,3
"WSB1",929,399,1093,1114,629,1565,1029
"PEMT",121,51,35,37,37,39,11
"MFSD1P1",69,52,62,36,47,60,100
"SYPL1P2",5,0,3,1,2,2,0
"CPD",346,345,333,287,150,628,248
"BLMH",256,256,194,186,149,185,142
"NSRP1",286,414,326,397,290,484,289
"NXN",288,765,283,657,194,297,219
"AP2B1",961,842,911,1002,704,1252,540
"TLK2P1",29,16,45,34,45,39,48
"ACACA",292,715,409,532,301,560,344
"AKAP10",354,171,367,256,220,386,198
"SLC6A4",2,37,8,8,11,11,8
"TUFMP1",3,2,1,1,1,1,2
"SRSF6P2",18,16,36,36,36,15,16
"AOC3",28,66,257,1097,52,717,119
"BECN1",337,254,307,268,283,403,283
"CNTD1",42,10,37,21,36,33,53
"ZNF624",79,25,50,38,33,74,56
"WNK4",4,24,28,22,28,16,6
"LUC7L3",1574,830,1877,1904,1869,2245,1637
"AOC2",16,32,30,47,30,35,18
"ANKRD40",193,239,222,360,184,341,139
"ABI3",75,43,105,95,57,95,35
"RPS2P48",3,3,2,1,1,0,4
"WFIKKN2",0,2,5,6,4,1,0
"COA3",69,31,39,63,44,66,30
"GNGT2",14,8,8,15,10,13,2
"ABCC3",48,27,85,139,57,87,45
"UTP18",149,70,86,88,46,137,77
"CA10",0,36,0,0,1,0,0
"PRKCA",110,207,246,326,133,298,132
"TOM1L1",33,72,44,87,33,48,39
"TOB1",119,354,96,189,75,275,83
"KCTD2",110,123,140,240,100,186,81
"COX11",181,231,238,234,209,145,59
"CBX8",50,22,44,41,47,62,23
"MBTD1",584,164,362,320,314,532,416
"ABCA5",344,397,460,389,313,554,352
"STXBP4",270,239,220,204,187,241,122
"PCTP",42,28,39,54,18,59,15
"TMEM100",2,32,10,17,2,20,0
"AARSD1",28,33,28,47,24,19,17
"NOL11",166,125,160,129,118,290,80
"SNORA38B",7,4,19,4,13,10,22
"RPSAP67",0,6,1,4,3,1,0
"RN7SL622P",1,9,2,11,3,3,3
"ARHGAP27P2",4,5,11,4,3,7,0
"WIPI1",81,65,151,139,124,182,107
"MIR635",5,8,10,12,8,8,2
"ALDH3A2",226,652,533,1039,282,405,190
"ALDH3A1",1,4,4,6,0,6,0
"ULK2",118,132,77,153,69,154,42
"NDUFB4P3",2,6,5,11,3,3,2
"RN7SL449P",45,18,33,30,34,38,39
"RNU7-134P",6,1,3,4,3,4,0
"RN7SKP94",0,1,4,2,1,0,3
"MRPS23",104,445,84,124,104,125,65
"LGALS9C",1,4,2,3,1,2,0
"SRP68P2",7,0,20,14,10,6,5
"PAIP1P2",14,21,14,10,4,5,6
"UBE2SP2",14,18,7,7,13,5,11
"FBXW10",5,13,20,15,14,5,4
"TVP23B",208,86,182,177,148,170,211
"SENP3-EIF4A1",3,2,13,6,5,4,3
"CD68",5,2,3,13,11,3,4
"MPDU1",81,102,76,77,70,110,41
"SOX15",13,55,15,30,16,12,6
"SHBG",9,8,9,22,10,14,13
"SAT2",70,83,85,109,53,105,48
"ATP1B2",7,16,33,112,22,60,27
"EFNB3",2,9,5,8,4,12,1
"RPS29P22",14,0,4,6,5,7,3
"TMEM97",64,52,50,45,36,39,23
"TNFAIP1",269,281,188,307,175,314,179
"POLDIP2",317,315,213,281,161,334,120
"TMEM199",54,70,69,87,69,64,51
"VTN",11,36,29,30,13,18,10
"MYO1C",994,1460,506,1731,313,682,287
"INPP5K",252,137,298,330,233,332,123
"RN7SL105P",9,14,5,9,4,4,6
"RILP",11,69,23,51,12,28,3
"TLCD2",9,66,27,143,8,51,15
"SERPINF2",11,30,16,38,28,37,2
"SERPINF1",171,461,310,864,298,744,176
"SMYD4",280,310,286,367,292,266,138
"RPA1",437,303,350,348,252,565,239
"SDHCP5",56,79,46,63,33,43,45
"SCDP1",1,4,2,0,2,4,9
"LINC02097",1,12,5,8,0,0,1
"SOX9",0,20,23,44,7,64,17
"MAPT-IT1",14,3,3,1,1,2,3
"SPOP",459,227,356,433,306,545,276
"SLC35B1",163,56,130,152,135,146,95
"FAM117A",302,140,353,342,275,271,270
"SRP14P3",8,12,11,10,18,16,10
"CEP131",74,71,106,133,73,98,32
"NDUFAF8",85,86,70,88,64,66,52
"SLC38A10",504,534,546,904,448,459,193
"MIR4740",10,13,3,2,0,2,4
"MIR3186",8,5,7,2,3,2,2
"FAAP100",185,139,219,237,131,154,53
"TNFRSF13B",4,2,56,58,70,66,58
"MPRIP-AS1",37,15,31,39,30,33,46
"RNU6-767P",3,0,1,6,1,3,2
"RN7SL775P",4,11,16,12,5,7,3
"PLD6",59,58,25,44,16,19,15
"FLCN",342,555,300,621,325,195,155
"ACTG1P24",2,0,4,5,2,4,0
"COPS3",141,67,99,87,62,198,75
"NT5M",49,32,36,30,24,32,31
"RPL13P12",144,132,197,329,145,287,155
"MED9",175,180,172,178,157,145,181
"RASD1",123,17,114,238,68,434,57
"RPL27",803,536,672,685,455,1796,481
"IFI35",81,105,92,115,52,73,59
"NXPH3",3,20,34,150,24,42,16
"CYB5D2",60,72,52,97,39,41,38
"SLC43A2",212,123,179,254,96,255,129
"MPRIP",2004,1430,2298,3327,1826,2299,1443
"PLSCR3",10,7,4,8,4,3,4
"TMEM256-PLSCR3",0,9,1,1,0,0,0
"TMEM256",22,11,6,14,10,28,4
"NLGN2",60,165,140,399,38,126,57
"SPEM2",0,10,0,1,0,1,0
"SPEM3",1,34,0,0,0,0,0
"TMEM102",4,12,6,11,12,12,2
"FGF11",8,148,8,12,6,6,3
"CHRNB1",67,143,64,104,60,60,44
"TMEM88",12,9,16,29,18,44,9
"SCARNA21",682,573,518,947,297,752,354
"TRAPPC1",101,80,105,124,107,193,53
"CNTROB",392,261,303,465,334,355,253
"ALOX15B",1,11,4,1,13,5,0
"ALOX12B",0,0,4,1,5,2,1
"HES7",1,9,2,4,1,0,1
"TMEM107",55,61,65,100,55,102,41
"MIR4521",0,0,2,7,6,8,0
"BORCS6",16,15,12,15,12,21,7
"AURKB",229,93,135,106,178,189,90
"PFAS",263,193,203,256,166,223,52
"SLC25A35",130,93,94,108,92,82,49
"RANGRF",10,5,11,15,2,16,4
"ARHGEF15",6,15,62,228,17,66,23
"RPL26",264,510,258,370,284,489,528
"PPIAP52",7,13,8,8,6,5,5
"MFSD6L",10,7,6,13,6,11,1
"PIK3R6",58,62,43,62,41,76,21
"NTN1",108,93,177,272,95,110,46
"STX8",112,48,97,108,86,170,50
"CFAP52",0,1,2,4,1,9,1
"USP43",18,31,13,25,13,7,4
"GLP2R",1,0,4,17,0,14,1
"RPS27AP1",0,0,5,0,6,0,3
"MYH13",3,21,2,3,6,3,2
"MYH8",208,4771,110,67,65,206,28
"MYH1",3,6,7,5,1,7,1
"MYH2",1,4,18,5,8,61,0
"MYH3",41,41,192,198,101,112,33
"SCO1",249,324,333,295,269,326,267
"ADPRM",71,17,70,45,63,87,67
"TMEM220",55,18,41,94,40,51,49
"PIRT",0,0,1,5,2,3,3
"SHISA6",12,55,13,67,6,21,7
"DNAH9",10,43,25,36,18,28,12
"MAP2K4",223,142,182,167,141,296,163
"RNU11-2P",11,12,8,4,12,11,8
"MIR744",1,5,1,4,3,5,0
"ARHGAP44-AS1",0,0,3,9,1,0,0
"ELAC2",311,343,325,344,249,347,154
"HS3ST3A1",14,6,20,10,9,11,5
"COX10",98,109,115,109,93,125,54
"CDRT15",3,16,17,15,7,6,9
"HS3ST3B1",292,43,169,90,123,148,124
"RPS18P12",3,10,11,10,8,11,6
"PRPSAP1",140,239,157,245,149,150,63
"RNU6-24P",2,3,2,2,1,0,5
"SPHK1",17,25,55,152,25,52,29
"UBE2O",216,289,284,388,217,305,102
"RPL7P49",5,0,14,6,15,12,4
"CYGB",7,35,35,138,47,77,15
"PRCD",11,119,68,113,75,20,15
"ST6GALNAC2",13,83,16,21,5,24,3
"ST6GALNAC1",4,29,11,20,10,9,2
"RNY4P36",0,8,1,7,1,2,2
"RNU6-97P",2,1,4,3,0,1,2
"RHBDF2",100,285,253,273,140,213,79
"SNHG20",78,47,74,108,62,57,24
"SEC14L1",742,771,706,1638,812,1486,1071
"RNU4-47P",9,0,13,8,10,22,10
"CYCSP40",14,20,7,18,6,10,6
"MIR4316",4,0,7,0,2,5,2
"MEIOC",11,5,29,15,17,17,14
"CCDC43",72,49,61,44,36,61,44
"DBF4B",185,226,210,207,221,127,94
"RN7SL819P",0,6,2,3,1,3,0
"RPL6P26",4,7,5,2,9,3,3
"ADAM11",18,40,18,38,13,20,6
"GJC1",80,80,76,141,55,97,82
"HIGD1B",5,35,6,15,17,14,2
"EFTUD2",485,404,448,434,346,660,295
"CCDC103",3,21,2,10,4,3,2
"KIF18B",364,197,324,282,415,258,173
"LINC01970",5,11,3,10,2,4,5
"SECTM1",9,71,25,45,11,61,12
"HEXD-IT1",27,52,60,64,45,33,41
"NARF-IT1",33,35,31,27,28,41,87
"MIR4731",0,5,1,3,0,3,0
"RN7SL792P",1,0,2,4,1,1,4
"PMP22",145,344,125,456,76,416,84
"EIF5A",589,545,347,568,268,634,289
"GPS2",17,8,19,35,31,18,10
"NEURL4",182,147,214,275,170,187,77
"ACAP1",1015,436,1264,1059,1119,839,707
"ZBTB4",734,1693,945,2032,759,1105,864
"MAPK8IP1P1",0,0,0,43,0,18,0
"RN7SL656P",13,34,14,41,18,26,22
"RDM1P2",76,34,47,61,25,48,61
"RN7SL199P",15,39,15,50,24,26,19
"FAM215B",165,196,234,574,285,342,213
"SNORD3A",17931,5302,11393,11693,3768,17233,6619
"SNORD3C",921,437,1048,1132,377,556,480
"KYNUP3",19,13,14,4,4,48,49
"MAPK7",99,117,101,208,71,125,55
"MFAP4",66,43,211,1524,117,717,91
"RNF112",0,0,7,33,2,13,4
"RPS2P46",299,278,280,367,196,325,178
"RPL17P43",17,4,29,10,60,33,95
"PDE6G",9,6,7,3,13,13,3
"OXLD1",73,55,68,93,50,52,37
"CCDC137",68,123,91,132,75,102,47
"MRPL12",9,13,3,6,5,10,1
"SLC25A10",30,85,10,10,4,12,4
"FSCN2",12,36,26,39,14,18,2
"RECQL5",184,251,317,547,245,206,72
"SMIM6",25,13,21,34,26,8,1
"SAP30BP",381,260,479,555,366,613,224
"SAP30BP-AS1",31,10,28,27,43,44,32
"H3-3B",1417,1180,986,1374,559,2765,1223
"UNK",425,383,475,567,336,428,267
"WBP2",336,508,366,611,265,521,204
"TRIM47",26,115,36,109,13,53,13
"TRIM65",129,156,101,190,77,98,83
"MRPL38",34,45,31,50,45,34,23
"TEN1-CDK3",4,3,10,20,2,2,6
"EVPL",4,42,24,84,10,17,6
"SRP68",307,289,344,382,282,402,164
"SGSM2-AS1",32,39,50,65,34,24,25
"MNT",278,603,305,545,249,322,198
"METTL16",415,448,409,455,292,447,286
"RN7SL33P",1,0,6,6,3,0,1
"SAMD11P1",13,4,13,16,12,12,6
"RN7SL608P",22,41,25,26,30,23,43
"COIL",101,41,103,88,76,150,80
"SCPEP1",40,51,95,179,57,163,28
"AKAP1",112,204,192,433,106,252,78
"MSI2",5211,2389,3298,2172,3561,4759,4532
"CUEDC1",112,832,143,374,44,123,35
"VEZF1",577,609,528,671,463,735,455
"SRSF1",547,296,332,261,274,428,494
"DYNLL2",823,1382,643,875,639,746,776
"EPX",12,3,5,13,5,11,9
"ANKRD40CL",0,12,3,2,6,2,3
"NME2",4,3,9,10,6,5,4
"NDEL1",608,415,505,556,417,1074,432
"AANAT",2,27,12,8,9,12,4
"ZNF652",657,559,574,611,399,801,651
"WDR81",304,268,346,511,248,256,102
"JMJD6",81,78,85,158,127,132,45
"PHOSPHO1",17,32,34,49,32,83,15
"IFT20",66,73,73,78,43,73,55
"NME1",43,46,38,30,33,61,20
"MYOCD",5,0,9,89,2,26,5
"GRAP",150,54,195,124,145,227,100
"METTL23",78,26,50,44,41,74,51
"MKS1",111,93,155,176,118,95,58
"SARM1",157,280,155,381,99,74,67
"SLC46A1",178,275,130,284,101,81,66
"RPS7P1",132,57,101,77,96,167,98
"UNC119",153,309,163,185,119,96,69
"ALDOC",15,7,22,57,20,38,9
"SPAG5",258,285,225,164,244,218,164
"SDF2",99,63,114,123,92,150,42
"SUPT6H",821,877,1394,1489,959,1867,705
"RAB34",63,43,74,187,26,101,43
"RPL23A",546,546,567,889,563,1392,416
"TLCD1",17,37,34,39,15,22,10
"NEK8",28,47,45,72,36,45,14
"RPL31P58",16,11,11,8,5,5,14
"RPS7P11",90,25,61,17,49,73,90
"KCNJ2",69,331,102,301,45,87,57
"ZACN",38,42,39,54,23,16,17
"EXOC7",480,354,783,1082,585,646,227
"FOXJ1",1,4,1,1,4,3,0
"SKA2",257,129,136,119,117,210,238
"RNU2-58P",14,19,13,20,18,8,3
"MIR454",4,0,7,4,1,6,5
"PRR11",290,222,205,149,200,239,168
"RTN4RL1",3,20,5,8,3,9,2
"DPH1",151,146,128,278,121,182,104
"MIR212",0,5,0,2,0,5,0
"HIC1",190,185,124,435,73,219,71
"SMG6",661,528,1009,1240,764,963,443
"MCUR1P1",29,32,22,20,12,17,32
"RN7SL624P",1,0,3,6,2,1,2
"SMG6-IT1",33,9,33,21,28,17,41
"SRR",45,50,32,35,23,33,22
"HNRNPA1P16",2,14,16,29,17,14,12
"TSR1",210,235,169,215,134,228,122
"SNORD91B",4,6,6,9,8,5,5
"DENRP3",0,2,3,2,2,2,1
"CYB561",35,63,46,137,15,46,7
"ACE",7,33,22,76,7,14,9
"FAM136DP",2,4,2,6,3,6,3
"MAP3K3",323,187,350,566,288,494,249
"EEF1DP7",9,8,26,19,22,17,13
"LIMD2",419,205,551,562,489,656,251
"KPNB1",1701,1107,1721,1341,1554,2057,1386
"TBX21",12,4,18,13,8,12,6
"MRPL10",91,79,79,119,70,135,44
"LRRC46",33,66,24,86,54,20,25
"SCRN2",85,131,85,215,83,108,40
"KPNA2",535,246,290,170,299,515,313
"PECAM1",530,292,820,1337,584,1676,555
"POLG2",297,153,287,293,293,291,331
"ATP5MFP4",6,2,12,6,7,5,3
"SMURF2",282,232,326,300,225,446,189
"MICOS10P2",2,7,2,3,4,1,1
"DDX5",4489,2492,5203,4183,4704,8531,4216
"HGS",723,1169,485,809,406,392,200
"PLCD3",19,133,40,163,21,39,7
"ACBD4",62,82,121,190,79,66,46
"HEXIM1",293,164,257,223,239,243,331
"NMT1",547,632,765,801,618,771,314
"PLXDC1",840,249,1127,1065,1172,959,837
"ARL5C",170,30,172,94,129,112,44
"STAC2",2,0,4,21,0,1,0
"SLC16A5",31,19,39,102,22,45,17
"ARMC7",71,36,99,147,89,83,39
"NT5C",14,26,22,36,12,23,7
"JPT1",169,61,111,76,101,151,78
"SUMO2",353,215,284,277,181,588,286
"NUP85",330,163,335,337,249,373,185
"GGA3",401,322,562,701,452,525,218
"MRPS7",79,82,66,119,66,105,45
"MIF4GD-DT",4,6,12,28,19,13,3
"SLC25A19",33,22,38,48,38,34,36
"GRB2",762,507,605,614,469,894,581
"RPL36AP7",33,4,31,13,25,21,51
"RPL19",1435,1246,1306,1823,1048,2848,966
"EIF4EP2",38,24,31,34,25,43,38
"POLR2A",2554,2948,2437,3078,2220,3137,2283
"SPNS2",43,57,67,168,30,63,17
"MYBBP1A",187,226,257,441,149,261,60
"GGT6",1,0,11,29,2,1,0
"SMTNL2",23,13,2,3,2,7,2
"ALOX15",2,1,11,8,3,3,2
"PELP1",229,314,260,450,225,285,140
"ARRB2",310,206,464,539,440,650,321
"MED11",12,26,22,49,24,32,10
"ZMYND15",49,27,18,29,19,28,10
"VMO1",9,2,3,10,0,6,2
"GLTPD2",30,44,12,20,7,20,17
"PSMB6",163,128,111,123,91,244,84
"PLD2",155,767,185,422,91,180,81
"MINK1",586,1097,793,1539,550,732,432
"ATP6V0CP1",13,17,25,36,29,24,17
"RN7SL784P",2,8,5,20,0,0,5
"CHRNE",2,14,10,26,5,26,1
"C17orf107",1,17,6,13,9,27,4
"NAGLU",79,87,88,131,50,64,66
"HSD17B1",0,7,2,3,7,2,0
"COASY",184,188,239,360,207,256,100
"PSMC3IP",69,37,56,71,64,51,44
"RETREG3",602,485,573,632,425,602,405
"TUBG2",55,145,95,268,68,108,26
"PLEKHH3",114,770,142,655,70,50,39
"UBE2V2P2",16,17,3,2,8,11,3
"RNU6-625P",23,0,7,3,16,8,15
"EIF5AP2",3,2,5,2,3,4,6
"BIRC5",233,118,121,92,139,240,143
"KRBA2",377,390,339,402,350,237,167
"CAVIN1",85,429,516,2599,165,962,158
"MIR548AT",3,7,3,1,1,0,8
"KCNH4",1,0,6,12,7,6,0
"KCTD9P1",3,11,11,23,6,20,3
"SLC47A2",2,55,23,80,17,12,4
"CLUH",197,408,224,329,136,234,48
"MIF4GD",68,95,73,103,72,64,34
"C17orf58",7,10,8,28,2,45,10
"SYNGR2",235,360,231,326,116,285,140
"MLX",141,123,136,194,162,218,65
"GAS7",349,229,410,973,231,684,245
"SPATA32",35,31,45,37,27,40,27
"MAP3K14",183,375,294,468,201,366,144
"KRT10",24,19,240,49,66,210,126
"KRT20",2,0,7,2,1,0,4
"KRT23",0,0,13,11,6,27,6
"SCN4A",21,1,27,80,17,40,3
"PRR29",18,15,20,28,23,24,10
"ICAM2",61,18,54,73,37,86,29
"ERN1",683,241,604,507,639,699,356
"NAGS",6,10,14,16,17,12,7
"TMEM101",47,46,65,77,49,44,11
"LSM12",292,247,206,225,209,372,215
"HROB",51,56,26,45,26,32,21
"ASB16",39,77,41,59,44,21,22
"TMUB2",177,158,226,332,162,200,91
"MIR2909",11,2,11,7,8,6,7
"MCRIP1",124,181,158,276,82,138,46
"PPP1R27",2,0,5,14,1,3,1
"MAFG",191,278,171,238,138,173,168
"PYCR1",1,15,5,6,3,6,0
"ACTG1",4629,2660,3469,3608,2359,8090,2091
"P4HB",568,780,760,1059,561,790,375
"TUBG1",89,132,79,136,72,116,43
"CCR10",2,4,7,20,3,7,6
"CNTNAP1",90,297,175,364,120,200,131
"EZH1",722,483,1147,1275,970,1090,676
"HMGN2P15",4,7,28,44,13,12,10
"RAMP2",6,17,30,118,16,57,2
"VPS25",102,102,115,130,84,155,61
"TLCD3A",36,163,68,118,55,54,40
"GEMIN4",206,250,204,315,138,198,88
"MRM3",37,75,64,96,48,68,26
"RFFL",262,295,278,233,189,283,240
"FNDC8",2,2,0,2,2,4,0
"NLE1",108,76,74,98,83,49,13
"UNC45B",1,0,9,2,2,5,1
"SLFN5",2357,937,1896,1282,2162,2626,2505
"KANSL1",2852,1899,2616,3056,2348,3421,2858
"VPS53",1483,1546,1475,1474,1201,1224,1101
"RNF157",21,24,17,37,33,56,30
"ATP5MGP6",2,3,2,1,2,0,3
"ATF4P3",17,34,41,34,41,20,40
"UBALD2",169,199,132,144,173,204,134
"KDM6B",1389,1391,1475,1951,1204,2143,1051
"KRT33B",16,2,5,0,7,7,2
"KRT31",24,24,7,12,2,1,2
"KRT41P",1,2,4,16,1,3,0
"FAM20A",164,681,173,308,138,203,96
"ARSG",84,89,143,117,90,161,51
"AMZ2",158,161,166,180,152,220,148
"CASKIN2",48,121,104,458,66,209,36
"TSEN54",91,94,184,204,86,153,65
"LLGL2",35,81,81,151,27,67,15
"STAT5A",520,361,400,542,268,556,239
"KCTD11",31,49,37,67,29,33,15
"SMG8",53,53,61,75,61,88,49
"SMIM5",50,42,96,172,65,39,8
"RNF227",44,85,48,54,29,30,35
"SEPTIN9",3020,2167,3776,3646,3024,3871,2075
"RPL12P37",1,21,0,0,0,0,0
"CHMP6",48,139,61,95,47,67,20
"AATK",96,836,118,195,61,105,22
"MIR657",1,23,1,0,1,5,0
"MIR1250",1,9,0,0,0,1,0
"TEPSIN",133,40,182,163,118,147,56
"GALK1",17,7,26,61,11,31,9
"TIMM22",74,70,81,171,76,94,45
"MIR3183",5,16,1,16,0,2,1
"TRARG1",0,0,83,389,17,190,28
"YWHAE",1467,1210,888,1076,791,1497,650
"ABR",609,653,620,944,357,690,171
"C17orf67",189,23,161,106,134,125,136
"DGKE",782,140,558,414,400,693,876
"TRIM25",782,515,933,826,710,890,848
"ZNF750",170,452,133,251,84,113,123
"METRNL",24,12,36,118,15,159,43
"PDK2",52,50,58,190,55,109,41
"SAMD14",24,61,24,77,33,26,16
"PPP1R9B",433,465,603,831,414,602,369
"COL1A1",433,5517,618,2044,150,1081,151
"TMEM92",4,19,1,10,1,2,3
"XYLT2",344,880,348,481,203,286,131
"MRPL27",84,59,106,139,74,138,43
"EME1",19,28,19,14,33,22,12
"LRRC59",192,201,159,175,98,208,133
"SGCA",4,2,30,70,6,19,7
"USP32P4",30,15,27,17,16,23,23
"METTL2A",106,123,95,130,60,104,53
"MRC2",115,122,185,494,62,305,60
"TLK2",798,560,675,562,564,840,997
"SHC1P2",1,35,1,7,2,6,3
"SLC4A1",4,7,8,11,2,26,2
"RUNDC3A",9,71,14,25,5,9,3
"SLC25A39",191,174,173,267,119,210,65
"FAM171A2",4,7,14,47,7,6,0
"ITGA2B",2,8,18,59,6,6,4
"RN7SL258P",20,0,28,14,18,16,16
"MIR378J",4,10,2,1,2,6,1
"HNF1B",12,5,2,0,0,0,1
"ERAL1",62,93,64,105,77,80,31
"DHRS13",20,47,16,33,24,7,48
"PHF12",745,580,852,1000,704,937,734
"FDXR",65,169,72,114,53,51,43
"USH1G",0,31,3,18,2,0,0
"HID1",35,5,65,191,48,108,28
"CDR2L",10,46,18,45,0,26,3
"MRPL58",40,34,39,37,29,68,20
"ATP5PD",130,124,81,119,75,189,66
"SETP3",2,0,5,1,1,4,2
"MTMR4",421,211,492,439,323,476,229
"BRIP1",398,152,201,126,236,309,271
"ASPA",5,0,26,146,5,46,1
"ALOX12",119,104,117,118,116,76,65
"RNASEK",7,22,25,65,30,29,9
"BCL6B",14,66,38,136,11,54,15
"SLC16A13",45,64,50,116,42,24,25
"CLEC10A",26,1,30,113,11,52,6
"ASGR1",3,3,7,13,3,11,8
"DVL2",267,447,272,388,220,248,130
"PHF23",237,206,237,258,228,254,230
"GABARAP",8,8,28,32,16,22,12
"CTDNEP1",129,88,137,205,115,182,89
"CLDN7",26,30,23,36,13,23,15
"SLC2A4",14,77,21,59,5,51,14
"YBX2",27,122,13,22,11,27,15
"QRICH2",34,143,74,174,48,32,11
"RASL10B",7,4,7,17,5,19,3
"GAS2L2",1,2,7,4,3,8,0
"MMP28",12,5,15,45,6,26,4
"C17orf50",5,2,9,5,1,1,0
"GFAP",3,15,3,7,5,1,2
"ABHD15",44,69,67,125,52,75,12
"ABHD15-AS1",5,5,5,2,3,4,1
"TP53I13",100,109,90,173,77,72,24
"GIT1",340,466,332,558,219,339,162
"ANKRD13B",28,112,26,151,31,23,6
"RNU6-920P",11,3,15,2,7,11,11
"RPL21P123",103,47,94,24,82,94,147
"FAM222B",305,340,337,416,326,398,265
"PIPOX",32,32,34,37,25,38,19
"SEPTIN4",16,34,115,163,42,60,25
"MXRA7",227,511,235,628,166,342,176
"BAIAP2",138,582,143,266,116,145,26
"KCNJ16",5,3,2,28,0,6,2
"UTS2R",18,76,21,34,21,22,20
"UBE2G1",350,137,200,154,123,321,223
"KCNAB3",88,43,127,93,113,77,61
"NAA38",60,37,45,75,35,101,34
"TRIM37",203,123,197,143,120,220,123
"RN7SL716P",3,1,7,3,1,0,3
"GDPD1",30,24,37,20,27,23,16
"YPEL2",252,221,296,367,233,472,197
"MIR4729",1,3,8,4,7,13,4
"RNU4-13P",1,0,2,0,2,1,6
"TNFSF13",15,50,25,57,29,24,10
"GPRC5C",54,620,54,181,27,47,16
"FASN",622,1093,701,779,325,1266,595
"KRT39",1,9,1,1,0,1,0
"PIK3R5",300,42,327,267,335,412,175
"CORO6",52,24,52,145,55,57,23
"TRIM16",89,98,76,111,64,72,37
"ZNF29P",7,4,5,1,6,2,3
"ZNF286A",167,100,112,88,88,105,125
"UBE2SP1",45,26,34,44,33,26,20
"E2F3P1",29,9,37,23,7,17,9
"TAF5LP1",17,2,47,17,13,25,18
"SLFN14",11,14,27,12,30,32,30
"LINC02978",2,7,7,20,1,5,2
"RNF135",25,82,41,84,19,35,13
"DPRXP4",5,14,21,24,11,12,10
"ABCA9",53,85,210,592,96,459,46
"ABCA6",52,142,295,1112,203,435,89
"SEC24AP1",7,18,25,72,13,24,11
"MIR4524B",0,4,4,15,2,4,2
"PRO1804",7,6,19,15,6,17,7
"SNRPGP4",34,24,26,13,14,17,23
"ABCA10",47,57,156,670,60,322,66
"TNK1",32,73,56,71,24,34,13
"SLFN13",496,288,384,286,230,414,302
"KRT38",0,4,3,4,0,0,5
"KRT32",8,17,5,12,1,2,3
"KRT36",0,3,7,5,4,6,1
"KRT13",1,92,42,88,14,6,11
"KRT15",330,6393,1006,4574,396,365,216
"MIR6510",1,31,2,24,2,0,0
"KRT19",257,1688,624,1712,253,443,168
"KRT9",0,1,62,1,23,14,51
"KRT14",21,1638,639,2679,151,850,327
"KRT16",8,23,91,57,20,63,23
"EIF1",897,657,707,819,563,2048,574
"CCDC92B",2,39,10,25,6,4,3
"RPL38",819,657,684,989,615,1666,597
"TTYH2",137,194,125,185,85,91,50
"DNAI2",3,0,1,1,3,5,2
"KIF19",129,1,44,40,11,22,15
"BTBD17",1,0,2,4,1,1,2
"LGALS3BP",443,1215,383,705,191,571,129
"CANT1",232,202,255,302,241,279,99
"C1QTNF1",22,23,88,312,27,482,41
"ENGASE",328,195,579,721,412,360,186
"RBFOX3",21,42,23,33,20,10,25
"ENPP7",0,0,1,5,2,2,3
"CBX2",149,63,114,90,85,91,104
"MYH10",790,760,635,1140,463,1024,477
"OMG",148,80,78,59,43,82,128
"EVI2B",180,39,152,70,95,316,149
"EVI2A",160,45,79,41,80,167,186
"AK4P1",2,5,24,18,12,9,5
"RN7SL45P",0,0,4,4,11,2,6
"RNU6ATAC7P",1,0,10,9,16,7,13
"TBC1D3L",94,95,135,145,139,148,92
"MFSD11",185,90,142,175,129,132,79
"LINC02080",3,29,10,23,9,4,1
"MGAT5B",22,129,19,32,20,18,3
"RDM1P1",52,3,22,8,7,19,27
"MAPK8IP1P2",0,0,0,89,0,53,1
"APPBP2",362,287,239,203,202,371,272
"RNU6-623P",6,3,0,3,3,2,1
"RN7SL606P",3,10,2,3,3,5,5
"RPL36AP46",7,0,9,4,2,7,5
"KRT18P61",1,6,11,12,10,6,3
"HMGN1P28",7,0,5,5,5,9,1
"RN7SL448P",6,5,10,7,1,2,10
"RPL22P21",9,1,4,1,6,6,6
"RN7SL442P",7,1,3,4,2,7,3
"PIGL",246,174,292,265,202,292,170
"MIR1288",1,6,7,5,0,2,2
"CENPV",207,49,183,175,151,157,163
"UBB",367,358,313,459,304,1065,187
"TRPV2",76,54,191,139,111,108,58
"KLHL10",3,0,3,12,7,3,1
"KLHL11",129,103,131,163,85,167,82
"ACLY",606,451,519,506,339,822,423
"ODAD4",17,18,17,26,5,27,7
"CNP",347,543,398,579,294,432,297
"DNAJC7",648,471,714,591,508,711,631
"NKIRAS2",249,165,216,258,194,216,150
"DHX58",101,105,103,123,113,104,59
"KAT2A",152,106,211,600,176,215,43
"HSPB9",3,2,0,1,1,2,2
"PPM1D",267,163,223,282,181,243,177
"TEX2",239,230,299,375,256,363,147
"KRT17",10,14,112,427,33,581,204
"GP1BA",53,203,109,158,86,98,67
"TRAF4",113,162,135,146,99,160,74
"ABCA8",55,37,251,1021,120,536,106
"SLC16A6",20,23,28,26,17,56,4
"ARHGAP44",41,47,76,237,65,71,29
"PITPNA",449,462,375,426,257,533,309
"CEP95",631,406,645,536,636,747,859
"SEZ6",58,66,82,104,70,62,44
"SPAG9",941,834,835,1032,574,1313,790
"MPP2",10,16,27,59,11,23,7
"PSME3",446,406,412,350,324,559,280
"SCARF1",50,96,65,163,32,61,25
"B9D1",45,158,93,273,50,63,21
"SSTR2",31,63,41,49,28,48,39
"COG1",184,135,207,365,192,298,111
"CPSF4L",2,18,9,11,5,8,4
"CDC42EP4",269,1261,334,764,237,484,206
"RNU6-638P",37,0,10,3,5,19,26
"AFMID",60,188,76,202,43,58,44
"RNF222",23,25,22,29,27,14,5
"C17orf99",4,3,13,7,3,3,8
"GLOD4",233,171,215,234,140,291,125
"DNAH2",36,35,19,23,18,19,4
"SPDYE4",4,0,6,1,3,2,0
"USP36",456,423,663,895,491,1149,347
"TAF15",1789,1228,1552,1587,1537,1925,1951
"ASGR2",3,0,1,7,1,6,0
"EPOP",14,8,23,13,10,19,7
"MLLT6",2151,1983,2866,3915,2499,2215,1855
"CISD3",16,44,23,42,17,33,7
"PCGF2",10,126,45,102,9,31,3
"PSMB3",172,152,80,160,100,262,107
"PIP4K2B",480,407,526,923,411,631,247
"CWC25",222,121,241,267,200,320,151
"KCNH6",0,1,15,5,5,5,5
"DCAF7",1208,978,866,789,722,879,825
"TACO1",14,1,14,19,4,8,2
"ATXN7L3",382,480,496,602,318,450,245
"HEXIM2",1,0,3,6,8,6,0
"SLC16A11",4,39,11,51,17,16,7
"DCAKD",510,646,415,737,449,366,280
"FBF1",69,89,55,99,81,54,33
"DNAJB6P8",0,5,2,1,2,2,0
"SLC35G6",31,10,65,76,78,19,21
"SPECC1",79,577,184,486,122,321,73
"CDK3",1,0,8,6,5,1,1
"EPN2",86,135,129,354,79,176,61
"RUNDC1",179,269,202,241,147,203,219
"EFCAB5",62,29,64,41,61,59,62
"TANC2",323,930,334,546,299,437,196
"SLC25A11",181,190,141,234,130,189,73
"RNF167",366,341,466,592,512,621,272
"PFN1",1481,1249,1363,1298,1180,2003,974
"ENO3",59,35,66,101,44,47,17
"SPAG7",114,132,145,238,124,197,75
"CAMTA2",331,344,379,586,321,372,182
"MIR6864",1,2,5,6,6,1,2
"KIF1C",427,816,339,846,249,389,147
"SLC52A1",17,59,34,46,13,9,9
"ZFP3",60,39,100,80,75,98,32
"USP6",44,52,61,35,61,31,22
"INCA1",7,17,11,21,7,12,4
"RNF213-AS1",218,196,313,262,220,205,205
"ENDOV",169,231,180,229,165,140,104
"NPTX1",701,3641,67,48,130,34,16
"RPL31P7",10,4,12,5,6,3,2
"CCDC40",12,36,20,90,17,31,4
"EIF4A3",256,184,200,228,129,503,150
"CCL8",0,0,9,32,0,81,0
"CCL13",4,0,21,9,9,15,4
"CCL2",77,6,22,167,4,790,53
"TSPAN10",10,15,12,18,13,4,2
"PHB1",58,77,63,88,68,80,29
"G6PC3",82,194,139,196,107,115,77
"ZNF594",187,207,234,287,261,184,75
"SCIMP",21,16,66,37,58,40,16
"TNRC6C",1927,1069,2311,2333,2139,2921,1296
"ZNF232",30,24,40,60,29,31,19
"TEX14",7,15,4,17,5,20,4
"TWF1P1",8,7,13,6,6,8,9
"CRYBA1",13,4,9,8,9,14,8
"NUFIP2",1281,1209,1025,765,1011,1396,1302
"MYL4",0,0,3,6,0,7,2
"ITGB3",12,25,7,77,3,43,3
"EFCAB13",124,215,107,150,110,101,32
"SEBOX",8,8,8,11,1,8,4
"RSKR",211,433,251,273,256,156,148
"ITM2BP1",7,5,7,5,0,6,3
"LGALS9",164,96,256,164,182,260,73
"LGALS9DP",2,3,7,2,5,5,1
"LYRM9",41,31,42,58,54,49,21
"NOS2",1,0,5,6,1,2,1
"RNA5SP437",10,11,9,8,7,9,7
"ARGFXP2",62,37,55,58,40,45,54
"LINC02887",117,106,341,375,223,155,43
"DOC2B",24,58,105,236,32,138,28
"RPH3AL",63,27,44,75,30,71,20
"TRPV1",66,116,80,144,46,72,13
"CTNS",150,396,229,258,219,210,69
"SHPK",18,77,12,56,32,19,8
"CTNS-AS1",9,79,28,61,37,21,8
"TAX1BP3",5,0,1,1,2,3,0
"P2RX5-TAX1BP3",68,49,63,45,178,90,30
"RPL21P125",18,19,12,9,34,30,10
"EMC6",0,0,2,4,4,3,0
"P2RX5",270,174,340,85,731,440,48
"ITGAE",204,112,264,103,245,209,102
"HASPIN",140,48,192,55,179,148,55
"SOCS3",80,37,42,163,47,1721,74
"PGS1",419,240,466,493,309,407,258
"TMEM235",40,57,15,10,28,21,10
"CCDC144A",454,51,194,81,210,444,136
"UPF3AP1",10,12,22,28,25,9,13
"SRP68P1",12,0,10,8,7,15,4
"FAM106C",34,20,35,42,33,35,24
"WNT9B",0,0,1,9,1,0,0
"RNU6ATAC3P",1,4,6,4,4,1,7
"GOSR2",686,621,758,723,701,764,595
"RN7SL270P",11,5,13,12,7,4,4
"CDC27",455,224,297,252,274,494,351
"PPM1E",7,20,8,18,10,13,5
"RAD51C",216,157,172,207,156,138,116
"RNU6-288P",6,0,1,2,0,3,3
"STRADA",529,345,550,421,427,391,579
"CCDC47",223,163,177,186,109,394,185
"DDX42",790,700,857,1059,698,1267,799
"FTSJ3",154,196,238,307,183,320,99
"ZNF385C",42,22,42,93,74,38,40
"SMARCD2",430,292,415,474,280,411,264
"TBC1D3G",48,92,50,82,40,35,51
"TBC1D3H",36,50,61,48,54,45,22
"TBC1D3JP",7,2,3,4,0,1,1
"PIGW",62,30,36,32,30,27,19
"MRM1",14,42,33,40,20,37,11
"TMC8",1398,450,1813,1347,1514,1449,963
"CD79B",15,4,42,47,24,41,8
"SLC13A2",12,22,5,19,1,4,0
"FOXN1",283,1739,244,509,152,129,47
"WRAP53",67,40,48,83,42,42,30
"BAHCC1",1041,490,492,735,383,617,561
"TMC6",1077,562,1376,983,916,946,634
"STAT5B",837,620,1083,1169,732,1266,830
"RPTOR",730,508,821,784,833,1153,420
"MPO",18,1,26,11,50,71,45
"TSPOAP1",624,448,726,1114,620,602,290
"SUPT4H1",40,0,27,4,22,23,26
"RNF43",74,134,75,119,67,86,65
"UNC13D",340,157,368,442,252,348,110
"CTC1",1437,460,1585,1351,1420,1518,1221
"NLRP1",662,602,1334,1138,743,992,502
"TBC1D3K",42,51,70,117,75,30,46
"TNFSF12",55,33,90,179,43,68,34
"VAT1",715,645,512,939,378,786,561
"RPL21P4",7,6,6,0,0,5,3
"BRCA1P1",10,2,1,4,4,4,6
"NBR1",713,654,711,783,622,975,541
"TMEM106A",157,102,272,331,206,146,170
"CCDC200",154,90,313,320,185,133,140
"PLEKHM1",576,449,777,836,642,699,421
"ACSF2",93,209,115,229,72,134,55
"MRPS21P9",6,10,2,5,4,3,3
"CHAD",13,83,30,45,22,10,27
"RSAD1",185,270,222,306,140,186,102
"EPN3",18,65,49,163,29,32,6
"ANKFN1",91,27,18,9,20,33,7
"NOG",2,5,2,4,0,2,0
"KCNJ12",16,49,6,17,1,11,2
"RPL21P120",7,4,7,16,12,5,27
"CACNA1G",3,623,11,27,25,39,12
"NPEPPS",1058,813,864,744,589,984,1006
"RABEP1",430,465,496,402,440,563,457
"RPAIN",623,454,628,605,657,482,728
"C1QBP",182,131,157,121,112,247,86
"DHX33",126,83,128,123,79,160,49
"DERL2",175,75,134,123,129,189,129
"MIS12",153,119,125,87,135,146,117
"NUP88",360,186,399,298,303,439,302
"DHX40",247,82,169,119,116,273,190
"WHSC1L2P",3,3,3,3,6,4,3
"DUSP3",106,235,121,221,65,212,86
"MPP3",7,16,25,73,20,25,4
"CD300LG",14,11,37,41,25,58,1
"CDRT4",28,38,41,40,34,35,47
"TVP23C-CDRT4",22,4,13,39,11,13,6
"TVP23C",349,220,334,430,303,276,324
"RPL9P2",12,16,4,5,12,5,12
"PPIAP53",15,18,41,56,43,27,19
"RDM1",23,13,24,5,4,16,8
"CCL16",3,0,1,2,2,4,0
"CCL14",1,0,42,25,22,14,2
"TBC1D3B",31,53,44,36,37,30,29
"TBC1D3I",51,63,50,49,43,25,36
"CHD3",2273,3882,3485,4682,2599,3374,2815
"KCNJ2-AS1",3,17,8,41,6,7,11
"FMNL1",715,310,922,792,773,898,456
"PRPF8",2666,2328,2671,3144,2106,4260,1466
"RNU6-711P",4,1,5,0,0,3,8
"RNU6-1034P",4,0,3,1,1,3,1
"SGSH",101,106,171,336,104,140,56
"NLK",189,106,171,131,187,249,109
"PSMC5",189,186,272,346,268,315,152
"SRP68P3",13,0,13,12,13,10,7
"FAM106B",58,11,42,33,23,25,35
"LGALS9B",0,12,2,0,0,2,1
"MIEF2",43,79,49,86,35,30,33
"RPL7AP65",35,16,11,17,14,9,12
"RPL21P121",12,2,9,6,2,7,4
"SMCR8",468,528,582,665,482,737,325
"ARHGAP27",480,272,557,595,437,497,323
"MRPL45",64,103,81,129,56,118,54
"GPR179",8,40,19,36,19,19,8
"SOCS7",510,272,389,407,347,366,404
"SRCIN1",96,204,27,22,23,22,18
"ATP6V0A1",556,824,690,750,520,844,447
"MAPT",283,81,82,134,110,83,34
"CDK5R1",71,63,86,73,87,134,19
"MYO15B",1909,688,3290,4349,1362,1749,1088
"MYO18A",1267,1047,1640,2012,1227,1398,935
"HOXB2",3,1,17,18,6,8,6
"HOXB3",30,15,58,120,62,53,53
"HOXB4",6,4,7,53,20,40,11
"HOXB5",1,1,0,6,0,3,0
"ADORA2B",29,40,32,29,35,17,12
"ZSWIM7",92,74,94,125,91,85,53
"TTC19",403,250,354,338,296,443,385
"NCOR1",1917,2002,2320,2535,2068,3282,1659
"UBTF",987,1236,1211,1320,990,1364,611
"TAOK1",1428,1006,1068,887,849,1590,1379
"FXR2",211,228,212,352,217,285,174
"ACOX1",457,321,319,365,211,559,218
"RAB37",201,83,227,188,154,220,180
"CD300LF",9,0,16,23,4,25,4
"NHERF1",331,677,301,268,231,289,185
"NAT9",118,149,171,208,121,140,85
"TMEM104",120,124,155,134,85,143,63
"GRIN2C",9,47,32,41,20,58,27
"TMEM94",491,379,523,787,445,549,241
"LRRC37A",341,428,482,974,580,823,556
"LRRC37A16P",22,29,29,61,16,21,27
"TBC1D27P",1,0,2,4,1,8,0
"AOC4P",1,0,1,13,0,3,0
"CCDC144BP",1,1,3,4,0,2,0
"LRRC37A4P",137,180,247,364,307,211,87
"KRT17P6",0,0,5,3,4,3,4
"LRRC37A17P",28,43,51,126,49,58,29
"NPLOC4",944,736,928,898,516,921,527
"SCAT1",8,0,26,4,4,16,9
"PSMD12",245,137,183,167,109,283,195
"RN7SL756P",23,11,15,10,14,22,8
"CACNB1",406,218,400,382,557,262,278
"LRRC37A2",611,1012,843,1854,1228,1561,1314
"PIGS",247,240,264,328,206,285,221
"CBX4",226,287,216,206,181,317,110
"TBC1D16",137,325,180,430,156,272,77
"RNF213",4987,5004,7041,6098,5087,6390,2212
"ARL4D",3,7,10,39,4,30,8
"DHX8",475,346,505,496,396,746,309
"ETV4",3,18,24,32,24,18,9
"MEOX1",17,0,44,158,10,42,9
"ARL17A",847,934,753,1591,897,1600,1340
"CD300H",0,9,0,0,0,2,0
"NSF",331,182,444,283,396,441,628
"BPTF",2490,2097,2960,2741,2848,3542,1942
"WNT3",5,19,12,19,5,4,4
"FLOT2",400,666,491,698,292,524,220
"CXCL16",87,96,63,143,41,182,82
"TAC4",29,34,37,57,36,50,29
"ARHGAP23",277,99,343,609,156,405,343
"CENPX",38,39,55,42,36,49,12
"HAP1",59,398,110,434,44,75,22
"RN7SL399P",2,19,7,5,0,0,1
"JUP",278,378,310,858,143,393,133
"P3H4",12,42,17,57,10,19,3
"FKBP10",21,62,91,245,34,96,27
"NT5C3B",39,58,61,139,28,55,16
"CARD14",21,39,21,86,38,15,12
"PEX12",36,57,45,44,39,26,21
"AXIN2",282,98,327,312,242,258,389
"CEP112",82,118,123,193,100,172,48
"RN7SL735P",4,6,4,6,1,4,2
"PRKCA-AS1",16,27,31,23,23,26,15
"HLF",31,486,83,371,69,141,60
"MMD",49,12,43,65,27,81,31
"RNU6-1249P",0,0,6,0,4,2,9
"TIMP2",1077,851,1027,2461,712,1985,862
"CEP295NL",62,28,104,123,83,137,37
"MYCBPAP",14,81,58,95,42,19,8
"RN7SL405P",1,1,3,10,2,1,4
"ITGB4",33,434,302,1031,117,253,72
"EIF4A1",145,61,129,196,116,298,166
"SUZ12P1",41,24,41,21,33,35,77
"CRLF3",528,352,506,465,422,441,455
"RNU6-298P",3,3,3,4,0,1,3
"NGFR",15,38,42,85,4,63,28
"ITGA3",95,469,204,546,99,221,71
"ZNF18",91,71,116,107,93,154,42
"PROCA1",131,93,177,218,170,137,87
"PITPNC1",272,105,267,216,282,393,233
"OR3A1",6,15,0,0,0,1,0
"TRPV3",35,10,6,43,11,36,21
"HEATR6",112,97,125,153,89,164,62
"CA4",1,3,9,28,4,31,5
"USP32",418,282,438,344,267,730,317
"SCARNA20",3,5,5,15,8,7,5
"RPL32P32",5,3,5,11,3,11,2
"SEPTIN7P12",9,3,4,0,2,3,7
"H3P42",11,1,4,1,4,4,6
"BCAS3",428,477,539,581,386,633,259
"GRN",354,581,253,501,157,476,107
"GPATCH8",1049,1125,1120,1441,1011,1451,852
"FZD2",9,2,6,19,3,7,3
"KAT7",1028,620,965,926,872,1143,834
"RND2",20,40,17,17,24,14,12
"MED1",650,787,621,560,557,900,543
"CDK12",1122,1100,1413,1596,1381,1634,888
"RNFT1",59,29,53,35,26,61,40
"RNFT1-DT",13,20,9,8,1,6,16
"RAP1GAP2",140,105,131,198,93,218,63
"SENP3",67,41,50,84,53,66,40
"PRPSAP2",206,75,187,155,137,223,97
"SLC5A10",87,11,100,77,86,58,62
"FAM83G",70,110,85,109,40,86,33
"RAB5C",121,63,105,121,123,187,105
"GHDC",51,43,79,115,49,88,36
"TBKBP1",59,112,76,175,57,54,27
"OSBPL7",169,154,201,278,184,149,83
"SPATA20",36,229,112,221,62,99,22
"INTS2",224,136,173,127,131,222,105
"MED13",1466,1004,1270,864,1144,1878,1169
"POLRMTP1",13,22,15,18,10,6,10
"MAP2K6",568,138,416,266,402,575,302
"CYTH1",968,393,1337,1117,1046,1562,1098
"PRKAR1A",1202,1224,730,814,608,1558,1064
"SRSF2",536,196,453,311,277,772,280
"VAMP2",900,865,774,1055,670,790,796
"BLTP2",863,652,948,1056,825,1051,519
"ALKBH5",503,642,375,497,282,504,364
"FLII",513,405,585,929,412,698,219
"TOP3A",421,372,382,380,285,412,202
"SHMT1",289,182,149,287,196,310,307
"CCL5",54,48,141,164,41,115,39
"MAGOH2P",4,0,3,2,8,3,3
"UPF3AP2",6,6,9,14,11,5,11
"HMGB1P24",6,10,19,7,24,10,14
"LINC02210",15,2,2,5,4,7,8
"EFCAB15P",7,17,10,8,7,9,6
"FOXO3B",171,146,218,308,221,292,128
"PIMREG",50,20,26,17,42,33,14
"PITPNM3",32,333,77,169,21,50,22
"KIAA0753",13,2,11,15,16,20,6
"RNA5SP435",11,0,7,9,6,3,0
"TXNDC17",35,23,31,31,23,66,25
"MED31",16,14,13,16,13,20,8
"C17orf100",19,49,29,41,13,16,9
"SLC13A5",2,7,11,3,4,4,2
"KSR1",347,310,405,660,225,286,185
"OR3A2",18,32,0,2,0,0,1
"OR3A3",2,4,0,8,1,0,0
"C17orf114",3,8,0,7,2,4,0
"SSH2",1622,1064,1491,1070,1462,2328,1637
"RPL9P30",46,6,29,16,35,18,25
"PAFAH1B1",1591,1562,1379,1330,928,1687,1550
"GAA",493,845,244,386,189,211,117
"WSCD1",101,36,44,24,11,31,11
"CLTC",1496,1229,1140,889,759,2034,846
"SLFN12",33,38,63,80,51,66,9
"SLFN12L",303,192,440,295,183,358,249
"RN7SL774P",1,2,5,14,4,0,1
"SPNS3",81,24,39,24,42,42,19
"TP53",661,761,477,520,490,621,349
"DLG4",301,299,354,425,261,294,308
"STAT3",953,806,1276,1677,752,2143,1331
"SNORD3B-1",2375,1105,2321,2448,554,1460,866
"SNORD3B-2",2146,840,1852,2109,540,1574,793
"KYNUP2",24,13,17,5,9,58,44
"GRAPL",313,138,460,301,337,488,333
"HDAC5",129,206,249,510,156,223,80
"LINC00511",96,491,296,455,93,216,187
"SOX9-AS1",1,20,14,22,1,3,0
"CCL4L2",7,0,10,9,1,24,2
"XAF1",73,414,676,509,272,167,245
"PRAL",6,38,17,7,14,8,24
"FBXO39",0,43,6,2,0,6,2
"TEKT1",0,11,2,1,3,2,0
"ALOX12P2",7,5,9,6,5,3,4
"SP6",20,93,25,29,10,27,31
"SP2",311,196,341,420,365,451,220
"PNPO",129,153,68,109,77,91,82
"PRR15L",7,36,12,17,10,17,14
"CDK5RAP3",250,139,245,324,308,176,208
"MTCO1P40",25,31,89,48,40,22,54
"ELP5",97,91,90,118,97,152,50
"BRCA1",426,341,268,192,261,333,174
"DNAH17-AS1",1,3,2,4,2,4,2
"DNAH17",113,72,145,163,106,146,80
"DUSP14",69,153,58,75,56,75,47
"RPL23",2221,2058,1402,1978,1195,3318,1527
"LASP1",952,467,1064,1238,797,1349,789
"LASP1NB",22,12,20,11,9,38,40
"PTRH2",92,62,102,103,122,143,42
"HSF5",30,20,27,5,22,35,17
"VMP1",710,318,519,447,303,1893,524
"RPL23AP74",6,10,11,14,20,12,14
"TBX2",7,51,74,303,22,65,16
"BAIAP2-DT",28,161,54,153,32,43,20
"MAFG-AS1",11,16,7,8,3,4,6
"MILIP",1,1,4,2,3,1,0
"LRRC37A3",361,458,365,866,390,567,184
"RN7SL404P",4,16,6,8,4,1,7
"RDM1P4",33,17,13,26,18,32,26
"SLC16A6P1",7,28,10,39,5,16,2
"AMZ2P1",4,0,1,2,0,1,9
"GNA13",882,373,485,319,313,853,650
"RGS9",13,45,20,106,14,49,18
"CACNG5",8,14,12,1,4,6,5
"CACNG4",4,7,2,0,2,2,1
"CACNG1",0,7,1,7,4,5,3
"HELZ",1914,1956,1689,1556,1499,2233,1538
"EPN2-AS1",13,17,19,42,8,20,8
"SLC47A1",22,565,45,33,25,18,6
"SNORA59B",10,27,16,14,12,15,21
"SLC47A1P1",0,8,1,2,0,3,0
"MTND1P14",1,11,3,1,4,0,0
"MTND2P12",6,40,3,7,5,6,1
"MTCO1P39",2,19,2,2,0,1,0
"SLC47A1P2",1,8,4,0,3,1,0
"HOXB-AS2",5,0,3,11,7,6,4
"C17orf113",27,12,21,72,23,29,5
"HOXB-AS1",16,2,36,62,42,48,53
"USP22",1267,1063,1112,1444,916,1617,686
"DHRS7B",55,63,68,105,69,74,21
"TMEM11",69,57,70,107,73,86,33
"RN7SL426P",11,9,5,5,3,4,1
"NATD1",149,101,138,285,133,172,106
"MAP2K3",201,170,149,254,125,337,108
"LINC02693",70,116,52,106,57,72,30
"FBXW10B",17,17,28,9,9,17,5
"MEIS3P1",2,7,11,27,4,24,3
"LLGL1",177,129,156,244,118,124,65
"LIAT1",57,61,79,29,49,34,25
"RFLNB",698,186,463,393,418,720,446
"FBXL20",1027,534,863,709,609,890,862
"CD300LB",4,8,0,18,4,18,4
"ARHGDIA",372,415,372,506,229,527,181
"ASPSCR1",276,345,340,315,167,185,97
"CD300C",3,0,2,9,4,9,4
"RPL9P28",1,0,6,1,1,2,3
"CALCOCO2",706,635,752,855,646,905,691
"ATP5MC1",111,100,84,84,63,108,35
"UBE2Z",872,635,781,776,730,906,759
"SNF8",249,221,214,263,200,189,192
"PER1",352,1114,428,1535,364,1564,310
"CD300E",14,82,12,38,6,62,19
"MILR1",39,36,79,64,50,39,25
"COPZ2",20,216,23,155,11,74,20
"NFE2L1",551,1508,819,1993,619,1179,514
"CBX1",384,332,249,272,242,402,316
"RNU6-1201P",5,0,13,0,3,3,8
"SNX11",140,87,203,173,183,171,92
"SKAP1",361,74,358,159,265,425,290
"MIR1203",19,1,3,2,4,8,7
"SKAP1-AS1",54,23,50,16,28,48,45
"RNU6-1152P",15,0,7,0,5,10,12
"SKAP1-AS2",183,26,153,59,117,129,174
"NEUROD2",4,7,5,5,1,1,6
"PPP1R1B",2,118,5,37,7,29,7
"STARD3",274,136,300,396,272,288,148
"TCAP",1,12,9,21,16,4,4
"PNMT",0,0,2,5,0,5,0
"PGAP3",66,110,96,159,52,84,36
"ERBB2",56,42,184,468,74,127,42
"MIEN1",65,46,42,82,80,84,27
"GRB7",2,8,15,66,8,12,9
"IKZF3",1944,566,2004,1273,1400,1621,1807
"KRT8P34",6,0,5,2,6,4,2
"GSDMB",1281,1010,1069,1199,1259,876,515
"ORMDL3",906,564,606,823,617,742,376
"GSDMA",3,1,1,10,4,4,2
"PSMD3",418,347,366,436,318,436,249
"CSF3",2,6,5,27,6,79,0
"MED24",309,332,370,490,300,391,146
"CD300A",56,86,102,76,78,157,78
"KRT10-AS1",20,39,18,24,15,25,14
"TMEM11-DT",157,192,115,133,132,99,112
"LINC00670",0,0,1,8,0,4,0
"TBX2-AS1",20,53,43,97,22,24,20
"PIK3R5-DT",17,6,28,14,22,30,3
"LINC01497",15,1,2,33,2,3,0
"LINC01977",15,16,4,3,8,9,38
"SNHG16",167,210,144,202,149,242,98
"SEPTIN4-AS1",8,9,20,30,34,18,11
"MIR22HG",25,43,46,143,39,296,13
"FMNL1-AS1",84,86,127,93,141,88,137
"GOSR2-DT",0,1,4,2,5,0,2
"RUNDC3A-AS1",5,12,7,1,6,2,1
"ABCA9-AS1",11,6,10,44,7,11,3
"ASB16-AS1",189,265,235,263,236,172,132
"CAMTA2-AS1",90,90,53,104,72,70,86
"LINC02073",0,7,1,1,3,4,2
"KIF1C-AS1",14,28,20,20,15,5,3
"LINC01987",1,19,0,1,0,2,0
"MGC16275",27,13,25,23,22,15,10
"GRAPL-AS1",90,14,109,93,113,194,94
"RAMP2-AS1",1,3,28,99,27,46,1
"LINC01978",0,8,1,4,0,5,0
"LINC01979",0,28,0,1,0,4,1
"LINC01476",3,4,3,5,3,12,7
"SNHG25",1,4,5,4,10,7,1
"HID1-AS1",0,0,4,3,6,6,0
"NGFR-AS1",1,0,4,8,5,2,0
"LINC01483",23,0,13,8,22,18,14
"SNHG29",523,565,402,577,311,647,302
"ZNF594-DT",164,275,233,211,389,153,81
"DPH1-AS1",18,31,22,54,10,156,7
"MAP3K14-AS1",135,163,228,232,177,169,121
"SPAG5-AS1",55,86,61,44,60,34,38
"EFCAB13-DT",124,174,126,271,114,103,48
"FLJ40194",4,31,9,26,9,17,13
"AKAP1-DT",10,8,9,24,5,9,3
"LINC01989",1,0,1,2,0,2,5
"PRR29-AS1",5,0,9,3,6,5,0
"LINC02003",3,1,5,9,2,9,2
"MYHAS",7,69,17,49,7,10,11
"NBR2",155,211,197,229,162,168,103
"TSPOAP1-AS1",638,250,942,757,948,941,416
"MIR142HG",934,404,1183,1306,1648,889,1136
"SLC9A3R1-AS1",1,0,3,4,2,2,2
"ERVE-1",123,34,65,131,55,86,62
"LINC02091",1,0,8,8,2,4,3
"LINC01482",43,109,54,91,40,19,5
"RPH3AL-AS2",9,0,10,18,3,3,7
"COX10-DT",152,92,176,133,135,135,44
"RPH3AL-AS1",10,3,7,21,6,11,7
"LINC00671",0,0,4,14,0,10,2
"HSD17B1-AS1",28,63,25,48,17,24,28
"TOB1-AS1",15,7,15,35,32,23,11
"NFE2L1-DT",22,44,14,59,35,15,3
"SPNS2-AS1",9,4,17,26,12,4,4
"HEATR6-DT",14,14,23,18,24,13,10
"LINC01563",1,0,3,5,1,1,2
"LINC02078",1,2,2,6,4,3,3
"BCAS3-AS1",179,120,128,94,83,157,114
"C1QTNF1-AS1",2,0,8,19,4,41,3
"DHX33-DT",7,10,10,14,18,7,14
"FMNL1-DT",356,94,437,370,318,236,173
"RNF157-AS1",8,7,2,4,7,4,7
"LINC00910",98,173,158,196,121,102,58
"ABR-AS1",14,6,16,24,12,19,14
"SNHG30",49,49,46,50,32,38,31
"TBC1D3P1-DHX40P1",3,1,6,1,3,4,5
"SEPTIN9-DT",7,2,1,6,1,0,0
"HEXIM2-AS1",120,20,112,126,80,65,66
"PITPNA-AS1",4,1,2,4,1,1,0
"KPNB1-DT",89,105,103,124,73,48,96
"RAB5C-AS1",29,4,33,29,28,36,17
"LINC02090",3,0,0,3,0,5,0
"MPDU1-AS1",8,9,15,44,15,18,3
"ZNF232-AS1",9,8,7,6,10,10,16
"CACNA1G-AS1",0,0,3,4,1,5,1
"ATXN7L3-AS1",171,129,114,113,130,104,180
"NARF-AS2",13,4,16,9,9,27,15
"TUBD1",90,61,91,86,56,83,47
"NDUFB8P2",28,22,32,40,21,16,14
"RPS6KB1",318,256,282,322,262,413,265
"RPS29P21",4,2,5,1,7,8,5
"MIR4733HG",16,22,15,43,21,22,19
"RAI1",498,879,595,956,411,508,323
"RAI1-AS1",89,38,108,101,129,88,61
"SMCR5",117,94,107,98,104,73,89
"SREBF1",574,1708,463,575,297,540,535
"TOM1L2",474,557,440,822,398,555,234
"DRC3",67,159,94,150,71,75,45
"ATPAF2",121,100,130,113,107,98,89
"GID4",148,93,87,120,66,128,70
"DRG2",242,221,312,304,242,250,159
"MYO15A",19,27,94,110,60,51,38
"SNORD124",3,1,0,3,2,3,0
"THRA",169,275,308,812,201,315,276
"NR1D1",51,128,61,286,57,53,90
"MSL1",741,645,785,1008,790,903,915
"CASC3",738,783,687,1034,575,1012,572
"RAPGEFL1",94,294,101,152,83,77,44
"WIPF2",435,712,487,659,435,528,266
"CDC6",153,128,75,56,77,123,50
"RARA",64,280,111,263,42,306,112
"RARA-AS1",11,40,14,46,13,40,20
"GJD3",9,1,9,14,10,16,7
"GJD3-AS1",2,13,11,12,5,9,1
"PPIAP54",1,0,4,4,1,1,0
"TOP2A",1990,834,1042,411,917,1884,1216
"IGFBP4",93,194,404,1449,121,931,295
"TNS4",2,96,115,349,22,288,38
"CCR7",238,10,348,133,222,477,190
"SMARCE1",334,147,271,215,235,290,331
"LINC02076",28,55,54,58,160,35,140
"FAM106A",909,381,1242,636,533,324,578
"KANSL1-AS1",54,38,45,82,59,36,40
"ARL17B",472,630,565,1064,666,932,874
"TILAM",1,0,1,7,1,0,2
"TMEM92-AS1",1,7,4,11,0,5,1
"RDM1P3",8,14,15,29,13,16,15
"ABHD17AP6",12,8,11,17,7,8,4
"CCDC144NL-AS1",5,10,26,51,40,43,5
"NSFP1",12,10,77,24,103,42,111
"THA1P",14,18,16,13,20,15,2
"SPDYE22P",20,25,13,14,27,5,11
"LRRC37A9P",31,20,16,16,21,16,5
"KYNUP1",15,12,13,3,6,50,38
"MIR497HG",343,278,295,337,262,214,161
"ARHGAP27P1-BPTFP1-KPNA2P3",85,65,100,128,127,70,63
"HELZ-AS1",76,122,45,38,40,34,18
"APPBP2-DT",32,17,25,39,40,10,21
"LINC01999",5,4,3,6,0,2,0
"ARL16",96,112,139,122,91,56,71
"SLC26A11",57,78,55,184,44,67,27
"NCBP3",1156,735,957,875,814,1027,975
"CAMKK1",240,629,82,129,87,73,42
"P2RX1",55,86,48,95,64,120,66
"ATP2A3",2646,892,2770,1958,1907,2350,1473
"RNA5SP434",6,3,9,3,4,12,10
"TMEM220-AS1",19,5,17,47,7,17,10
"ZNF652-AS1",50,62,65,67,81,69,58
"SP2-AS1",200,105,222,222,173,184,150
"CD300LD-AS1",6,60,4,2,0,4,5
"LINC01973",25,8,16,16,27,17,8
"LINC01993",546,67,523,284,475,338,239
"SOCS3-DT",7,1,7,6,16,44,21
"TK1",94,93,54,51,35,71,29
"NARF-AS1",22,20,24,27,27,17,31
"SLC39A11",112,57,85,107,71,108,46
"RN7SKP180",29,20,50,35,37,15,88
"ATG12P1",5,0,3,2,2,5,2
"VCF1",108,63,75,55,50,97,56
"MTNAP1",195,178,170,165,137,236,117
"SDK2",41,412,120,189,59,209,47
"PICART1",2,10,18,64,2,4,11
"PVALEF",3,8,5,2,0,0,0
"LINC00482",0,0,4,9,3,4,0
"RENO1",0,32,15,60,1,4,1
"LINC03048",2,16,31,31,18,5,6
"LINC01971",10,20,8,3,8,7,2
"TBC1D3D",76,67,71,103,138,59,58
"TBC1D3C",43,41,62,75,86,50,40
"NPEPPSP1",3,0,0,1,0,3,4
"TBC1D3E",48,68,76,87,71,42,47
"TBC1D3",52,57,99,80,89,71,38
"CCDC144CP",194,35,209,82,164,210,114
"ZSWIM5P2",1,1,8,20,0,4,6
"MEIS3P2",1,0,2,17,2,6,0
"HEXD",175,213,235,306,170,146,118
"ZNF207",2233,1183,1862,1731,1481,2080,1868
"SLC16A3",137,272,197,256,133,342,141
"OGFOD3",107,128,109,217,76,126,51
"LIG3",417,311,356,433,311,532,243
"C17orf78",19,38,23,18,16,8,17
"TADA2A",147,146,166,190,104,191,107
"GOSR1",466,295,451,499,292,632,368
"ALOX12P1",4,3,16,16,9,10,3
"KRT17P3",0,0,1,7,3,5,10
"SH3GL1P2",9,7,14,36,8,12,5
"RN7SL316P",10,1,4,11,8,4,24
"COPRS",31,42,24,70,14,47,14
"UTP6",222,128,270,188,162,279,129
"TMEM132E",2,5,8,9,11,5,1
"CD7",257,125,230,144,152,310,128
"AATF",322,216,391,433,328,524,328
"GCGR",2,0,3,6,0,4,3
"PCYT2",73,69,73,116,64,83,28
"ALYREF",181,101,119,134,91,198,63
"ANAPC11",94,70,83,113,58,78,20
"SIRT7",221,130,258,279,257,191,132
"RHOT1",270,209,212,180,185,327,188
"FOXK2",480,535,476,520,346,511,306
"WDR45B",280,298,289,452,230,449,311
"RAB40B",26,61,50,97,17,29,7
"FN3KRP",102,96,106,169,82,130,58
"FN3K",20,70,36,168,17,53,15
"TBCD",1816,785,1456,1426,1207,1299,738
"SYNRG",1578,517,1447,980,1276,1780,1147
"DDX52",186,130,156,164,145,183,128
"ACADVL",1231,2026,1122,2108,1014,1266,558
"HEATR9",19,42,28,68,64,17,15
"RFNG",89,109,84,132,37,56,20
"DUS1L",276,325,329,351,192,249,99
"ADAP2",39,61,92,166,52,74,10
"SLFN11",384,137,442,353,307,474,219
"MIR365BHG",1,2,6,37,9,7,1
"RAB11FIP4",141,69,198,164,127,217,112
"NARF",318,269,410,398,354,369,272
"B3GNTL1",93,66,121,133,117,129,24
"CCDC57",653,1489,904,1047,740,734,334
"SUZ12",529,210,325,169,281,454,452
"LRRC37B",231,171,249,280,236,283,223
"ZNHIT3",104,92,120,121,83,132,61
"MYO19",371,672,465,552,400,352,199
"GGNBP2",520,293,545,350,487,691,515
"DHRS11",28,79,41,71,26,23,20
"CCL3-AS1",12,0,5,10,1,17,2
"CCL18",31,0,26,11,16,41,14
"CCL3",1,0,3,0,0,11,0
"CCL4",19,4,47,40,9,99,5
"CCL3L3",0,2,11,3,2,7,5
"MYO1D-DT",1,2,1,6,2,1,2
"TMEM98",5,33,32,82,4,28,12
"MYO1D",110,525,183,382,97,320,106
"CSNK1D",825,1178,874,1228,667,1097,554
"DCXR",65,67,62,75,56,103,31
"LRRC45",73,68,74,105,63,50,21
"RAC3",12,20,10,14,4,14,4
"CCT6B",22,24,11,35,6,13,7
"ZNF830",69,73,119,124,104,140,48
"GPS1",278,196,245,351,164,261,59
"ATAD5",298,113,202,157,125,263,174
"TEFM",66,85,64,68,33,67,34
"NF1",1428,1105,1190,1194,873,1611,1236
"CYBC1",1346,725,1379,1631,1217,1397,838
"UBL5P2",8,7,4,5,4,5,5
"RHBDL3",1,5,8,19,6,5,2
"C17orf75",89,93,65,96,51,90,40
"PSMD11",605,506,392,372,287,566,374
"RAD51D",379,341,328,339,310,220,263
"LINC00324",17,20,19,35,28,47,18
"PTGES3L",5,3,9,8,13,4,6
"TBC1D3F",15,38,44,43,23,14,18
"RNU2-1",1076,816,1236,1304,801,709,1088
"COLEC12",32,60,72,229,38,149,56
"RAB31",81,85,125,130,73,308,89
"ZNF415P1",2,2,4,1,1,6,1
"YES1",194,113,148,145,81,296,186
"RPS4XP18",3,5,5,8,5,2,2
"NDUFV2",132,115,136,92,108,129,206
"CELF4",10,3,8,17,2,13,0
"SLC14A2",71,62,96,31,70,87,89
"RALBP1",466,337,294,411,264,501,351
"SS18",495,494,488,480,294,672,446
"ANKRD12",690,318,630,439,383,799,536
"ARK2N",558,278,387,259,235,423,381
"ZBTB7C-AS1",0,21,6,25,1,15,2
"SKA1",77,41,28,18,29,30,20
"MTCO2P2",19,16,29,13,16,22,29
"SINHCAFP1",2,0,3,3,1,8,1
"RPRD1A",324,236,282,228,198,317,234
"L3MBTL4-AS1",36,39,15,28,6,7,7
"MAPK4",294,774,104,183,82,125,136
"ARK2C",83,140,103,266,112,135,77
"RNF152",21,97,63,255,27,186,64
"CCDC68",7,6,5,10,4,15,2
"SMAD2",1880,1009,1273,1018,1161,1722,1665
"RAB27B",15,0,10,12,13,14,8
"TXNL1",317,212,196,214,156,334,174
"CTIF",122,207,130,391,86,137,76
"GAREM1",19,68,27,60,22,48,38
"RPL7AP66",93,169,92,238,121,71,57
"ZBTB7C",5,45,14,70,7,46,4
"FBXO15",21,25,10,18,23,14,2
"CDH7",1,0,5,33,7,2,4
"TPGS2",738,322,590,504,549,639,440
"TMX3",456,143,268,172,171,334,258
"DHFRP1",37,21,20,5,9,52,15
"CDH20",4,0,14,12,3,13,2
"PTPN2",1700,534,1154,672,760,1338,1941
"SINHCAFP2",3,5,7,2,9,2,9
"RPS3AP49",3,2,4,4,3,4,11
"PHLPP1",172,119,224,370,139,269,129
"CDH19",0,0,4,4,0,7,2
"C18orf21",19,17,25,26,19,33,7
"KCTD1",102,289,90,220,91,74,62
"SLC39A6",140,214,101,141,66,193,87
"ZBTB14",142,57,163,164,143,207,66
"GALR1",0,0,1,8,1,3,0
"ZNF521",51,73,238,571,73,180,33
"LINC02974",1,25,5,3,1,5,0
"IMPACT",114,65,69,98,54,127,65
"MBP",178,159,316,357,132,440,171
"TMEM241",51,55,71,120,34,47,19
"ELP2",710,359,513,553,401,598,451
"CD226",229,25,115,86,102,143,79
"PIGN",280,217,330,266,230,380,242
"MOCOS",0,6,7,7,3,14,1
"NETO1",2,1,1,1,1,8,1
"CNDP2",370,177,529,472,316,628,280
"CNDP1",2,3,7,8,6,8,5
"TWSG1",34,14,28,83,29,99,35
"DOK6",98,72,31,29,19,44,17
"KIAA1328",116,66,142,230,126,171,77
"MIR4317",3,2,1,1,0,4,1
"MIR3975",8,0,12,6,7,16,16
"MIR924",1,2,1,1,1,3,3
"RNU6-1242P",1,3,3,1,2,0,2
"RNU6-737P",3,0,10,1,1,1,15
"RNU6-142P",7,0,0,0,1,3,3
"RNU6-39P",2,0,35,4,3,2,29
"PIAS2",666,631,456,399,333,654,475
"HDHD2",131,95,117,81,59,110,140
"IER3IP1",36,65,20,30,21,31,29
"TGIF1",113,103,100,170,69,254,106
"TAF4B",70,22,88,58,70,108,32
"PMAIP1",16,16,9,8,10,22,12
"DSG4",2,35,7,34,0,1,6
"DSG3",121,430,202,258,82,155,139
"RN7SKP44",8,7,4,1,0,0,6
"CDH2",96,67,51,78,45,92,41
"MIR4744",4,0,3,1,1,6,2
"LIPG",17,3,48,98,29,25,18
"DYM",584,216,524,406,400,599,463
"SRSF10P1",2,0,2,2,1,3,3
"MEX3C",489,231,399,305,339,571,477
"TCF4",776,578,1026,1556,544,1610,1054
"TCF4-AS1",11,2,7,10,12,13,8
"MIR4529",1,0,3,1,2,2,5
"AQP4",13,15,5,4,2,2,1
"ONECUT2",0,3,2,3,2,4,0
"NARS1",420,331,370,313,225,610,279
"ATP8B1",204,148,349,314,243,322,118
"HMGN1P30",1,2,0,1,4,1,3
"ALPK2",10,6,235,90,211,93,67
"MRPL37P1",26,21,53,49,21,43,35
"PTPRM",788,271,903,986,705,1433,456
"L3MBTL4",132,225,107,185,84,91,45
"ST8SIA5",14,41,5,5,6,8,0
"ARHGAP28",54,117,74,108,59,87,68
"RELCH",538,220,590,449,361,788,316
"ZNF532",162,428,441,1101,297,463,158
"C18orf32",94,60,88,125,86,58,64
"APCDD1",24,37,58,371,20,141,9
"NAPG",265,160,139,199,172,220,145
"SOCS6",41,58,57,101,44,74,29
"RPL21P128",4,0,4,2,3,4,6
"SNRPD1",211,170,201,146,150,286,141
"ABHD3",180,50,141,120,138,145,95
"MIR320C1",9,4,13,6,7,3,4
"KDSR",187,229,208,331,122,271,164
"VPS4B",298,216,269,280,202,397,229
"SERPINB5",44,131,38,48,29,67,31
"BCL2",1057,235,1146,696,1228,1193,569
"ANKRD62",9,1,3,4,0,0,0
"CIDEA",0,0,16,80,6,59,0
"SETBP1-DT",6,8,4,19,2,9,1
"MIR4319",8,0,5,5,4,8,5
"C18orf15",472,156,475,163,288,434,257
"MIR5190",107,84,72,59,226,118,129
"MIR4526",20,31,20,16,25,8,15
"FAM210A",87,126,57,58,38,75,47
"RN7SL362P",3,12,9,6,6,5,5
"RNMT",368,273,295,304,213,403,331
"EMILIN2",218,466,133,222,104,284,75
"SNRPCP4",10,4,3,5,5,9,6
"MYL12A",222,41,228,133,99,457,127
"MYL12B",325,167,292,249,177,518,211
"DSC3",15,727,161,391,76,111,124
"DSC1",0,9,4,7,2,3,5
"DSG1",3,69,26,18,5,6,11
"RNU6-167P",0,13,1,2,0,0,0
"PPP4R1",311,182,300,273,211,455,224
"NFATC1",216,122,317,381,218,512,184
"CCDC102B",32,47,32,58,17,37,4
"LAMA3",61,182,442,1071,377,640,184
"GNAL",126,133,90,120,62,88,82
"RNF138",121,54,78,71,74,145,117
"MEP1B",2,0,6,3,0,5,5
"LOXHD1",6,6,11,11,11,32,2
"RTTN",531,199,474,363,344,625,247
"SERPINB13",0,0,11,4,5,13,6
"SERPINB4",0,0,15,0,3,7,2
"SERPINB3",0,0,12,3,3,4,10
"NOL4",1,0,3,3,0,5,2
"EPB41L3",188,1119,200,484,128,436,149
"DIPK1C",2,0,6,0,7,15,4
"TIMM21",80,71,71,73,54,68,54
"FAUP1",7,10,21,30,7,12,9
"CYB5A",192,58,200,215,117,208,215
"DTNA",21,3,26,81,14,57,13
"SERPINB12",0,0,65,2,22,39,33
"DSEL",91,151,30,51,13,36,19
"PRELID3A",21,9,18,46,14,8,3
"SLC66A2",211,216,219,260,173,279,125
"RAB12",120,89,84,101,57,171,88
"FECH",396,149,231,260,225,480,316
"CABLES1",114,176,126,375,43,124,51
"B4GALT6",148,81,52,38,61,118,104
"ELOA2",32,67,12,15,7,11,5
"RPL17",20,14,28,31,22,41,34
"SMAD7",24,48,65,124,28,95,38
"GALNT1",184,104,156,114,82,260,158
"ZNF407",483,188,810,641,637,883,338
"HSBP1L1",57,87,70,87,54,62,69
"TXNL4A",259,197,228,196,160,249,161
"RBFA",192,234,167,246,127,122,104
"RBFADN",17,78,37,45,10,11,5
"SLC25A6P4",0,4,2,3,1,2,0
"ADNP2",230,192,188,237,128,340,154
"PARD6G",101,299,55,137,47,49,22
"KCNG2",3,22,10,19,11,8,2
"USP14",317,199,224,182,91,334,236
"ADCYAP1",0,0,1,0,0,26,1
"ELAC1",42,23,37,26,29,30,9
"METTL4",186,60,77,55,66,123,73
"NDC80",182,72,114,57,76,178,98
"KATNBL1P3",3,2,1,0,0,2,6
"SMCHD1",1741,553,1694,947,1268,2807,1734
"ATP9B",705,276,706,581,536,849,434
"PIK3C3",542,294,467,361,344,645,341
"THOC1",272,169,365,294,325,370,291
"MYOM1",38,12,51,223,59,137,15
"WDR7",465,230,543,459,374,723,306
"LAMA1",7,7,37,61,29,46,50
"TYMS",196,119,173,133,135,210,178
"ENOSF1",1258,1007,1347,1636,973,1177,1006
"RNU1-109P",5,0,9,4,3,5,8
"FHOD3",66,360,79,158,52,78,34
"LINC03101",1,0,3,6,2,2,0
"CTDP1",297,108,307,260,197,386,159
"SETBP1",359,435,704,1127,604,923,390
"NEDD4L",188,273,144,279,147,181,156
"RN7SL862P",4,2,2,2,1,11,5
"VAPA",718,321,473,428,334,819,607
"RNA5SP450",3,0,2,2,1,5,2
"PIEZO2",65,44,60,37,48,60,23
"CCDC178",5,19,1,2,0,0,0
"KATNAL2",297,394,244,257,221,285,127
"MC5R",0,8,4,5,2,7,1
"MBD2",559,395,470,412,360,663,581
"SNORA37",55,26,94,101,61,83,73
"POLI",407,171,319,215,205,267,239
"C18orf54",85,63,62,30,43,60,38
"SPIRE1",36,178,51,132,36,114,42
"RN7SL233P",5,2,0,10,3,6,7
"MIB1",748,451,543,586,418,692,583
"MTCL1",234,622,258,294,243,233,120
"TMEM200C",18,13,5,4,2,2,1
"LMAN1",444,332,255,312,176,487,355
"CCBE1",7,60,15,81,29,14,11
"SLC14A1",323,113,388,708,116,307,121
"SIGLEC15",18,29,42,47,30,22,57
"PSTPIP2",65,23,38,47,30,110,50
"RNY4P37",0,6,1,2,0,3,0
"ATP5F1A",1213,897,793,737,583,1398,575
"HAUS1",112,56,79,59,68,138,80
"EPG5",1502,517,1580,1216,1243,1454,1684
"GREB1L",69,55,66,62,52,148,45
"ASXL3",9,23,22,49,31,56,3
"LPIN2",333,266,367,312,237,486,237
"MALT1",420,288,564,465,361,696,444
"ELOA3DP",71,264,49,78,21,13,2
"ELOA3BP",95,230,54,64,21,19,4
"ELOA3P",91,238,64,59,17,20,4
"SERPINB7",8,0,14,3,7,17,14
"SERPINB2",0,0,3,0,2,4,4
"HMSD",1,2,6,7,5,1,8
"SERPINB8",36,6,39,40,22,76,30
"ACAA2",83,33,108,109,60,166,51
"CFAP53",3,3,5,8,6,18,4
"CXXC1",202,143,338,457,266,281,124
"MYO5B",62,82,116,219,65,111,57
"CEP76",89,50,63,61,60,81,58
"PSMG2",452,230,356,302,248,388,428
"EIF4A2P1",9,0,10,2,6,8,7
"SEH1L",425,186,350,260,266,442,425
"CEP192",1047,365,750,506,570,1158,539
"LDLRAD4",8968,3739,7428,4053,10901,7815,6353
"ZNF519",175,125,162,139,137,152,112
"CLUL1",8,3,9,12,4,6,3
"SERPINB10",0,0,2,0,1,5,3
"TNFRSF11A",66,269,64,57,12,39,27
"ZCCHC2",285,183,334,381,328,411,334
"CHMP1B",265,275,180,243,160,469,269
"TSHZ1",334,285,262,382,210,374,197
"MBD1",496,396,620,750,576,529,417
"ZNF236",436,325,480,581,401,613,284
"RPL26P35",33,8,18,18,15,23,21
"ANKRD20A5P",6,0,5,9,7,5,2
"RNU6-316P",2,1,9,3,10,3,3
"RHOT1P1",9,10,54,45,61,54,15
"FEM1AP2",1,3,2,4,1,0,1
"PTGR3",471,291,318,404,341,340,192
"DLGAP1",4,1,17,10,1,6,5
"DCC",7,14,70,46,27,30,47
"MAPRE2",1311,361,933,637,797,1341,1026
"ZNF397",731,684,793,709,758,629,831
"ZSCAN30",414,347,424,477,447,342,276
"ZNF24",740,462,583,474,519,800,722
"ZNF396",17,13,29,24,14,16,13
"INO80C",58,35,80,74,59,90,43
"MRO",130,369,17,35,25,20,7
"HNRNPA3P16",3,24,4,0,1,0,1
"ME2",585,297,346,255,266,497,361
"RIOK3",265,185,291,226,185,391,239
"RMC1",158,78,166,143,141,191,116
"NPC1",336,139,421,295,207,501,214
"ANKRD29",17,22,106,211,45,95,23
"CHORDC1P4",1,2,4,2,1,2,2
"DSC2",79,799,97,179,54,100,87
"DSG2",295,481,170,301,133,245,247
"SMAD4",1067,382,665,649,463,958,981
"ROCK1",1089,501,904,661,678,1467,1036
"DLGAP1-AS1",59,46,85,108,56,88,41
"DLGAP1-AS2",26,28,40,65,23,55,21
"SEC11C",159,60,124,146,90,217,163
"ZNF516",324,721,295,655,186,396,209
"ZNF516-DT",2,3,3,1,0,3,0
"LDLRAD4-AS2",10,1,3,1,9,6,10
"GATA6",1,5,10,21,1,39,2
"RBBP8",227,438,191,251,124,314,228
"UBE2CP2",3,27,6,4,3,1,1
"RN7SL745P",4,22,11,21,10,5,3
"CIAPIN1P",4,0,6,8,6,5,1
"CHST9",9,60,36,76,22,25,25
"ATP6V1E1P2",0,0,2,4,1,1,3
"KLHL14",7,0,8,10,11,11,1
"SLC14A2-AS1",15,22,22,20,9,15,12
"DSCAS",1,8,1,0,0,1,0
"SLC25A52",6,2,6,5,5,1,3
"TRAPPC8",468,140,351,177,257,486,335
"RNU6-1050P",6,0,6,2,0,4,2
"RNF125",190,44,155,142,111,187,80
"TTC39C",286,125,260,225,159,266,192
"RNU5A-6P",1,4,5,1,0,4,7
"CABYR",11,31,23,28,43,27,5
"OSBPL1A",83,103,91,219,78,228,57
"PARD6G-AS1",96,275,95,178,87,41,17
"LINC01544",1,0,2,5,1,1,3
"LINC01415",2,5,6,7,2,5,4
"GACAT2",6,6,1,1,3,3,2
"LINC01882",428,95,375,362,202,280,366
"LINC02958",0,3,8,20,8,12,1
"TTC39C-AS1",18,2,22,17,12,15,10
"LINC-ROR",1,3,2,2,0,3,0
"GTSCR1",0,1,6,1,1,6,0
"MIR133A1HG",83,31,47,38,40,45,74
"LINC00907",15,39,17,16,9,11,8
"LINC00470",3,1,3,9,0,6,0
"KC6",1,362,10,55,21,73,5
"TYMSOS",15,6,7,10,12,9,12
"LINC01925",1,1,3,2,4,1,1
"LINC01915",1,0,1,7,0,4,0
"MIR3976HG",3,9,2,0,0,0,0
"LINC01905",0,2,16,59,11,8,6
"LINC01539",2,1,10,19,5,7,9
"LINC01416",1,3,9,34,9,15,2
"LINC01919",6,1,1,0,0,3,2
"MALT1-AS1",1,0,4,3,3,2,0
"CEP192-DT",3,7,4,4,3,4,1
"ZNF24TR",3,0,1,6,3,2,2
"LINC01478",8,7,9,1,6,6,2
"GATA6-AS1",1,0,1,11,1,5,1
"MYL12-AS1",6,0,3,3,2,5,3
"SNHG22",11,38,42,93,36,34,41
"LINC01909",2,1,2,4,4,2,0
"LIVAR",3,3,2,8,2,3,0
"LINC02582",8,6,12,6,8,3,6
"ZNF516-AS1",18,29,12,25,14,16,11
"LINC01901",0,14,1,6,3,3,1
"LINC01902",2,55,14,31,11,9,5
"KDSR-DT",4,13,8,17,10,10,2
"ST8SIA5-DT",61,211,63,77,64,36,65
"MIR924HG",153,302,122,91,120,159,116
"LINC00683",10,34,10,44,6,14,11
"LINC03110",2,0,7,5,3,4,0
"DSG1-AS1",2,44,4,20,2,0,0
"DSG2-AS1",6,4,15,12,3,9,4
"CTDP1-DT",53,34,49,49,44,44,16
"LINC00667",236,178,217,217,169,239,248
"LDLRAD4-AS1",329,196,240,141,476,367,356
"THOC1-DT",6,12,22,34,23,10,5
"TWSG1-DT",4,10,6,19,4,6,6
"ZNF407-AS1",124,69,139,136,105,99,65
"NDUFV2-AS1",90,30,67,56,83,87,98
"ZNF236-DT",48,49,43,43,33,26,18
"AQP4-AS1",61,50,51,82,64,44,28
"PCAT18",17,7,7,0,18,13,7
"PPP4R1-AS1",8,0,4,13,5,2,6
"DYM-AS1",30,9,42,22,30,38,19
"LINC01630",8,1,6,0,1,3,0
"LINC02864",1,0,12,0,1,0,0
"TCF4-AS2",8,5,3,7,3,4,2
"ESCO1",239,102,174,137,127,195,154
"LINC01894",2,1,2,4,5,2,1
"HNRNPA1P7",209,83,229,101,122,180,272
"LINC01887",3,10,0,0,2,0,0
"LINC01387",9,5,3,6,0,4,0
"ATP8B1-AS1",135,121,241,217,211,183,82
"LINC00526",9,2,8,12,8,14,4
"LINC02979",1,2,1,5,0,4,0
"IMPA2",38,45,28,77,10,59,17
"MPPE1",321,206,258,240,227,359,175
"TUBB6",30,34,92,233,26,273,43
"AFG3L2",216,265,252,236,161,328,214
"ADRA1D",0,8,1,6,0,3,1
"RSPO4",4,26,3,9,1,7,0
"ANGPT4",7,34,24,57,17,87,6
"SHLD1",57,18,42,35,54,75,21
"SLX4IP",201,211,168,187,185,213,117
"BMP2",1,4,5,21,4,38,2
"FAM110A",59,32,50,80,22,52,26
"INSM1",5,6,27,9,10,21,31
"BTBD3",239,165,208,290,137,196,132
"EIF4E2P1",2,4,1,3,4,5,7
"PCSK2",3,0,15,8,1,8,0
"ZNF343",45,81,112,157,98,97,77
"PA2G4P2",2,9,5,4,6,1,1
"ISM1",22,43,67,350,33,75,26
"CENATACP1",2,1,2,4,5,3,1
"SYNDIG1",2,18,12,8,9,12,7
"XRN2",494,224,405,252,238,711,370
"SNRPB2",130,79,87,75,69,209,49
"GAPDHP2",22,8,24,22,18,25,14
"PCMTD1P7",1,1,1,4,6,0,2
"CST7",25,7,56,42,26,70,21
"APMAP",206,196,237,244,164,402,132
"BFSP1",3,5,0,7,0,9,0
"GGTLC1",1,8,0,3,1,0,0
"DSTN",187,162,138,324,93,508,66
"STK35",339,381,310,405,273,377,173
"NCOA6",676,1007,933,1085,803,955,643
"SPTLC3",112,65,107,110,81,136,77
"SLC23A2",462,302,532,591,348,757,392
"TASP1",211,170,230,177,184,327,145
"MTCL2",700,1624,629,1663,460,707,220
"PPP1R16B",302,119,559,437,396,735,228
"NPM1P19",13,3,6,0,3,7,11
"DHX35",144,94,127,116,92,131,83
"TOX2",380,65,589,356,364,637,287
"RIPOR3",69,203,260,613,235,231,83
"FAM83D",50,35,49,20,33,45,16
"SLC2A10",11,40,16,169,13,51,7
"RPS2P7",63,63,31,24,20,13,28
"KCNB1",12,18,34,100,29,75,12
"NCOA3",735,356,899,710,672,1245,631
"PREX1",173,45,342,339,160,684,68
"PTGIS",17,68,44,714,22,339,6
"ATP9A",334,374,312,838,163,575,186
"RALY",947,576,898,902,742,1215,617
"CFAP61",2,2,3,3,5,5,0
"SLC17A9",59,24,42,58,36,39,26
"PSMA7",292,209,204,212,165,350,141
"CST3",549,2038,485,952,300,1331,208
"RPL12P4",32,60,53,60,58,35,47
"GID8",331,236,308,323,202,402,272
"PMEPA1",25,84,122,327,30,183,31
"PHACTR3-AS1",8,0,0,0,1,0,2
"LINC01056",42,31,52,22,68,55,63
"EIF2S2",294,265,250,257,238,461,251
"SOX18",42,71,29,144,6,17,9
"ACSS1",695,519,552,636,380,415,328
"DOK5",0,1,5,5,0,9,2
"B4GALT5",107,172,130,273,90,316,178
"HIGD1AP16",25,16,7,10,7,15,18
"SALL4",2,1,4,2,2,2,3
"BHLHE23",8,4,6,5,5,11,2
"CDH4",14,27,31,52,4,40,11
"NDRG3",253,209,148,144,125,163,78
"RPS21",666,295,429,569,302,1287,277
"NKILA",5,4,7,5,5,8,1
"SS18L1",181,190,153,178,132,151,115
"NFATC2",240,357,338,326,155,766,169
"SYCP2",30,19,23,13,11,30,6
"LAMA5",737,2562,1063,3967,397,637,250
"LSM14B",356,274,323,333,226,332,264
"PHACTR3",19,74,14,8,23,25,9
"TCEA2",200,552,147,292,119,142,71
"RBL1",245,108,217,147,187,299,143
"ADRM1",94,115,107,215,68,139,41
"PHF20",409,447,482,537,422,724,361
"COX7BP2",16,4,7,8,2,9,7
"RN7SKP69",2,0,4,14,2,6,3
"MIR4755",26,15,24,10,24,21,26
"RNU4-40P",8,9,10,11,4,9,13
"RNU6-937P",4,10,3,3,1,1,2
"RN7SL116P",23,5,43,25,26,25,22
"MIR3194",0,2,3,1,1,10,0
"SDC4",20,29,71,118,28,143,63
"SYS1",135,131,190,239,147,241,84
"TP53TG5",14,47,41,49,49,33,25
"NDUFB4P10",5,7,5,2,4,7,3
"STX16-NPEPL1",122,54,121,98,59,90,98
"NPEPL1",120,82,132,118,69,127,99
"TUBB1",11,22,53,40,50,51,15
"ATP5F1E",302,77,228,154,178,523,224
"PRELID3B",146,141,106,74,62,180,128
"C20orf173",4,1,0,2,2,1,1
"RPL37P1",1,5,1,1,0,3,0
"RN7SKP271",34,45,41,63,26,13,26
"RNU6-759P",24,6,25,7,25,16,25
"RBM12",1013,424,804,835,817,975,700
"FITM2",74,127,84,131,90,81,52
"TTPAL",310,348,330,385,357,478,246
"SERINC3",957,882,838,790,703,1470,1322
"PKIG",100,60,124,166,98,148,157
"TLDC2",11,19,35,32,22,22,7
"RPS3AP3",5,0,9,1,5,3,6
"RPS27AP3",7,2,3,5,1,2,10
"RN7SL443P",42,8,58,22,31,31,27
"OSER1",127,97,96,117,100,212,40
"JPH2",1,12,26,89,3,42,4
"SRSF6",1006,345,892,944,834,971,585
"IFT52",101,90,67,78,55,121,46
"MYBL2",224,126,197,117,114,215,92
"SIRPB1",67,10,45,33,23,121,14
"DTD1",32,11,30,53,17,30,18
"OSBPL2",412,369,445,519,403,572,433
"YTHDF1",322,330,301,378,221,360,180
"NKAIN4",12,4,13,25,10,3,2
"FLJ16779",18,10,32,138,24,9,13
"ARFGAP1",440,422,465,602,333,327,177
"MIR4326",2,2,1,6,0,2,0
"MKKS",75,33,65,54,48,56,29
"PTK6",14,53,14,21,10,8,10
"FNDC11",4,5,10,10,3,9,1
"PDRG1",40,27,23,62,31,37,14
"CCM2L",3,6,16,41,5,7,0
"RSL24D1P6",1,0,3,3,3,3,4
"PLAGL2",336,356,315,303,289,414,215
"BAK1P1",6,4,9,15,8,8,7
"MAPRE1",642,370,420,326,281,869,456
"PROCR",34,53,45,99,30,60,15
"RNA5SP483",5,1,1,2,1,2,1
"MMP24OS",200,174,160,279,159,196,106
"MMP24",79,139,150,207,154,104,56
"DSN1",149,123,89,106,88,102,57
"ZBTB46",69,137,100,217,49,92,35
"GDAP1L1",19,103,39,52,35,35,12
"MYL9",77,151,357,1675,102,816,87
"TGIF2",228,134,182,263,126,235,184
"SLA2",190,62,161,91,118,197,94
"HNRNPA3P2",31,10,38,16,19,25,31
"MRPS26",43,69,46,116,30,65,19
"RN7SL555P",1,0,4,0,4,1,4
"UBOX5",107,43,114,142,91,122,51
"DDRGK1",118,203,153,243,110,152,115
"ITPA",142,95,105,144,78,142,60
"UBE2V1P1",8,6,22,22,25,16,12
"HM13-IT1",8,12,16,32,8,18,2
"COX4I2",3,2,6,11,1,9,0
"ABALON",64,18,86,57,98,67,115
"TPX2",702,320,462,294,525,870,434
"ATP5MFP7",7,0,3,0,0,6,0
"MYLK2",7,2,8,5,9,19,4
"FOXS1",9,2,0,17,2,5,4
"BCL2L1",1492,516,986,892,789,1126,1395
"KIZ",270,161,294,281,301,393,289
"RPS15AP1",19,15,18,11,20,15,18
"OVOL2",3,3,9,39,4,7,3
"SNORD17",716,155,666,736,298,1171,225
"MGME1",141,88,109,80,119,153,119
"PTMAP3",0,0,2,2,3,2,2
"LAMP5",4,9,15,3,13,18,0
"PSMF1",454,467,487,654,341,662,260
"ACTG1P3",9,1,13,19,12,25,4
"SNPH",39,21,42,49,31,40,23
"SDCBP2",20,14,24,39,20,14,22
"SIRPB2",26,11,32,55,9,90,1
"SNX21",57,69,57,271,48,68,32
"ZSWIM3",18,19,41,40,32,17,8
"PLTP",1514,3144,498,665,575,890,226
"PCIF1",271,161,300,379,234,418,219
"ZNF335",349,197,474,558,382,417,157
"MMP9",99,31,107,48,44,270,41
"FKBP1A",1300,649,861,762,669,1152,815
"SLC4A11",25,126,27,70,27,19,3
"NECAB3",119,190,76,149,66,48,37
"C20orf144",25,68,28,51,21,7,17
"E2F1",160,85,94,102,86,114,54
"PXMP4",48,95,94,141,73,58,21
"CHMP4B",348,238,290,364,225,535,300
"EIF6",62,39,54,71,34,79,20
"PCNA",288,26,109,31,86,389,120
"CDS2",897,465,745,840,644,942,897
"UBE2D3P1",24,7,21,23,18,30,21
"SNX5",710,360,536,378,362,567,390
"COMMD7",77,32,61,74,63,78,68
"PAK5",0,40,6,25,2,6,5
"GNRH2",7,19,14,22,14,19,1
"CTSZ",195,133,448,909,344,623,184
"TOP1",1137,808,955,811,856,1380,1145
"RPL23AP81",2,0,7,0,2,5,1
"RN7SL615P",4,4,4,11,3,4,2
"PRNP",129,263,171,383,113,385,128
"PRND",0,5,0,2,1,5,0
"RASSF2",311,83,455,358,275,926,202
"NFS1",129,130,112,151,65,79,38
"ROMO1",36,16,34,48,25,51,16
"RBM39",2217,1436,2317,2202,1941,3331,1930
"CPNE1",643,369,528,655,547,588,481
"SLC24A3",20,23,33,85,8,62,18
"SLC24A3-AS1",7,2,12,17,5,17,2
"MAFB",108,139,128,382,67,213,40
"RNA5SP484",4,1,8,1,1,3,1
"LPIN3",41,382,83,291,63,65,26
"CHD6",1443,2048,1571,2161,1280,2089,1072
"RPL12P11",29,31,25,13,13,27,24
"SLPI",2,4,65,24,13,62,29
"WFDC2",2,7,20,40,2,16,6
"WFDC3",0,4,4,7,1,1,2
"DNTTIP1",87,79,94,80,51,135,56
"UBE2C",184,118,135,112,149,198,106
"TNNC2",4,2,2,9,0,15,0
"ZSWIM1",165,1772,170,181,156,123,51
"CSE1L",322,91,190,114,118,370,141
"STAU1",542,583,510,623,414,769,454
"ARPC3P1",39,9,40,32,33,24,30
"SLCO4A1",36,17,20,57,9,111,32
"SLCO4A1-AS2",9,5,22,34,21,27,6
"NTSR1",13,0,4,1,9,8,6
"MRGBP",58,59,51,80,45,80,52
"OGFR",281,405,367,604,290,352,223
"COL9A3",6,16,12,26,10,15,6
"TCFL5",122,81,63,78,73,124,74
"DIDO1",1304,1036,1506,1846,1492,1645,921
"HSPA12B",14,18,50,131,16,43,4
"ADISSP",37,37,34,123,27,69,11
"MAVS",1567,1999,1762,2533,1632,1470,1129
"HMGB3P2",1,5,1,2,0,2,0
"EPB41L1",69,184,107,434,41,165,47
"AAR2",181,125,197,206,136,205,97
"C20orf96",41,58,39,82,34,51,18
"ZCCHC3",171,96,146,150,129,186,89
"TBC1D20",436,280,452,532,392,448,273
"CSNK2A1",1342,963,1148,1148,1130,1298,1212
"SLC52A3",0,1,2,9,0,6,2
"ARFGEF2",627,459,608,667,426,881,482
"FAM210B",126,270,133,241,64,255,110
"AURKA",140,104,95,66,88,92,85
"CSTF1",150,91,118,111,100,176,61
"RTF2",215,130,205,231,150,319,135
"FAM209A",0,0,4,2,2,6,2
"FAM209B",2,8,1,0,1,3,2
"CASS4",18,14,23,32,32,149,11
"NDUFAF5",152,139,141,94,117,120,108
"ZNFX1",363,499,694,709,465,852,334
"PARD6B",37,57,39,54,26,30,29
"PSMD10P1",173,84,126,108,135,122,135
"MOCS3",43,77,52,49,27,36,22
"RPL12P12",9,17,26,36,20,8,10
"NAA20",124,124,117,83,75,157,63
"CRNKL1",154,74,156,152,81,279,99
"RIN2",40,183,163,467,81,209,44
"RNF24",178,118,207,248,150,342,214
"NSFL1C",358,256,282,358,238,452,198
"SCAND1",42,25,37,44,26,71,10
"HCK",36,12,58,93,33,217,15
"DDX27",273,180,291,374,236,464,158
"MTG2",173,213,198,219,133,161,64
"SOX12",191,432,183,352,119,157,127
"DNAAF9",227,131,250,423,179,356,143
"NEURL2",51,200,20,15,29,30,6
"ESF1",94,211,131,105,87,194,93
"DPM1",275,199,218,221,137,268,214
"KCNG1",2,41,5,26,6,6,4
"NCOA5",270,195,250,354,266,433,116
"SAMHD1",382,259,510,642,242,892,256
"GMEB2",215,112,178,241,145,249,166
"STMN3",236,362,244,281,215,261,120
"ARFRP1",459,595,607,730,420,448,404
"ZGPAT",67,59,126,175,81,72,31
"SLC2A4RG",250,609,227,476,168,194,73
"CPXM1",62,17,53,37,64,39,29
"PCED1A",182,139,201,381,168,178,60
"VPS16",212,123,253,217,160,222,66
"MANBAL",89,61,96,138,94,118,63
"TCF15",5,0,1,6,1,2,0
"BCAS4",51,29,63,63,44,69,44
"SPATA25",89,623,62,63,86,47,14
"DBNDD2",6,3,11,22,4,13,7
"C20orf204",104,184,107,120,91,59,24
"SRMS",1,7,6,10,3,5,3
"DUSP15",12,6,5,4,6,1,1
"ZHX3",274,240,439,690,359,654,262
"DLGAP4",286,386,424,797,339,461,262
"LZTS3",19,36,52,123,17,41,28
"TMEM74B",2,9,11,24,11,3,5
"PTPRA",591,395,566,648,512,919,312
"ZNF831",121,25,200,122,112,212,46
"CBFA2T2",515,747,607,651,396,575,368
"ACTL10",24,49,32,40,25,9,2
"PLCG1",1808,967,2316,2170,2321,2336,1672
"PEDS1",181,366,240,361,206,220,175
"PTPN1",543,1337,442,606,451,762,418
"RN7SL672P",8,36,11,11,6,9,0
"MIR645",1,24,11,19,15,10,1
"MIR1302-5",2,0,4,4,1,1,0
"RPL36P2",1,1,1,9,0,0,3
"SRC",101,213,159,424,79,175,100
"NXT1",26,26,18,32,18,44,22
"GZF1",125,86,115,138,86,121,77
"NAPB",343,214,239,196,162,182,267
"RPL41P1",345,342,417,679,330,780,259
"GHRH",9,0,3,8,2,12,4
"PLCB4",258,64,414,474,199,384,390
"ANKEF1",80,109,50,31,34,54,16
"SLC13A3",11,33,19,30,15,23,12
"GCNT7",44,36,56,44,52,75,30
"RALGAPA2",604,796,833,1005,652,1276,349
"ERGIC3",309,258,453,443,208,397,144
"RAB5IF",22,16,24,27,8,31,16
"UBE2V1",255,56,198,168,163,240,250
"ADAM33",3,7,82,577,24,100,10
"SLC12A5",3,0,12,12,15,9,3
"RRBP1",576,1011,902,1726,723,1452,888
"SGK2",15,20,33,51,10,21,19
"KAT14",94,117,154,161,118,196,56
"SNRPB",315,188,278,219,201,381,206
"RALGAPB",1083,625,1015,744,734,1191,855
"RPS3P2",31,9,44,25,23,32,23
"ACTR5",48,14,51,56,36,67,17
"RN7SKP173",12,1,20,16,16,10,28
"CNBD2",5,1,7,4,1,7,0
"COL20A1",1,64,1,9,2,0,2
"RPL17P48",32,23,27,25,27,11,16
"TAF4",258,204,246,308,181,233,158
"C20orf202",5,5,2,2,1,2,3
"ARHGAP40",0,0,8,0,0,1,3
"PIGT",481,403,465,612,518,510,256
"CYP24A1",0,0,0,6,3,3,0
"BCAS1",2,0,33,4,8,22,7
"FASTKD5",149,89,146,144,97,189,110
"TP53RK",135,47,113,76,117,124,87
"PRPF6",387,321,529,758,380,729,206
"SPAG4",10,40,17,90,24,57,9
"ZNF334",94,83,89,188,95,90,21
"GSS",107,78,124,188,114,142,65
"MIR499A",2,5,1,3,3,0,1
"TRPC4AP",458,192,641,596,388,685,326
"RNU6-407P",7,0,1,0,1,0,3
"HMGB1P1",28,3,34,11,39,23,46
"PCK1",1,0,21,47,3,51,53
"ZBP1",16,18,58,58,24,60,19
"CABLES2",99,131,93,159,82,114,44
"CD40",160,205,274,343,118,214,175
"MIR6812",2,0,2,2,3,5,0
"ADA",1877,865,1723,1235,1349,1468,1713
"CCN5",12,10,16,113,7,98,0
"CDK5RAP1",193,165,204,206,154,213,113
"SNTA1",38,28,39,115,26,49,16
"DNMT3B",116,49,63,66,68,75,58
"PYGB",284,586,431,552,187,390,209
"ABHD12",208,205,264,270,150,207,147
"PPIAP2",6,6,12,10,4,9,3
"ASIP",4,16,5,6,8,2,1
"XPOTP1",4,3,2,0,3,2,3
"DENRP1",4,9,10,15,9,3,7
"AHCY",156,256,136,179,147,217,61
"CDC42P1",13,0,4,6,8,7,15
"ITCH-AS1",11,12,5,5,5,6,7
"ITCH-IT1",8,7,6,7,6,7,5
"FDX1P1",10,10,7,8,7,16,15
"MAP1LC3A",17,36,25,48,5,34,7
"PIGU",105,57,70,59,51,82,33
"DYNLRB1",28,22,49,48,38,34,28
"ITCH",302,218,259,282,180,291,284
"GINS1",164,90,76,68,90,106,61
"GCNT1P1",2,3,2,12,6,6,3
"POLR3F",114,104,88,123,69,117,80
"MIR3192",13,0,3,3,5,3,4
"RPL21P3",15,2,8,3,9,2,8
"RBBP9",124,313,65,107,37,100,64
"SEC23B",231,165,197,187,157,357,85
"SMIM26",42,18,22,28,17,67,18
"DUXAP7",5,9,5,4,4,5,4
"DTD1-AS1",3,6,20,18,10,11,4
"RBCK1",720,561,769,1045,754,627,430
"RTEL1-TNFRSF6B",85,131,134,169,96,87,50
"RAE1",199,71,173,168,169,219,81
"MTND1P9",29,12,21,18,32,22,22
"RBM38",300,64,262,213,228,451,171
"ACOT8",96,84,78,187,73,108,62
"DEFB124",0,6,2,2,0,3,0
"REM1",1,0,7,33,4,11,0
"TM9SF4",328,365,373,580,312,496,196
"KIF3B",264,438,335,396,268,354,162
"NOL4L",1291,581,1246,1042,934,1188,1678
"SULF2",116,320,363,1097,241,616,145
"YWHAB",815,340,659,511,485,953,489
"PABPC1L",393,133,481,513,461,414,178
"TOMM34",122,72,97,119,88,115,44
"KCNS1",11,16,18,29,48,17,28
"PI3",5,0,76,1,21,57,41
"PAX1",2846,6796,949,1451,668,776,836
"ZNF341",55,46,87,78,51,50,18
"ZNF133",73,37,132,202,106,135,44
"CHGB",10,7554,15,4,30,49,28
"TRMT6",66,105,58,59,64,100,28
"MCM8",146,127,78,82,108,115,67
"MTCO1P59",10,4,7,4,5,3,3
"CRLS1",50,24,22,42,30,41,15
"LRRN4",6,6,15,37,16,9,4
"SYNCRIPP1",3,14,13,11,20,13,14
"ATRN",304,455,287,430,223,403,185
"SF3A3P1",42,7,29,16,12,27,26
"SMOX",11,83,26,44,38,31,16
"LINC01433",2,6,0,3,0,1,0
"FERMT1",16,128,67,192,26,47,21
"DZANK1",55,67,54,61,31,43,23
"ADNP",1510,1635,1241,1195,1091,1628,1278
"WFDC5",2,2,5,2,0,2,0
"EBF4",7,52,37,103,12,34,4
"TTLL9",11,0,20,16,6,8,7
"MYT1",2,0,3,8,2,4,2
"IL9RP5",3,0,8,14,1,6,5
"CICP4",32,41,65,91,42,22,21
"PCMTD2",632,286,541,642,477,746,421
"THBD",34,46,30,162,12,503,39
"RGS19",69,53,121,84,78,108,38
"LKAAEAR1",1,2,0,5,4,2,0
"EMILIN3",3,1,7,20,6,6,2
"RPS18P1",1,5,4,4,8,1,3
"EIF4EP1",39,10,34,13,16,44,18
"LIME1",31,52,35,65,39,35,16
"TPD52L2",294,276,273,400,228,349,190
"DNAJC5",566,703,575,739,381,518,342
"RNU1-134P",14,41,26,20,14,12,11
"UCKL1",171,236,242,393,187,252,94
"MIR647",17,22,19,29,27,13,11
"UCKL1-AS1",76,185,89,201,78,52,16
"ZNF512B",391,362,425,651,294,404,238
"SAMD10",48,76,56,51,41,37,22
"MACROD2",24,147,48,55,19,28,18
"AIMP1P1",1,0,7,5,0,0,0
"RN7SL864P",0,13,0,3,3,0,3
"FLRT3",28,86,90,239,64,75,24
"MACROD2-IT1",1,7,4,2,1,3,1
"RPS10P2",5,8,1,4,2,0,0
"ENSAP1",1,1,4,1,5,2,0
"L3MBTL1",253,247,292,367,167,191,183
"RPN2",404,290,343,381,221,679,184
"PPP4R1L",4,0,3,2,2,6,3
"POFUT1",189,350,221,303,164,266,111
"NANP",115,31,44,45,35,88,78
"RN7SL594P",6,4,5,4,7,12,7
"MED28P7",14,4,0,7,6,0,3
"ZNF337",126,72,108,132,112,129,109
"BSNDP2",3,9,2,1,1,1,1
"CEP250",568,628,855,915,735,734,391
"CTSA",2576,8679,1295,1103,1760,1088,370
"BLCAP",571,675,690,1175,489,721,477
"NNAT",69,83,156,488,143,186,89
"NINL",820,537,1060,857,900,721,785
"OPRL1",4,3,5,4,3,4,1
"SIGLEC1",86,62,192,465,83,201,29
"EDEM2",106,78,123,105,83,179,45
"UQCC1",421,380,390,435,391,428,305
"TMX4",307,260,240,358,156,441,235
"RNU105B",1,13,3,6,2,8,8
"PLCB1",153,422,309,375,191,481,254
"TSHZ2",39,238,192,545,81,289,94
"RN7SKP184",1,3,13,10,8,10,14
"PPIAP10",3,5,4,2,3,4,3
"ZNF217-AS1",105,63,111,88,96,88,154
"ZNF217",630,627,651,508,468,972,537
"KIF16B",204,251,178,293,172,180,92
"TP53INP2",87,548,117,255,62,329,92
"GGT7",167,18,192,233,128,201,78
"ACSS2",117,23,162,341,93,245,129
"MYH7B",176,141,193,369,148,136,65
"PTPRT-AS1",32,52,15,24,9,12,5
"RN7SKP100",8,37,9,20,6,0,1
"PTPRT",935,2475,577,949,425,525,317
"RTEL1",76,105,111,168,72,71,52
"ASXL1",1305,599,1523,1484,1122,1772,1181
"VSTM2L",20,13,23,28,10,10,13
"RAB22A",467,377,280,302,206,427,256
"VAPB",577,503,486,509,417,516,397
"APCDD1L",19,24,29,64,24,30,32
"STX16",837,600,795,930,611,723,827
"PANK2",430,474,408,552,398,420,291
"BPIFB9P",12,5,21,14,22,10,9
"CTNNBL1",181,104,216,225,144,311,107
"NRSN2",21,195,40,129,21,50,33
"TRIB3",33,10,52,51,24,29,24
"SLC9A8",392,173,406,503,266,507,220
"GLYR1P1",19,13,16,35,22,20,14
"TMEM230",387,354,237,236,187,301,205
"RNA5SP474",14,6,5,4,6,4,9
"PFDN4",41,7,20,10,16,29,16
"FAM217B",157,163,112,155,116,216,114
"PPP1R3D",39,67,34,51,42,64,35
"CDH26",14,13,64,51,30,71,22
"MIR646",41,5,21,18,33,33,15
"MTCO2P1",42,5,15,10,44,16,33
"KCNK15",0,0,2,9,0,10,0
"RIMS4",1,0,17,83,10,36,2
"SIRPG",110,17,114,44,165,169,52
"SIRPG-AS1",106,18,120,32,140,139,95
"RN7SL561P",2,0,4,0,4,2,0
"SIRPA",49,40,181,283,67,299,41
"PDYN",0,0,14,0,3,1,8
"LINC01730",0,15,0,2,1,3,2
"AP5S1",177,160,144,193,120,113,54
"SNAP25",49,9,23,12,8,18,14
"CENPB",193,160,202,352,153,276,95
"CDC25B",732,615,687,888,535,679,448
"DNAJC9P1",28,17,26,22,31,40,12
"JAG1",117,447,427,1241,215,609,249
"LINC01752",1,0,4,16,5,8,3
"LINC02871",4,0,4,12,2,0,1
"RNU6-27P",6,2,20,0,14,1,17
"RN7SKP185",53,11,149,51,37,18,89
"TTI1",232,182,286,296,237,280,75
"RPRD1B",391,243,319,301,232,420,251
"TGM2",40,73,257,1394,163,329,162
"KIAA1755",11,10,150,362,100,96,22
"BPI",3,0,3,7,10,14,7
"ZFP64",110,170,137,166,88,121,52
"ERP29P1",0,5,5,1,2,2,1
"BMP7",106,254,47,93,36,61,27
"SLC35C2",395,326,431,460,401,351,286
"ELMO2",182,136,248,266,219,279,186
"ZNF840P",20,17,18,21,8,9,2
"C20orf203",21,4,12,25,21,10,14
"EFCAB8",11,9,9,6,19,16,10
"PPDPF",264,482,153,474,145,282,108
"GNAS-AS1",20,17,31,34,25,21,13
"HM13",184,281,274,301,224,250,182
"MCTS2",24,14,54,35,49,42,15
"ID1",44,4,43,213,14,85,17
"KIZ-AS1",185,75,126,99,113,100,138
"TMC2",9,20,30,26,13,16,11
"NOP56",315,243,353,442,315,454,130
"IDH3B",235,170,218,241,180,333,98
"IDH3B-DT",2,3,2,2,1,1,0
"STK4",1380,626,1689,862,1062,2065,1540
"CEBPB",39,57,55,137,33,347,37
"GPCPD1",624,297,577,396,445,997,427
"PELATON",3,3,6,24,1,57,3
"LINC01270",0,6,2,6,2,3,0
"BMP7-AS1",18,15,9,9,4,2,10
"LINC01431",4,0,5,13,9,13,0
"MCM8-AS1",20,9,13,8,6,6,4
"LINC01723",4,8,8,1,5,2,3
"PANK2-AS1",66,112,92,103,91,46,40
"EPB41L1-AS1",6,12,25,58,11,10,15
"LINC01754",0,0,2,9,1,3,2
"APCDD1L-DT",17,23,15,21,5,17,19
"NRSN2-AS1",56,277,48,119,33,35,33
"MACROD2-AS1",8,36,7,5,7,6,7
"LCDR",8,7,15,15,16,27,5
"SDCBP2-AS1",216,142,232,171,171,232,226
"RIPOR3-AS1",1,0,26,37,13,6,5
"BTBD3-AS1",60,46,54,55,40,52,45
"ADNP-AS1",185,102,151,169,148,147,159
"SLCO4A1-AS1",15,7,6,18,3,36,4
"CEBPB-AS1",7,19,33,48,9,31,8
"STK4-DT",6,0,9,2,9,6,1
"CEP250-AS1",31,20,70,46,45,46,38
"LINC00659",3,0,0,3,10,7,3
"OGFR-AS1",6,9,8,18,2,6,8
"HM13-AS1",11,9,14,22,17,16,12
"LINC01524",0,13,1,4,3,5,0
"TMX4-AS1",2,5,3,5,6,12,7
"LINC01275",3,11,9,13,1,1,2
"LINC01273",4,19,14,40,4,10,3
"ZNF337-AS1",244,186,176,184,159,149,198
"MIR663AHG",64,40,159,179,97,18,89
"ZBTB46-AS1",11,13,19,34,8,7,7
"LINC00494",103,15,59,31,178,98,11
"LINC02967",4,4,33,59,17,37,25
"LINC00029",62,73,64,26,79,93,107
"NXT1-AS1",4,0,11,17,7,15,4
"MIR1-1HG",1,0,4,7,0,1,3
"NOL4L-DT",43,16,26,22,34,16,33
"HAR1B",0,16,1,1,0,3,1
"RALY-AS1",61,56,44,66,46,38,13
"CSE1L-DT",6,2,5,6,3,3,0
"DLGAP4-AS1",72,53,94,117,84,45,51
"LINC01749",15,38,26,23,33,33,25
"LINC00654",45,50,68,109,102,50,45
"NORAD",1229,1227,859,1645,713,1487,1016
"KCNK15-AS1",55,27,39,38,84,66,30
"ISM1-AS1",2,10,23,81,11,7,2
"HAR1A",6,1,2,6,5,2,1
"SNAP25-AS1",1,0,8,0,0,3,2
"LAMA5-AS1",10,20,9,38,2,3,3
"PLCG1-AS1",230,147,151,138,161,189,192
"RPS21-DT",22,33,18,39,25,13,11
"RBM38-AS1",63,14,60,60,64,63,54
"BCL2L1-AS1",457,80,301,226,228,285,474
"ZNF341-AS1",46,28,49,43,38,34,32
"MHENCR",268,303,252,290,238,175,254
"OSER1-DT",120,148,144,179,145,115,61
"FAM242A",1,1,1,9,1,0,2
"LINC01597",6,2,18,14,5,11,0
"ZFAS1",314,125,232,198,161,349,214
"LINC01522",22,11,10,5,16,4,0
"LINC01523",8,1,1,1,8,7,2
"MIR646HG",1860,579,1393,798,1861,1547,1031
"UBOX5-AS1",19,29,51,52,36,24,19
"PLCB1-IT1",7,17,15,8,12,17,13
"PTPRT-DT",5,5,4,6,3,3,1
"LINC01271",0,1,1,11,1,5,0
"LINC01727",332,259,93,166,65,45,31
"LINC01726",75,36,11,16,8,20,5
"SPATA2",101,79,85,128,58,112,54
"RNF114",463,327,405,372,256,396,374
"KRT18P4",10,10,21,30,14,10,7
"SNAI1",8,3,6,50,5,27,8
"LINC00656",0,0,1,3,3,4,0
"LINC03125",0,0,10,7,2,13,2
"CD93",139,161,247,605,124,840,107
"FAM182B",45,78,46,78,58,47,18
"SIRPB3P",12,3,11,6,11,13,4
"FAM182A",126,103,49,88,110,75,33
"TFAP2C",3,93,6,30,2,8,5
"SNHG17",365,331,330,297,265,338,218
"SNORA71B",44,20,65,61,53,50,54
"SNHG11",36,54,58,78,29,44,22
"VSX1",12,1,10,9,2,4,0
"ENTPD6",533,261,609,560,485,472,402
"EYA2",130,376,169,395,121,200,141
"EYA2-AS1",38,62,47,67,24,49,33
"GAPDHP54",4,9,9,13,4,7,7
"RPL27AP9",5,9,7,16,5,6,1
"RPS2P54",12,34,21,46,9,11,9
"MIR3616",0,3,4,8,5,2,3
"ZMYND8",587,261,682,637,660,868,411
"HELZ2",209,509,401,414,160,336,93
"MROH8",28,38,31,33,32,27,27
"GNAS",3685,1825,3515,3830,2881,4258,2533
"EDN3",3,7,25,44,25,34,7
"EEF1A2",2,16,4,1,1,2,0
"MISP",5,17,9,15,2,3,2
"WBP1LP11",8,3,2,0,1,0,1
"ARID3A",174,192,191,197,114,173,142
"SBNO2",363,538,466,686,202,765,194
"C2CD4C",3,0,4,4,1,4,3
"PALM",26,190,76,597,27,106,18
"S1PR4",64,9,59,36,33,81,9
"NCLN",208,308,173,246,147,193,55
"APBA3",125,136,134,201,108,80,70
"TJP3",24,34,16,42,22,12,0
"ELOCP28",0,0,2,1,0,5,5
"JSRP1",6,0,2,15,2,5,2
"RANBP3",606,403,652,693,525,751,399
"GNA15-DT",70,47,57,33,59,194,53
"GNG7",61,24,134,263,82,157,46
"YJU2",39,30,66,89,35,89,23
"GNA15",228,115,139,155,116,434,139
"SAFB",1189,999,1245,1412,1171,1414,1172
"INSR",238,340,271,716,268,530,221
"CELF5",63,6,31,29,38,30,37
"VAV1",535,128,704,579,570,683,302
"ZFR2",3,6,0,0,2,0,0
"ZNF77",29,22,39,45,27,67,23
"GNA11",174,389,142,490,91,181,76
"BTBD2",333,355,444,670,301,355,156
"MATK",31,13,14,29,24,16,7
"MRPL54",46,42,59,38,23,86,22
"DOHH",41,32,24,37,29,16,16
"MYDGF",53,50,45,89,31,113,19
"PDE4A",24,301,78,293,36,127,52
"SYDE1",10,19,46,155,23,60,11
"CYP4F12",10,196,52,176,20,27,8
"ILVBL",107,73,89,143,56,95,51
"CYP4F8",0,4,20,13,4,7,6
"ZNF627",69,64,85,79,56,113,74
"CASP14",0,0,16,3,3,7,15
"RFXANK",84,63,73,117,69,82,34
"BABAM1",98,69,103,95,50,107,63
"SUGP1",197,157,238,327,243,266,147
"BORCS8-MEF2B",3,0,4,2,3,2,3
"ZNF85",82,34,73,39,49,75,55
"ZNF66",175,45,200,144,217,236,75
"VN1R80P",2,8,7,11,5,8,4
"USHBP1",14,5,28,80,24,16,2
"BNIP3P24",16,2,4,2,7,10,2
"ZNF714",179,263,152,217,175,211,221
"CRTC1",272,227,342,446,214,270,98
"BNIP3P27",21,2,15,14,21,17,12
"ZNF257",52,2,28,13,21,78,21
"VN1R84P",8,0,1,7,0,7,7
"KLHL26",44,49,42,122,33,63,32
"BNIP3P28",1,0,3,0,2,1,6
"TMEM161A",67,73,64,110,60,44,22
"ARMC6",143,86,138,164,141,163,61
"ZNF430",201,110,211,163,158,260,189
"ZNF676",3,0,15,20,7,11,1
"ZNF91",892,482,755,598,456,786,607
"CYP4F3",2,108,5,13,12,173,3
"ZNF675",104,57,110,50,51,115,80
"SUGP2",1413,1163,1779,1953,1641,1636,1020
"BNIP3P8",7,0,5,2,3,6,5
"PCGF7P",3,1,4,1,4,5,1
"CDC42EP3P1",21,13,17,22,15,22,14
"RPL7AP10",62,19,56,50,100,34,34
"MEF2B",6,13,17,15,11,8,1
"ZNF431",442,433,468,519,464,456,333
"ERVK-28",3,9,10,10,5,4,9
"BNIP3P29",4,0,3,3,0,1,1
"ZNF98",6,0,11,1,0,5,1
"BNIP3P40",18,6,4,5,1,9,12
"BNIP3P38",7,2,1,2,1,4,3
"ZNF730",22,20,8,9,9,22,14
"MTDHP3",1,0,6,0,1,6,0
"ZNF728",2,0,5,9,4,6,2
"BNIP3P37",5,1,5,2,6,6,1
"BRI3BPP1",0,6,2,1,2,1,0
"PDCD2L",5,0,2,7,5,15,2
"CHST8",2,10,1,2,0,1,1
"DMKN",9,72,117,528,68,91,43
"TAF9P3",7,7,3,12,7,8,7
"WTIP",24,55,134,482,37,117,66
"ZNF565",22,53,31,57,22,23,17
"TMEM143",97,47,93,146,106,113,69
"ZNF737",384,194,385,246,354,289,172
"URI1",367,310,323,268,190,420,259
"RPL29P33",16,17,19,23,5,13,7
"ZNF428",55,95,54,97,69,77,66
"RHPN2",13,52,27,42,14,26,10
"EGLN2",282,240,339,438,303,312,336
"CADM4",45,72,64,161,74,64,51
"SIPA1L3",362,542,569,766,352,455,159
"ZNF507",491,444,552,470,446,652,418
"PLAUR",52,54,25,94,28,413,29
"DPY19L3",259,114,212,186,151,234,163
"SMG9",246,268,248,388,266,279,183
"CYP2A6",16,78,10,45,8,18,22
"BLOC1S3",75,90,57,114,71,66,31
"COX7A1",30,61,27,63,24,34,23
"GPI",730,3261,466,743,298,646,346
"CKM",5,8,9,13,8,24,9
"UBA2",565,378,415,434,308,825,470
"ZNF420",50,30,43,34,21,59,38
"ZNF471",90,168,97,205,123,97,55
"CYP2F1",8,13,5,21,5,6,18
"KRTDAP",0,0,6,6,1,7,3
"ZNF586",451,398,581,361,366,403,365
"ZNF235",162,124,180,122,162,111,151
"ZNF274",238,179,395,379,283,345,216
"CCNE1",40,30,12,22,15,17,10
"RPS10P28",4,4,0,2,0,2,0
"RPL9P32",47,14,35,28,27,36,50
"CEP89",141,188,192,295,187,166,69
"RAB4B",62,35,94,75,113,57,63
"PPP6R1",901,478,917,926,671,833,466
"HSPBP1",27,25,23,45,21,49,10
"SLC6A16",82,33,106,101,87,123,54
"BRSK1",16,10,29,43,13,20,7
"ZNF578",10,31,24,21,15,6,10
"C5AR1",34,238,45,271,31,476,18
"CD37",364,137,630,476,561,640,247
"BORCS8",278,276,372,462,308,241,143
"CD22",42,7,270,92,109,159,34
"PPP1R37",186,242,214,281,198,178,94
"SLC25A42",142,137,194,177,144,141,107
"ZNF807P",7,0,1,4,1,2,4
"MIR7850",1,0,3,9,1,10,2
"RNA5SP469",2,6,1,3,0,2,3
"RN7SL368P",3,0,0,7,3,22,2
"MIR4324",2,0,2,2,4,2,0
"NCCRP1",5,0,36,10,8,18,5
"GMFG",502,152,435,293,378,672,318
"RN7SL566P",13,11,20,25,16,6,32
"PAF1",180,289,254,349,200,396,167
"MED29",264,363,231,341,193,354,174
"PLEKHG2",821,260,905,1085,929,1564,572
"RPS16",1140,638,938,1101,803,2224,531
"SUPT5H",591,720,820,1277,735,855,423
"TIMM50",152,221,151,180,116,130,49
"EID2B",32,15,22,26,19,14,20
"EID2",32,16,33,32,20,41,14
"PNMA8A",465,335,165,223,223,284,244
"PNMA8B",90,295,47,127,62,62,29
"CALM3",1097,473,630,1217,812,1109,521
"DACT3",9,17,17,69,3,24,9
"RN7SL364P",6,9,22,18,9,4,18
"MIR320E",13,19,23,21,16,4,14
"LRFN1",88,21,49,51,53,79,79
"CRB3",4,3,3,9,2,4,1
"DENND1C",385,174,505,388,436,405,224
"TNFSF9",3,2,5,1,0,14,3
"CD70",0,0,3,1,0,5,4
"TRIP10",35,38,145,523,82,249,62
"SH2D3A",50,28,100,218,68,72,43
"IRF2BP1",133,96,93,163,68,110,63
"MYPOP",76,94,85,122,57,66,46
"CCDC61",79,82,50,104,49,60,24
"PGLYRP1",10,21,14,30,18,21,4
"IGFL3",6,31,5,36,23,3,6
"TGIF1P1",10,15,8,18,9,4,3
"DMWD",347,374,382,617,313,311,161
"RSPH6A",2,2,1,4,1,2,0
"ZNF426",185,233,198,209,139,255,114
"ZNF561",216,211,234,203,177,221,111
"ZNF562",196,228,195,261,203,150,108
"RPS4XP22",3,20,5,5,1,1,1
"UBE2L4",31,8,14,15,15,6,18
"FBXL12",503,154,379,430,315,360,237
"BICRA-AS1",37,30,40,40,48,33,40
"EHD2",94,273,268,1243,100,447,96
"NOP53",648,624,692,1052,570,1118,379
"ZNF552",282,506,366,328,313,266,273
"ZNF587B",422,499,508,435,354,476,446
"FKBP1AP1",35,53,27,27,14,10,14
"ZNF587",589,656,604,566,385,377,380
"ZNF417",338,285,490,368,435,436,231
"ZNF256",68,65,92,47,65,112,81
"C19orf18",11,9,13,28,10,22,3
"IL4I1",2,4,32,17,5,36,17
"SIGLEC11",8,0,4,16,3,19,1
"VRK3",360,266,442,419,385,421,157
"ZNF473",55,91,83,105,63,90,18
"ASPDH",35,94,37,37,30,34,50
"LRRC4B",16,28,10,30,7,22,8
"GPR32",0,0,0,10,0,0,1
"SNORD88A",0,2,4,1,1,2,1
"KLK1",1,0,8,2,6,7,3
"ZFP14",214,121,191,213,154,221,200
"ZFP82",87,130,109,104,93,93,66
"ZNF260",232,171,194,110,115,195,190
"ZNF529",299,173,148,142,132,198,154
"RN7SL192P",30,17,22,33,17,14,43
"SERTAD1",11,13,15,37,15,95,4
"CLEC17A",7,10,45,10,8,35,28
"TEAD2",22,27,50,175,35,101,37
"JOSD2",44,45,45,88,22,39,20
"RAX2",5,9,7,5,4,5,0
"ZNF724",38,21,16,17,20,36,25
"ZNF43",493,150,416,251,261,391,300
"MED26",65,60,72,74,65,64,51
"PIN1",389,218,406,355,329,361,221
"XRCC1",143,163,158,208,137,185,86
"WDR18",69,44,59,74,21,55,10
"NR2C2AP",30,18,28,40,22,34,10
"PRX",16,19,26,87,20,32,8
"IZUMO1",6,50,5,12,5,2,0
"BCAT2",101,278,89,163,87,74,49
"HSD17B14",93,197,29,75,42,34,15
"DHDH",1,6,0,1,0,3,0
"ZNF585A",204,129,219,166,203,188,123
"ZNF585B",225,213,274,259,230,257,154
"ZNF792",119,45,100,111,84,100,65
"LGI4",1,1,28,138,17,53,4
"FXYD7",2,0,13,5,4,7,5
"MIR5695",9,9,5,6,12,9,15
"FARSA",147,114,148,164,107,139,59
"FARSA-AS1",5,8,13,15,15,3,6
"RAD23A",190,305,192,285,143,230,100
"GADD45GIP1",23,57,43,56,28,65,14
"TMEM150B",2,0,4,5,0,7,2
"KMT5C",151,124,121,202,94,87,98
"COX6B2",9,81,120,308,42,53,26
"IL11",0,47,4,13,1,2,3
"TMEM190",1,18,3,9,5,3,0
"TMEM238",9,22,5,7,1,1,3
"RPL28",1495,1086,1178,1565,949,2784,669
"UBE2S",275,154,169,180,145,258,95
"ISOC2",42,59,47,99,32,37,15
"ZNF628-DT",2,15,1,1,2,2,0
"NAT14",298,224,248,201,243,220,187
"SSC5D",381,5281,331,514,285,214,183
"ZNF579",61,55,57,104,33,32,25
"FIZ1",130,153,168,231,173,171,120
"ZNF524",17,26,24,57,23,25,7
"ZNF784",16,31,43,76,35,43,26
"ZNF580",318,463,445,618,520,326,341
"ZNF581",33,52,27,49,25,46,20
"CCDC106",80,159,34,76,31,41,17
"EPN1",453,469,591,933,383,556,246
"GAMT",71,203,48,110,30,51,15
"DAZAP1",1300,1018,1017,1373,873,1142,739
"C19orf25",180,146,202,230,140,143,70
"MBD3",269,226,265,363,165,169,101
"APC2",138,86,135,158,104,102,59
"PRR13P5",65,82,83,123,56,45,43
"PSMC4",178,185,186,172,173,269,108
"ZNF546",140,224,124,160,116,119,104
"ZNF780B",450,328,422,281,262,367,246
"ZNF699",80,52,91,85,96,130,73
"UBXN2AP1",36,36,9,25,16,9,5
"ZSCAN5DP",14,11,11,10,8,14,4
"EDDM13",199,233,209,243,198,164,97
"VN2R17P",2,2,3,4,4,0,0
"SLC25A36P1",9,2,3,7,3,2,1
"ZNF583",48,46,52,47,40,44,13
"COL5A3",105,133,243,764,134,285,135
"SHFL",114,151,186,215,154,166,131
"PPAN",26,63,46,72,35,46,15
"SNORD105B",0,0,4,1,4,4,6
"P2RY11",19,51,28,76,25,23,15
"EIF3G",263,304,276,438,246,484,117
"S1PR2",30,24,50,89,19,56,33
"MRPL4",50,85,73,107,49,66,28
"ICAM1",110,135,96,226,53,496,82
"ZNF808",238,128,422,251,274,295,128
"ZNF611",267,200,310,251,222,277,182
"ZNF28",140,69,107,108,94,153,58
"PABPN1P2",10,4,7,12,6,7,6
"ZNF773",69,55,61,55,58,72,53
"ZNF549",178,146,195,165,140,201,117
"ZNF416",47,32,42,48,38,59,17
"ZIK1",71,64,76,89,51,104,46
"ZNF134",295,149,228,224,233,279,182
"ZNF211",154,79,261,189,200,194,74
"ZNF527",73,38,86,73,38,82,26
"ZNF569",107,45,59,41,48,68,45
"ZNF540",39,31,58,60,46,40,35
"ZNF607",79,32,51,33,38,34,41
"CYP2S1",17,311,25,86,14,26,16
"AXL",141,365,203,873,118,423,80
"RN7SL34P",18,5,15,16,12,13,10
"CCDC97",291,485,404,510,355,405,265
"TMEM91",86,176,86,125,83,66,53
"B9D2",37,31,29,40,32,47,18
"BCKDHA",7,8,13,12,6,11,13
"ERICH4",0,0,1,9,0,2,0
"SIGLEC8",12,13,14,20,18,12,4
"SIGLEC12",4,0,4,6,8,19,6
"SIGLEC6",11,0,17,34,4,22,5
"ZNF175",125,86,144,205,112,151,58
"SPACA6-AS1",9,47,10,21,8,9,12
"HAS1",4,0,1,10,0,36,0
"FPR2",1,0,2,3,2,123,3
"FPR3",61,39,47,87,26,141,42
"NOVA2",18,18,53,170,27,69,11
"IL12RB1",43,14,84,75,37,71,25
"IFI30",8,25,7,16,7,8,2
"MPV17L2",22,35,24,31,8,22,13
"RAB3A",5,54,10,24,5,11,6
"JUND",175,236,185,388,103,641,78
"RPL39P38",3,0,5,1,5,1,1
"LSM4",197,196,196,119,115,150,91
"PGPEP1",469,317,519,509,267,425,424
"LRRC25",5,7,43,40,10,47,4
"SSBP4",121,105,111,181,76,93,42
"FUZ",67,26,67,93,55,55,28
"PTOV1-AS2",38,71,39,78,51,50,30
"PNKP",270,252,366,489,309,344,144
"MED25",350,388,269,394,230,267,207
"STAP2",36,50,35,84,23,42,17
"AKT1S1",170,271,241,357,177,227,91
"YIPF2",43,29,47,89,26,57,21
"DMAC2",120,178,137,200,119,140,71
"UBL5",211,83,150,192,93,376,105
"RPS15",703,796,589,1236,430,1397,267
"TRAPPC6A",48,45,43,64,22,43,13
"ZNF30",61,32,26,26,24,35,9
"GARRE1",205,209,321,482,224,350,120
"ZNF254",306,102,199,170,153,294,181
"ZNF418",132,178,182,104,144,205,66
"ZNF570",81,79,89,88,72,102,58
"IGFLR1",5,1,8,14,9,16,4
"U2AF1L4",35,28,54,70,37,52,43
"PSENEN",50,61,31,44,20,63,21
"LIN37",26,30,24,40,31,32,22
"HSPB6",6,12,53,318,14,126,48
"LYL1",25,39,67,88,40,56,23
"CD320",58,68,44,88,28,45,23
"NDUFA7",16,38,19,38,29,26,13
"RPS28",779,351,349,570,204,829,304
"ANGPTL4",35,70,60,93,32,64,36
"RAB11B",342,290,375,546,257,436,197
"PRAM1",20,22,45,98,55,89,7
"ZNF414",62,41,57,145,49,78,30
"KDELR1",294,364,274,612,230,433,245
"GRWD1",168,167,135,210,115,195,61
"KCNJ14",12,39,19,17,12,17,5
"SULT2B1",2,9,11,4,5,7,5
"RPL18",497,320,435,686,359,912,272
"SPHK2",160,228,183,283,124,116,136
"DBP",181,351,163,360,166,166,209
"CA11",48,185,55,94,55,39,72
"TMEM205",39,38,47,81,23,33,11
"CCDC159",111,79,156,230,113,108,71
"SWSAP1",21,17,12,27,18,23,7
"EPOR",35,32,34,97,33,47,23
"RGL3",13,8,29,220,22,41,15
"ODAD3",3,3,2,3,0,6,0
"ZNF653",31,32,42,52,28,24,27
"RPL18AP13",2,9,5,2,0,1,2
"RPS12P32",8,16,10,9,6,4,4
"CNN1",13,7,13,189,2,133,2
"GAPDHP76",14,22,12,16,11,3,1
"SLC17A7",0,0,16,44,7,21,0
"ALDH16A1",135,104,163,152,96,109,54
"FLT3LG",48,18,83,95,75,38,109
"RPS11",2110,1425,1775,2892,1588,4094,1325
"FCGRT",246,189,351,975,214,538,126
"RCN3",25,42,51,224,58,63,20
"NOSIP",139,136,192,229,116,152,73
"PRRG2",8,48,20,42,12,9,7
"RRAS",23,84,37,189,36,106,11
"SCAF1",301,476,387,686,259,347,141
"IRF3",347,420,491,742,446,334,240
"CPT1C",1,9,6,25,3,5,2
"TSKS",0,1,4,3,5,4,3
"TMEM145",1,34,4,4,1,1,1
"EIF1P6",7,27,7,16,7,5,10
"SH3GL1",212,313,249,419,191,248,139
"CHAF1A",252,239,303,240,255,330,146
"UBXN6",226,275,224,391,158,288,118
"HDGFL2",189,210,238,399,143,243,115
"PLIN5",10,14,54,78,13,74,17
"LRG1",1,4,2,3,1,56,7
"TNFAIP8L1",116,106,152,223,84,92,115
"ERVV-2",0,0,2,5,6,1,1
"LHB",7,8,8,10,12,4,4
"SNRNP70",1619,1262,2077,3267,1969,1776,963
"LIN7B",14,24,12,20,10,15,2
"C19orf73",0,4,3,3,0,1,0
"ZNF845",105,47,78,77,63,114,61
"ZNF525",102,94,95,90,73,137,48
"ZNF765",156,138,127,109,86,148,103
"RPL39P36",6,3,5,1,4,6,3
"ZNF813",85,28,55,70,43,92,37
"TPM3P6",15,8,15,34,17,13,6
"REXO1",252,315,319,447,240,365,135
"KLF16",48,52,50,77,37,76,46
"ABHD17A",520,341,630,680,360,438,246
"ADAT3",12,22,12,23,9,12,5
"LSM7",108,71,90,124,117,95,49
"TIMM13",144,86,98,146,67,108,60
"LMNB2",634,477,456,432,409,401,287
"ZNF787",178,130,172,205,78,156,116
"ZNF444",552,357,558,511,422,387,408
"TECR",261,432,296,438,226,339,156
"NDUFB7",72,62,44,86,26,64,13
"MEGF8",376,690,331,788,272,318,167
"CXCL17",19,24,14,14,9,9,8
"RNU4-60P",1,3,1,3,0,4,0
"CEACAM1",90,62,82,106,54,82,59
"CEACAMP2",1,0,1,2,6,2,1
"CEACAM8",14,3,8,7,9,16,6
"CEACAMP1",0,0,1,2,2,2,4
"CAMSAP3",40,94,44,53,32,33,22
"XAB2",178,102,210,319,150,254,84
"PCP2",26,15,28,30,36,13,17
"TRAPPC5",59,93,61,91,69,26,54
"FCER2",17,0,53,31,14,44,10
"PRR36",12,8,8,17,6,1,7
"LRRC8E",1,1,2,3,1,3,0
"MAP2K7",337,289,330,490,235,343,233
"CTXN1",4,6,4,0,3,6,2
"TIMM44",122,264,128,199,94,151,49
"SPPL2B",708,394,659,680,403,395,390
"ISCA1P7",1,3,6,2,4,5,5
"ZNF493",522,186,437,290,281,349,340
"LINC00664",45,3,32,2,28,58,13
"BNIP3P26",14,5,13,5,5,13,9
"CD209",74,5,44,45,24,60,26
"PEX11G",18,15,32,42,27,35,11
"SAXO5",1,8,6,16,3,1,0
"ZNF358",47,143,55,155,32,62,32
"MCOLN1",59,73,53,93,41,70,20
"PNPLA6",154,162,185,279,155,189,54
"PTBP1",1320,855,1052,1331,875,1515,651
"RPL13A",2613,2472,2566,4218,2004,4520,1550
"ZNF564",37,10,41,49,20,30,25
"LINC02926",1,6,2,1,3,0,1
"PGK1P2",2,1,1,2,0,4,3
"ZNF490",126,93,137,133,132,122,59
"ZNF791",222,309,278,367,229,302,209
"WDR83",19,29,47,37,25,37,15
"FBXW9",24,27,14,19,12,16,7
"SNORD41",5,1,6,3,8,4,3
"TRIR",465,326,388,502,398,585,261
"GET3",73,71,82,115,64,122,19
"BEST2",1,18,7,4,0,1,0
"MIR5684",5,2,7,5,4,3,1
"JUNB",266,361,150,660,52,2837,111
"PRDX2",203,319,125,199,90,266,106
"RNASEH2A",7,5,4,5,9,0,0
"RPS6P25",12,2,20,18,22,25,13
"HOOK2",106,328,216,514,139,123,114
"NOTCH3",2250,1835,1984,2805,1397,2404,1666
"EPHX3",1,0,13,14,7,14,5
"SHKBP1",299,172,240,246,165,297,118
"LTBP4",121,312,305,1813,135,816,115
"NUMBL",96,543,121,326,92,127,79
"COQ8B",373,415,414,472,358,334,270
"PGLS",132,129,98,186,105,153,59
"TIMM29",73,63,81,91,46,56,43
"TLE5",1081,1378,1040,1490,1046,1210,662
"KIRREL2",10,28,4,5,6,5,1
"RN7SL402P",2,3,1,0,1,6,0
"HCST",12,0,9,13,10,22,7
"TYROBP",42,24,54,134,49,187,37
"RFX1",154,139,188,246,135,155,79
"RLN3",0,1,1,5,0,1,6
"IL27RA",135,63,176,165,133,171,38
"PALM3",1,3,5,2,5,4,1
"EEF1DP1",1,1,2,2,4,1,5
"C19orf67",5,3,11,19,13,7,4
"ASF1B",163,64,81,60,75,144,64
"RN7SL231P",2,0,1,6,2,0,7
"COPE",171,159,193,238,140,189,80
"DDX49",81,59,88,124,78,100,30
"HOMER3",10,79,11,90,18,28,6
"TGFB1",250,382,299,459,192,420,206
"PRKCSH",499,551,544,1037,450,745,244
"TPGS1",71,59,122,105,94,64,54
"CDC34",111,80,104,147,74,115,75
"GZMM",19,4,12,8,9,24,3
"DIRAS1",1,7,5,10,1,1,2
"SLC39A3",60,38,53,46,40,44,13
"SGTA",713,418,511,565,480,587,504
"THOP1",225,195,246,278,196,270,73
"ZNF554",76,71,70,151,51,105,34
"ZNF555",64,79,82,65,63,74,48
"ZNF556",8,41,3,18,3,3,2
"KEAP1",139,167,128,203,78,181,62
"ATG4D",152,183,124,138,78,112,90
"RNU7-140P",11,5,8,9,2,3,29
"KRI1",498,409,575,776,637,486,336
"CDKN2D",210,35,103,120,128,134,155
"AP1M2",2,4,22,33,12,14,5
"SLC44A2",507,167,724,908,483,1082,413
"QTRT1",79,182,68,155,59,89,19
"MIR4748",8,4,7,9,12,7,10
"MIR199A1",4,3,8,13,7,5,2
"MIR6793",2,1,3,1,3,0,1
"TMED1",12,17,26,31,12,22,9
"C19orf38",6,16,10,7,3,25,4
"HIKESHIP2",0,3,1,3,3,3,0
"ZNF331",237,244,220,473,218,865,461
"GSK3A",393,404,345,428,339,343,331
"ZNF574",57,97,77,135,59,85,40
"DEDD2",170,128,138,190,143,180,104
"GIPR",22,7,39,39,16,14,25
"QPCTL",37,20,37,55,26,33,26
"FBXO46",211,144,200,216,178,188,107
"ZNF121",518,382,449,319,273,528,310
"KANK2",58,135,320,1452,154,473,126
"NIBAN3",99,26,159,51,75,109,47
"EXOC3L2",9,5,13,64,7,14,8
"PRMT1",229,255,219,370,190,290,144
"PAFAH1B3",54,45,37,30,27,54,18
"NPHS1",24,15,25,9,8,7,3
"ZNF146",451,266,322,249,283,475,347
"PRKD2",751,426,897,1055,734,887,567
"CGB2",0,10,1,0,0,0,0
"NTN5",33,23,18,41,30,21,12
"MAP4K1",226,73,313,263,275,398,134
"EIF3K",380,576,323,453,261,570,239
"CAPN12",9,79,17,92,18,33,9
"LGALS7B",1,32,2,5,1,1,0
"RNU6-140P",0,1,13,1,7,0,10
"LGALS4",1,2,10,25,3,3,3
"EML2",218,219,239,237,227,187,153
"WIZ",302,465,328,534,246,367,132
"PWWP3A",199,125,274,389,185,206,228
"REEP6",5,4,6,10,4,5,3
"BRD4",1490,1789,2068,2545,1734,2214,1361
"STX10",109,95,132,173,112,125,68
"RPL12P42",1,4,8,14,4,3,4
"CALR",790,826,957,1402,804,1768,686
"BST2",142,456,205,470,103,249,122
"BISPR",57,179,104,103,89,50,58
"TMEM221",9,49,12,49,22,9,4
"NXNL1",1,11,2,5,1,1,0
"RASIP1",28,34,45,115,24,56,9
"FUT6",0,3,5,7,2,1,0
"MADCAM1",15,17,8,21,12,5,2
"BSG",574,475,417,636,258,613,172
"GRIN2D",7,5,20,24,6,11,6
"FAM83E",6,5,11,15,8,9,1
"TBXA2R",4,2,3,33,8,8,1
"CACTIN",161,206,211,252,138,132,55
"PIP5K1C",375,429,370,637,243,407,162
"AKAP8",319,287,439,590,328,471,230
"GRAMD1A",441,230,430,579,376,487,314
"RFX2",121,67,110,231,90,273,59
"RPL32P37",5,3,4,9,2,12,1
"ACER1",6,16,4,3,22,7,1
"ALKBH7",40,43,31,52,37,33,22
"GTF2F1",203,361,292,409,199,317,120
"SLC25A41",7,0,0,5,4,3,2
"SLC25A23",121,318,124,378,101,166,80
"FBN3",8,27,30,108,17,7,6
"AKAP8L",489,361,551,658,524,517,341
"YJU2B",146,175,232,308,200,277,78
"MRI1",71,73,89,147,57,73,37
"C19orf53",98,134,112,134,90,186,59
"CC2D1A",209,277,264,333,197,178,137
"CCL25",1219,5472,741,303,1108,955,704
"ACSBG2",9,10,4,17,16,9,3
"RN7SL663P",2,5,6,3,3,0,7
"SPINT2",94,220,82,136,36,89,38
"PPP1R14A",0,4,12,100,4,37,2
"YIF1B",56,76,52,87,48,46,26
"FUT1",17,45,7,22,7,19,6
"TRMT1",102,93,137,176,93,115,33
"CLIP3",386,466,249,374,303,214,289
"THAP8",49,87,38,82,38,41,10
"POLR2I",7,12,9,26,4,14,0
"TBCB",121,86,175,210,94,154,55
"CAPNS1",564,627,455,838,337,765,324
"ZNF468",85,67,89,66,52,129,57
"WDR62",346,212,255,203,231,244,130
"NDUFA3",71,115,37,105,59,120,34
"PRPF31",31,109,76,88,50,77,33
"LENG1",11,6,19,33,13,26,4
"TMC4",28,58,36,106,24,34,13
"MBOAT7",98,125,103,163,75,180,65
"TSEN34",31,32,28,58,10,36,7
"RPS9",186,173,104,97,218,805,96
"LILRB5",51,9,72,230,28,104,25
"LILRB2",23,6,13,84,10,101,22
"ARHGEF18",1382,569,1562,1205,1262,1457,591
"CYP2A7",8,16,28,30,12,5,12
"MARCHF2",67,71,117,176,50,136,37
"ZNF573",82,81,94,102,69,121,52
"LSM14A",840,582,695,640,600,1126,859
"RTBDN",14,2,14,6,26,9,17
"HPN",1,0,1,8,6,5,0
"PRR19",5,12,1,1,6,5,0
"SMIM47",2,9,4,7,6,4,4
"ZNF559",214,119,123,188,145,226,86
"SNRPD2",159,152,165,206,137,334,101
"DAND5",5,4,0,3,1,1,0
"OR10H1",3,2,3,3,1,0,0
"TFPT",32,29,26,30,24,30,10
"NECTIN2",34,91,79,175,22,142,54
"TOMM40",185,229,130,199,111,165,94
"APOE",220,190,145,182,76,373,83
"APOC1",16,6,17,15,9,67,24
"CLPTM1",236,264,272,442,263,438,127
"RPS2P53",30,35,32,49,26,25,19
"ZNF563",40,28,42,48,28,44,46
"ZNF442",24,37,31,24,20,24,14
"ZNF799",45,19,74,61,40,36,36
"ZNF443",41,10,76,43,44,43,35
"ZNF709",13,2,9,8,6,8,10
"MTND2P40",27,15,14,5,9,25,50
"MTCO1P27",7,4,8,1,5,3,5
"MTCO2P27",6,2,11,4,1,7,8
"MTATP6P27",8,19,29,10,9,17,26
"PPIAP20",5,2,3,1,4,4,11
"SYCE2",25,27,40,43,43,29,16
"PRKCG",112,3,136,131,90,91,50
"CACNG8",0,10,5,14,2,3,0
"ARRDC2",220,290,425,432,374,470,113
"FZR1",458,649,574,813,471,424,286
"HMG20B",294,562,352,383,326,291,177
"GIPC3",46,14,20,77,66,50,24
"CCDC124",63,79,80,123,52,88,25
"TEKTIP1",59,84,118,120,76,40,48
"FKBP8",305,296,341,717,252,561,187
"KXD1",161,141,146,215,111,183,80
"CRLF1",6,30,25,14,9,11,5
"REX1BD",104,172,106,215,98,66,19
"TMEM59L",0,4,2,2,0,0,3
"ZNF69",67,21,137,123,103,136,54
"ZNF700",168,41,284,148,151,274,87
"ZNF763",14,11,46,44,35,17,13
"ZNF433-AS1",254,114,194,115,161,205,244
"RNA5SP464",3,0,3,2,2,5,2
"RNA5SP465",8,0,4,1,2,5,2
"ZNF20",19,12,18,19,11,17,14
"RSL24D1P8",5,1,1,3,4,5,0
"RNA5SP467",2,6,2,1,0,0,2
"ZNF625",5,6,1,6,6,2,1
"KLC3",8,28,8,22,4,9,5
"PPP1R13L",41,81,112,367,63,55,64
"POLR1G",8,27,8,25,10,15,3
"ERCC2",80,67,99,186,66,91,45
"ZNF649",168,98,103,100,77,129,56
"ZNF613",101,49,43,30,49,59,26
"ZNF350",182,64,122,97,96,138,89
"ZNF317",193,117,279,306,209,361,109
"OR7D2",1,14,0,0,0,1,0
"CIC",906,1327,1132,1689,761,1010,591
"PLEKHF1",35,45,44,98,29,54,31
"DMPK",173,345,277,579,227,211,97
"SIN3B",443,437,613,1215,403,624,227
"F2RL3",4,38,17,79,7,12,15
"CPAMD8",8,59,160,290,63,174,48
"HAUS8",84,30,74,80,73,93,54
"ATP5F1D",101,212,93,162,66,121,34
"SCN1B",20,40,36,88,22,45,12
"SHISA7",20,13,13,5,16,8,8
"FXYD3",0,0,6,33,6,2,3
"PODNL1",6,6,11,22,8,11,6
"C19orf85",1,15,3,8,0,1,1
"SHC2",34,30,24,118,8,31,17
"MEX3D",45,85,36,103,17,53,24
"CERS1",1,6,3,18,2,5,4
"CGB8",0,7,0,2,2,0,2
"LGALS7",1,47,2,7,0,3,0
"ZNF415",74,12,67,64,22,53,39
"KCNA7",1,30,13,11,5,3,1
"LMTK3",10,13,20,32,8,15,5
"ZNF266",422,151,816,478,458,801,273
"MYO9B",859,568,1313,1531,981,1482,448
"ZSCAN5A",102,116,96,93,89,80,43
"KCTD15",7,47,32,112,11,36,5
"ZNF439",381,113,378,195,251,357,349
"TNPO2",662,581,610,846,445,682,348
"GATAD2A",695,645,720,781,599,857,573
"ZNF761",118,135,124,93,113,150,63
"ZNF383",177,145,184,185,129,168,106
"ZNF551",176,265,261,173,170,199,185
"ZNF154",731,687,954,562,436,628,528
"ZNF671",210,157,238,248,225,223,227
"ZNF776",302,180,256,189,256,288,202
"ZNF780A",174,66,146,129,94,167,162
"ZNF816",36,11,48,22,40,53,14
"ZNF347",240,132,255,263,208,257,178
"ZNF665",56,19,70,71,31,57,24
"NDUFV2P1",5,1,7,4,4,9,7
"ZNF677",49,46,75,105,54,82,41
"VN1R2",0,1,1,8,0,0,2
"ZNF160",490,340,623,476,430,761,479
"ZNF223",13,7,1,10,7,10,6
"ZNF284",25,41,26,29,24,18,21
"ZNF224",212,148,248,198,178,187,237
"ZNF225",116,45,95,108,102,95,65
"ZNF234",162,169,171,187,188,141,111
"ZNF226",374,224,341,272,232,306,175
"ZNF227",159,113,178,143,133,183,150
"ZNF233",100,115,97,69,73,59,85
"KLK10",1,8,3,37,0,10,1
"KLK11",4,56,25,214,23,19,4
"KLK12",0,26,22,112,18,9,4
"KLK13",1,13,2,10,1,2,1
"KLK14",0,12,2,1,4,2,1
"CTU1",19,41,30,39,16,23,12
"SIGLEC7",6,1,2,16,3,7,2
"IGLON5",2,9,3,6,2,5,1
"VSIG10L",6,38,11,22,11,14,11
"ETFB",107,195,130,145,116,93,111
"CLDND2",4,10,7,15,4,5,7
"NKG7",11,12,32,27,6,24,3
"C19orf84",0,1,6,3,0,3,0
"NIFKP6",3,3,2,2,2,1,0
"SIGLEC10",21,53,52,50,42,52,5
"LILRB3",17,4,8,42,9,142,2
"LILRA5",4,0,2,3,0,38,1
"LILRA4",1,0,21,3,1,12,2
"LAIR1",1273,351,1553,1135,2076,918,892
"TTYH1",62,268,120,148,123,64,63
"LENG9",12,7,9,14,7,18,0
"CDC42EP5",8,4,11,20,3,16,4
"ZNF8",290,300,269,206,174,248,224
"ZNF544",347,464,364,388,354,373,266
"KCNC3",361,1114,242,195,186,98,128
"NR1H2",132,206,187,327,139,297,88
"SPIB",15,11,69,26,37,75,18
"MYBPC2",9,10,23,85,7,24,10
"GARIN5A",2,5,10,5,6,3,1
"EMC10",445,653,530,655,552,389,368
"ZSCAN1",42,26,8,7,8,6,7
"ZNF135",136,177,140,169,179,153,27
"RN7SL526P",12,9,11,7,2,6,2
"ZSCAN18",205,213,187,357,158,216,115
"ZNF329",96,112,102,108,74,112,47
"B3GNT8",13,27,23,31,31,21,12
"RPL36",552,619,487,1100,442,1069,335
"MICOS13",39,57,43,72,25,46,9
"HSD11B1L",14,25,14,26,12,17,13
"LONP1",250,301,296,443,155,306,126
"CATSPERD",1,10,0,0,0,0,1
"PRR22",13,15,12,29,7,14,0
"DUS3L",76,86,99,127,53,98,22
"NRTN",0,2,8,36,5,7,2
"VMAC",131,180,158,209,137,88,69
"DAPK3",99,128,114,194,99,133,47
"EEF2",5248,7049,4623,8136,3976,8273,2887
"SNORD37",3,0,3,3,3,2,1
"PIAS4",189,238,210,247,128,214,150
"ZBTB7A",577,1051,704,1131,525,830,590
"MAP2K2",535,608,606,744,511,518,366
"CREB3L3",6,0,21,21,4,9,1
"SIRT6",84,28,67,79,27,37,18
"MIDN",673,987,508,855,427,1432,598
"CIRBP-AS1",32,74,56,136,78,79,38
"NFIX",420,2514,653,2291,327,869,302
"RPS27P29",15,9,32,23,17,18,21
"ZNF681",74,54,62,33,52,78,54
"BNIP3P39",5,1,2,2,1,4,1
"ZBTB32",12,26,49,62,35,27,11
"PEG3",17,36,48,136,28,71,28
"ZNF567",102,76,106,77,86,118,62
"KMT2B",654,706,1034,1359,778,878,404
"ZNF136",224,139,200,153,156,203,135
"ARHGAP33",710,330,495,548,381,332,258
"IRGQ",424,528,391,511,354,354,417
"ZNF576",79,149,82,124,87,87,61
"SRRM5",33,24,31,28,28,22,23
"POLD1",164,175,171,169,116,127,44
"ATF5",272,60,86,91,41,94,74
"DHPS",64,46,115,164,105,58,74
"DOT1L",657,630,675,825,585,605,357
"PLEKHJ1",198,231,175,180,147,102,69
"SF3A2",443,539,419,642,297,352,255
"AMH",25,73,12,22,18,14,2
"FBL",261,254,251,411,200,505,149
"ZNF844",55,50,39,94,43,50,22
"MAU2",900,891,1076,1312,849,836,685
"ZNF878",40,9,20,1,10,28,33
"ZNF557",170,157,169,189,195,197,69
"GNG8",4,0,6,0,0,1,10
"ZNF429",155,94,207,131,90,200,84
"ZNF208",10,1,29,25,20,41,9
"S1PR5",0,4,8,19,2,6,13
"ZNF793",132,111,159,202,122,88,65
"HNRNPUL1",1829,1458,1593,1918,1386,2533,1350
"ZNF701",190,78,257,193,173,200,86
"ZNF667",78,200,69,159,76,99,49
"PRR12",832,1143,970,1604,696,818,398
"ZNF772",153,123,103,90,92,129,66
"ZNF57",6,0,3,5,5,3,4
"SIX5",5,21,9,41,3,5,3
"ZNF382",196,163,136,103,99,111,85
"ZNF100",179,59,137,139,79,214,127
"MARK4",263,385,250,407,224,276,234
"KANK3",5,15,24,97,8,17,6
"ZNF814",716,1072,978,768,711,717,641
"CLEC11A",27,43,38,45,19,35,8
"SPTBN4",16,64,13,65,7,12,5
"ZNF419",132,105,158,178,147,142,110
"ZNF726",45,43,43,18,31,50,38
"ZNF626",75,103,88,49,47,71,31
"IQCN",73,382,246,742,275,709,91
"NDUFS7",54,79,56,84,43,38,25
"BAX",238,157,209,212,185,238,159
"IGFL4",13,33,7,16,10,5,7
"IGFL1P1",5,31,4,9,5,4,3
"RPL12P41",3,11,3,7,1,2,4
"ADM5",4,14,0,9,4,2,0
"SHANK1",97,23,48,49,41,49,32
"OR4F17",5,1,1,5,0,0,5
"IGFL2",30,81,22,58,27,18,18
"MISP3",8,5,3,17,6,7,10
"GRIK5",33,63,22,48,28,44,63
"ADGRL1",388,207,478,534,345,438,235
"DCAF15",173,78,226,239,135,197,72
"ERVV-1",0,0,7,4,11,3,2
"NMRK2",2,7,8,2,6,7,1
"DPF1",2,0,5,12,7,8,2
"KCNK6",49,209,136,166,54,86,22
"NANOS3",2,6,4,12,3,4,1
"BRME1",9,7,16,20,16,6,6
"ATP8B3",47,13,50,68,36,37,13
"C19orf12",208,147,203,229,157,231,157
"SMIM7",321,360,327,360,220,314,298
"TMEM38A",24,257,31,34,18,18,6
"HCN2",8,9,8,3,6,9,7
"POLRMT",152,183,183,210,95,145,56
"FGF22",1,17,9,5,6,5,2
"RNF126",153,184,138,178,86,164,71
"TSPAN16",5,7,16,10,4,6,3
"RAB3D",127,46,115,246,76,201,79
"EBI3",12,3,20,4,10,28,12
"ZSWIM4",48,28,45,71,32,49,22
"ANKRD24",19,114,37,54,26,34,6
"RPSA2",222,88,210,201,124,169,124
"COLGALT1",297,325,293,481,200,257,85
"RPL32P34",3,4,5,13,2,2,1
"PSPN",44,44,42,51,42,20,20
"KHSRP",1017,975,811,1249,635,1050,607
"PLPPR2",84,96,122,319,79,130,51
"TRIM28",1055,544,828,1039,669,1123,406
"UBE2M",162,143,90,140,79,219,65
"CHMP2A",132,222,183,250,196,262,56
"PLIN4",40,190,662,4075,92,1115,250
"BICRA",339,330,326,442,239,284,207
"LRFN3",35,64,67,136,39,42,19
"SDHAF1",44,34,39,43,28,37,13
"SYNE4",43,91,45,60,25,24,10
"POU2F2",120,58,349,240,217,285,165
"ALKBH6",72,68,86,109,84,61,74
"ECSIT",129,188,150,263,117,131,64
"EXOSC5",42,66,45,82,40,39,23
"EVI5L",103,101,149,144,82,128,43
"ELAVL1",470,396,347,402,271,533,294
"UNC13A",7,3,12,2,3,15,3
"MAP1S",133,104,152,211,100,157,60
"B3GNT3",3,0,5,5,1,3,0
"GDF15",2,0,2,5,2,1,0
"ELL",190,208,160,228,99,261,91
"KCNN1",4,4,4,2,0,6,1
"ZNF530",76,34,81,64,65,92,55
"ZNF606",277,211,241,230,180,244,177
"ZNF566",77,118,81,85,51,91,62
"ZNF433",137,64,121,70,95,117,136
"TEX101",9,0,3,1,1,1,0
"LYPD3",18,19,38,26,17,38,30
"ETHE1",20,22,28,32,32,56,26
"ZNF575",34,23,64,80,57,57,36
"ZNF541",3,5,2,15,1,6,1
"GGN",15,42,16,26,14,13,6
"SPRED3",13,57,19,33,19,21,16
"ZNF600",66,71,152,122,69,94,51
"ZNF320",204,310,238,304,239,237,104
"NFILZ",10,2,9,14,4,7,4
"NKPD1",18,76,25,48,23,20,11
"PPIAP59",3,0,12,1,3,3,9
"KLK7",0,0,3,0,4,4,5
"SAMD4B",645,884,703,1083,564,935,513
"GPR108",123,145,190,288,187,188,65
"SIGLEC14",31,11,85,65,27,125,0
"OVOL3",4,6,9,4,2,2,1
"CBARP",5,16,1,15,1,7,4
"ZNF888",95,76,101,56,63,68,64
"OSCAR",3,11,7,10,3,8,1
"FAM98C",67,117,89,148,68,59,40
"SPC24",202,134,117,101,137,108,110
"PAK4",146,148,146,327,84,138,48
"LAIR2",41,8,67,41,45,20,21
"LILRA2",2,0,6,12,4,50,0
"LILRA1",3,0,12,14,2,36,0
"LILRB1",16,9,50,58,31,65,26
"FCAR",0,0,1,1,0,37,2
"LILRB4",17,4,32,32,18,35,19
"FFAR1",0,0,5,3,4,5,0
"C3",171,230,763,2782,402,2286,649
"HAUS5",194,129,171,235,168,161,87
"RBM42",138,117,153,157,68,193,72
"ETV2",6,8,10,23,21,5,9
"COX6B1",229,303,216,239,191,436,115
"ACP5",57,78,109,127,46,113,37
"MED16",162,86,143,301,110,213,52
"RNU6-9",63,13,352,43,180,77,313
"AZU1",12,0,13,1,10,16,11
"PRTN3",8,0,10,1,8,25,5
"NTF4",6,105,31,128,11,5,11
"SHD",13,1,25,11,29,7,25
"TMIGD2",112,40,131,80,119,116,86
"FSD1",41,6,46,19,25,27,20
"TMPRSS9",66,146,80,138,59,75,64
"R3HDM4",252,123,239,231,155,297,253
"ELANE",0,0,8,6,11,20,5
"GMIP",441,142,511,440,404,502,265
"ATP13A1",388,231,518,533,368,479,169
"ZNF101",805,373,779,649,670,783,536
"ZNF14",44,37,66,78,39,88,44
"LPAR2",133,79,100,151,149,106,45
"RTN2",5,11,12,17,4,34,3
"OPA3",222,388,253,325,284,308,131
"GPR4",18,43,8,47,5,58,34
"ZNF582",23,20,26,14,15,29,8
"ZNF846",247,200,205,232,148,129,115
"CFD",10,23,115,890,43,454,29
"JAK3",433,114,776,419,408,535,365
"RPL18A",1303,705,872,1414,751,2185,414
"SLC5A5",0,24,2,1,1,2,0
"ZNF44",253,294,321,327,233,283,204
"NLRP2",58,2,2,2,35,62,13
"RDH13",35,85,34,59,42,52,25
"HIF3A",5,82,127,289,256,158,26
"PPP5C",243,318,311,549,243,302,137
"CCDC8",92,499,122,526,73,90,41
"ZSCAN4",0,2,7,12,6,13,2
"FEM1A",70,89,96,106,72,42,57
"TICAM1",33,28,50,83,31,59,21
"PLIN3",119,47,125,140,77,138,86
"UHRF1",1318,605,903,634,1092,1249,570
"UQCR11",38,54,47,66,48,75,36
"RNU6-1223P",5,5,6,2,4,4,5
"FUT3",3,4,23,13,4,7,7
"SUNO1",0,11,0,4,1,3,0
"WDR88",18,8,21,14,12,31,12
"LRP3",11,49,19,93,8,31,5
"SLC7A10",0,0,3,25,0,13,0
"CEBPG",201,137,115,145,96,155,139
"LINGO3",17,3,40,33,26,66,64
"PET100",30,50,71,69,77,48,70
"STXBP2",396,153,377,236,281,257,532
"PEPD",169,232,176,218,114,163,55
"USF2",413,359,476,614,345,516,261
"HAMP",0,6,0,6,0,2,0
"LSR",69,199,128,250,53,94,31
"TPM3P5",3,7,19,13,15,13,7
"PLEKHA3P1",1,0,8,5,1,2,1
"CEACAM21",22,8,27,19,15,35,17
"CEACAM4",2,0,3,6,7,43,2
"CEACAM5",3,0,9,1,3,3,2
"CEACAM6",17,16,17,1,7,16,4
"CEACAM3",1,0,3,6,6,45,1
"RPS19",892,558,804,1352,645,1082,462
"ERFL",60,53,66,75,81,72,36
"RABAC1",35,19,41,65,65,38,28
"ATP1A3",20,43,18,12,14,9,4
"CD79A",125,34,212,114,164,329,110
"BCL2L12",89,48,49,61,35,62,27
"DNASE2",48,231,46,89,48,65,30
"RN7SL833P",0,7,2,4,1,1,2
"ELOF1",118,142,78,167,79,109,55
"FCHO1",397,91,397,296,312,302,318
"PRKACA",482,546,425,815,347,619,405
"LINC03085",10,13,10,12,8,12,3
"FPR1",14,0,14,28,5,359,10
"ZNF550",169,190,209,201,182,153,123
"ACTMAP",114,202,93,156,134,199,76
"SNRPA",127,105,142,197,131,186,71
"ITPKC",72,185,81,216,54,375,43
"MAST1",29,43,32,22,30,13,13
"PLA2G4C",43,35,168,165,40,86,23
"ZSWIM9",62,167,95,172,121,71,76
"CARD8",710,286,1008,835,810,855,361
"LIG1",569,339,602,854,529,603,379
"MOB3A",533,344,752,773,554,739,404
"RPL31P60",3,0,1,1,3,0,3
"FAAP24",14,5,14,16,7,7,6
"OR7C1",4,0,11,7,3,0,0
"PCSK4",23,19,15,33,31,13,4
"PINLYP",54,37,57,76,37,43,51
"ARHGAP35",1056,1016,1343,1484,860,1354,793
"NPAS1",15,16,12,18,16,8,3
"TMEM160",22,4,12,24,14,19,6
"ZC3H4",660,702,670,945,674,834,246
"SAE1",373,294,345,276,297,430,227
"BBC3",48,50,50,57,31,41,29
"CCDC9",83,109,136,316,86,191,52
"INAFM1",25,10,20,83,17,31,8
"NACC1",195,289,165,212,176,189,125
"PSMD8",272,228,298,383,209,411,181
"AP3D1",820,1135,822,1075,622,914,403
"ANGPTL6",5,6,15,20,14,10,8
"RELB",98,121,131,140,42,147,62
"CLASRP",222,251,399,562,371,415,165
"RNU6-611P",5,23,22,15,12,13,20
"ZNF296",1,21,9,22,11,9,2
"GEMIN7",10,25,19,17,9,7,1
"EIF5AP3",11,2,9,5,16,13,7
"TBC1D17",215,181,332,496,304,310,114
"NUP62",331,311,399,444,294,258,192
"U2AF2",984,858,909,1105,873,957,453
"MAP3K10",102,69,96,195,100,90,40
"TTC9B",2,10,4,3,16,6,3
"CCNP",2,45,1,4,0,2,2
"AKT2",1634,1129,1628,2148,1535,1453,986
"MIR641",19,2,16,26,10,19,10
"C19orf47",124,158,144,230,144,102,86
"BLVRB",46,52,38,104,15,77,12
"CNOT3",302,164,292,345,255,233,169
"DNMT1",1237,972,1355,1059,1032,1344,662
"DOCK6",113,114,215,846,84,178,76
"ADAMTSL5",1,0,8,21,2,3,0
"ZNF614",163,42,87,45,47,111,55
"ZNF432",186,95,84,75,64,138,54
"ZNF841",305,76,250,203,151,266,65
"ZNF616",89,69,102,70,97,72,77
"RPL37P23",2,10,3,3,2,0,1
"ZNF836",68,61,88,70,81,105,59
"ZNF766",184,171,180,179,174,200,190
"MIR643",5,1,1,2,1,2,0
"ZNF480",136,110,121,93,80,165,55
"ZNF610",37,51,25,43,35,19,7
"ZNF880",74,53,117,76,88,113,29
"ZNF528",304,317,311,312,213,258,129
"ZNF534",5,3,4,1,0,3,0
"PPP2R1A",652,717,588,906,468,862,400
"ZNF302",212,161,216,187,165,179,135
"ZNF599",64,50,45,86,42,59,26
"ZNF253",146,61,100,89,96,119,109
"BNIP3P10",16,0,8,16,9,4,9
"ZFP30",103,99,86,117,66,130,45
"ZNF577",471,363,283,334,264,273,159
"ZNF497",15,13,14,7,7,5,5
"ZNF837",19,24,16,49,4,14,2
"RPS5",264,139,201,313,138,373,104
"RNF225",0,0,1,5,1,5,0
"LINC02560",0,5,1,4,3,0,0
"ZNF584",44,149,81,132,42,61,30
"ZNF132",44,87,66,106,58,52,9
"ZNF132-DT",5,7,10,14,9,4,0
"ZNF324B",78,80,79,132,84,54,34
"ZNF324",183,175,197,278,145,146,66
"ZNF446",73,57,65,86,40,60,26
"SLC27A5",51,76,43,86,45,56,26
"RNU6-1337P",1,1,3,1,2,2,2
"RN7SL693P",1,5,1,3,0,1,0
"ZBTB45",61,45,70,99,49,69,35
"DPP9",360,441,424,510,290,400,163
"PPP1R15A",91,118,150,539,91,1253,94
"SIGLEC16",33,38,65,57,61,47,20
"SNAPC2",25,16,18,40,14,25,15
"MAST3",185,477,318,332,160,373,101
"MYH14",97,133,94,194,18,47,43
"COMP",8,25,2,14,2,6,2
"UPF1",831,545,823,1083,618,798,345
"OLFM2",156,54,120,133,138,124,116
"PSG3",1,21,4,8,0,3,0
"PSG8",3,2,2,5,0,8,3
"PSG1",0,0,4,4,0,2,1
"CYTH2",497,473,539,699,642,511,399
"TCF3",939,491,820,910,587,745,540
"ACTN4",481,754,477,1405,293,883,270
"AP2A1",282,313,327,490,221,373,169
"RAB8A",147,118,141,167,140,264,109
"ZNF137P",30,0,37,13,27,29,8
"ZNF781",5,0,1,4,4,3,0
"ZNF818P",26,21,33,58,23,17,13
"VASP",341,199,313,380,273,513,204
"SCAMP4",184,358,240,386,149,176,92
"GPATCH1",125,139,146,194,106,136,55
"CEBPA",16,24,20,95,4,20,8
"ZNF536",2,0,1,12,1,8,0
"ZNF615",109,26,101,86,62,80,44
"ZNF790",108,128,107,107,66,88,69
"ZNF829",75,100,55,86,51,69,58
"RPL31P61",6,0,3,6,0,1,0
"ZNF345",275,223,278,226,237,197,215
"ZNF568",103,140,102,113,74,84,40
"ZNF559-ZNF177",14,14,6,21,10,16,4
"GYS1",255,531,298,418,243,321,183
"CGB7",3,70,11,34,13,7,4
"PPFIA3",108,132,64,105,54,44,14
"HRC",2,3,11,51,3,32,2
"TRPM4",42,31,36,183,23,61,20
"SBSN",0,3,10,3,5,14,13
"GAPDHS",4,3,8,9,7,3,5
"TMEM147",36,38,39,61,23,53,13
"ATP4A",0,5,6,5,5,4,1
"ZNF177",3,13,4,9,1,3,0
"NDUFA3P1",20,23,22,20,17,15,14
"ZNF112",18,68,19,32,11,23,7
"ZNF285",23,24,18,34,24,24,16
"ZNF229",29,78,37,32,24,35,29
"ZNF285BP",4,4,3,7,3,6,6
"ZNF180",80,28,89,61,58,73,41
"IGSF23",2,5,5,6,0,1,4
"PVR",121,30,125,228,71,200,112
"CEACAM19",13,10,31,76,22,27,29
"BCL3",68,76,74,242,15,199,114
"CBLC",0,0,8,14,0,4,1
"BCAM",48,60,321,1146,119,270,127
"PLD3",379,585,406,859,317,486,202
"ICAM5",5,3,12,8,0,11,3
"RAVER1",245,149,221,173,176,185,126
"ICAM3",24,4,28,22,14,30,4
"POLR2E",438,347,454,545,350,438,193
"GPX4",343,550,278,718,145,658,134
"PLEKHA4",28,78,69,192,40,108,34
"TULP2",2,0,2,11,0,21,0
"PTOV1",357,469,441,694,359,323,188
"NAPSA",16,64,27,28,38,14,16
"ECH1",121,136,115,181,88,170,36
"RINL",32,24,78,90,61,69,17
"SIRT2",232,470,220,489,240,255,105
"NFKBIB",61,100,64,73,34,66,36
"CCER2",4,2,3,13,1,2,1
"SARS2",15,15,18,28,9,17,0
"MRPS12",22,69,13,42,23,36,1
"ERVK9-11",6,10,4,21,9,4,0
"FBXO17",10,119,33,153,23,26,8
"HNRNPL",976,657,1030,1103,793,1424,670
"ILF3",2301,2071,2935,2969,2154,3182,1479
"ARHGEF1",3010,1053,3607,2799,3137,2771,1916
"DYRK1B",172,113,137,255,137,143,49
"ZGLP1",2,7,3,6,4,5,0
"STRN4",497,406,518,642,418,470,311
"FKRP",110,114,173,224,112,144,88
"AP2S1",96,103,94,140,92,122,49
"NUCB1",335,596,428,877,270,523,197
"SNRPEP4",10,3,5,1,7,9,6
"ZNF181",96,89,105,90,80,111,55
"ODAD1",7,15,14,10,9,4,3
"NWD1",0,121,25,41,6,18,4
"ZNF461",61,45,64,61,61,62,31
"RUVBL2",185,91,141,165,121,200,50
"KCNN4",97,20,91,102,102,90,115
"LYPD5",6,34,11,32,10,10,4
"ZNF628",69,157,81,97,64,65,47
"ZNF93",76,40,75,43,52,92,70
"ZNF682",52,32,58,30,44,62,47
"ZNF90",61,18,40,50,42,26,31
"ZNF486",88,61,80,94,51,48,54
"BNIP3P17",16,3,6,6,2,4,10
"ZNF865",143,152,163,246,126,130,87
"ZNF526",89,128,130,252,88,86,72
"FCGBP",313,144,264,257,152,348,144
"CARM1",142,148,142,236,103,188,71
"SPACA6",16,218,64,254,53,101,53
"TLE6",7,8,11,23,4,14,2
"TLE2",70,136,116,490,55,111,43
"MFSD12",478,745,775,671,544,426,333
"ADGRE1",12,7,46,16,11,29,17
"HNRNPM",1244,791,1118,1133,938,1729,1030
"ANGPTL8",2,1,7,18,4,0,10
"ANKLE1",21,19,26,19,15,17,17
"ABHD8",60,14,45,77,30,43,37
"MRPL34",96,58,81,74,54,88,63
"DDA1",257,158,236,232,137,244,134
"ANO8",126,63,146,181,143,109,96
"GTPBP3",66,51,83,118,62,56,35
"PLVAP",49,60,173,482,84,320,106
"CCDC194",29,637,59,158,29,35,25
"MVB12A",103,235,104,213,93,95,80
"SLC27A1",181,523,263,648,177,166,87
"ZNF875",548,504,646,603,561,580,496
"ZNF571",60,63,63,60,54,49,50
"CATSPERG",71,72,141,117,87,104,51
"FBXO27",10,74,30,44,14,16,4
"FOSB",278,375,224,617,27,13554,6
"FUT2",61,154,62,127,71,36,74
"LENG8",2834,2291,3889,5561,3098,2548,1992
"ERCC1",121,181,145,275,89,280,61
"DNM2",1738,1158,2134,2000,1599,1923,1585
"SMARCA4",1720,1143,2114,1843,1398,1790,1220
"ZNF558",121,63,155,125,133,143,70
"MUC16",15,0,1452,565,221,273,167
"CYP2F2P",2,20,5,10,6,5,9
"UBE2CP5",4,12,11,11,6,5,4
"CYP2T1P",9,11,10,13,3,6,6
"LILRA6",12,9,5,20,3,35,10
"SAMD1",452,315,380,348,291,334,208
"CSNK1G2-AS1",48,12,56,52,27,24,23
"SLC1A5",83,45,133,274,81,259,67
"RASGRP4",22,37,51,91,37,78,11
"RYR1",23,52,87,257,38,81,13
"LDLR",110,76,99,199,64,486,74
"TGFBR3L",3,5,7,14,4,3,2
"TUBB4A",0,0,11,7,4,3,4
"GCDH",179,144,176,202,149,143,78
"MLLT1",413,587,381,770,310,530,169
"ZFP36",784,480,764,1809,506,10094,497
"KLF2",112,19,260,507,165,1159,48
"EPS15L1",442,409,537,570,432,568,247
"C19orf44",46,43,64,106,38,50,11
"CHERP",203,220,261,375,194,238,93
"RN7SL146P",6,6,12,11,9,7,9
"SLC35E1",252,295,251,322,180,300,200
"TINCR",15,11,5,9,4,14,20
"PLPPR3",4,23,7,19,6,21,6
"SYMPK",739,617,944,1161,822,820,428
"GP6",9,36,4,7,13,23,4
"ERF",204,475,217,426,227,396,235
"PIH1D1",120,82,128,151,126,98,108
"MIR640",5,0,6,8,9,8,8
"TSSK6",7,8,18,16,8,21,5
"NDUFA13",42,45,64,80,51,28,36
"YJEFN3",60,227,125,192,215,41,88
"CILP2",6,13,0,5,1,4,4
"PBX4",67,19,85,68,82,88,51
"PHF5AP1",8,3,14,10,24,13,10
"NFKBID",270,161,213,266,161,293,145
"CLPP",129,114,141,149,200,124,111
"LINC01801",93,13,76,70,50,98,27
"STK11",260,349,297,474,228,297,109
"MAN2B1",317,179,369,405,288,360,177
"CICP19",25,27,44,60,38,22,9
"PLPP2",15,13,28,39,54,28,0
"MIER2",102,66,108,134,67,89,62
"DPP9-AS1",29,34,53,99,53,45,33
"ZNF823",42,16,50,53,35,39,23
"ZNF441",52,56,76,51,35,113,56
"ZNF491",109,59,117,58,76,104,92
"ZNF440",241,442,322,370,238,536,236
"LINC00663",23,104,35,50,24,26,14
"ZNF506",553,423,681,591,408,557,355
"BNIP3P22",5,0,3,1,1,2,1
"ZNF492",20,3,21,2,9,25,0
"ZNF849P",5,0,1,0,1,4,0
"SLC25A1P5",1,0,3,5,2,1,0
"LINC00906",0,0,18,8,3,1,0
"UQCRFS1",159,163,128,111,100,240,122
"POP4",104,82,105,102,84,166,42
"TSHZ3",8,16,28,129,13,75,9
"EEF1A1P7",2,0,9,4,8,1,5
"FFAR2",2,0,0,5,1,28,0
"ZNF850",128,73,115,104,99,126,65
"ZNF790-AS1",161,177,178,232,129,111,99
"SIGLEC10-AS2",1,2,2,3,0,4,0
"SIGLEC10-AS1",1,0,3,0,5,3,1
"PRPF31-AS1",11,21,21,45,22,11,14
"ZFP28",59,121,96,114,93,108,37
"ZNF470",62,151,72,102,68,82,43
"ZNF71",67,51,92,111,57,111,42
"ZNF835",1,2,9,16,2,5,3
"A1BG-AS1",23,23,36,30,27,29,19
"ZNF497-AS1",5,18,20,31,9,11,3
"ZNF83",226,197,210,265,172,134,193
"DNAJB1",554,1157,374,729,384,851,435
"CERS4",212,149,269,361,225,240,129
"ADGRE3",8,0,4,5,1,66,2
"ITGB1P1",57,52,92,93,41,154,63
"ZNF333",220,146,235,372,203,310,127
"ADGRE2",108,70,105,92,76,203,90
"ARRDC5",136,49,250,134,175,130,164
"MEIS3",4,13,16,60,7,23,10
"SLC8A2",0,20,2,4,11,9,6
"KPTN",58,40,40,37,43,43,24
"NAPA",297,321,318,371,271,377,229
"C5AR2",13,0,7,28,7,71,4
"DHX34",104,231,177,285,144,184,47
"MZF1",487,494,476,668,522,342,221
"MYO1F",87,81,241,536,133,482,59
"ADAMTS10",96,33,167,394,112,175,97
"FTL",483,465,642,1546,402,1764,356
"LIPE",118,97,179,444,80,266,73
"NLRP12",6,0,2,11,5,55,1
"NDUFA11",76,144,159,224,77,73,61
"CAPS",24,78,77,100,50,41,14
"TPM4",816,665,913,1317,670,2596,1036
"HSH2D",57,40,190,158,94,211,82
"FAM32A",69,62,76,98,62,129,47
"AP1M1",367,413,356,451,300,396,135
"TYK2",814,862,1026,1121,703,878,407
"GADD45B",136,131,79,360,71,906,47
"PTGIR",14,2,30,71,12,13,28
"ZNF708",350,472,357,350,254,446,205
"BNIP3P25",23,10,25,8,26,16,17
"ZNF738",142,62,110,75,97,138,99
"ZNF283",157,139,146,170,95,92,102
"ZNF404",14,16,16,6,3,10,7
"ZNF45",135,123,124,143,110,154,88
"ZNF221",31,54,31,54,32,46,8
"ZNF155",43,15,33,33,10,39,30
"ZNF230-DT",3,0,2,1,1,3,1
"ZNF230",78,36,49,52,60,71,56
"ZNF222",37,4,18,18,28,36,26
"SCGB2B2",35,85,59,55,20,24,16
"ZNF30-AS1",6,7,3,5,2,1,0
"MYADM",224,81,222,594,126,1166,171
"NFIC",670,2437,892,2808,525,1303,501
"SMIM24",63,20,29,18,59,76,52
"SMIM44",6,0,2,0,4,7,4
"SEMA6B",9,4,21,80,10,55,14
"KDM4B",859,2383,780,1007,783,794,472
"CDC37",315,255,442,672,313,537,128
"CEBPA-DT",3,16,2,11,0,4,0
"LINC01836",0,2,0,8,1,2,2
"BSG-AS1",18,0,15,11,15,18,24
"DM1-AS",9,12,24,67,18,13,8
"BICRA-AS2",6,3,7,7,8,3,5
"ZNF561-AS1",214,218,258,216,256,137,85
"LIMASI",5,9,6,21,2,15,2
"ICAM4-AS1",0,0,2,1,0,13,0
"ZNF529-AS1",143,145,107,99,135,99,105
"LINC02965",122,27,154,133,166,127,63
"PIN1-DT",8,9,6,11,9,7,3
"FAM138F",5,0,8,5,9,3,1
"CACTIN-AS1",0,2,4,14,3,7,2
"ZNF470-DT",35,56,31,20,30,30,11
"UQCRFS1-DT",2,9,2,4,5,1,0
"GEMIN7-AS1",20,50,24,40,23,14,19
"ZNF582-DT",12,16,9,17,16,13,6
"NAPA-AS1",46,63,57,61,48,44,44
"LINC00662",108,153,198,252,177,138,51
"TMEM147-AS1",118,55,100,138,93,106,70
"ZNF793-AS1",6,3,7,13,8,10,7
"DACT3-AS1",27,20,70,83,60,45,50
"ZNF225-AS1",48,45,35,31,41,26,44
"UCA1-AS1",1,1,4,3,1,0,2
"UCA1",5,18,7,7,14,6,8
"ZNF566-AS1",11,14,11,13,16,14,6
"LNROP",21,6,45,35,32,29,24
"ADGRL1-AS1",119,67,138,128,128,121,148
"HOMER3-AS1",3,6,7,12,3,4,1
"ZNF567-DT",112,99,118,144,107,100,70
"ZNF473CR",0,2,4,0,1,5,0
"PCAT19",8,6,41,56,15,68,10
"LINC00665",165,319,193,242,96,110,133
"TSHZ3-AS1",0,3,11,17,6,7,1
"NUCB1-AS1",3,0,9,7,2,3,7
"LINC01480",23,11,40,27,47,24,11
"MIR23AHG",126,371,150,458,75,1293,111
"MZF1-AS1",344,348,348,393,320,282,397
"ILF3-DT",94,95,104,148,53,80,61
"ARHGEF18-AS1",78,61,144,86,85,34,41
"ZNF350-AS1",179,32,87,70,59,81,61
"ZSCAN5A-AS1",10,0,11,10,8,5,0
"PGLS-DT",56,213,85,178,94,47,54
"MYADM-AS1",38,11,24,31,24,36,11
"ZNF426-DT",8,6,5,5,7,6,6
"ILVBL-AS1",9,0,4,17,0,4,7
"ZNF45-AS1",75,49,40,50,66,44,41
"ZNF649-AS1",9,4,1,1,7,6,1
"ZNF667-AS1",90,85,70,71,39,64,63
"KLF2-DT",14,4,21,39,20,22,12
"CEACAM16-AS1",2,1,2,9,8,8,5
"ZNF528-AS1",89,212,254,257,145,108,102
"MADCAM1-AS1",13,23,9,13,5,5,2
"ZNF571-AS1",128,90,130,97,99,86,85
"MAP4K1-AS1",9,2,13,8,22,17,9
"SCGB1B2P",2,10,18,12,8,6,2
"LINC01535",21,173,34,48,20,20,19
"ZNF888-AS1",7,7,10,16,15,10,5
"IGFL2-AS1",32,192,48,77,29,24,14
"DPY19L3-DT",58,16,33,64,40,24,22
"MYREM",4,3,9,8,11,18,4
"ZNF606-AS1",245,413,383,391,257,238,157
"RAB11B-AS1",62,69,69,72,31,78,38
"PTOV1-AS1",18,124,46,100,41,25,19
"RANBP3-DT",16,22,17,34,22,55,16
"LENG8-AS1",152,234,240,258,170,119,109
"DOCK6-AS1",17,16,28,84,7,24,18
"LINC01002",423,104,457,524,235,459,157
"CARD8-AS1",22,11,26,11,22,35,22
"EMP3",39,17,76,158,49,150,47
"IER2",158,55,141,339,103,424,112
"PIK3R2",5,11,9,20,3,1,5
"PSG4",1,0,6,6,1,0,1
"LINC03078",3,4,9,2,1,1,3
"CD177",2,1,12,3,10,9,16
"PHLDB3",108,118,148,150,122,100,79
"PEAK3",15,6,31,60,11,68,61
"ZNF8-DT",256,288,214,221,232,220,172
"ZNF584-DT",118,164,144,191,134,84,85
"ZNF8-ERVK3-1",23,29,38,38,25,24,26
"ERVK3-1",111,42,85,74,81,128,67
"ZSCAN22",97,94,107,126,143,72,90
"ZNF749",78,125,117,101,80,100,69
"VN1R1",13,35,13,22,8,14,11
"VN1R107P",8,18,8,2,3,1,1
"TNFSF14",23,7,37,56,21,52,28
"PPM1N",18,15,33,25,22,19,15
"APLP1",28,47,12,10,5,9,3
"SAFB2",651,495,738,972,649,864,461
"LINC01530",13,9,5,7,20,4,3
"CYP4F24P",0,0,6,9,0,5,0
"LIPE-AS1",104,138,103,165,82,89,49
"SAXO3",6,22,12,11,6,2,0
"RPL10P16",149,138,158,202,135,226,174
"LETM1P2",3,1,7,9,4,6,0
"BNIP3P16",6,3,4,1,3,2,4
"ACTR2P2",8,0,11,4,8,11,14
"LINC02987",142,79,239,167,173,158,101
"PDCD5",78,142,76,118,47,121,89
"ANKRD27",414,175,407,332,261,441,245
"SNORA68B",4,4,10,1,4,2,1
"RPS12P31",16,6,10,1,2,5,7
"RN7SL789P",3,3,2,1,1,3,4
"RGS9BP",4,1,4,0,2,5,0
"NUDT19-DT",24,28,25,32,14,29,15
"NUDT19",88,67,49,82,25,58,18
"TDRD12",24,3,39,7,18,31,13
"SLC7A9",8,8,7,4,5,2,1
"MAMSTR",26,92,46,106,42,32,42
"USE1",56,43,88,110,60,80,25
"OCEL1",21,13,44,49,29,33,3
"NR2F6",20,89,29,114,17,39,17
"LIM2-AS1",36,44,32,18,21,14,13
"SIGLEC9",5,6,8,25,9,49,6
"PROSER3",350,209,329,411,294,247,214
"ZNF264",763,645,648,671,413,731,488
"AURKC",5,7,12,21,5,9,15
"ZNF805",222,194,206,186,101,241,142
"ZNF460-AS1",68,102,84,99,71,92,66
"ZNF460",352,268,431,473,269,722,156
"ZNF543",171,130,156,140,95,141,72
"ZNF304",149,87,121,125,125,174,81
"ZNF547",24,26,34,41,46,24,10
"TRAPPC2B",24,14,18,35,19,29,11
"ZNF548",259,206,298,217,257,289,193
"ZNF17",92,46,68,65,65,112,42
"SERTAD3",54,51,45,96,41,120,55
"SERTAD3-AS1",3,6,4,20,10,12,6
"MCEMP1",2,2,1,4,2,20,4
"ACP4",9,30,16,52,14,20,10
"CACNA1A",19,13,54,115,25,57,25
"CD33",25,32,40,68,31,39,14
"OAZ1",777,611,690,825,481,1002,567
"GP6-AS1",13,36,19,26,33,26,14
"EPS8L1",8,18,36,56,25,18,11
"LINC01841",5,0,8,4,1,2,1
"LINC01842",3,8,4,1,2,3,4
"ADGRE5",285,114,357,381,348,616,155
"DDX39A",313,192,296,305,242,335,120
"PKN1",353,106,336,443,163,363,132
"GIPC1",150,435,187,224,81,149,122
"SNRPGP15",13,19,18,14,5,9,25
"NOP53-AS1",22,34,13,26,39,18,10
"SELENOW",276,396,215,689,233,483,136
"CSNK1G2",273,320,432,498,242,407,178
"MKNK2",712,1353,615,924,472,906,475
"ARHGAP45",980,239,1339,930,821,926,498
"UBA52",872,554,720,914,491,1553,371
"CYP4F11",3,1,1,10,2,0,1
"CIRBP",1857,1062,2052,3023,1401,2455,1063
"FSTL3",24,59,44,201,44,64,17
"GRIN3B",25,77,42,78,19,11,6
"TMEM259",418,440,575,664,364,493,193
"CNN2",206,379,351,484,221,566,290
"ABCA7",779,553,879,716,744,436,436
"RASAL3",358,121,602,495,557,408,186
"PGLYRP2",8,2,18,14,30,9,3
"PPP1R12C",460,312,637,924,472,640,246
"HPN-AS1",8,2,21,35,26,18,7
"FXYD5",186,114,205,284,192,288,177
"ISYNA1",76,71,79,302,57,88,33
"MPND",45,60,55,92,52,29,21
"IZUMO4",23,16,29,34,26,21,16
"TNNT1",0,0,6,5,1,9,3
"SYT5",6,4,2,1,4,1,0
"PTPRH",3,2,5,12,0,3,1
"TMEM86B",33,23,44,56,37,38,21
"PTPRS",791,843,763,2973,462,1305,286
"FAM174C",15,18,17,19,7,13,2
"A1BG",19,11,14,19,7,4,6
"KDM5DP1",0,0,12,0,0,15,0
"USP9Y",1,0,1069,2,0,1501,0
"EIF1AY",0,0,104,1,0,226,1
"SHROOM2P1",0,0,3,0,0,9,0
"MXRA5Y",0,22,5,31,0,1,4
"ARSDP1",0,0,11,1,0,17,0
"CDY4P",0,0,44,0,0,45,0
"OFD1P7Y",0,0,6,0,0,8,0
"ZNF839P1",0,0,46,0,0,35,0
"CD24P4",0,0,11,0,0,11,0
"KDM5D",1,0,1516,1,1,1402,0
"RN7SKP282",0,0,10,0,0,1,0
"RPS4Y1",0,0,292,1,1,361,0
"ZFY",1,0,162,1,0,198,0
"PSMA6P1",2,2,92,6,3,94,7
"DPPA2P1",0,0,16,0,0,21,0
"DDX3Y",0,1,442,0,1,1021,0
"UTY",0,0,940,2,2,1182,0
"TMSB4Y",0,0,12,0,0,13,0
"AGKP1",0,0,10,0,0,10,0
"NLGN4Y",26,55,131,32,14,179,35
"VDAC1P6",6,11,5,8,4,0,12
"EIF4A1P2",3,1,9,5,5,5,6
"CICP2",2,8,7,7,7,0,0
"CICP1",2,7,9,8,4,0,1
"GOLGA2P3Y",1,5,0,5,0,1,0
"ANOS2P",0,2,23,1,1,25,0
"BCORP1",0,0,16,0,0,30,0
"FAM224B",0,0,5,0,0,11,0
"TTTY10",3,8,185,8,4,203,4
"SEPTIN14P23",3,4,1,0,5,0,6
"LINC00278",0,0,123,0,1,111,0
"TTTY14",2,0,742,2,4,739,0
"XGY2",12,0,10,2,20,8,5
"GOLGA6L11P",0,8,0,3,0,0,0
"GOLGA6L16P",0,8,0,2,0,0,1
"FAM224A",0,0,1,0,0,12,0
"MED15",561,476,768,834,513,607,371
"OSM",8,1,1,10,2,90,2
"ZNRF3-IT1",5,28,29,45,24,7,24
"NCF4",22,12,57,84,31,134,21
"CACNA1I",39,167,17,20,11,26,4
"ENTHD1",3,1,9,3,9,6,2
"LIF",4,19,10,58,4,35,5
"CBX7",415,265,547,958,315,562,408
"PNPLA3",4,0,4,8,4,7,5
"EFCAB6",42,147,35,80,20,49,6
"TBC1D22A",447,441,501,563,381,606,220
"RPL3",3237,3130,2798,5180,2184,5032,1868
"GTSE1",347,163,222,178,191,318,161
"SAMM50",200,147,186,201,124,252,63
"TTC38",33,33,60,119,20,57,22
"TRIOBP",266,415,307,620,256,421,167
"PIM3",176,178,134,210,82,199,117
"GTSE1-DT",10,8,11,24,9,7,3
"DENND6B",20,62,31,83,18,38,6
"CERK",1228,345,955,776,822,1197,886
"PPP6R2",489,323,576,705,416,565,234
"RTL6",518,188,283,272,113,331,172
"SYNGR1",13,41,96,273,28,52,59
"PDGFB",25,36,63,241,22,82,18
"MPPED1",2,42,31,24,14,13,11
"RPL35AP36",2,2,2,6,5,3,3
"PKDREJ",17,6,20,26,5,10,4
"ANKRD54",112,126,95,145,92,107,44
"FUNDC2P4",3,0,6,4,1,1,2
"TSPO",44,31,31,43,14,61,10
"YES1P1",29,9,36,38,43,66,26
"SHISAL1",190,11,52,53,36,17,30
"ZNRF3",48,105,64,247,41,78,16
"TBC1D22A-AS1",148,143,142,153,80,136,98
"RNA5SP494",11,19,6,15,10,7,15
"MIR5739",1,4,5,3,1,2,5
"SNORD83A",4,1,8,8,3,6,3
"SLC5A4-AS1",2,1,7,5,0,3,0
"RGL4P1",2,8,5,7,2,1,1
"RTCB",299,155,244,217,181,345,169
"YWHAH",237,136,159,190,130,245,155
"ASPHD2",4,1,7,1,3,8,6
"SRRD",87,73,73,130,70,117,61
"TFIP11",154,73,200,191,178,189,76
"MIR548J",4,0,2,0,5,2,4
"C1QTNF6",249,284,264,379,273,171,118
"SSTR3",126,13,164,149,187,159,129
"TMPRSS6",13,7,28,10,13,13,13
"SPECC1L",236,185,207,265,164,194,130
"SPECC1L-ADORA2A",0,3,3,7,2,2,3
"ADORA2A",84,22,70,97,90,66,42
"UPB1",224,22,372,100,222,210,321
"SNRPD3",296,237,269,293,203,258,174
"LRRC75B",26,37,34,81,12,20,20
"GGT1",23,26,15,18,22,17,7
"ACTR2P1",0,1,9,0,2,0,6
"TAFA5",31,60,24,14,11,30,8
"MAPK1",965,580,702,717,529,1135,690
"MTMR3",634,362,784,980,599,1074,624
"MYO18B",24,9,51,16,25,45,138
"RPL7P52",93,3,31,8,12,33,47
"SGSM3",15,11,31,32,32,18,12
"COX6B1P3",11,1,11,15,14,10,10
"RPL4P6",16,9,18,23,20,16,23
"MORC2",251,272,358,471,292,349,128
"E2F6P1",3,0,1,2,1,5,2
"DGCR6",45,273,40,41,20,18,17
"DGCR11",71,87,100,83,73,51,77
"RPL28P6",6,5,8,8,10,10,7
"DNAL4",60,62,50,86,42,43,17
"CBX6",879,372,817,1246,567,850,498
"APOBEC3B",8,11,21,13,12,10,14
"APOBEC3C",188,145,230,409,96,276,88
"APOBEC3F",133,181,184,255,136,176,72
"APOBEC3G",129,125,210,283,133,168,77
"TAB1",110,203,215,341,167,178,97
"MGAT3",11,10,46,112,37,52,7
"MIEF1",228,228,199,278,168,250,166
"RPS19BP1",112,64,138,211,112,154,109
"SLC25A18",12,18,12,23,26,15,15
"ATP6V1E1",221,141,149,184,104,362,155
"MIR3198-1",10,2,6,2,14,14,4
"MICAL3",344,394,635,1470,460,612,249
"MIR648",2,0,5,11,4,5,0
"ACR",1,5,2,6,1,10,1
"SNRPA1P2",2,2,3,7,8,6,5
"LARGE-IT1",0,1,2,6,4,7,1
"TRMU",294,230,350,432,261,292,172
"FAM136EP",1,1,1,8,0,0,2
"GRAMD4",428,436,406,427,374,500,241
"CELSR1",124,123,311,1103,129,200,76
"BID",150,67,153,113,120,174,86
"PARVB",49,98,96,195,75,182,33
"USP10P3",1,2,3,2,3,2,3
"ZC3H7B",712,799,1081,1642,729,896,569
"TEF",108,328,162,498,75,142,61
"RNU6-495P",0,11,3,7,1,1,0
"PHF5A",94,73,66,97,77,127,56
"POLR3H",93,102,133,232,141,122,60
"PMM1",90,58,77,102,58,78,31
"DESI1",286,342,250,339,263,325,160
"XRCC6",814,550,631,631,543,1344,513
"SNU13",263,207,214,257,151,281,128
"HSCB",27,30,26,48,36,22,26
"RPL8P5",13,20,15,23,19,14,3
"COMT",236,220,309,497,258,238,206
"ARVCF",38,30,44,175,34,25,20
"TANGO2",182,99,206,238,160,161,101
"ZDHHC8",302,232,275,420,180,268,137
"CCDC188",14,36,35,44,14,17,8
"KRT18P62",18,7,8,26,17,7,4
"HIRA",82,44,64,47,52,74,44
"RN7SL168P",18,14,10,9,5,8,9
"UFD1",441,308,496,346,524,529,628
"CDC45",133,62,69,48,91,111,49
"SEPTIN5",9,90,6,27,8,4,4
"GNB1L",74,139,75,87,80,64,44
"RPL7AP70",28,6,20,30,13,32,21
"RTN4R",16,20,8,10,10,8,6
"PRODHLP",5,17,8,10,3,2,1
"DGCR6L",74,48,51,70,27,59,11
"TXNRD2",110,93,163,203,100,118,59
"PANX2",12,7,9,51,3,17,2
"TRABD",223,143,249,260,131,247,133
"MAPK12",18,142,39,103,32,33,6
"MAPK11",17,96,45,105,11,45,13
"C22orf39",177,245,200,211,194,192,164
"MEI1",27,30,52,96,50,96,23
"TNFRSF13C",73,60,206,94,125,368,149
"NAGA",86,96,126,202,77,154,54
"PHETA2",12,15,11,47,19,19,3
"HMGXB4",263,151,203,265,168,395,219
"MIR3909",1,0,3,6,3,1,1
"MCM5",656,262,545,477,472,669,246
"HMOX1",30,30,33,100,18,159,18
"GUCD1",271,294,328,375,260,424,213
"CACNG2",0,7,0,0,1,3,0
"SLC5A4",0,1,8,17,3,4,2
"LARGE1",49,71,106,250,54,155,42
"APOBEC3H",3,0,10,7,2,12,13
"C22orf23",11,24,11,28,3,5,4
"POLR2F",75,84,110,180,73,110,45
"MIR4534",2,4,7,2,4,4,0
"PICK1",66,91,87,165,49,81,25
"BAIAP2L2",49,62,58,96,55,34,18
"YDJC",68,20,58,66,33,46,29
"CCDC116",3,2,12,17,7,5,0
"SDF2L1",18,0,17,23,18,13,10
"PPIL2",621,489,716,741,589,560,332
"YPEL1",188,77,137,124,114,143,125
"RN7SL280P",19,30,29,26,38,13,54
"ZNF74",59,57,61,106,65,37,23
"KLHL22",91,187,173,224,91,120,66
"KLHL12P1",14,42,32,40,19,9,16
"RN7SL812P",1,13,9,4,5,6,2
"KRT18P5",4,2,15,20,6,5,2
"GSTT2B",0,7,15,12,6,1,2
"CABIN1",959,664,1213,1358,943,1212,397
"KREMEN1",521,572,468,751,392,710,475
"RNU6-1219P",4,0,1,5,0,0,1
"EMID1",90,90,182,137,55,130,73
"RHBDD3",66,88,108,118,78,60,45
"RASL10A",2,5,3,14,8,8,3
"NEFH",23,6,13,13,7,20,4
"THOC5",273,196,351,407,306,341,176
"NIPSNAP1",127,103,130,206,91,156,94
"RPEP4",9,11,31,15,23,6,19
"CABP7",8,0,17,8,5,5,2
"ZMAT5",41,23,37,51,30,34,19
"UQCR10",10,0,6,9,3,17,11
"CASTOR1",11,3,9,13,16,8,6
"TBC1D10A",195,126,234,289,248,177,150
"SF3A1",829,821,944,1178,836,1323,496
"RNF215",49,171,46,107,49,43,24
"SEC14L2",110,213,139,221,169,109,109
"RNU6-564P",3,5,3,3,1,1,0
"MTFP1",1,2,1,1,1,3,3
"SEC14L3",0,13,2,0,0,2,0
"GAL3ST1",2,0,2,10,4,2,1
"PES1",128,106,159,245,85,205,47
"DERL3",5,0,4,12,4,8,0
"RN7SL268P",8,16,7,5,0,0,0
"KLHL5P1",60,0,1,0,0,20,26
"SUSD2",26,35,54,103,18,50,6
"TOM1",213,183,235,272,150,233,124
"RPS29P31",2,0,3,4,1,2,0
"TOMM22",246,138,121,153,133,235,126
"PRDX3P1",21,4,14,15,20,38,14
"MLC1",9,5,1,1,4,5,3
"PLXNB2",282,882,490,1503,211,501,116
"ESS2",61,78,90,123,72,77,30
"SLC25A1",84,83,87,156,65,118,47
"TUBA8",14,40,30,58,24,12,9
"ADSL",272,217,304,291,300,184,264
"RSPH14",3,0,6,0,2,0,2
"GNAZ",5,20,6,35,1,13,3
"BCR",546,348,623,873,580,745,359
"BCRP8",1,0,2,6,2,1,1
"RN7SL263P",20,9,13,15,9,7,18
"FBXW4P1",51,32,56,82,84,92,87
"GCAT",17,18,24,22,11,16,5
"MIR659",5,9,2,5,3,0,1
"EIF3L",524,261,438,486,308,743,295
"MICALL1",152,218,274,452,136,202,92
"ACO2",406,658,404,564,302,510,246
"AP1B1",464,382,510,675,390,688,192
"MRPL40",25,56,36,66,28,61,18
"PRODH",20,228,44,76,51,31,23
"PHF10P2",2,5,11,9,9,23,6
"IGLVIVOR22-1",2,4,1,1,2,0,1
"APOBEC3D",7,11,10,23,10,16,6
"PEX26",896,814,738,803,737,683,679
"SERPIND1",121,45,139,73,116,106,84
"SNAP29",193,170,133,211,161,260,151
"CRKL",692,474,588,642,570,894,473
"THAP7",46,36,68,112,51,65,20
"TCF20",563,648,711,878,606,898,372
"APOL4",10,13,14,32,15,102,10
"CECR2",6,5,31,77,21,38,17
"AIFM3",3,6,12,55,9,7,1
"LMF2",222,141,238,399,156,168,53
"NCAPH2",219,126,167,201,112,201,83
"SCO2",1,9,1,9,1,2,1
"TYMP",169,366,338,486,169,274,106
"KLHDC7B",150,488,199,121,56,74,64
"CHKB-CPT1B",3,4,6,24,7,2,0
"CHKB",21,53,72,72,48,7,16
"MAPK8IP2",7,116,19,24,15,9,3
"ARSA",203,168,292,401,176,241,84
"TMEM191C",16,17,34,31,28,34,23
"RAB36",40,55,27,64,20,21,16
"H1-0",736,820,683,676,679,1024,1033
"CLDN5",13,24,14,72,15,48,5
"FAM227A",113,117,81,99,105,68,48
"RIMBP3C",69,38,68,70,62,45,22
"C22orf31",1,7,1,12,2,1,1
"RNA5SP493",13,22,13,12,8,7,16
"MPPE1P2",21,14,8,15,13,20,4
"PPM1F",172,177,252,490,180,245,107
"TOP3B",21,18,26,32,30,28,13
"IGLV4-69",2,0,12,23,1,13,1
"IGLV10-54",0,0,3,0,0,15,9
"IGLV8-61",3,0,13,33,0,15,2
"ABHD17AP5",5,1,11,2,8,0,3
"IGLV4-60",0,0,2,6,1,4,4
"IGLV6-57",10,0,9,22,2,15,12
"TOP3BP1",26,6,48,33,31,15,6
"IGLV5-52",0,5,2,5,4,4,1
"IGLV1-51",0,0,5,4,4,3,1
"IGLV1-50",1,3,4,7,4,2,4
"IGLV9-49",0,0,4,7,0,3,1
"IGLV1-47",14,0,28,72,7,45,14
"IGLV7-46",5,0,15,16,3,9,3
"IGLV5-45",1,0,3,5,0,1,3
"IGLV1-44",17,0,35,141,5,56,15
"IGLV7-43",4,0,5,8,0,11,1
"IGLV1-40",7,0,24,70,7,55,10
"IGLV1-36",0,0,2,10,0,1,3
"CCDC157",15,33,18,27,19,21,2
"CIMAP1B",60,117,116,236,64,83,41
"SHISA8",1,0,16,4,4,9,2
"JOSD1",221,199,226,334,199,425,188
"SULT4A1",32,229,6,1,4,8,17
"MYH9",4414,2520,5867,8554,3723,8547,3294
"RASD2",9,8,15,6,6,9,4
"APOL6",440,305,658,723,299,853,516
"APOL5",1,3,2,4,0,1,0
"NDUFA9P1",17,13,18,38,3,14,7
"APOL2",226,381,374,447,307,359,211
"SEC14L6",5,8,0,4,1,4,0
"KIAA1671",795,658,821,1309,514,966,672
"STMN3P1",2,1,5,8,3,2,4
"CRYBB3",3,14,11,22,10,13,4
"CRYBB2",1,6,3,7,5,5,4
"CSF2RB",62,8,208,222,63,346,72
"GRK3",524,178,330,396,320,610,441
"DMC1",46,7,13,7,30,19,13
"SELENOO",126,91,180,248,102,138,40
"SCUBE1",0,8,9,8,3,8,4
"SCARF2",7,23,20,71,3,24,4
"SLC2A11",72,256,134,175,95,59,70
"TTC28",362,647,392,879,379,552,179
"KCTD17",49,25,56,44,41,42,26
"ADM2",18,3,20,21,6,15,9
"MIOX",2,7,7,7,4,4,0
"SBF1",1768,694,1779,2047,1443,1508,1078
"BBLNP2",11,2,8,8,6,3,7
"CDPF1",56,28,55,71,28,40,23
"SERHL2",52,50,73,89,54,44,18
"RN7SKP80",10845,5814,13502,14885,12385,7192,11565
"ATP5MGL",6,1,11,9,0,5,5
"A4GALT",15,2,68,180,14,76,32
"RPL5P34",31,26,43,26,59,101,65
"ADAMTS7P5",3,17,8,21,9,8,2
"ARFGAP3",197,63,114,137,84,258,140
"COA1P1",7,3,3,11,11,8,4
"CYB5R3",283,265,455,949,230,543,211
"TXN2",119,145,112,194,87,181,53
"FOXRED2",140,284,99,209,93,105,43
"EIF3D",549,317,525,602,461,856,365
"SUN2",654,454,893,916,696,846,515
"P2RX6",23,1,16,31,15,8,4
"SLC16A8",9,11,16,47,6,5,1
"TMEM121B",9,6,9,15,27,25,9
"IL17RA",1441,703,1302,1006,1441,1588,1336
"RPL31P62",61,1,33,16,20,31,33
"HDHD5",81,83,105,104,64,94,53
"CBY1",60,68,86,93,53,53,42
"RBFOX2",399,1124,376,1008,240,515,306
"GGT5",76,39,131,196,47,114,48
"IL17REL",256,24,207,115,146,72,41
"UBE2L3",393,332,342,458,269,516,237
"RPL32P5",16,4,10,10,14,14,6
"FAM32BP",53,13,31,18,19,26,11
"ADA2",1339,232,1280,891,981,1549,685
"IGLL1",18,6,16,15,11,16,4
"POM121L7P",3,5,3,3,1,2,1
"LRRC74B",2,5,6,5,0,6,0
"POLDIP3",10,5,14,3,14,9,12
"ABHD17AP4",6,6,9,5,4,7,2
"PI4KA",1892,706,2231,1977,1879,2281,1093
"LINC01651",0,11,0,1,3,1,0
"HIC2",157,138,166,353,191,218,175
"UQCRFS1P1",19,22,21,19,8,23,20
"GRAP2",3240,936,2946,1622,3961,3203,3012
"TMA7B",324,144,421,213,495,320,413
"FAM246C",2,65,8,11,5,3,1
"NFAM1",60,115,44,113,36,219,41
"ZNF280B",40,51,31,24,34,27,16
"GGTLC2",3,5,5,12,8,1,6
"IGLV3-27",2,0,0,9,0,9,2
"IGLV3-25",13,0,10,66,5,37,11
"IGLV2-23",13,0,29,77,15,126,23
"IGLV3-21",13,0,3,98,9,76,4
"IGLV3-19",6,0,16,28,5,42,9
"IGLV2-18",0,0,5,4,1,6,3
"IGLV2-14",24,0,39,194,22,129,28
"GTPBP1",495,349,570,727,496,741,322
"CHCHD10",49,112,48,117,21,63,27
"MMP11",46,49,38,57,14,17,18
"ASCC2",401,177,426,455,321,526,221
"RNU6-331P",13,5,3,2,1,3,2
"L3MBTL2",126,199,235,375,148,202,60
"CHADL",4,29,22,57,16,12,0
"SOX10",36,41,107,145,54,39,22
"TMEM184B",130,176,161,436,107,222,93
"RN7SL704P",4,2,0,14,2,3,2
"CSNK1E",280,389,368,791,321,307,249
"SLC35E4",7,18,10,21,7,8,5
"DUSP18",52,31,63,75,52,50,26
"RPL13AP26",8,2,16,26,13,12,5
"TCN2",12,9,28,62,25,54,9
"MCHR1",42,35,185,136,20,205,53
"TUG1",1586,794,1510,1160,1330,1702,1320
"HPS4",604,401,713,774,456,576,576
"SH3BP1",107,205,122,173,70,105,47
"RN7SL385P",6,3,18,13,13,12,19
"LGALS1",58,85,90,257,30,148,37
"NOL12",62,49,72,96,75,27,39
"PLA2G6",464,248,443,636,451,423,192
"TPTEP2-CSNK1E",5,0,4,4,1,4,0
"KCNJ4",18,0,10,10,6,2,10
"KDELR3",59,49,55,83,66,112,61
"DDX17",13922,5265,12760,11491,11037,14155,10104
"TST",4,9,14,36,7,17,3
"ELFN2",159,49,214,126,151,220,123
"MFNG",399,89,419,256,262,303,364
"CARD10",6,2,39,75,12,31,9
"CDC42EP1",14,51,46,204,18,89,15
"LGALS2",10,1,27,51,17,56,5
"RAC2",1480,381,1259,827,1182,1491,875
"APOL1",163,273,210,319,156,244,157
"GAS2L1",18,127,27,125,10,35,9
"RIMBP3B",77,39,70,70,60,59,21
"MRTFA",511,372,630,673,477,673,447
"TBX1",8,35,12,42,7,12,6
"LZTR1",128,167,178,296,148,88,65
"PITPNB",412,255,382,299,296,498,344
"RN7SL757P",4,0,4,5,2,3,0
"MN1",12,24,49,322,19,113,12
"GSTT2",0,12,7,13,6,1,2
"RBX1",222,79,151,131,115,289,169
"RPS9P2",7,6,18,11,9,6,12
"ACTBP15",4,0,4,2,2,1,1
"SMARCB1",828,369,815,809,645,786,497
"IGLV3-10",0,0,12,20,1,24,3
"IGLV3-9",1,0,5,14,0,9,1
"IGLV2-8",17,0,33,38,7,41,11
"IGLV2-5",1,0,10,2,5,1,0
"IGLV3-4",1,0,4,8,4,2,0
"IGLV4-3",2,0,2,1,4,2,0
"IGLV3-1",9,0,11,46,6,34,4
"IGLL5",4,0,18,76,13,38,18
"IGLC2",289,13,778,3138,293,2464,644
"IGLC3",365,9,430,2211,245,1903,445
"IGLC6",0,0,3,7,1,14,2
"IGLC7",15,0,5,22,1,26,3
"DDT",119,118,142,180,140,65,87
"TRMT2A",169,140,262,292,160,192,104
"RANGAP1",514,400,546,664,387,396,274
"TPTEP2",15,15,14,14,15,7,18
"TPST2",113,105,154,190,68,161,67
"RIMBP3",89,36,72,72,79,65,23
"CA15P2",0,16,0,3,1,3,2
"SLC7A4",4,0,1,1,3,2,2
"RGL4",74,40,96,99,74,98,59
"ZNF70",139,168,212,484,154,219,72
"VPREB3",1,6,12,9,7,16,6
"C22orf15",19,20,25,45,32,13,3
"EWSR1",2069,1038,1960,1930,1626,2567,2022
"KIAA0930",378,323,409,779,237,427,186
"MIR1249",2,3,2,1,2,1,2
"FAM118A",432,358,514,560,1263,488,232
"SMC1B",26,20,31,17,15,30,12
"RIBC2",7,1,1,9,15,15,1
"FBLN1",103,526,316,1862,136,1000,116
"MIR4762",12,0,6,4,3,5,7
"CSDC2",6,14,12,44,4,13,8
"PDXP",8,5,16,10,2,16,11
"CCDC117",276,168,173,165,199,238,217
"SGSM1",8,20,46,147,14,48,16
"CLTCL1",258,158,233,447,209,244,54
"RPL34P35",0,1,1,6,4,0,4
"DGCR8",335,269,512,580,387,456,199
"SMTN",158,147,192,620,191,239,117
"SELENOM",12,15,36,195,15,112,37
"RNF185",135,140,117,184,90,177,91
"LIMK2",459,554,532,635,994,709,337
"RNU6-1128P",3,1,6,7,2,7,3
"RNA5SP496",2,6,1,0,8,4,6
"RTL10",641,319,623,586,476,496,601
"SEPTIN3",7,1,14,18,4,9,0
"DEPDC5",207,225,248,263,197,260,145
"RN7SL20P",2,2,5,11,4,0,6
"RPL17P52",12,6,8,9,4,6,3
"RPS17P16",5,10,19,10,5,7,10
"FBXO7",691,400,589,608,485,897,723
"TIMP3",262,858,1046,4093,474,4358,566
"SYN3",16,38,53,271,47,101,32
"DRICH1",10,0,7,17,3,7,3
"NUP50",1244,627,1118,800,937,1389,1199
"ATXN10",404,173,275,236,212,436,215
"TRNT1P2",42,27,14,14,18,35,16
"WNT7B",1,46,23,32,8,8,9
"APOBEC3A",2,0,4,4,5,67,1
"SREBF2",566,411,643,774,508,777,434
"MOV10L1",1,9,2,5,3,6,0
"CHEK2",50,25,74,50,58,43,28
"OLA1P1",12,5,9,15,6,18,17
"NDUFA6",128,124,107,100,101,230,83
"CYP2D6",47,85,108,93,49,53,14
"CYP2D7",29,59,58,52,54,41,22
"SMDT1",97,85,111,88,79,106,85
"RANBP1",280,203,185,229,215,421,141
"PHF21B",5,63,27,49,9,15,9
"TMEM191B",11,6,12,20,6,17,5
"OSBP2",82,62,78,82,75,52,13
"DGCR2",388,651,419,597,296,441,167
"XBP1",694,179,1016,710,608,1205,861
"NF2",375,264,397,513,306,514,186
"SELENOO-AS1",17,10,15,32,11,7,5
"HDAC10",19,29,33,40,21,17,19
"FAM83F",208,1235,197,494,185,151,125
"TNRC6B",3598,2534,3820,3666,4005,5044,3555
"SGSM3-AS1",46,25,35,19,19,14,19
"PIK3IP1",458,429,843,515,1194,1019,366
"SHANK3",214,530,444,1217,151,516,143
"MPST",64,49,66,161,50,53,43
"PRR5",76,39,82,108,39,76,33
"PRR5-ARHGAP8",1,0,4,4,1,2,0
"ARHGAP8",2,5,7,59,7,6,8
"SLC25A17",153,74,122,134,94,131,85
"RFKP4",22,11,18,12,19,8,8
"JTBP1",10,5,12,11,10,4,10
"ST13",637,742,424,591,434,961,631
"XPNPEP3",273,395,262,293,219,293,148
"DNAJB7",16,22,15,23,10,17,16
"RNU6-379P",2,4,2,2,1,2,1
"L3MBTL2-AS1",30,33,41,111,27,37,33
"PATZ1",400,215,414,441,408,426,206
"DRG1",176,96,212,215,147,254,113
"EIF4ENIF1",287,240,323,381,289,365,203
"RNU6-28P",6,0,13,0,6,1,13
"SFI1",1000,472,1035,778,784,901,733
"H2AZP6",21,10,6,2,13,8,3
"RPS26P59",16,1,17,7,9,9,5
"RPS18P14",16,6,11,17,10,19,6
"PISD",208,161,419,504,218,333,127
"PRR14L",797,628,953,1014,847,1145,532
"SEZ6L",6,0,20,27,9,38,7
"CPT1B",10,15,9,35,9,4,5
"IFT27",302,168,219,212,191,198,114
"VPREB1",1,0,2,1,2,3,3
"PARVG",324,87,419,258,269,354,208
"PACSIN2",316,117,230,393,181,468,210
"TTLL1",19,23,16,40,30,34,4
"BIK",4,10,12,6,3,11,12
"MCAT",45,26,48,58,32,58,19
"TTLL12",113,127,121,170,76,123,32
"INPP5J",3,0,11,60,8,2,5
"RABL2B",412,382,417,541,435,329,278
"PPARA",267,311,385,418,240,354,241
"SREBF2-AS1",40,14,24,11,18,25,16
"WBP2NL",26,53,37,29,20,32,22
"TUBGCP6",833,584,969,1183,655,717,362
"USP18",41,41,85,57,28,58,56
"GGA1",581,853,752,1072,597,562,331
"EP300",1636,1551,2095,2575,1859,2833,1346
"CYTH4",227,42,455,392,380,425,190
"MIATNB",1564,634,1907,1204,1429,1529,1254
"RPL15P22",10,4,20,16,6,14,8
"MIR3667",1,0,8,1,1,10,5
"TOMM40P2",1,6,2,3,0,0,1
"MIF-AS1",18,0,1,4,0,4,8
"CNN2P1",1,4,1,3,2,1,0
"LINC00899",22,26,59,197,53,48,10
"PRR34",19,20,46,140,29,17,9
"MIR3619",12,13,19,37,18,5,8
"KCNMB3P1",3,0,0,1,3,3,5
"SLC25A15P5",12,55,7,14,7,5,48
"PARP4P3",1,13,2,1,2,1,2
"ANKRD62P1-PARP4P3",2,9,3,5,4,2,8
"VWFP1",3,11,12,29,11,20,4
"MIAT",184,98,461,256,300,283,220
"CENPM",114,70,75,70,72,96,66
"TOB2",482,583,512,1037,532,622,408
"RRP7A",150,115,214,294,166,204,105
"NPTXR",18,60,24,116,12,43,5
"LARGE-AS1",6,13,29,40,15,43,7
"MRTFA-AS1",211,116,201,149,107,141,204
"ADORA2A-AS1",191,24,240,142,242,148,214
"TTC28-AS1",221,329,270,421,296,228,115
"PIK3IP1-DT",32,37,73,23,70,54,34
"LINC01521",27,22,29,35,26,19,10
"TTLL1-AS1",5,2,16,10,3,11,6
"LINC01656",14,0,6,1,0,3,0
"TOMM22-DT",52,79,87,134,51,49,55
"MYH9-DT",26,7,15,35,34,9,5
"PCAT14",6,18,5,4,11,3,2
"CECR3",36,4,29,42,26,33,12
"RFPL3S",11,41,7,20,8,4,3
"UFD1-AS1",20,11,13,39,29,7,8
"THAP7-AS1",5,5,10,15,7,7,2
"OGFRP1",38,84,63,113,51,61,32
"TFIP11-DT",18,26,18,14,15,20,13
"HORMAD2-AS1",10,4,12,14,6,13,6
"EFCAB6-DT",8,29,17,36,15,8,8
"SYN3-AS1",0,0,0,10,5,5,4
"LINC01637",0,1,1,12,2,3,0
"LINC01644",4,0,50,112,77,41,18
"DGCR5",13,417,35,38,32,14,13
"FAM230H",1,12,2,0,3,0,0
"LINC01589",2,19,19,124,10,32,13
"MIRLET7BHG",347,388,611,1209,312,336,260
"LINC02939",95,79,108,178,92,61,65
"ZNRF3-AS1",10,14,23,50,7,8,8
"KLHDC7B-DT",6,11,15,10,5,5,1
"TRABD-AS1",33,20,30,37,17,24,5
"LINC01311",38,31,34,67,37,33,16
"NCF4-AS1",2,9,6,4,9,4,4
"EPIC1",5,1,6,17,6,5,1
"LINC01315",6,32,5,24,2,5,5
"LINC02925",3,0,12,36,2,10,3
"HDHD5-AS1",1,8,3,7,2,3,0
"NUP50-DT",108,126,88,88,62,92,69
"GRK3-AS1",41,52,25,22,21,23,38
"YWHAH-AS1",71,110,88,85,76,65,55
"LINC00896",2,5,17,2,3,3,1
"LINC02891",6,0,13,6,10,5,1
"KIAA1671-AS1",123,28,89,94,120,60,48
"NHIP",5,31,20,21,14,9,0
"MYO18B-AS1",1,0,2,0,0,0,21
"FAM230A",1,11,3,1,13,1,2
"FAM230D",1,14,1,0,0,2,0
"FAM230J",0,7,1,2,3,1,0
"MORC2-AS1",11,23,18,24,9,12,5
"EFCAB6-AS1",5,19,3,10,6,0,1
"LINC01665",1,0,5,1,2,0,5
"PDXP-DT",11,48,18,28,20,5,15
"TBC1D22A-DT",18,4,13,18,18,35,4
"FAM247B",11,4,6,6,2,13,2
"FAM230G",5,1,2,1,6,5,5
"TNRC6B-DT",5,7,3,10,3,4,2
"MIR3667HG",643,169,2488,472,1077,1290,1006
"LINC01664",3,3,1,3,0,3,0
"PPM1F-AS1",305,182,338,445,310,250,168
"IL2RB",157,40,254,133,102,198,103
"ZBED4",479,232,529,531,453,669,335
"ALG12",104,124,161,179,120,128,73
"CRELD2",110,69,127,123,86,101,60
"BRD1",569,434,611,687,471,791,352
"APOL3",223,86,311,541,268,389,171
"ATF4",526,932,773,1236,769,1016,554
"LINC01659",13,12,9,4,5,5,11
"FAM230B",3,14,1,0,0,0,0
"CHKB-DT",27,57,53,72,44,28,13
"GAPDHP37",1,3,9,4,2,11,2
"CA15P1",2,104,15,20,11,7,4
"NDUFA6-DT",101,133,184,162,86,105,33
"CYP2D8P",1,3,4,1,5,4,0
"RFPL1S",5,2,8,7,3,2,2
"GOLGA2P4",4,1,3,7,5,0,1
"ASLP1",18,7,12,20,11,16,6
"POM121L8P",2,0,3,6,0,0,3
"EP300-AS1",112,41,101,86,68,82,117
"MAFF",18,44,27,130,18,551,58
"CCDC134",297,229,290,300,271,232,183
"IGLV2-11",13,0,20,91,6,90,23
"LINC00528",53,24,62,46,82,45,28
"BCL2L13",393,334,293,365,246,385,201
"RBPMSLP",32,3,26,19,18,15,29
"PPIAP22",168,169,199,128,130,193,146
"CHODL-AS1",1,0,7,5,3,1,2
"CXADR",27,3,23,49,14,27,11
"URB1",353,223,431,426,209,365,118
"JAM2",44,28,130,238,89,166,39
"LLPHP2",3,0,5,1,0,2,2
"SCAF4",525,316,591,587,528,843,432
"NCAM2",3,8,11,9,4,30,4
"LINC02943",1,4,1,4,0,2,0
"HUNK",22,76,34,103,23,36,5
"EIF3FP1",2,2,1,2,0,2,5
"C21orf91",177,45,114,91,99,176,127
"MORC3",321,98,311,309,279,505,271
"PAXBP1",475,124,399,268,294,525,290
"EPCIP",40,27,26,38,34,15,24
"FDX1P2",1,0,3,4,3,1,0
"CHODL",5,0,5,5,1,3,3
"BACH1",381,141,292,295,221,593,270
"SPATA20P1",0,0,1,0,0,15,0
"ETS2",324,171,322,580,219,1199,382
"KCNJ15",8,12,21,37,3,138,11
"CRYZL1",189,67,184,189,129,194,111
"N6AMT1",74,49,97,130,104,63,21
"ADAMTS5",25,22,47,179,22,183,19
"MIR6724-2",12,1,3,6,0,5,0
"MIR6724-3",10,0,3,5,1,5,0
"RNA5-8SN3",5006,1176,2516,2150,563,2097,1031
"MIR6724-4",2,1,1,5,2,0,0
"RNA5-8SN1",4297,275,476,1954,701,1372,244
"MIR6724-1",6,0,3,4,0,10,0
"MIR3648-1",14207,3805,5955,9020,4029,2821,1208
"RNA5-8SN2",2566,709,1390,1462,331,1169,591
"SNORA80A",10,2,17,18,7,9,11
"C2CD2",367,271,430,695,279,421,311
"ZBTB21",152,101,137,156,105,354,214
"UMODL1-AS1",5,1,8,2,3,9,1
"RIMKLBP1",20,10,35,36,33,15,9
"CBR1",54,38,28,73,36,26,14
"CBR3",1,0,4,8,0,8,1
"RPL3P1",18,1,26,19,11,13,16
"EVA1C",116,85,136,258,117,226,89
"EXOSC3P1",16,3,8,8,9,16,11
"RNA5SP490",15,0,5,6,2,10,6
"CFAP298",68,34,53,49,51,53,36
"CFAP298-TCP10L",200,67,207,169,191,238,114
"TCP10L",24,17,15,30,24,19,13
"BTG3",110,31,61,43,50,119,96
"SUMO3",264,122,166,210,99,307,208
"SAMSN1",58,28,110,45,54,460,91
"SIM2",0,5,1,4,2,2,2
"HLCS-IT1",7,11,17,8,6,5,6
"RNA5SP491",3,0,2,7,6,2,2
"DPRXP5",2,0,4,6,0,0,0
"RRP1B",357,233,315,341,300,406,202
"PDXK",1398,828,963,2082,664,818,198
"RRP1",128,128,153,268,111,146,48
"AGPAT3",793,408,647,877,459,652,380
"RNU6-859P",22,4,4,2,5,10,4
"TRAPPC10",1060,505,984,867,1149,1335,742
"H2AZP1",47,23,25,16,48,36,43
"PWP2",100,36,116,130,83,205,33
"DYRK1A",1982,753,1795,1688,1503,2097,1615
"PRDM15",264,145,276,329,240,253,187
"PKNOX1",274,140,220,188,218,280,165
"CBS",207,52,39,61,35,31,15
"MRPL51P2",10,14,10,10,7,6,6
"U2AF1",1125,468,1070,966,851,1309,1366
"SETD4",153,62,173,240,151,168,56
"COL18A1-AS2",18,53,31,74,8,35,7
"COL18A1-AS1",52,267,60,231,23,76,8
"SLC19A1",142,236,134,260,90,134,43
"COL18A1",358,700,318,1412,138,348,91
"FAM3B",20,2,18,6,7,10,7
"MX1-AS1",2,8,13,7,1,5,4
"ADAMTS1",127,86,152,875,99,2828,108
"MIS18A",68,41,40,34,32,52,27
"MRAP",1,2,3,10,2,1,5
"WDR4",99,65,119,114,66,120,29
"NDUFV3",268,293,401,654,365,323,228
"GABPA",230,114,156,113,127,325,179
"CLIC6",74,37,94,105,84,67,63
"SYNJ1",275,113,251,214,191,318,130
"RNU6-954P",3,2,2,11,10,5,4
"RNA5SP488",4,0,4,8,1,0,0
"RBM11",3,3,6,7,2,9,0
"HSPA13",75,24,59,55,48,185,81
"PCBP2P1",13,4,6,15,8,10,3
"PSMG1",73,43,29,34,28,65,33
"BRWD1",1962,546,1460,996,1159,1920,1712
"TIMM9P2",44,3,22,7,13,32,31
"BRWD1-IT1",14,8,7,8,10,11,23
"METTL21AP1",41,15,34,15,27,24,38
"HMGN1",1135,531,666,642,584,929,830
"JCADP1",1,3,1,2,4,2,1
"PCP4",1,0,3,3,3,4,4
"DSCAM",2,6,1,3,4,2,1
"BACE2",115,50,107,246,56,140,53
"RIPK4",132,74,112,153,33,140,47
"RNA5SP492",1,0,5,1,0,3,4
"TMPRSS3",5,0,7,4,7,3,3
"UBASH3A",324,95,366,199,414,316,173
"RSPH1",26,8,11,7,26,8,8
"SLC37A1",185,74,141,137,126,164,53
"PDE9A",151,72,99,102,81,164,85
"SIK1",677,857,88,248,80,1560,345
"HSF2BP",5,0,3,16,7,12,2
"H2BC12L",119,76,100,76,88,107,68
"DNMT3L",2,8,8,4,2,4,4
"AIRE",20,3,245,11,70,51,95
"PFKL",490,443,557,867,344,474,240
"CFAP410",81,90,129,124,88,56,48
"LRRC3",48,19,38,81,27,43,23
"TSPEAR",30,27,5,3,1,7,0
"KRTAP10-1",2,11,0,0,0,0,0
"UBE2G2",880,734,977,1055,829,834,728
"PTTG1IP",596,258,597,535,346,745,475
"LINC00163",1,3,2,0,1,2,3
"POFUT2",139,40,203,303,131,196,67
"PCBP3-AS1",107,158,252,124,75,106,89
"PCBP3",553,735,737,478,375,686,532
"TMPRSS2",0,10,11,10,6,5,4
"MX1",249,580,788,396,369,842,664
"MX2",219,163,598,404,583,801,325
"LCA5L",23,22,14,20,13,25,48
"ATP5PF",104,35,65,66,67,138,55
"SPATC1L",29,8,11,43,22,18,6
"LSS",340,262,345,641,269,371,255
"FTCD",2,1,4,12,3,5,1
"HLCS",100,93,159,232,103,167,46
"KCNE1",13,9,11,22,33,59,16
"COL6A1",1281,721,1702,7298,827,1751,650
"OLIG2",0,58,0,0,0,0,3
"OLIG1",0,38,0,0,0,3,0
"TFF3",2,6,0,5,3,4,2
"UMODL1",69,3,35,18,22,30,8
"USP25",454,145,466,340,315,644,511
"MTRES1P2",41,2,20,10,13,17,31
"TIAM1-AS1",24,10,20,14,20,7,18
"FBXW11P1",1,0,5,11,2,0,1
"SOD1",232,156,227,272,149,468,178
"HMGN1P2",19,2,9,7,8,13,17
"DOP1B",301,114,356,308,230,360,160
"SRSF9P1",6,0,2,5,3,4,0
"ERVH48-1",71,103,97,95,110,70,77
"ERG",69,70,103,209,79,229,75
"TRPM2",76,38,107,159,120,120,23
"IGSF5",6,21,5,6,2,3,0
"B3GALT5",695,247,127,214,121,157,112
"MCM3AP",685,259,878,882,603,730,331
"YBEY",50,23,61,63,40,77,40
"C21orf58",428,237,283,285,365,197,150
"RPL18AP2",7,6,13,9,9,10,11
"DIP2A-IT1",17,5,6,8,8,23,15
"GART",341,169,299,321,231,447,165
"BTF3P6",7,0,6,1,7,1,0
"DONSON",209,989,381,463,186,153,234
"TMEM50B",167,108,128,172,108,192,78
"IL10RB",241,107,329,235,292,221,378
"IFNGR2",85,46,126,195,75,247,76
"VPS26C",407,240,405,378,307,413,284
"TTC3",1542,1013,1554,1378,1390,1631,1267
"ITGB2",772,215,1035,725,585,1355,576
"MIR99A",0,0,2,8,1,1,0
"TIAM1",515,132,698,513,581,863,556
"SH3BGR",2,0,4,4,1,0,0
"GATD3",242,173,282,297,240,367,192
"ICOSLG",61,81,187,308,83,169,85
"IFNAR2",1056,391,985,600,969,949,1921
"BNAT1",6,4,2,9,3,3,3
"PCNT",1054,499,1306,1303,1114,1249,572
"MTND6P21",1,0,5,1,3,2,1
"USF1P1",9,5,11,7,11,8,9
"IFNAR1",1057,333,746,677,601,802,906
"SON",3382,1873,4309,4099,3908,5454,2797
"ADARB1",238,119,346,585,229,369,150
"SNX18P13",2,29,50,73,43,10,9
"ANKRD20A11P",20,6,40,32,28,56,3
"RHOT1P2",4,18,35,62,31,33,8
"NRIP1",588,251,530,293,360,900,707
"RCAN1",458,148,201,187,345,495,251
"BACH1-IT1",34,5,22,10,23,23,32
"BACH1-AS1",31,9,28,31,21,30,12
"BACH1-IT2",44,13,24,25,39,40,38
"BACH1-IT3",25,7,9,7,1,17,13
"GRIK1",82,27,24,29,27,31,26
"GRIK1-AS1",2,0,8,9,5,2,3
"APP",1013,952,1212,2570,791,2092,869
"RNU6-123P",3,5,8,9,6,6,15
"LTN1",390,95,309,209,198,387,180
"RWDD2B",48,43,49,57,42,54,12
"USP16",361,136,364,211,218,511,248
"CCT8",351,162,308,214,206,547,248
"MAP3K7CL",63,23,54,79,53,48,24
"RPL12P9",8,4,9,11,5,6,3
"GAPDHP14",3,1,1,2,5,3,0
"COL6A2",452,408,1305,5432,465,2239,476
"DNAJC28",8,2,6,6,9,9,2
"SLX9",66,44,51,62,30,59,13
"KCNJ6",0,1,1,1,4,3,2
"CSTB",219,207,173,240,95,195,99
"RUNX1",1763,1070,1351,1007,840,1562,1219
"RUNX1-AS1",298,215,228,170,161,234,319
"PIGP",65,60,51,82,50,40,31
"TTC3-AS1",10,4,6,14,9,7,7
"CHAF1B",89,15,71,46,49,87,32
"CLDN14",2,21,2,10,0,0,5
"TRPM2-AS",9,11,7,13,12,9,1
"MRPS6",138,13,73,44,46,105,166
"SLC5A3",553,110,376,183,258,321,916
"RPS5P2",5,0,19,10,11,6,7
"MTCO1P1",4,9,5,2,2,1,3
"MIR3648-2",7681,2307,3129,4559,1987,1323,472
"TEKT4P2",192,67,41,80,56,108,38
"SOWAHCP2",4,0,1,10,5,5,1
"LINC00314",1,1,1,7,3,7,0
"CYYR1",29,16,48,88,36,111,48
"CRYAA",6,4,8,9,9,0,3
"PRMT2",471,299,598,789,558,624,432
"LINC00113",1,0,3,3,3,3,0
"CYYR1-AS1",12,12,29,52,11,13,7
"LINC01678",18,20,34,51,19,37,26
"LINC01426",1,20,6,23,13,21,4
"MIR99AHG",169,404,422,1103,203,364,124
"CBR3-AS1",13,3,49,98,27,31,20
"APP-DT",0,7,3,4,0,0,3
"LINC01670",22,5,27,29,6,8,6
"URB1-AS1",7,0,6,10,6,11,1
"MCM3AP-AS1",190,79,206,201,195,141,131
"PDE9A-AS1",13,13,14,15,9,5,7
"SOD1-DT",2,11,5,11,4,6,8
"LINC02575",1,0,3,4,5,1,0
"LINC01695",8,3,5,19,6,13,0
"HLCS-AS1",19,13,22,37,17,16,9
"LINC00205",195,222,198,336,175,171,66
"LINC00334",2,2,3,7,2,8,3
"LINC00315",17,10,16,40,16,15,3
"LINC03105",237,84,163,139,73,105,82
"LINC01697",4,2,17,18,6,22,2
"LINC01436",1,0,4,14,3,5,5
"FRGCA",13,4,16,21,13,1,6
"LINC03104",319,128,180,188,91,146,90
"ETS2-AS1",11,0,13,31,7,56,17
"EPCIP-AS1",184,104,165,150,110,85,73
"LINC00313",44,17,17,39,32,62,5
"LINC00479",4,0,5,1,1,5,1
"MIS18A-AS1",19,5,11,20,17,10,8
"TSPEAR-AS1",29,82,6,12,11,7,3
"ASMER1",37,25,15,25,15,32,53
"HEPFAL",5,5,3,9,1,5,1
"LINC00310",26,1,34,35,25,24,39
"BTG3-AS1",18,16,17,18,9,25,11
"AATBC",202,176,102,224,102,107,55
"LINC02940",20,15,22,36,20,19,8
"IL10RB-DT",8,1,8,8,3,13,10
"DSCR9",41,21,38,32,35,43,27
"LINC00649",733,356,498,851,464,268,332
"C21orf91-OT1",6,0,4,10,2,8,2
"LINC00112",4,0,4,1,1,1,0
"PAXBP1-AS1",239,139,208,198,204,231,269
"LNCTSI",0,10,3,12,4,8,4
"LINC01694",42,136,71,128,44,61,38
"LINC00161",2,0,11,5,6,7,1
"MRAP-AS1",16,11,13,24,9,7,14
"LINC01684",49,35,41,16,45,53,24
"LINC00159",3,6,2,8,6,5,2
"ITGB2-AS1",132,54,382,286,200,133,61
"LINC01424",31,10,15,49,21,17,9
"LINC01547",64,32,96,67,85,60,30
"B3GALT5-AS1",49,14,15,34,17,13,16
"LINC00158",3,7,14,8,3,8,5
"ZNF295-AS1",19,83,34,43,10,34,8
"ABCG1",815,314,657,467,390,796,1358
"DIP2A",928,405,966,1011,895,757,473
"S100B",4,0,30,71,17,89,6
"DSTNP1",39,18,50,25,51,34,27
"LINC01679",14,43,12,21,14,18,2
"LINC00319",25,32,23,43,31,29,18
"LINC00323",2,0,4,8,4,3,1
"PLAC4",199,156,245,412,201,304,327
"MTCYBP21",1,2,5,13,5,9,4
"MTND5P1",5,2,6,10,5,6,9
"LINC01666",23,35,5,20,8,3,2
"SMIM11",108,107,82,119,105,101,96
"C21orf140",27,26,18,31,22,26,24
"SMIM34",8,30,7,16,9,13,8
"ITSN1",165,149,300,728,187,506,137
"ATP5PO",96,37,102,73,65,85,83
"SNX18P12",11,5,6,11,10,6,2
"MIR155HG",55,13,107,29,54,71,36
"MRPL39",78,28,62,35,36,101,44
"RNGTTP1",1,0,3,5,1,0,2
"BRWD1-AS1",4,4,15,27,12,9,7
"GET1",75,48,60,82,49,65,86
"MT-TF",2,0,7,3,3,27,1
"MT-RNR1",204,51,49,82,8,17,9
"MT-TV",3,1,19,2,1,0,8
"MT-RNR2",205,20,68,49,8,28,1
"MT-TL1",3,3,5,3,3,0,3
"MT-ND1",10848,7843,10291,17949,7013,34706,8890
"MT-TQ",0,0,4,7,4,4,2
"MT-TM",0,1,19,6,25,11,19
"MT-ND2",11821,5645,9221,13835,5701,28460,6354
"MT-TA",2,2,9,6,5,10,3
"MT-TN",12,8,45,21,14,102,25
"MT-TC",30,52,73,78,17,339,21
"MT-TY",6,0,18,4,8,37,12
"MT-CO1",41379,23424,25495,30367,15714,65280,15743
"MT-TS1",20,18,32,62,15,15,14
"MT-CO2",14782,9174,9450,9114,5914,22693,5475
"MT-TK",1,0,2,1,2,7,0
"MT-ATP8",1186,363,825,572,625,2998,484
"MT-ATP6",12319,6412,8230,9792,4443,20265,5160
"MT-CO3",18114,9386,11428,13997,6725,28838,6457
"MT-ND3",2347,996,1849,3230,1007,6161,870
"MT-TR",0,0,0,0,0,12,0
"MT-ND4L",1798,692,1251,1294,547,2701,605
"MT-ND4",32671,16379,24165,28644,15401,58762,18137
"MT-TH",1,0,7,0,1,15,3
"MT-TS2",1,0,3,0,0,9,3
"MT-ND5",16945,10404,16325,19123,9486,36695,8822
"MT-ND6",4417,4057,5026,7566,3181,10390,2631
"MT-TE",2,0,7,2,4,6,0
"MT-CYB",14070,6372,11811,15935,6630,30220,6462
"MT-TP",95,11,68,63,37,274,32
"RNA5-8SN4",725,67,265,478,172,256,155
"RNA5-8SN5",1091,121,264,1462,264,637,184
