"","logFC","AveExpr","t","P.Value","adj.P.Val","B","gene"
"NDRG3",13.6324775593333,7.86489089961538,104.953383047552,2.58329503101618e-34,8.28979375453092e-31,51.2730259077617,"NDRG3"
"SRP68",13.1866164286667,7.60766332423077,101.836532325935,5.43918514668467e-34,8.72717256785556e-31,51.1105370089835,"SRP68"
"ACSS1",14.1161742653333,8.14394669153846,78.4085208858149,3.44737120116886e-31,3.68753806151695e-28,49.3452103224481,"ACSS1"
"SYMPK",12.4168303046667,7.163555945,65.0276837856591,3.46411380440231e-29,2.74766786607554e-26,47.6319036893319,"SYMPK"
"CUL3",13.7821933293333,7.95126538230769,64.4705676459781,4.28119019332431e-29,2.74766786607554e-26,47.5431875808734,"CUL3"
"CD248",-14.8672477009091,6.28998941192308,-62.227336293849,1.02333437565509e-28,5.473133352462e-26,47.1685516288546,"CD248"
"ITGA7",-14.2365310045455,6.02314773269231,-56.4639178231262,1.11629676057209e-27,5.11742329239404e-25,46.0610310709318,"ITGA7"
"RUFY1",13.56215321,7.82431915961538,52.4062816086206,6.96703810923822e-27,2.79465316156818e-24,45.1316569759682,"RUFY1"
"IRF6",13.4641517593333,7.76777986115385,42.6966466305642,1.05294805215839e-24,3.75434477708475e-22,42.2265051665479,"IRF6"
"EHD2",-4.08966234048486,14.9781246407692,-15.9317317699908,1.61430152609745e-14,5.18029359724673e-12,23.1070370554077,"EHD2"
"RAE1",13.1085805967879,8.61604338653846,14.4544615292239,1.43279031817287e-13,4.17984011910614e-11,21.0310292173412,"RAE1"
"CAT",-3.15558068448486,15.8787958938462,-14.2332047029274,2.01770201288202e-13,5.34013306714425e-11,20.7030316487636,"CAT"
"FGB",-3.43755963630303,16.4327038411538,-14.1884896954021,2.16334465169446e-13,5.34013306714425e-11,20.6361774695421,"FGB"
"A2M",-3.13406715927273,16.0925378084615,-13.6343014741858,5.2075351370742e-13,1.19364144677651e-10,19.7913916552349,"A2M"
"SEC23IP",12.9693344715152,8.60041968076923,13.5164975923495,6.29913315199304e-13,1.34759455231638e-10,19.6078694707716,"SEC23IP"
"CA2",-3.91508934933334,15.7428670261538,-13.234777798315,9.98162202187424e-13,1.93477518733598e-10,19.1632250052919,"CA2"
"PSPH",13.7672590604242,9.14817715884615,13.2140120894731,1.03291787909365e-12,1.93477518733598e-10,19.1301245277964,"PSPH"
"PHF5A",13.3483036561212,8.88329077153846,13.1840661641078,1.0852587526347e-12,1.93477518733598e-10,19.0823113768588,"PHF5A"
"CAVIN1",-3.40943159848486,15.3291879434615,-13.1151356276559,1.21643591359691e-12,2.05449623512236e-10,18.9718957462615,"CAVIN1"
"ACBD3",12.4063478780606,8.29243130846154,12.9562426263367,1.58517803568615e-12,2.54341815825843e-10,18.7154610055839,"ACBD3"
"CIAPIN1",12.320807649697,8.28689531307692,12.2123758598889,5.66060883410406e-12,8.64994940411426e-10,17.4784700410213,"CIAPIN1"
"FGG",-3.61858210024243,16.5714042815385,-12.1829592185827,5.95973685563838e-12,8.69308889533799e-10,17.4282848907189,"FGG"
"PRPF3",12.0579352013333,8.10411141769231,12.0363286868337,7.71418657569417e-12,9.31167057250535e-10,17.1766567806903,"PRPF3"
"GLS",12.1895956621212,8.22588333038462,12.0261246598488,7.85462103212804e-12,9.31167057250535e-10,17.1590540911325,"GLS"
"RBX1",13.6487256113333,7.87426477576923,11.9921254087969,8.34191831285389e-12,9.31167057250535e-10,17.1003161898266,"RBX1"
"PPP1R2",13.1417434393333,7.58177506115385,11.9891037643754,8.38671210718929e-12,9.31167057250535e-10,17.0950894635234,"PPP1R2"
"PCYT1A",12.3759086026666,7.13994727076923,11.988637013914,8.39365350131021e-12,9.31167057250535e-10,17.0942820020584,"PCYT1A"
"HSPBP1",12.4633479073333,7.19039302346154,11.988324774538,8.39830036127865e-12,9.31167057250535e-10,17.0937418251311,"HSPBP1"
"TSFM",12.920319488,7.45403047384615,11.9632414570798,8.78042555663181e-12,9.31167057250535e-10,17.0503105933976,"TSFM"
"HSPA13",13.0214311246667,7.51236411038462,11.919066845576,9.49769962611826e-12,9.31167057250535e-10,16.9736457992065,"HSPA13"
"CA1",-4.67285261078789,17.7817689792308,-11.9042652475529,9.75136772273881e-12,9.31167057250535e-10,16.9479069808194,"CA1"
"C12orf57",11.9832814386667,6.91343159923077,11.8871249717281,1.00538876241809e-11,9.31167057250535e-10,16.9180695066323,"C12orf57"
"FLAD1",12.649102698,7.29755924884615,11.8868202449436,1.00593528714042e-11,9.31167057250535e-10,16.9175387341084,"FLAD1"
"COPS7B",12.6063757326666,7.27290907653846,11.8739079409531,1.02937787157513e-11,9.31167057250535e-10,16.8950381546514,"COPS7B"
"SF3B5",12.648258256,7.29707207076923,11.872882984668,1.03126273183165e-11,9.31167057250535e-10,16.8932512642547,"SF3B5"
"SNRPB2",13.2642517013333,7.65245290461538,11.8585387390947,1.05801886643974e-11,9.31167057250535e-10,16.8682308919867,"SNRPB2"
"SRP54",11.3658237173333,6.55720599076923,11.8413591853241,1.0910105428543e-11,9.31167057250535e-10,16.8382333029155,"SRP54"
"RFC2",12.884321156,7.43326220538462,11.8354212012527,1.10265965021877e-11,9.31167057250535e-10,16.8278568314649,"RFC2"
"PDAP1",12.276353132303,8.30580223884615,11.8115461681359,1.1508107167854e-11,9.46910664144703e-10,16.78609415127,"PDAP1"
"GGA2",12.2149219706667,7.04707036769231,11.768981117919,1.24212063517067e-11,9.88200852394044e-10,16.7114725876766,"GGA2"
"PTPN23",12.0214749413333,6.93546631230769,11.759887171996,1.26258133213324e-11,9.88200852394044e-10,16.695502206817,"PTPN23"
"CPSF1",12.8579299026667,7.41803648230769,11.7089879552859,1.38371179792269e-11,1.05007950102519e-09,16.6059352800907,"CPSF1"
"GLRX5",12.773266572,7.36919225307692,11.699697474358,1.40708689760309e-11,1.05007950102519e-09,16.5895538768735,"GLRX5"
"UFD1",13.258549048606,8.99889575538462,11.6710790484486,1.48169011609636e-11,1.08062354148937e-09,16.5390283403059,"UFD1"
"NMT1",11.1433725813333,6.42886879692308,11.6127297998456,1.64673186443533e-11,1.17430278954955e-09,16.4357122538693,"NMT1"
"RELA",11.5768030239333,6.6789248215,11.5997451249741,1.68597667901796e-11,1.1761519919497e-09,16.4126658434806,"RELA"
"TNS1",-2.74337623927273,14.2522259661538,-11.5510265661242,1.84204998049057e-11,1.24462368179157e-09,16.3260162416171,"TNS1"
"CD36",-14.1574210954545,5.98967815576923,-11.5401794308649,1.8787876426013e-11,1.24462368179157e-09,16.306685176849,"CD36"
"LMOD1",-11.9307129554545,5.04760932730769,-11.5338755843569,1.900484898965e-11,1.24462368179157e-09,16.2954443944935,"LMOD1"
"S100A14",12.4632571946667,7.19034068923077,11.4650778254186,2.15482439262829e-11,1.38296629518884e-09,16.1724567690213,"S100A14"
"UBA7",12.3425105267879,8.38634431461538,11.4407285918174,2.25305745447851e-11,1.4176590924356e-09,16.1287919574595,"UBA7"
"AGL",11.4754118438606,7.71834230719231,11.4223341735447,2.33032727169153e-11,1.43808081054964e-09,16.095758322146,"AGL"
"IGHM",-2.96011820509092,15.5970864561538,-11.402944087131,2.41474912569957e-11,1.4620622536547e-09,16.0608923495998,"IGHM"
"BZW2",12.925181360303,8.77215448653846,11.34144338527,2.70403778232564e-11,1.60689948953388e-09,15.9500045335852,"BZW2"
"STXBP2",11.8189401729091,8.05342530961538,11.2983784597069,2.9277405852442e-11,1.70820355237248e-09,15.8720834550185,"STXBP2"
"CP",-3.09639345763638,14.8024498626923,-11.2554928164931,3.16955985980746e-11,1.81627099823610e-09,15.7942620124393,"CP"
"NUP50",12.568350496606,8.55855931307692,11.2315699906445,3.31332866118392e-11,1.86534590767354e-09,15.7507532943008,"NUP50"
"LGALS9",12.4888280033333,7.20509307884615,11.1745716679117,3.68366492464443e-11,2.03808288675586e-09,15.6468069475487,"LGALS9"
"TIAL1",12.6702418952121,8.645218245,11.1561378558953,3.81238160799493e-11,2.0735478949247e-09,15.6131042137659,"TIAL1"
"FIP1L1",12.5240089760606,8.54401629115385,11.1355432159458,3.96169483007102e-11,2.11267936040231e-09,15.5754012930214,"FIP1L1"
"STRBP",13.7604965759394,9.39460859730769,11.1282511359236,4.01600003068062e-11,2.11267936040231e-09,15.562039028303,"STRBP"
"C3",-3.08224297927274,15.9037997738462,-11.0218903452307,4.90157764250445e-11,2.53696171851561e-09,15.3663917684213,"C3"
"SPTBN1",-2.1414599990303,14.6391531646154,-10.9171823296064,5.97154412475691e-11,3.04169604703888e-09,15.172410134191,"SPTBN1"
"EIF5B",11.896588405697,8.15661519153846,10.8214899516406,7.16041432076614e-11,3.59027649302165e-09,14.9939295509341,"EIF5B"
"APOE",-2.24293334345456,15.5474652696154,-10.812266837373,7.2872330213721e-11,3.59765088701278e-09,14.9766661573153,"APOE"
"RFC4",12.3777609235151,8.47561189923077,10.7971220027705,7.50052889786416e-11,3.64684806564335e-09,14.9482954721931,"RFC4"
"KPNA3",12.5352906618788,8.59066978423077,10.7861335801173,7.65931382865982e-11,3.66846836957752e-09,14.9276928181683,"KPNA3"
"OGN",-15.0601720612727,8.11573492269231,-10.7557991191721,8.11591676174838e-11,3.82999660124273e-09,14.8707381878935,"OGN"
"BLVRB",-2.2731904709091,16.22084861,-10.6597815003108,9.75547423439500e-11,4.53700243741646e-09,14.6896901493482,"BLVRB"
"KNG1",-2.97381221684849,15.6629731338462,-10.4881958794548,1.35905143619568e-10,6.23028008393134e-09,14.3632213269802,"KNG1"
"BPGM",-3.35036271206062,14.9315433180769,-10.3734214651355,1.69983291096942e-10,7.65129488336978e-09,14.1427290021218,"BPGM"
"AFM",-2.66855702345455,14.7254073765385,-10.3683712611765,1.71671309318362e-10,7.65129488336978e-09,14.1329878982574,"AFM"
"IGHG3",-3.40623089078789,19.6892063092308,-10.3013163325758,1.95797031430852e-10,8.607022929611e-09,14.0033344317113,"IGHG3"
"FGA",-3.00181996412122,15.7501396053846,-10.2549997866645,2.14482138794088e-10,9.3009889647328e-09,13.9134373063441,"FGA"
"PRDX2",-2.34619589369698,18.3143903223077,-10.1935070473551,2.42171295672775e-10,1.03617025041858e-08,13.7936507805591,"PRDX2"
"AHSG",-2.81213127945456,16.490692785,-10.0873812869153,2.98952807035011e-10,1.26228889180967e-08,13.5857521709851,"AHSG"
"FABP4",-4.3224870149697,15.370030755,-10.0402589364443,3.28409327647733e-10,1.36865653561243e-08,13.4929642367224,"FABP4"
"VIM",-2.05561525751516,18.2253399288462,-9.98345500722438,3.67936243016487e-10,1.51372744082039e-08,13.3807218114086,"VIM"
"P01620",-3.99047660921213,15.8609463507692,-9.94643208385345,3.96310634302968e-10,1.60982382971927e-08,13.3073354736508,"P01620"
"ALAD",-2.35186724333335,14.4915562634615,-9.88781826600318,4.45929208976469e-10,1.78873353950686e-08,13.1907791178267,"ALAD"
"DPYSL2",-1.60714820739395,16.0092945438462,-9.84423459387528,4.86945549066903e-10,1.92914600858727e-08,13.1038139693421,"DPYSL2"
"DDAH2",-1.92212324551516,15.5144354611538,-9.77735007202229,5.5760515585279e-10,2.18214017698976e-08,12.96986125897,"DDAH2"
"AMBP",-2.67773147739395,15.9045678496154,-9.695369340064,6.58854203581018e-10,2.54730498709818e-08,12.804856270148,"AMBP"
"GC",-2.60746865375759,15.9192493603846,-9.59316847696585,8.12161520917989e-10,3.10265038169741e-08,12.5978864854318,"GC"
"LIPE",-13.9058909978,8.18272295819231,-9.54136074434489,9.03479476524755e-10,3.3862493605058e-08,12.4924302533125,"LIPE"
"PLG",-3.3114184949091,14.3246917138462,-9.53920433847385,9.07502165794637e-10,3.3862493605058e-08,12.4880329450894,"PLG"
"CFH",-2.65389062824244,14.6424580038462,-9.51770168419485,9.48638268848221e-10,3.49905770659074e-08,12.4441506029824,"CFH"
"CTNNB1",11.7640846134545,8.94684361692308,9.48827202728015,1.00807516677926e-09,3.67603773885755e-08,12.3839892877029,"CTNNB1"
"HBD",-4.1399887829091,18.4782068838462,-9.4798008313916,1.02588515930361e-09,3.69894997326438e-08,12.366650330979,"HBD"
"ITIH2",-2.94648278400001,15.4739691061538,-9.45912432313488,1.07072971217984e-09,3.81774627376124e-08,12.3242884459044,"ITIH2"
"P01617",-3.5163714548485,15.6316942388462,-9.42595031845666,1.1469427402465e-09,4.04454863016597e-08,12.2562003513229,"P01617"
"SERPIND1",-2.71603052169698,14.3897996507692,-9.37948706821645,1.26319205629955e-09,4.40606881376657e-08,12.1605848817558,"SERPIND1"
"APOA4",-2.22614926909092,15.4270776430769,-9.29855490985775,1.49551196615037e-09,5.16032032191027e-08,11.993333763185,"APOA4"
"ITIH4",-2.96576639418183,14.8123488646154,-9.27738905472339,1.56324035987559e-09,5.33663650514974e-08,11.949445670132,"ITIH4"
"G3BP2",11.6430036676969,8.94979327423077,9.18180440360141,1.91077176768909e-09,6.45438589738345e-08,11.7504839826343,"G3BP2"
"HBA1",-3.58960392006062,20.3914810242308,-9.06288896561158,2.45692911363215e-09,8.21279742254747e-08,11.5012089860717,"HBA1"
"AHNAK",-2.36535588769697,15.1059352696154,-8.95558005594033,3.08751212711829e-09,1.02142540370336e-07,11.2745942461591,"AHNAK"
"LAMB2",-12.4930603930303,5.99622973423077,-8.93380029092459,3.23463978353942e-09,1.05917949646714e-07,11.2284060479632,"LAMB2"
"PYGL",-2.55608424757577,13.7519458919231,-8.92860804819162,3.27076739967693e-09,1.06019117025891e-07,11.2173852361092,"PYGL"
"RAB7A",-1.06875266406061,16.6082378473077,-8.90885769344944,3.41202605668898e-09,1.09491916159149e-07,11.17543007245,"RAB7A"
"RANBP3",11.5259467879394,8.90913437807692,8.88413988391074,3.59769904802232e-09,1.14307091535679e-07,11.1228468290647,"RANBP3"
"ENOPH1",11.7903491732121,9.20412899846154,8.64817432780326,5.99061949210706e-09,1.8846958774678e-07,10.6166176362134,"ENOPH1"
"GBE1",-1.47360524490909,14.4045347888462,-8.59118033695351,6.78325779979673e-09,2.11334701743182e-07,10.4931908691313,"GBE1"
"RSU1",-2.3977067269091,13.9045648284615,-8.54034168047196,7.5811368108842e-09,2.33921807943533e-07,10.3827149100205,"RSU1"
"ATXN10",11.9027454067273,7.91177529115385,8.53224740441219,7.71680495759602e-09,2.35840258180244e-07,10.3650924831232,"ATXN10"
"RPL32",11.7584548152727,9.23626699461538,8.48902657636755,8.48465129017053e-09,2.56860811227898e-07,10.2708409912093,"RPL32"
"VTN",-3.17213747296971,15.8765657123077,-8.44876659405826,9.27054392085607e-09,2.78029677028291e-07,10.1828137759956,"VTN"
"ILK",-2.33456108139394,14.7642588003846,-8.43983319720928,9.45484417678066e-09,2.79976614371701e-07,10.1632507934449,"ILK"
"GAMT",11.7700607101818,9.24529771230769,8.43719650734202,9.50995667389075e-09,2.79976614371701e-07,10.1574746750706,"GAMT"
"CAVIN3",-3.79352606179395,14.8728191947692,-8.43221565946462,9.61496950237643e-09,2.80494883028418e-07,10.1465606564318,"CAVIN3"
"SERPINA1",-2.87338821212122,17.5269148569231,-8.41816804485847,9.91760506781985e-09,2.85014001213964e-07,10.1157610899466,"SERPINA1"
"PRDX1",-1.58511928630304,18.4038909476923,-8.41680378696732,9.94751266312369e-09,2.85014001213964e-07,10.1127684846543,"PRDX1"
"HADH",-1.70530393733334,15.5203116853846,-8.34207662868699,1.17356547124208e-08,3.33271822762463e-07,9.94845582252252,"HADH"
"CFB",-3.09338110842425,14.8123679519231,-8.24057912418401,1.4707396625519e-08,3.98274737095563e-07,9.72404494441555,"CFB"
"SYK",11.5595625271515,9.14770468923077,8.2370850747698,1.48224853185865e-08,3.98274737095563e-07,9.71629431047132,"SYK"
"UBE2Z",12.6418020486667,7.29334733576923,8.21846013718285,1.54517536953034e-08,3.98274737095563e-07,9.67495138276458,"UBE2Z"
"TRIP6",11.3591657873333,6.55336487730769,8.21718363742605,1.54958737086477e-08,3.98274737095563e-07,9.67211610747533,"TRIP6"
"PPP4R2",11.6936356393333,6.74632825346154,8.21146881546708,1.56949879893426e-08,3.98274737095563e-07,9.65941997858355,"PPP4R2"
"ALDH2",-2.04395664412121,16.1394372692308,-8.21069162764697,1.57222687385226e-08,3.98274737095563e-07,9.65769301977385,"ALDH2"
"TNPO2",11.838234192,6.82975049538462,8.21066885956172,1.57230686745615e-08,3.98274737095563e-07,9.65764242644364,"TNPO2"
"CPT2",12.1513278253939,9.539983915,8.20958917096023,1.57610505669741e-08,3.98274737095563e-07,9.65524315099916,"CPT2"
"NUP107",11.7780449453333,6.79502593,8.20569908446361,1.58986810794717e-08,3.98274737095563e-07,9.64659730062976,"NUP107"
"GTF2B",11.20951582,6.46702835769231,8.204006564532,1.5958946726324e-08,3.98274737095563e-07,9.64283496667871,"GTF2B"
"LUC7L3",12.141792022,7.00488001269231,8.20154471491761,1.60470248854227e-08,3.98274737095563e-07,9.6373617714623,"LUC7L3"
"SAR1B",11.899104446,6.86486794961538,8.19908847716134,1.61353996753187e-08,3.98274737095563e-07,9.63190022103207,"SAR1B"
"PYGB",-1.78450177157577,15.2172565280769,-8.19832241054893,1.6163064648085e-08,3.98274737095563e-07,9.63019666901849,"PYGB"
"BTF3",12.770553994,7.36762730423077,8.19780039768186,1.61819439969426e-08,3.98274737095563e-07,9.62903578886776,"BTF3"
"ADNP",10.9215497286667,6.30089407423077,8.19746104789808,1.61942292123821e-08,3.98274737095563e-07,9.62828110453873,"ADNP"
"MOB4",11.470987484,6.61787739461538,8.19718045235665,1.62043946253842e-08,3.98274737095563e-07,9.62765707254878,"MOB4"
"EEF1AKNMT",10.9404133262424,8.66686600807692,8.19434833649605,1.63073639672055e-08,3.98274737095563e-07,9.62135796624988,"EEF1AKNMT"
"MAPKAPK2",11.361777254303,7.65022806923077,8.19100409986618,1.64298182368039e-08,3.98274737095563e-07,9.61391839493839,"MAPKAPK2"
"FDXR",11.9182714554545,9.43948204423077,8.18943045896966,1.6487765681518e-08,3.98274737095563e-07,9.61041714906531,"FDXR"
"SUPT16H",11.6996547113333,6.749800795,8.18891294857939,1.65068681937394e-08,3.98274737095563e-07,9.60926564854871,"SUPT16H"
"CHCHD5",10.6694793593333,6.15546886115385,8.18483213835268,1.66582985925314e-08,3.98928956592784e-07,9.60018423998676,"CHCHD5"
"SYNE2",10.7923752846667,6.22637035653846,8.18028681212763,1.68286460491026e-08,4.00023149419039e-07,9.59006640286525,"SYNE2"
"ATG3",11.4177326795757,9.05891272807692,8.17575659182558,1.70002071303419e-08,4.01129887362259e-07,9.57997936289124,"ATG3"
"LCMT1",10.8774605,6.27545798076923,8.16878740014577,1.72676461035748e-08,4.04466250703441e-07,9.56445616906681,"LCMT1"
"AMIGO2",12.2635100986667,7.07510198,8.1605184130066,1.75905741361606e-08,4.06211029102042e-07,9.5460291423344,"AMIGO2"
"IRGQ",12.3804664946667,7.14257682384615,8.15453409468457,1.78281406764994e-08,4.06211029102042e-07,9.53268752176333,"IRGQ"
"C4A",-2.59051617315151,15.3165543003846,-8.15364851914877,1.7863575125505e-08,4.06211029102042e-07,9.53071277459285,"C4A"
"DERA",11.955342304,6.89731286769231,8.15070656203006,1.79818112296553e-08,4.06211029102042e-07,9.52415172278875,"DERA"
"SLC4A1",-13.3420551155758,8.22117294115385,-8.15011015848184,1.80058782188789e-08,4.06211029102042e-07,9.52282149900841,"SLC4A1"
"A1BG",-2.96429764545456,15.8657061569231,-8.1477450551671,1.81016444878754e-08,4.06211029102042e-07,9.51754587011048,"A1BG"
"TF",-2.67281704060607,17.4094111961538,-8.12603385861587,1.90055682367496e-08,4.20115940847811e-07,9.46908068569756,"TF"
"HRG",-2.93227569115152,14.8007913976923,-8.12392916311686,1.90956234620677e-08,4.20115940847811e-07,9.46437900029162,"HRG"
"VCL",-1.77539437781819,15.6030193546154,-8.12136122935438,1.92060930678382e-08,4.20115940847811e-07,9.45864166152781,"VCL"
"SH3PXD2B",12.026138996,6.93815711307692,8.11803190369722,1.93502940853343e-08,4.20115940847811e-07,9.45120185458829,"SH3PXD2B"
"KPNA6",11.532019382,6.653088105,8.11744411859258,1.93758676364837e-08,4.20115940847811e-07,9.44988821497811,"KPNA6"
"ARHGAP17",10.7288031266667,6.18969411153846,8.1107515805863,1.9669506711047e-08,4.23620449904361e-07,9.43492773155133,"ARHGAP17"
"CHORDC1",11.2003339572727,8.91755198192308,8.08188085325281,2.0989525862947e-08,4.49035923294646e-07,9.37031971226469,"CHORDC1"
"MAVS",10.2617916203333,5.92026439634615,8.07771522224321,2.11873566178642e-08,4.50266406534612e-07,9.36098826340083,"MAVS"
"COPS7A",10.1249508813333,5.84131781615385,8.07329370261384,2.13994341325116e-08,4.51781474547563e-07,9.35108099390221,"COPS7A"
"LGALS1",-2.02919148642426,17.5622137530769,-8.06625314078924,2.1741640207512e-08,4.56006035463438e-07,9.33529972176384,"LGALS1"
"SPTAN1",-1.76953101024243,14.6557420757692,-8.05392252358007,2.23545612730265e-08,4.65816799513909e-07,9.30764453116389,"SPTAN1"
"EIF2B1",12.9253478006667,7.45693142346154,8.03999157684457,2.30684044051641e-08,4.75161899511249e-07,9.27637504839764,"EIF2B1"
"BLOC1S2",11.0351114662424,8.79520543038462,8.03940103959455,2.30991761682003e-08,4.75161899511249e-07,9.27504893784846,"BLOC1S2"
"WDR61",11.5374812673333,7.81897415269231,8.02888426546579,2.36542949542956e-08,4.83481735721876e-07,9.25142447122925,"WDR61"
"IGHG4",-2.23428436624243,18.3090960696154,-8.0191661518775,2.41794251197761e-08,4.91087184869378e-07,9.22958062591101,"IGHG4"
"PKP1",11.872109724,6.84929407153846,7.99228549262178,2.56951502212889e-08,5.17374398842677e-07,9.16909246045142,"PKP1"
"XPO7",11.6388708424848,7.88631628653846,7.99055222467894,2.57961682190179e-08,5.17374398842677e-07,9.16518878647816,"XPO7"
"TCOF1",11.4568603670303,9.13752443846154,7.96901800410859,2.70857410377755e-08,5.39864242175288e-07,9.11665509130992,"TCOF1"
"LPP",-1.57062415181819,14.4919370334615,-7.94942043080997,2.83168004016205e-08,5.56925274711393e-07,9.07243117413705,"LPP"
"TUBA1C",12.0867011896364,8.21504777653846,7.94848582253367,2.8376923813301e-08,5.56925274711393e-07,9.07032082642695,"TUBA1C"
"ARMT1",11.5533276725455,9.229074845,7.94716106602851,2.8462369913577e-08,5.56925274711393e-07,9.06732931897282,"ARMT1"
"ABHD11",11.942859876,6.89011146692308,7.94259924900449,2.87586291793717e-08,5.58535406619588e-07,9.05702619133323,"ABHD11"
"CA3",-13.5466572372727,5.73127806192308,-7.94054967344963,2.88927633215493e-08,5.58535406619588e-07,9.05239618251575,"CA3"
"NPLOC4",11.3827916887273,9.07261610230769,7.93471189188858,2.92783439541937e-08,5.6026598782609e-07,9.03920544507922,"NPLOC4"
"RAP1GDS1",10.9389148164848,8.74384246230769,7.93391374376242,2.93314696026124e-08,5.6026598782609e-07,9.03740163149016,"RAP1GDS1"
"LAGE3",12.0050174027333,6.9259715785,7.92932521714752,2.96388111773577e-08,5.60586186273907e-07,9.0270298838149,"LAGE3"
"SLIRP",12.1297653311515,9.70681782538461,7.92845283227789,2.96976165991163e-08,5.60586186273907e-07,9.02505765047176,"SLIRP"
"RAB3D",11.7480735764848,7.98699821384615,7.90697560001828,3.11837136781992e-08,5.81117710566047e-07,8.97647057117344,"RAB3D"
"IGHG2",-3.08335360927274,19.2629264757692,-7.90624566792455,3.1235540303451e-08,5.81117710566047e-07,8.97481817159753,"IGHG2"
"OGA",11.6770135913333,9.35147979038462,7.90493861279476,3.13285646394285e-08,5.81117710566047e-07,8.97185911607361,"OGA"
"HDAC2",11.5810798005454,7.88141510807692,7.86750154179652,3.41171725608288e-08,6.29206935331607e-07,8.887006309079,"HDAC2"
"TIMM44",10.2506316416727,6.93263151984615,7.85148338055954,3.53869163925197e-08,6.48894941163405e-07,8.85064225415868,"TIMM44"
"GRPEL1",10.8944191201818,7.42347246192308,7.84120337614785,3.62272364418034e-08,6.60529555350836e-07,8.82728648397121,"GRPEL1"
"PLEKHF2",11.5906090479394,7.90278367807692,7.8303935843367,3.71329553892662e-08,6.73218383300312e-07,8.80271159879371,"PLEKHF2"
"CARM1",10.9054932588485,8.75875877807692,7.82774608080402,3.73583001006273e-08,6.73498792263557e-07,8.79669037289886,"CARM1"
"RCN2",10.8950805578788,8.74123465423077,7.80775939637672,3.91053744279092e-08,7.01056684576316e-07,8.75120395100017,"RCN2"
"RPE",-1.47844138515152,16.1406957488462,-7.80381428462529,3.94600071831517e-08,7.03484239170743e-07,8.74221913114731,"RPE"
"OGFR",10.9890204482424,8.82781627846154,7.80099151651615,3.97157727877714e-08,7.0413212638651e-07,8.73578910741506,"OGFR"
"GALT",11.8963326301212,8.12160302961538,7.7924071081457,4.05040832579548e-08,7.10331960630048e-07,8.71622793795735,"GALT"
"ORM2",-2.14069431630304,16.3159824019231,-7.79207704541451,4.05347113622439e-08,7.10331960630048e-07,8.71547562973891,"ORM2"
"ATP2A2",11.2061343675758,8.99214666884615,7.78998349229681,4.07295359164627e-08,7.10331960630048e-07,8.71070347497678,"ATP2A2"
"CIAO2B",10.616796479697,8.54775044576923,7.76261187524823,4.33668697600619e-08,7.51579831686358e-07,8.64825668721053,"CIAO2B"
"IGLV3-21",-3.48432888109092,15.99349808,-7.75867989328759,4.37598591038792e-08,7.51579831686358e-07,8.63927778424213,"IGLV3-21"
"FAH",-2.92991427600001,14.3976536507692,-7.75830750787321,4.37972666018539e-08,7.51579831686358e-07,8.63842731296977,"FAH"
"TIMM13",12.1725449910303,8.32776905384615,7.73440342006502,4.62684210663317e-08,7.89539509879559e-07,8.58379491070992,"TIMM13"
"ASMTL",10.8067735797576,8.70635941615385,7.7322177039552,4.65013921368765e-08,7.89539509879559e-07,8.57879564981465,"ASMTL"
"GORASP2",10.9355493130303,8.81846213115385,7.72661571787368,4.71040021348103e-08,7.95561804476875e-07,8.56597961651433,"GORASP2"
"ERO1A",10.8822697901818,8.76605648307692,7.71546689771373,4.8327218995302e-08,8.1194788353887e-07,8.54046115595281,"ERO1A"
"CLU",-2.6208819378788,14.9173422126923,-7.71070755043826,4.8859271631343e-08,8.16611472213435e-07,8.52956242448489,"CLU"
"COPS6",11.2334620026667,9.06586700307692,7.70755045843293,4.92155149355969e-08,8.18303561804821e-07,8.52233111861618,"COPS6"
"ITIH1",-2.98420386775759,14.6908514715385,-7.69061713954671,5.11722008345487e-08,8.46451507618901e-07,8.48352256318204,"ITIH1"
"RAB3GAP2",11.528900112,9.32035399615385,7.66056112363296,5.4843885527043e-08,9.02533480288621e-07,8.41454402458256,"RAB3GAP2"
"C12orf10",11.2917848064848,9.11266035269231,7.65732307217217,5.52552373650474e-08,9.04663554614476e-07,8.40710547221396,"C12orf10"
"CORO7",11.4672205890909,9.26835331692308,7.63081906917926,5.87433502087371e-08,9.56890410252981e-07,8.34616689821264,"CORO7"
"DSG2",10.6372723907879,8.54998547230769,7.6266756093929,5.93087120951437e-08,9.61220490471294e-07,8.33663167550271,"DSG2"
"SSU72",11.5491787021212,7.94408823730769,7.61150631001439,6.14265170572451e-08,9.89347440350333e-07,8.30170344674544,"SSU72"
"EPB41L2",-1.63139242903032,14.7701632165385,-7.60813553688313,6.19075440418177e-08,9.89347440350333e-07,8.29393786704868,"EPB41L2"
"FBXO2",12.0590399893333,8.24876511538462,7.60770613806371,6.19690980088554e-08,9.89347440350333e-07,8.29294851015031,"FBXO2"
"AGT",-2.49741236909091,14.6099977307692,-7.58109708239474,6.59084452552069e-08,1.04703069714831e-06,8.23159193161132,"AGT"
"USP11",9.62526493179999,5.55303746065385,7.57753288557374,6.64552549605599e-08,1.05051681363762e-06,8.22336625556809,"USP11"
"MSN",-1.44189140684849,15.3763391211538,-7.56471676964079,6.84601646328005e-08,1.07690523679734e-06,8.19377446130561,"MSN"
"AOC3",-13.945353185697,8.85894226769231,-7.54160204500729,7.22342316200966e-08,1.13072999643361e-06,8.14034850662981,"AOC3"
"RRAS",-11.5572350142424,7.80614577576923,-7.53705717994049,7.30010191715063e-08,1.13718577922992e-06,8.12983544453631,"RRAS"
"GPX1",-1.44001447636365,16.3145099438462,-7.52921069908379,7.43445172746303e-08,1.15251959388545e-06,8.11167872825621,"GPX1"
"RNF213",10.9479622947273,8.88550146038462,7.5267514182301,7.47707943679325e-08,1.15355518810911e-06,8.10598628615248,"RNF213"
"S100A10",-13.0089899527273,8.19193390153846,-7.52017374637837,7.59232727493848e-08,1.16573101556352e-06,8.09075716154253,"S100A10"
"SEC23A",11.6852961995151,8.06149553,7.51706100249208,7.64749846830953e-08,1.16861059927644e-06,8.08354830461082,"SEC23A"
"SSRP1",11.6319304430303,9.44257634538462,7.5142790519625,7.69715399211631e-08,1.17062403605219e-06,8.07710445283065,"SSRP1"
"NUP62",10.919818630606,7.53344399653846,7.51191728050828,7.73956875893703e-08,1.17152245978438e-06,8.07163306137378,"NUP62"
"POLR2A",10.8049989561212,8.76698308846154,7.50147743607589,7.92994335425508e-08,1.19470367247909e-06,8.04743878938063,"POLR2A"
"FASN",-2.08383869806061,15.1777387392308,-7.49144173232002,8.1174698742369e-08,1.21724116011337e-06,8.02416753736962,"FASN"
"TIPRL",12.3955919173333,8.57460086923077,7.47320548253063,8.46993912359978e-08,1.26418765802938e-06,7.98184646868821,"TIPRL"
"GRSF1",11.5989677201818,8.02273099807692,7.46023041682667,8.73023039184507e-08,1.29284940390274e-06,7.95170840947565,"GRSF1"
"FXR1",11.3998590135152,7.87232754038462,7.45962632805847,8.74254660788082e-08,1.29284940390274e-06,7.95030471196971,"FXR1"
"PRKAR2B",-1.78320943121213,15.0647128926923,-7.45300120946644,8.87879329897783e-08,1.30697466497339e-06,7.93490703267331,"PRKAR2B"
"F2",-2.85753542593941,15.5122853469231,-7.44988411485405,8.94364702615702e-08,1.31050974004283e-06,7.9276604832871,"F2"
"SAA4",-2.61477631454547,14.5704150376923,-7.4477092720901,8.98918349665482e-08,1.31119499276206e-06,7.9226037028972,"SAA4"
"HPX",-2.60357021927274,17.5619280553846,-7.42927273824428,9.38486819919865e-08,1.36271683489721e-06,7.87971151492513,"HPX"
"CCAR1",11.2395893226667,9.15675908538462,7.42579146629272,9.46156211659623e-08,1.36766454198907e-06,7.87160740731947,"CCAR1"
"GSDMD",11.4857162687879,9.246037055,7.41966737748541,9.59803919978568e-08,1.38117075300952e-06,7.85734718986428,"GSDMD"
"PAPOLA",11.4339565341818,7.93451786692308,7.41296021284553,9.7498243376366e-08,1.39674938836946e-06,7.84172361732685,"PAPOLA"
"RPLP1",12.7394255196364,10.3978521753846,7.40487923985151,9.93596766412328e-08,1.41708978818541e-06,7.82289209449264,"RPLP1"
"HAT1",11.7769817250303,9.60851100730769,7.3948872172974,1.0171171652605e-07,1.43995805842405e-06,7.79959534307502,"HAT1"
"NCBP1",11.74874246,8.14995973,7.39383009508196,1.01963865526679e-07,1.43995805842405e-06,7.79712986233112,"NCBP1"
"GRK2",12.4593071035151,8.61887871230769,7.39238635212817,1.02309266849699e-07,1.43995805842405e-06,7.79376244683935,"GRK2"
"BAG6",10.9512054235758,8.94472458807692,7.3894681551988,1.03011078297526e-07,1.44350458627407e-06,7.7869551536994,"BAG6"
"MSH2",11.2516849292727,9.18844082269231,7.37093828600194,1.07583901917436e-07,1.50102930979588e-06,7.74370450383368,"MSH2"
"CLNS1A",11.954257669697,8.30777362076923,7.36598382624682,1.08841415376746e-07,1.51200044131592e-06,7.73213269439777,"CLNS1A"
"RDX",-1.81187295018182,16.2085962407692,-7.36340562463356,1.09501741182513e-07,1.51461675627019e-06,7.72610969214551,"RDX"
"DBN1",10.7185902030909,8.76826100115385,7.32878725717711,1.18775966178166e-07,1.6358458174495e-06,7.64515314751085,"DBN1"
"HMGN5",11.3580318319394,9.268842645,7.32051492617773,1.2110874557113e-07,1.66084600229811e-06,7.62578492508568,"HMGN5"
"MRPS35",10.2360606435757,7.11340037115385,7.29979275923938,1.27160380422844e-07,1.73641557777407e-06,7.57722869974497,"MRPS35"
"NUP93",11.5115011247879,8.00892587346154,7.29747649363709,1.27855770868759e-07,1.73851342677054e-06,7.5717977726393,"NUP93"
"CPSF7",11.742726662,8.17651929730769,7.29263629011774,1.29321487101672e-07,1.75102384856231e-06,7.56044675509159,"CPSF7"
"SMARCA4",11.005449566606,7.65686831961538,7.28599196631114,1.31361575239262e-07,1.77117350816299e-06,7.54485987683845,"SMARCA4"
"TSTA3",-1.61903079393941,15.79111721,-7.25319134027993,1.41925982440355e-07,1.90560869310083e-06,7.46782978416986,"TSTA3"
"CCS",-1.29027105678789,14.5894103173077,-7.22777394242236,1.50707487334529e-07,2.01508469523543e-06,7.40804370849187,"CCS"
"GNL1",10.9990826342424,7.66765307576923,7.2204757048733,1.53330271283999e-07,2.04164664128777e-06,7.39086171907482,"GNL1"
"PLAA",11.0267971704848,9.04630404038462,7.19356908173475,1.63409869778214e-07,2.16686889305078e-06,7.32745763347558,"PLAA"
"IGHA1",-2.95904698042426,18.9988529403846,-7.16389996847664,1.75312879495765e-07,2.31514004239469e-06,7.25743705954293,"IGHA1"
"ANXA2",-3.26607177527274,14.7911678592308,-7.00415417237379,2.56479700877899e-07,3.37312852507041e-06,6.87852473148756,"ANXA2"
"APOA1",-2.36624533830305,17.6093942323077,-6.99554540176383,2.61816602468971e-07,3.42926317274665e-06,6.85801475280485,"APOA1"
"NIF3L1",-1.57704519739395,14.946239905,-6.92981080701869,3.06495692190308e-07,3.99814909040121e-06,6.7011052377463,"NIF3L1"
"GLO1",-1.4309604678788,15.8695288484615,-6.92746976794767,3.0822338005936e-07,4.00440820490076e-06,6.69550740390188,"GLO1"
"KRT1",-2.48603247363637,15.4183162596154,-6.87194470825346,3.52250795966438e-07,4.55795485587218e-06,6.5625425726115,"KRT1"
"SF3A2",10.0147301092727,9.12883076192308,6.85496779558231,3.66956121855935e-07,4.72916544191043e-06,6.52181407007965,"SF3A2"
"ADD1",-1.55815488145456,14.8148678469231,-6.82402800744333,3.95388608388807e-07,5.07520817727873e-06,6.44749917539862,"ADD1"
"CDC5L",-2.97947949872728,14.9830042926923,-6.81667185049095,4.02473494844709e-07,5.14556750978754e-06,6.42981348425963,"CDC5L"
"TRNT1",10.5947572587879,9.63376619153846,6.81234364491286,4.06702512888365e-07,5.17900144388398e-06,6.41940459675527,"TRNT1"
"S100A4",-1.68964069363638,15.6645583257692,-6.79197069863044,4.27226221822173e-07,5.41884958825041e-06,6.37037993791318,"S100A4"
"ANP32B",11.6591645916363,10.6306278269231,6.77959724371449,4.40204244561197e-07,5.56147803463339e-06,6.34058099438304,"ANP32B"
"ADAR",10.4477235204848,9.54615776846154,6.77248883969486,4.47841234014016e-07,5.63577458804304e-06,6.32345369328297,"ADAR"
"PMPCA",10.3948256960606,9.53957792192308,6.7509976921451,4.71763154809751e-07,5.91362485853317e-06,6.27163588196108,"PMPCA"
"NT5DC1",10.2764595216364,9.36914550346154,6.73103722544754,4.95148879429248e-07,6.18261772018855e-06,6.2234603308427,"NT5DC1"
"APOA2",-2.72356847551515,17.2840420430769,-6.71491023195233,5.14905187094102e-07,6.40438273405029e-06,6.18450316881251,"APOA2"
"PNP",-1.74817345539395,15.3364506938462,-6.71016036595699,5.20875950404129e-07,6.4536329144666e-06,6.17302340424447,"PNP"
"ME2",10.5463053851515,9.69870914115385,6.69567959899777,5.39518428620292e-07,6.65890245170199e-06,6.13800929797222,"ME2"
"PRDX6",-1.45556138066668,17.5607396596154,-6.68799626741981,5.49684895620037e-07,6.75838632201034e-06,6.11942137971283,"PRDX6"
"HSPA4L",10.8768610392121,9.12440095346154,6.68404868942451,5.54984050174642e-07,6.79749548477261e-06,6.10986854831134,"HSPA4L"
"F13A1",-2.07527392806061,14.7729608526923,-6.68028034788206,5.60091215317702e-07,6.83396467663311e-06,6.10074778309764,"F13A1"
"ANXA6",-2.12923337054546,14.3034903969231,-6.65125261828898,6.0107388983413e-07,7.30623527453683e-06,6.03043548943079,"ANXA6"
"MARS",10.8420220274545,10.0100832426923,6.64697099341694,6.07372652798557e-07,7.34415519035662e-06,6.02005619425847,"MARS"
"IGHA2",-2.8884911239394,18.0564924103846,-6.64602678139068,6.087707325132e-07,7.34415519035662e-06,6.01776700292789,"IGHA2"
"KCTD12",-1.2114306638788,15.2510118884615,-6.62710088568441,6.3749679504566e-07,7.66189968277725e-06,5.97186081583344,"KCTD12"
"EHD4",-1.60769835878789,14.1045872515385,-6.62145711670225,6.46327784404942e-07,7.73905171699797e-06,5.95816356754228,"EHD4"
"TPM4",-1.45222625866668,15.9645878984615,-6.61922838920904,6.49849411895085e-07,7.75229279840643e-06,5.95275352443009,"TPM4"
"STXBP3",10.0311232095757,9.25786399615385,6.59341231406409,6.92096377904355e-07,8.22569361738917e-06,5.89004642534915,"STXBP3"
"EHD1",-1.50887657133334,13.8343328157692,-6.58851050293149,7.00429080883731e-07,8.29401077695902e-06,5.87813149342232,"EHD1"
"ECH1",-1.4806288218788,15.3222192788462,-6.58633991477887,7.0415151773705e-07,8.30743463389042e-06,5.87285454085993,"ECH1"
"TKT",-1.26942659084849,16.2426208534615,-6.56763156577164,7.37083173035972e-07,8.66410220612613e-06,5.82735054305239,"TKT"
"GSTZ1",10.5172779686667,9.74154716653846,6.52904225779033,8.10059168264525e-07,9.48715281372577e-06,5.73336763357065,"GSTZ1"
"PRDX3",-1.68782957284849,16.7084773976923,-6.52704644250765,8.14027854897018e-07,9.49896504132557e-06,5.7285024240183,"PRDX3"
"DCP1A",8.92943125026666,8.21020748207692,6.51768941365483,8.32900232247637e-07,9.68397407711111e-06,5.70568691150583,"DCP1A"
"UBXN7",10.4059023726061,9.59245051769231,6.5132235972903,8.42064016910056e-07,9.75517483849953e-06,5.69479439889534,"UBXN7"
"CSTF2",10.686398506303,9.95176692384615,6.46469169988028,9.48531735978587e-07,1.09409632364195e-05,5.57628083996368,"CSTF2"
"PRMT5",10.7367491401818,10.0268483019231,6.46353087575346,9.51239870040836e-07,1.09409632364195e-05,5.57344301684178,"PRMT5"
"PCBP3",12.6582943813333,7.30286214307692,6.45706141802264,9.66477657551769e-07,1.09875809296611e-05,5.55762472127694,"PCBP3"
"KIF1BP",10.4110627833333,6.006382375,6.45658890517767,9.67600283492318e-07,1.09875809296611e-05,5.55646921665714,"KIF1BP"
"DR1",11.850098546,6.836595315,6.45656163890668,9.67665104946763e-07,1.09875809296611e-05,5.55640253773359,"DR1"
"VPS16",10.8768050253333,6.27507982230769,6.45503275490164,9.71306883297784e-07,1.09875809296611e-05,5.5526635657837,"VPS16"
"KIAA1217",10.188650260303,7.96791533423077,6.45456958655201,9.72412896236754e-07,1.09875809296611e-05,5.55153081197329,"KIAA1217"
"POLE3",12.1228581586667,6.99395663,6.44764127747007,9.89111165125864e-07,1.11073908133437e-05,5.53458375519549,"POLE3"
"ANXA5",-2.48875236115152,15.1230542719231,-6.44701835096738,9.90626750184657e-07,1.11073908133437e-05,5.53305978787117,"ANXA5"
"GLUD1",-2.13972518254546,14.5651981684615,-6.44588094399771,9.93400175577946e-07,1.11073908133437e-05,5.53027705540375,"GLUD1"
"FBXO22",11.8034610946667,6.80968909307692,6.44212067542595,1.00262554369226e-06,1.11367197914384e-05,5.52107635413952,"FBXO22"
"CTDP1",9.70372593266667,5.59830342269231,6.4419833226223,1.00296416943774e-06,1.11367197914384e-05,5.52074024790395,"CTDP1"
"IPO9",10.748453352,6.20103078,6.43601962907966,1.01777977733631e-06,1.12230913482483e-05,5.5061449768048,"IPO9"
"DPYSL3",-1.24674864024244,15.5063906192308,-6.43559062197894,1.01885411597413e-06,1.12230913482483e-05,5.50509489811647,"DPYSL3"
"VAV1",10.718428574,6.18370879269231,6.43464157687153,1.02123486247694e-06,1.12230913482483e-05,5.50277185510194,"VAV1"
"SUPT5H",9.79848503066666,5.65297213307692,6.43029802301353,1.03220349131856e-06,1.13049181011647e-05,5.492138614883,"SUPT5H"
"OSGEP",10.6345824462424,9.94726929576923,6.42436038839853,1.04739201278841e-06,1.13684378190183e-05,5.47759973661186,"OSGEP"
"OPTN",9.36981147266667,5.405660465,6.42390696856946,1.04856117783013e-06,1.13684378190183e-05,5.47648933991429,"OPTN"
"RHEB",9.635952248,5.55920322,6.42387982036759,1.04863122294466e-06,1.13684378190183e-05,5.47642285497953,"RHEB"
"TJP2",10.1527083926667,5.857331765,6.41512937437431,1.07145840909952e-06,1.15768014639743e-05,5.45498926559152,"TJP2"
"FBLIM1",10.0057896706667,5.77257096384615,6.41357284772758,1.07557161131671e-06,1.15822459755548e-05,5.45117581555658,"FBLIM1"
"INTS3",9.71755042,5.60627908846154,6.41020726688288,1.08452039380267e-06,1.16347390052622e-05,5.44292935353451,"INTS3"
"SMAP2",9.88773088733332,5.70446012730769,6.40848762745256,1.089121993208e-06,1.16347390052622e-05,5.43871537177151,"SMAP2"
"RAB3GAP1",9.66864762133333,5.57806593538462,6.40729123450402,1.09233515599191e-06,1.16347390052622e-05,5.43578342294356,"RAB3GAP1"
"Q6ZSR9",10.370889676,5.98320558230769,6.40632065167398,1.09494894970058e-06,1.16347390052622e-05,5.43340474628565,"Q6ZSR9"
"METTL16",10.3790591793333,5.98791875730769,6.40048382966934,1.11080247337458e-06,1.17642413764325e-05,5.41909793496467,"METTL16"
"FAM120A",9.5304098130909,8.90476931461538,6.39852253791067,1.11618188724322e-06,1.17823278821168e-05,5.41428974782046,"FAM120A"
"UBR7",10.8955914666667,6.28591815384615,6.3971090975328,1.12007509991689e-06,1.17846590020764e-05,5.41082438986748,"UBR7"
"SEC61A1",11.2885779233333,6.51264110961538,6.39466255960837,1.12684661085081e-06,1.18171593928766e-05,5.4048256710967,"SEC61A1"
"RAP1B",-1.39308385824243,16.040491705,-6.38624352802969,1.150468933982e-06,1.20255856975512e-05,5.38417806561017,"RAP1B"
"CLEC16A",10.6128004626667,6.12276949769231,6.37954701908098,1.16961777913965e-06,1.21860501729193e-05,5.3677496312277,"CLEC16A"
"SF3B1",10.1794280223636,9.52629784961538,6.37154727705157,1.19291922219484e-06,1.23886012427937e-05,5.3481178569545,"SF3B1"
"ATXN2L",10.1971802586667,5.88298861076923,6.36192942121924,1.22156061815926e-06,1.26162332603017e-05,5.32450632702534,"ATXN2L"
"P0CG05",-2.61544908103031,18.131593325,-6.36155113877899,1.22270132251599e-06,1.26162332603017e-05,5.32357745924922,"P0CG05"
"ADSS",11.0219830461212,10.3364161873077,6.35622422089592,1.23888019161517e-06,1.27422004323496e-05,5.31049570375166,"ADSS"
"PAX1",11.1302138213333,6.42127720461538,6.32946453015022,1.3235134988612e-06,1.35691847215514e-05,5.24473537577257,"PAX1"
"MAP2K1",11.4719099779394,9.09320678538462,6.31788429297962,1.36194120153933e-06,1.3918692088343e-05,5.21625484938415,"MAP2K1"
"C9orf64",10.315029280303,9.70827757730769,6.31619277317822,1.3676486092626e-06,1.39326488480116e-05,5.21209356599282,"C9orf64"
"QDPR",-1.53921562115153,15.0563272596154,-6.30675121593072,1.3999557578404e-06,1.42166393256641e-05,5.18886117682291,"QDPR"
"UMPS",10.2863073432121,9.68060553807692,6.29922401101671,1.42626807917231e-06,1.44381522588768e-05,5.17033285758994,"UMPS"
"STX7",-1.27682352363638,14.5004914376923,-6.29126547195446,1.45463588548139e-06,1.46584863428987e-05,5.15073656691117,"STX7"
"UBR4",9.545434864,8.98356048230769,6.29056235003868,1.457169567898e-06,1.46584863428987e-05,5.14900496409811,"UBR4"
"AIMP2",10.8190440038182,10.2071394642308,6.28873664036812,1.46376945600174e-06,1.46788630759675e-05,5.14450849258499,"AIMP2"
"TPM2",-2.14436229321212,15.6403828923077,-6.26386789421071,1.55675879612509e-06,1.55627382453751e-05,5.08322685459068,"TPM2"
"USP9X",9.60300031466666,9.02313456923077,6.26169804681591,1.56515214247697e-06,1.55980534944366e-05,5.0778769756856,"USP9X"
"TARS",10.8399771951515,10.2040874453846,6.25857853197291,1.57729970961653e-06,1.56704481986361e-05,5.07018481734981,"TARS"
"KATNA1",-11.8743789649697,5.87556532461538,-6.25664539736428,1.58487553624834e-06,1.56971160364843e-05,5.06541757176126,"KATNA1"
"AKR1C2",-11.4408981715394,8.91787401138462,-6.25387075134777,1.59581393534624e-06,1.57568212877726e-05,5.05857445086978,"AKR1C2"
"C1QBP",10.3203626488485,9.73131343615385,6.24305844791841,1.63917680679665e-06,1.61256277515936e-05,5.03190073854312,"C1QBP"
"GNAI2",-1.66326846351516,15.8783703084615,-6.24206613994047,1.64321604075135e-06,1.61256277515936e-05,5.02945215725622,"GNAI2"
"PPA1",-1.20548688769698,16.1218475419231,-6.23684666670194,1.66462943264276e-06,1.62859629553372e-05,5.01657118423218,"PPA1"
"PTPN1",10.2608905150667,5.91974452792308,6.23338063855469,1.67900576756394e-06,1.6376685434993e-05,5.00801599935017,"PTPN1"
"VPS4A",11.0425774896667,6.3707177825,6.20915991365826,1.78305667532282e-06,1.73388753670028e-05,4.9481991853784,"VPS4A"
"ACACB",-11.114849794,5.54490093730769,-6.20748986403333,1.79046837098846e-06,1.7358347439583e-05,4.94407262938426,"ACACB"
"PAFAH1B1",-1.35021828678788,14.9412640569231,-6.19471304084936,1.84821876255082e-06,1.78642590633301e-05,4.91249318615982,"PAFAH1B1"
"ANKFY1",9.84288783066665,7.86640187307692,6.17737267412046,1.92963933104853e-06,1.85952330730773e-05,4.86960917994363,"ANKFY1"
"AKR1B10",10.9470140465576,7.40207659776923,6.15295663017994,2.05050839730543e-06,1.96856365514087e-05,4.8091776907755,"AKR1B10"
"RAVER1",10.6399390638182,8.52861165115385,6.15206597236879,2.05506021960795e-06,1.96856365514087e-05,4.80697217604983,"RAVER1"
"CUL5",10.1083029024848,6.89190797115385,6.14388623467675,2.09734719544732e-06,2.00020470053203e-05,4.78671337807961,"CUL5"
"UBA3",9.37280236751515,8.91840309307692,6.1432720659937,2.10055775655748e-06,2.00020470053203e-05,4.78519200839641,"UBA3"
"PLIN4",-2.41512385248486,15.2265472776923,-6.14114861162903,2.11169663990101e-06,2.00486228326696e-05,4.7799316826395,"PLIN4"
"TUBB6",-2.35596022339394,14.6988482615385,-6.11652649876511,2.2453258578331e-06,2.1254426778131e-05,4.71890568132357,"TUBB6"
"ALDH1A1",-2.62668427018182,15.5344929969231,-6.10192047566798,2.32862571136206e-06,2.19781173757672e-05,4.68267790930212,"ALDH1A1"
"IDH1",-1.30280305048485,16.0749129273077,-6.09155414477195,2.38964559071881e-06,2.24298917845077e-05,4.65695402304173,"IDH1"
"PON3",-11.927045278303,7.52172075307692,-6.09141569068627,2.39047148342214e-06,2.24298917845077e-05,4.65661038455044,"PON3"
"NOP58",10.1262178152121,9.603962645,6.08657124994973,2.4195524166447e-06,2.26223399211428e-05,4.64458553506822,"NOP58"
"NID2",-11.1448838178788,7.01729264038461,-6.08453218161304,2.43190009488308e-06,2.26223399211428e-05,4.63952352589494,"NID2"
"AK1",-1.82055473830304,15.4166165923077,-6.08449420749823,2.43213065528023e-06,2.26223399211428e-05,4.63942925113748,"AK1"
"FAF1",10.9370938569091,7.53644303961538,6.07151397017011,2.51225615987006e-06,2.33000867544018e-05,4.60719673160672,"FAF1"
"CAB39",10.831819440303,7.45041344653846,6.06929351455942,2.52622905258149e-06,2.33621585871297e-05,4.60168136203875,"CAB39"
"CRMP1",-1.16869163424244,16.8763806073077,-6.05943781283476,2.58920836802512e-06,2.38757748649213e-05,4.57719548521399,"CRMP1"
"ME1",-1.51077958284851,14.4890946726923,-6.05660399276179,2.60761044455706e-06,2.39765670962281e-05,4.57015341220567,"ME1"
"SNRPA1",10.4513007180606,10.0066878353846,6.04356457799201,2.69401237011095e-06,2.47002448448173e-05,4.5377410274301,"SNRPA1"
"PITPNA",11.2142885369091,7.74478136730769,6.03792028973167,2.73230914315341e-06,2.49800001150407e-05,4.52370616582638,"PITPNA"
"GFPT1",10.5401401721212,7.27307364384615,6.02283769955747,2.83738100820376e-06,2.58669194753575e-05,4.48618849938922,"GFPT1"
"HBG2",-8.18475850842425,17.4237595265385,-6.01722415991443,2.87752728406986e-06,2.61585978883291e-05,4.47221978280765,"HBG2"
"PPM1G",9.98631053842423,10.4239443838462,6.00860437023829,2.94029943388417e-06,2.6653731308854e-05,4.4507649253028,"PPM1G"
"CSNK2A2",9.14285491401817,8.67818691703846,6.00387248947311,2.97534795392521e-06,2.68954692511155e-05,4.43898439514474,"CSNK2A2"
"RBM14",10.0549237935151,9.632680485,6.00108625374456,2.99618343720322e-06,2.70077321628795e-05,4.43204684423955,"RBM14"
"MYO1C",-1.96498483503031,14.9331914092308,-5.97293412739497,3.21520124498831e-06,2.88044367178325e-05,4.361912056335,"MYO1C"
"MAPKAPK5",11.6532925449697,8.08331944769231,5.97203790582558,3.22243464683761e-06,2.88044367178325e-05,4.35967819710117,"MAPKAPK5"
"KRT14",-2.54691461921213,15.6641274257692,-5.96954598094762,3.2426339144437e-06,2.8904478420694e-05,4.35346663794709,"KRT14"
"TERF2IP",10.2301408487879,7.08972495038462,5.96501469051165,3.27969402748992e-06,2.91538452471334e-05,4.34217024303133,"TERF2IP"
"EPS15L1",9.44469129539393,6.5470704,5.95563562011929,3.3577747028047e-06,2.97654669096693e-05,4.31878289660422,"EPS15L1"
"LSM4",10.0653672113939,9.67447701923077,5.95382292174565,3.37308163840224e-06,2.98187850623492e-05,4.31426194951922,"LSM4"
"ETFB",-1.14454191478789,16.2807994723077,-5.95019852412176,3.40389980367031e-06,3.00085562362034e-05,4.30522171343599,"ETFB"
"CPSF3",9.77099317381817,9.39670498461538,5.94698917638631,3.43142733256165e-06,3.01683570142201e-05,4.29721579874851,"CPSF3"
"CAVIN2",-11.6920728514546,10.0788361003846,-5.9361626243967,3.52596785282101e-06,3.09148383598432e-05,4.27020190801668,"CAVIN2"
"VPS26B",10.6289889744848,7.40145625192308,5.91986066835939,3.6733338454026e-06,3.2119150708166e-05,4.22950757060038,"VPS26B"
"CLPP",10.2813333204242,9.924878055,5.91862560221861,3.68475010835155e-06,3.21314214611416e-05,4.22642359331331,"CLPP"
"RPS6KA2",10.5368452685454,7.33162536884615,5.90819811279413,3.78258267240929e-06,3.28520752146444e-05,4.20038098864907,"RPS6KA2"
"AP2B1",10.1089774272121,9.76634829730769,5.90764261249023,3.78786781845385e-06,3.28520752146444e-05,4.19899337821788,"AP2B1"
"SUPT6H",9.49865321757576,7.72983063,5.89139178892924,3.94584267511179e-06,3.41299437855357e-05,4.15838850840855,"SUPT6H"
"CASP3",10.8831905586667,10.5474313538462,5.88264788378633,4.03359196758558e-06,3.47951522150057e-05,4.13653179858763,"CASP3"
"DDX49",12.342068878303,8.58780988923077,5.88087995762139,4.05157317913246e-06,3.48417269300924e-05,4.13211184958688,"DDX49"
"NOP2",10.315939114,8.432909505,5.87998504776962,4.06070609905097e-06,3.48417269300924e-05,4.1298744113121,"NOP2"
"IRF2BP2",11.1341699573939,9.11269967807692,5.86873783218087,4.17728515557323e-06,3.57464215046254e-05,4.10174883091047,"IRF2BP2"
"SF3B6",9.78179209375757,7.97348438346154,5.86735105996352,4.19189245103707e-06,3.57760182855797e-05,4.09828026913603,"SF3B6"
"CFDP1",10.5982126274545,7.36445747346154,5.86153000444389,4.25377478083848e-06,3.62078601371636e-05,4.08371911099336,"CFDP1"
"ORM1",-2.63914272963637,16.9703008496154,-5.86040692333855,4.26582022278061e-06,3.62143309388968e-05,4.0809094543717,"ORM1"
"NID1",-11.4304261603636,7.33742548538462,-5.84861172216067,4.39443703029685e-06,3.7207779499268e-05,4.05139489830201,"NID1"
"PAF1",10.0699248626667,7.02641630615385,5.84610779167071,4.42224250918317e-06,3.73446742420231e-05,4.04512802314064,"PAF1"
"PSME3",10.0413640589697,9.74547204576923,5.83669920391214,4.52832685863134e-06,3.81401598145616e-05,4.02157567269006,"PSME3"
"UCHL5",8.94312391890908,9.49435753769231,5.83361455901833,4.56366591037363e-06,3.83371830010183e-05,4.01385243067971,"UCHL5"
"WDR5",10.4535969436364,7.32184129,5.82726107954898,4.63733797806219e-06,3.88543539728501e-05,3.99794244691177,"WDR5"
"QKI",10.7950254442424,7.55847894384615,5.82516910068321,4.66185861337076e-06,3.89580840893406e-05,3.99270316018045,"QKI"
"PPP6R3",8.99147510799999,8.73678358538461,5.81852491193842,4.74061223746912e-06,3.95133108312685e-05,3.97606078446331,"PPP6R3"
"NME3",11.5440650430303,8.08590109846154,5.8165484422707,4.7642986767298e-06,3.96078612788237e-05,3.97110946371195,"NME3"
"HSPB6",-11.2124328707273,11.3491133811538,-5.80389939936817,4.91875536312248e-06,4.07862686311629e-05,3.93941483662893,"HSPB6"
"HMGCL",9.76759631799999,6.83274871192308,5.79860549116193,4.98489694539583e-06,4.1228181179833e-05,3.92614630617324,"HMGCL"
"ATP5F1A",-1.64482157806061,16.5168447469231,-5.79535664146879,5.02593349961167e-06,4.14220239753515e-05,3.91800241242041,"ATP5F1A"
"KRT9",-2.10855906248486,14.5598674096154,-5.794709326838,5.03415062336774e-06,4.14220239753515e-05,3.91637969310498,"KRT9"
"RANBP2",9.55685914127272,9.29198380423077,5.7921414745847,5.06688177673558e-06,4.14924296842794e-05,3.9099421667215,"RANBP2"
"STRIP1",10.274467532303,7.19537697884615,5.79200969683041,5.0685672908188e-06,4.14924296842794e-05,3.90961179055139,"STRIP1"
"CAST",-1.35610383678788,15.0071627273077,-5.79016447383321,5.09222855332138e-06,4.15800545231763e-05,3.90498554841833,"CAST"
"SMAP",8.90419212193939,9.45809061923077,5.77967607884991,5.22886410001957e-06,4.2587372834931e-05,3.87868476639444,"SMAP"
"EIF3M",9.61612209472726,7.86179238423077,5.74260331510766,5.74231320542032e-06,4.66508432308704e-05,3.78565557506498,"EIF3M"
"PBXIP1",10.5705004041818,7.43114041961538,5.73815121160104,5.80731712048539e-06,4.70597995950445e-05,3.77447687098765,"PBXIP1"
"EXOC1",9.48153859012121,6.67625532192308,5.73313986502753,5.88137889493616e-06,4.75399115210331e-05,3.76189226812837,"EXOC1"
"VAT1",-1.19117702466668,16.3157930657692,-5.7296756742499,5.93313428654957e-06,4.78377586068783e-05,3.75319186465229,"VAT1"
"PUF60",10.1705639315757,9.91895825653846,5.72737094199881,5.96782262681027e-06,4.79968491464516e-05,3.74740299596352,"PUF60"
"ANXA1",-3.02287620139395,14.5637848434615,-5.72620055405356,5.98551663424773e-06,4.80188071982524e-05,3.74446315068302,"ANXA1"
"MBD3",9.41995029648484,7.75912727769231,5.71242309626343,6.19784451091602e-06,4.95982120586771e-05,3.70984886678384,"MBD3"
"RPA2",9.94197420654543,9.66613399538462,5.70652962149332,6.29098543298717e-06,5.02183389414324e-05,3.6950381021832,"RPA2"
"PLIN1",-10.5565918955758,11.7007734026923,-5.70502805433563,6.31494213719767e-06,5.02844896234921e-05,3.69126415737755,"PLIN1"
"ARHGEF7",9.94380539284847,8.21541907538461,5.70291445294326,6.3488201944669e-06,5.04291188218918e-05,3.68595169739011,"ARHGEF7"
"ACTN1",-1.16576227284849,15.4725783007692,-5.67861150701283,6.75184840350945e-06,5.34979790786711e-05,3.62484491763796,"ACTN1"
"SH3BP1",9.9600370200606,8.26568585115385,5.67532400689645,6.80832154203947e-06,5.38125710059228e-05,3.61657579276088,"SH3BP1"
"IGHG1",-2.83541294539395,19.0448373119231,-5.67032585124,6.89509843972769e-06,5.43645476488604e-05,3.60400241208227,"IGHG1"
"DKC1",9.87405865236364,9.69360257307692,5.66887148103071,6.92055865086535e-06,5.44315507613404e-05,3.60034347523024,"DKC1"
"DDX42",10.3497920841212,10.1772079692308,5.66413446623332,7.0041467389037e-06,5.49542955626943e-05,3.58842500043838,"DDX42"
"EIF3D",9.98979702975757,9.81773866115385,5.65695353334401,7.13281340086326e-06,5.58273126911469e-05,3.57035468287391,"EIF3D"
"EML4",9.76088109648484,8.08147642384615,5.65075342672177,7.24582973778485e-06,5.65738871740914e-05,3.55474978115553,"EML4"
"CHMP7",8.01585614706059,8.59593085480769,5.64896231559901,7.27881463504002e-06,5.66934858345714e-05,3.55024130131714,"CHMP7"
"HADHA",-1.11042781381819,15.4922615007692,-5.64676960771235,7.31940234419933e-06,5.68715789891904e-05,3.5447216570079,"HADHA"
"FYB1",10.166804148,7.20982684153846,5.61820917885171,7.86948019603322e-06,6.08509926483629e-05,3.47279856116519,"FYB1"
"DEF6",9.54254460242425,6.77220299461538,5.61606765277351,7.91237556960984e-06,6.08894786880415e-05,3.46740347968095,"DEF6"
"IGKC",-2.55984835751516,17.7324674873077,-5.61606611043971,7.91240654811882e-06,6.08894786880415e-05,3.46739959402071,"IGKC"
"DSTN",-1.72074766569698,14.5551211884615,-5.61064205511815,8.02211416957054e-06,6.15860391630427e-05,3.45373362746504,"DSTN"
"DHRS7",9.81838748715152,9.68626622769231,5.59926932742439,8.25716491233654e-06,6.32392415362481e-05,3.42507386669486,"DHRS7"
"POFUT1",9.63029961769697,8.03383613076923,5.586537957332,8.52857662110878e-06,6.51623866122335e-05,3.39298065624936,"POFUT1"
"SMARCA5",9.28882005351514,9.19449689807692,5.56352409856951,9.04231596588749e-06,6.8923496281551e-05,3.33494205701152,"SMARCA5"
"HDLBP",9.82570254036363,9.73101478615385,5.55561839669472,9.22592959461127e-06,7.01564172253734e-05,3.31499728971362,"HDLBP"
"HADHB",-1.00854558515151,16.1766222096154,-5.54235539631175,9.54248151764977e-06,7.23920169979625e-05,3.28152860600793,"HADHB"
"USP14",-1.33516191630304,15.2654242926923,-5.53234439802312,9.78867429028914e-06,7.40734878791001e-05,3.25625938928098,"USP14"
"FAM98B",9.10736281436362,9.90954231115385,5.53147747952516,9.81029365802977e-06,7.40734878791001e-05,3.25407088680821,"FAM98B"
"DDX21",9.20136731903029,9.04902481923077,5.52947668211571,9.86037441390573e-06,7.42768579676608e-05,3.24901978472949,"DDX21"
"HDGFL2",8.92929404363635,9.68127250076923,5.51875090536658,1.01332865206e-05,7.61539026805744e-05,3.22193816200196,"HDGFL2"
"ATP5F1B",-1.46726144648486,16.7587958934615,-5.51191360116569,1.03112324710666e-05,7.73101518683472e-05,3.20467116160925,"ATP5F1B"
"RAB35",-1.55472709678789,17.701024135,-5.50794128763927,1.04160626049241e-05,7.79140906741294e-05,3.19463822693385,"RAB35"
"HDDC2",9.6354594360606,9.56969742269231,5.50508112767959,1.04922094748321e-05,7.83011632668286e-05,3.18741372768434,"HDDC2"
"TRA2B",9.93196363739394,8.30407855884615,5.48765209723438,1.09685480595672e-05,8.16660573622993e-05,3.14337979531238,"TRA2B"
"KRT2",-1.84723773109092,15.2167934134615,-5.48533864860094,1.1033397718914e-05,8.19587344444329e-05,3.13753368063248,"KRT2"
"KIF2A",9.70579725145454,8.15804138884615,5.47406328851397,1.13550553935505e-05,8.41532858150196e-05,3.10903654983107,"KIF2A"
"SMC4",10.4785979139394,8.79615593307692,5.45785831485997,1.1834018624267e-05,8.75008427771262e-05,3.06806851462078,"SMC4"
"ADK",9.51272053533331,10.3877101211538,5.45292715824555,1.19837803960858e-05,8.84044857265272e-05,3.05559924372716,"ADK"
"LYRM7",9.38305435490909,7.90270046846154,5.45055113626593,1.20566237173201e-05,8.87378566717438e-05,3.04959061546435,"LYRM7"
"COASY",8.94666728060606,9.82207462846154,5.43079067530145,1.26800323981532e-05,9.31126406537154e-05,2.99960794847554,"COASY"
"THUMPD1",8.94743857339393,9.81565715961538,5.42869804424495,1.27479301246376e-05,9.33975063241144e-05,2.9943136302239,"THUMPD1"
"DPYSL4",-1.30554621606061,16.1663579826923,-5.41479757081856,1.3208366293841e-05,9.65504497424502e-05,2.95914016001471,"DPYSL4"
"WARS",-1.07910117048486,15.3145126442308,-5.40117178053132,1.36760099122647e-05,9.97416268374035e-05,2.92465256381765,"WARS"
"CALD1",-1.73177469527274,14.8386792615385,-5.39714432369078,1.38174104376287e-05,0.00010054437663118,2.91445714725806,"CALD1"
"ABCF1",8.46629218272727,9.29065392346154,5.39070400929818,1.40465994168099e-05,0.000101980854136975,2.89815203598685,"ABCF1"
"JPT2",9.85589892036363,10.8812311546154,5.38535189496858,1.42399816247489e-05,0.000103151469602301,2.88460046453461,"JPT2"
"ACOT7",10.1796644456364,11.2218852203846,5.38348300391761,1.4308139729268e-05,0.000103221668752466,2.87986811116232,"ACOT7"
"ARL8B",9.4529340930909,10.4244712738462,5.38332259417793,1.43140051713455e-05,0.000103221668752466,2.87946191856494,"ARL8B"
"PCK2",-1.53261305060607,14.8001751603846,-5.36982189726864,1.48164661743642e-05,0.000106605470747836,2.84527094934928,"PCK2"
"DEFA1",-2.71792002090909,15.8665841596154,-5.36754037093163,1.49031211784618e-05,0.000106989073516072,2.83949208566515,"DEFA1"
"CCDC58",9.49430734478786,9.52763064115385,5.36197517808394,1.5116646170537e-05,0.000108279726699226,2.82539506018959,"CCDC58"
"ALB",-1.81738285430303,20.6128073853846,-5.35725761941107,1.53000664938502e-05,0.000108856953340368,2.81344406748472,"ALB"
"NOLC1",10.6301624913333,6.13278605269231,5.35671566863927,1.53212811031624e-05,0.000108856953340368,2.8120710801519,"NOLC1"
"CHMP5",10.8432512953333,6.25572190115385,5.35608821825635,1.53458796816518e-05,0.000108856953340368,2.81048147041226,"CHMP5"
"HYPK",10.209585416,5.89014543230769,5.3555799028262,1.53658369208698e-05,0.000108856953340368,2.80919366951768,"HYPK"
"TLE3",10.7488920986667,6.20128390307692,5.35555429004742,1.53668432107157e-05,0.000108856953340368,2.8091287800593,"TLE3"
"RAD50",9.08751427690908,10.0745515173077,5.35456125447453,1.54059095076966e-05,0.000108893311916737,2.80661292214829,"RAD50"
"PIP4K2B",8.75298731933333,5.04980037653846,5.3518073491289,1.55147742780244e-05,0.00010942178166633,2.79963566947633,"PIP4K2B"
"C5orf51",9.47549298399999,5.46663056769231,5.35083705663966,1.55533156910725e-05,0.000109440599073763,2.79717727188478,"C5orf51"
"SF3B4",10.049386158,5.79772278346154,5.35002487754321,1.55856509120317e-05,0.000109440599073763,2.79511944921999,"SF3B4"
"CPSF2",9.61577222333334,5.54756089807692,5.34856936016844,1.56437691827946e-05,0.000109608854383379,2.79143152471669,"CPSF2"
"CNOT9",9.94340110199999,5.73657755884615,5.34742356373095,1.56896742651038e-05,0.000109610303003535,2.78852829224677,"CNOT9"
"DYNC1LI1",8.69700050630303,7.99626458846154,5.34686030989944,1.57122902404569e-05,0.000109610303003535,2.7871010921366,"DYNC1LI1"
"MRPS36",9.38521093066666,5.41454476769231,5.34583051878897,1.57537239069651e-05,0.00010963024064808,2.78449172142961,"MRPS36"
"SAP30BP",8.93619772666665,5.15549868846154,5.3434219692639,1.58510631025915e-05,0.00010963024064808,2.77838855817264,"SAP30BP"
"MSH6",10.317176026,5.95221693807692,5.34322884312062,1.58588943500308e-05,0.00010963024064808,2.77789917378709,"MSH6"
"AASDHPPT",9.91577935199999,5.72064193384615,5.34321396951302,1.58594976353983e-05,0.00010963024064808,2.77786148378781,"AASDHPPT"
"HTATSF1",10.32221963,5.95512670961539,5.34219649457669,1.59008222700472e-05,0.00010963024064808,2.77528316066722,"HTATSF1"
"DNAJC7",7.84036317946666,4.52328644969231,5.34172206206872,1.59201284331583e-05,0.00010963024064808,2.77408091403878,"DNAJC7"
"SLK",9.46227589599999,5.45900532461538,5.34084895101528,1.59557199495044e-05,0.000109640054214046,2.77186836156034,"SLK"
"FLNA",-1.26998249212121,15.8617341984615,-5.33918856741468,1.60236256024899e-05,0.000109871398629039,2.76766068986972,"FLNA"
"PAIP1",9.73937052,5.61886760769231,5.33765102779959,1.60867673379146e-05,0.000110069160740657,2.76376421881748,"PAIP1"
"ALDH18A1",9.72778014799999,5.61218085461539,5.33616313929086,1.61481091580699e-05,0.000110103304156055,2.75999347878384,"ALDH18A1"
"HNRNPH2",10.2848170339394,9.48961745153846,5.33586621011958,1.61603790144911e-05,0.000110103304156055,2.75924096305771,"HNRNPH2"
"PARP10",10.2412192173333,5.90839570230769,5.33203600224538,1.63194989247963e-05,0.000110706720310814,2.7495336270796,"PARP10"
"DTYMK",9.98043707533333,5.75794446653846,5.33168865189756,1.63340070162271e-05,0.000110706720310814,2.74865326648528,"DTYMK"
"NECAP2",10.3349692746667,5.96248227384615,5.33124774054289,1.63524417037475e-05,0.000110706720310814,2.7475357678841,"NECAP2"
"HDAC4",7.66153852253334,4.42011837838462,5.33005845986559,1.64022707976022e-05,0.000110810288398959,2.74452147151721,"HDAC4"
"NHEJ1",8.50864442866667,4.90883332423077,5.32636243828281,1.65581089016711e-05,0.000111628091313997,2.73515332549933,"NHEJ1"
"NISCH",9.5571226420606,7.43422099646154,5.32262192993395,1.6717344232731e-05,0.000112465320005941,2.72567184044613,"NISCH"
"PM20D2",9.63772010466667,5.56022313730769,5.31998899782067,1.68303553873282e-05,0.000112988724765557,2.71899750506248,"PM20D2"
"S100A16",9.78395229399999,5.64458786192308,5.3176113289935,1.69330724264022e-05,0.000113440979992327,2.71297000238625,"S100A16"
"ARHGAP25",9.71089248515151,8.26044420038462,5.31315460379287,1.71273135366537e-05,0.00011450322737317,2.70167137028813,"ARHGAP25"
"LARP1",8.71049117026666,5.02528336746154,5.31076197649367,1.72325193237961e-05,0.000114967057193476,2.69560527921408,"LARP1"
"ARL1",8.74086512533332,5.04280680307692,5.3069264772222,1.74025316205995e-05,0.000115860423175319,2.68588055457421,"ARL1"
"PLCG1",10.079268108,5.81496237,5.30518806489827,1.74801448570872e-05,0.000115960830721837,2.68147269890583,"PLCG1"
"NOL3",9.69577494666666,5.59371631538462,5.30497044379136,1.74898853441475e-05,0.000115960830721837,2.68092089815617,"NOL3"
"VAPB",10.1602685989091,6.81170555153846,5.3018291242611,1.76310990387197e-05,0.000116656075907735,2.67295554848862,"VAPB"
"RALA",-2.23293708315153,13.5636504392308,-5.28818180572414,1.82580734913757e-05,0.000120308332307648,2.63834594384072,"RALA"
"KPNA2",9.80307364399999,5.65561941,5.28707376001275,1.83099552297379e-05,0.000120402963795551,2.63553562197263,"KPNA2"
"KRT6",-1.52196659381819,16.4878797415385,-5.28622309869066,1.83498864170421e-05,0.000120418784278708,2.63337806878014,"KRT6"
"PGM1",-1.30968475248485,15.3572692546154,-5.27232148603492,1.90150368877741e-05,0.000124529088516055,2.59811517669499,"PGM1"
"ACP1",-1.411934698,15.6217053196154,-5.27074262821637,1.90921023296398e-05,0.000124732882379673,2.59410978104013,"ACP1"
"LARP7",9.09603672066665,5.24771349269231,5.27009316217714,1.91238947119972e-05,0.000124732882379673,2.59246212746461,"LARP7"
"CD5L",-9.83569534778789,10.4407602517308,-5.26174231279879,1.95374709432293e-05,0.000127171895044265,2.57127518046783,"CD5L"
"PCMT1",-1.12089516527274,15.1278367996154,-5.25615070305134,1.98194263361721e-05,0.000128466076314649,2.55708728867033,"PCMT1"
"STK26",9.52585071878786,10.6379726615385,5.25542349851483,1.98563957158199e-05,0.000128466076314649,2.5552420311748,"STK26"
"PSMB11",9.7689386266,5.63592613073077,5.2537601537401,1.99412179299451e-05,0.000128755268284092,2.55102127793599,"PSMB11"
"CSRP1",-1.95920476527273,14.4470124857692,-5.25101235114989,2.00821431823838e-05,0.000129404814201344,2.54404848771971,"CSRP1"
"HBB",-2.1857106758788,20.4831068761538,-5.24669360743348,2.0305669001701e-05,0.000130582949552021,2.53308875930094,"HBB"
"CAPN1",-1.11494025672729,15.6805346492308,-5.23596118117917,2.08720736616667e-05,0.000133956968760577,2.50585014947733,"CAPN1"
"MAPK3",-1.07535394436364,15.25134323,-5.22699371600689,2.13575311367483e-05,0.000136799036762126,2.48308796267896,"MAPK3"
"MCAM",-9.96903816533334,9.89183855769231,-5.22142078704847,2.16649430259334e-05,0.000138491637789284,2.46894080755452,"MCAM"
"VWF",-10.0888276400606,10.0676807680769,-5.21881509968127,2.18102035101978e-05,0.000139143027960685,2.46232579305097,"VWF"
"GAK",8.01849939090908,8.95713667,5.20039669547562,2.28653674603205e-05,0.000145585246389223,2.41556112233913,"GAK"
"COL18A1",-1.54282107642425,14.2167762465385,-5.18131325280026,2.40129475992868e-05,0.000152589205635864,2.36709692014036,"COL18A1"
"NUTF2",-1.31563994727273,17.0807032507692,-5.17213487501435,2.45853849077959e-05,0.000155917984523947,2.34378376643742,"NUTF2"
"BCCIP",9.04569623018181,10.1839582938462,5.16734117376139,2.48898039565935e-05,0.000157537240427433,2.33160677989393,"BCCIP"
"SNRPE",10.1019312558182,11.3309782711538,5.16521048583131,2.5026327372043e-05,0.000158089536489933,2.32619418972286,"SNRPE"
"CREB3L4",-10.6924792298182,10.5621643546154,-5.15113453508969,2.59473926798994e-05,0.000163585821433786,2.29043393483729,"CREB3L4"
"SERPINH1",-1.23851093054546,15.0932609976923,-5.1362056020764,2.69616200073819e-05,0.000169646742360174,2.2525009988679,"SERPINH1"
"P01625",-11.9730910252727,8.77062414269231,-5.13482129846169,2.70576648891915e-05,0.00016991789947048,2.24898333638265,"P01625"
"DLST",-1.16352408563637,16.0233884580769,-5.12165663125026,2.79884429014068e-05,0.00017524731295024,2.21552819515939,"DLST"
"SET",10.1674217332727,11.5075355734615,5.12077009374803,2.80522700850553e-05,0.00017524731295024,2.21327510463674,"SET"
"GPD2",9.11514674963635,10.2548763157692,5.12052207961436,2.80701523391784e-05,0.00017524731295024,2.21264478589484,"GPD2"
"MYH9",-1.55850665951515,14.5932369807692,-5.11527937320858,2.84508578920934e-05,0.000177279229079083,2.19932030883796,"MYH9"
"CTNND1",8.57307501327271,9.61177614807692,5.09235551446072,3.01775131762066e-05,0.000187174265797893,2.14105154515163,"CTNND1"
"MYL12",-1.74925373957577,15.8136536611538,-5.09195554562167,3.02085576536053e-05,0.000187174265797893,2.14003478935505,"MYL12"
"SCRIB",9.09571851866665,6.26091531461539,5.09188730127131,3.02138578009687e-05,0.000187174265797893,2.1398613059152,"SCRIB"
"PRPF19",9.254153364,10.5198705030769,5.07705759702741,3.13880816967406e-05,0.000194073900124934,2.10216061498695,"PRPF19"
"DIAPH1",8.29988453145453,10.3313231865385,5.0735929004105,3.1668972539535e-05,0.000195434101691092,2.09335190307731,"DIAPH1"
"LETM1",9.23313415412119,10.4940458703846,5.07023411009287,3.19436918706237e-05,0.000196751069506395,2.08481223475455,"LETM1"
"CIRBP",8.88923796648485,10.0954219473077,5.06868492452603,3.20712083940271e-05,0.000197158060797764,2.08087338614327,"CIRBP"
"SUGT1",9.04847851733332,10.3026448276923,5.0595924505511,3.28300207914423e-05,0.000201436972695484,2.05775464040438,"SUGT1"
"ACOT1",-1.22569874751517,15.6221206453846,-5.05751289839299,3.30060928276791e-05,0.000202130824206149,2.0524669162814,"ACOT1"
"POLR2B",8.22034570539393,9.372453995,5.05029195574395,3.36248873181196e-05,0.00020552812076923,2.03410549298493,"POLR2B"
"YARS",8.87990577254545,10.1209284365385,5.04107628036964,3.44316020740116e-05,0.000210058956379283,2.01067062202117,"YARS"
"LAP3",-1.29146004539395,15.4504018996154,-5.03972054016037,3.45519115381784e-05,0.00021039294900572,2.00722294876003,"LAP3"
"YWHAG",-1.05653291703031,16.034520295,-5.03816489710856,3.46904815947309e-05,0.000210836658025552,2.0032668839819,"YWHAG"
"TRIM28",1.16439029939393,15.6653029015385,5.03617815150483,3.48682655413932e-05,0.000211247763419146,1.99821445409102,"TRIM28"
"SEPTIN7",-1.16633878315152,14.9634907723077,-5.03565272093189,3.49154367394621e-05,0.000211247763419146,1.99687823828916,"SEPTIN7"
"CYTH3",9.07624930151514,10.3600572557692,5.03520576738609,3.49556130805754e-05,0.000211247763419146,1.99574159316663,"CYTH3"
"PHGDH",-1.47752525315152,15.7920046465385,-5.03212790541236,3.52335454044018e-05,0.0002125271563961,1.98791421880548,"PHGDH"
"XPO5",9.57217635539393,6.64268945307692,5.0283001414414,3.55822971510512e-05,0.00021422812674995,1.97817956061643,"XPO5"
"TAX1BP3",10.223780810303,7.10916479923077,5.00829616245804,3.74621641073925e-05,0.000225123753971203,1.92730276563839,"TAX1BP3"
"DMTN",-10.7305723328485,5.41673621076923,-5.00163110078855,3.81104391198308e-05,0.00022859140025334,1.91035016712099,"DMTN"
"FECH",8.66916393436362,9.947863585,4.98532357447598,3.97445459151807e-05,0.000237948223585476,1.86886984933044,"FECH"
"TPM3",-1.42302674096971,17.2219486076923,-4.97950139464339,4.03448711864143e-05,0.00024064440824759,1.85405972147453,"TPM3"
"EDC4",9.34553911587879,6.51233730769231,4.97521989403047,4.07921448979241e-05,0.000242860840403411,1.84316848512888,"EDC4"
"TRIM33",8.08686170763635,5.63022123538462,4.97371853902111,4.09501636986089e-05,0.000243350139460807,1.83934931559281,"TRIM33"
"CHD4",8.89251986672725,10.2007234803846,4.9721518687916,4.11157129424195e-05,0.000243882297286921,1.83536397556289,"CHD4"
"RABEP1",10.2595141450303,8.15897360192308,4.96694179844736,4.16711114385124e-05,0.000246720657944993,1.82211030470358,"RABEP1"
"HSD17B4",8.76406696696969,10.0265522273077,4.96548389455026,4.18278711145605e-05,0.000247192704247927,1.81840156756103,"HSD17B4"
"GNPDA2",9.08802487024242,7.37980702038462,4.96376438979886,4.20135209777215e-05,0.000247833435326302,1.81402732731927,"GNPDA2"
"HPR",-8.82367906818182,3.73309499038462,-4.95886437204369,4.25471157935988e-05,0.000250520540516805,1.80156207399839,"HPR"
"P01702;P06316",-10.4017206761818,6.21810116038462,-4.94597786741771,4.39831414632588e-05,0.000258501650101827,1.76877906279138,"P01702;P06316"
"RPL18A",8.2881779200606,10.439174925,4.93862363624417,4.48243929384943e-05,0.000262964308847583,1.7500696085506,"RPL18A"
"PRMT1",9.07456511969695,10.4686207042308,4.93537418561146,4.52012288823118e-05,0.000264691137743319,1.74180279124783,"PRMT1"
"RPRD2",9.22982393545453,6.46655058884615,4.93430641795123,4.53257503379313e-05,0.000264845503792845,1.73908630906505,"RPRD2"
"DCN",-9.91908906769697,9.45335083115385,-4.93373393627908,4.53926541246696e-05,0.000264845503792845,1.73762987004055,"DCN"
"IPO4",9.22257404757575,7.50895058576923,4.9302265151641,4.58047243984299e-05,0.000266764719772344,1.72870668056632,"IPO4"
"API5",9.11649466066666,10.5156640203846,4.92838538209763,4.60225320962642e-05,0.00026754765488571,1.7240226553094,"API5"
"IFIT3",9.77776671030303,9.40147092230769,4.92186423399818,4.68023913131017e-05,0.000270981880387485,1.70743210855373,"IFIT3"
"AP2A1",9.6844581610909,8.52385743153846,4.92133213296267,4.68666075459813e-05,0.000270981880387485,1.70607837645156,"AP2A1"
"PPP2R1B",9.72691217515151,6.81954439923077,4.91839877266849,4.72222098776605e-05,0.000272546891182397,1.69861552316967,"PPP2R1B"
"CHRAC1",9.51852001327272,10.9633529465385,4.90462670659254,4.89283234391021e-05,0.000281886875971416,1.66357731382209,"CHRAC1"
"DCAF8",8.64486489351514,8.29682771576923,4.9018973952874,4.92737157845944e-05,0.000283368017836494,1.65663349853244,"DCAF8"
"COPS8",9.44872832048485,10.9380957238462,4.89773098953777,4.98056982771398e-05,0.00028591500137986,1.64603346696003,"COPS8"
"PPP4R3A",10.3468014592727,7.28193094692308,4.89446377612774,5.02268995116953e-05,0.000287818072380411,1.6377211247164,"PPP4R3A"
"UBE2L6",8.98984429684846,10.4133016146154,4.89268603551827,5.04575819279408e-05,0.000288624564004923,1.63319825189232,"UBE2L6"
"ACAA1",8.74473569146666,9.083395562,4.89042607313028,5.07523744115095e-05,0.000289794251755399,1.62744852577199,"ACAA1"
"ARF6",8.96057038533331,10.3845091876923,4.88465505247185,5.15130227952946e-05,0.00029361508019556,1.61276608499919,"ARF6"
"CNOT2",9.93095768412121,6.99363973846154,4.88364755156104,5.16469848328568e-05,0.000293715511406221,1.6102028370671,"CNOT2"
"ECHS1",-1.19794982436365,15.1485101476923,-4.88314677709095,5.1713700200846e-05,0.000293715511406221,1.60892878489844,"ECHS1"
"PPIH",9.06316890636363,10.4828577457692,4.88224044442407,5.18346658501113e-05,0.000293882407620154,1.60662292707053,"PPIH"
"BAP18",9.3843926031515,10.8202282138462,4.87972991262569,5.21712244881628e-05,0.000295268887799849,1.60023573109739,"BAP18"
"BABAM2",9.85798339103029,6.95008928384615,4.87603910853362,5.26699956905657e-05,0.000297566929878566,1.59084575074367,"BABAM2"
"WNK1",8.9140680930909,6.28178909307692,4.86902408122404,5.3631230429046e-05,0.000302465058781738,1.57299850571076,"WNK1"
"ZAP70",8.88913172630302,10.2843829130769,4.86372856974259,5.43684932596247e-05,0.000306085078719537,1.55952604389606,"ZAP70"
"OPA1",10.2877729282424,7.24839692153846,4.85697241863069,5.53238974929018e-05,0.000310918366120354,1.54233766341421,"OPA1"
"ANP32E",9.79910408133332,11.3269472276923,4.85374978826397,5.57855343658326e-05,0.000312303180146351,1.53413900555809,"ANP32E"
"TMX3",9.70158141375758,6.85067983115385,4.85373201448948,5.57880911199016e-05,0.000312303180146351,1.53409378762084,"TMX3"
"RAD23A",9.92352078551514,7.01398051730769,4.85252589481099,5.59618661943045e-05,0.000312303180146351,1.53102532371656,"RAD23A"
"CHMP4B",8.6157874509697,6.07080558269231,4.85186779724135,5.60569123603297e-05,0.000312303180146351,1.52935107420024,"CHMP4B"
"HCFC1",8.99911614733332,10.4517249073077,4.85108823180912,5.61697111964956e-05,0.000312389260363179,1.52736780393469,"HCFC1"
"ARID1A",9.7175298851515,6.85646807961538,4.85009679120322,5.63134962608248e-05,0.000312647075261223,1.52484551220161,"ARID1A"
"RBM8A",9.87794471660605,9.59006153230769,4.84159964988652,5.75610501092815e-05,0.000319021433161804,1.50322841763103,"RBM8A"
"NIPBL",8.10545505345454,5.72276039384615,4.84066805538689,5.76995029183562e-05,0.000319237422181043,1.50085842511416,"NIPBL"
"PDE6D",10.2626708585454,7.26963762461538,4.83566033452362,5.84494912406487e-05,0.000322830322532257,1.4881187864513,"PDE6D"
"GSK3A",9.17716832860605,6.49687835230769,4.83371170182187,5.87439670964485e-05,0.000323899296241415,1.48316150906056,"GSK3A"
"LYAR",9.72963328266666,6.89497294076923,4.83187760830755,5.90224933434073e-05,0.000324876811559167,1.478495639902,"LYAR"
"JPT1",9.06104839793938,10.5638619846154,4.82032020401329,6.08083366437482e-05,0.000333562311606475,1.44909457255606,"JPT1"
"NELFE",8.65240614775758,6.14040133846154,4.81239652773408,6.20639158714313e-05,0.000339868781623589,1.42893802694651,"NELFE"
"STAT2",8.86010682684847,6.27907035423077,4.80648112284851,6.3018186965271e-05,0.000344506579167896,1.41389056742954,"STAT2"
"NUDT3",9.18063617442423,6.52118940076923,4.8049267645122,6.32713673351435e-05,0.000345302411187883,1.40993668531512,"NUDT3"
"CRYAB",-9.24847915253333,11.3465671204615,-4.79655793504461,6.46521493485092e-05,0.000352238959693321,1.38864899139609,"CRYAB"
"PWP1",9.3266762029697,7.74042092884615,4.79396771858739,6.50856040569264e-05,0.000353999497319791,1.38206044014266,"PWP1"
"NECTIN1",9.55729439806059,6.74385784846154,4.7913661746322,6.55238870209788e-05,0.000355780293486161,1.37544315186603,"NECTIN1"
"RNASEH2B",9.11637543648484,6.47321611538462,4.79009025497816,6.57399218213153e-05,0.000355862313975165,1.3721977505434,"RNASEH2B"
"UBQLN2",9.25444052648483,10.8338512719231,4.78996727057184,6.57607828567382e-05,0.000355862313975165,1.37188493109984,"UBQLN2"
"QARS",8.38339862072727,10.8050828646154,4.78141430922093,6.72279629134319e-05,0.000363189449476773,1.35013032201971,"QARS"
"SEPHS1",8.15674994448484,9.54851779384615,4.77924802236669,6.76047483677379e-05,0.000364611155482472,1.34462047760545,"SEPHS1"
"GNAI3",9.3491176211515,6.64150417269231,4.77752838595631,6.79053537181198e-05,0.000365617919599742,1.34024670995298,"GNAI3"
"MYO1D",8.35659285654544,5.93795842884615,4.7750027023914,6.83492927398559e-05,0.000367391759467668,1.33382289190244,"MYO1D"
"ACADM",-1.11090067709091,15.0033969023077,-4.77098243606539,6.90619423983342e-05,0.000370601627351596,1.32359793323496,"ACADM"
"MRE11",8.63675853387879,10.1290725134615,4.76459089098766,7.02102978457677e-05,0.000376134967924989,1.30734244109817,"MRE11"
"ARIH1",9.58798972854544,6.83706718115385,4.75872012878498,7.1281938422021e-05,0.000381239567327109,1.29241197393446,"ARIH1"
"DPY30",9.57477044375758,9.40288952615385,4.75073694111792,7.27655242362866e-05,0.000388526734233351,1.27211006167697,"DPY30"
"SRSF4",8.62512700521211,10.0610911961538,4.74992723362119,7.29177167538628e-05,0.000388692613061704,1.27005096509879,"SRSF4"
"SAE1",1.58331435812121,13.9225322757692,4.74750832494702,7.33742766489729e-05,0.000390477701105397,1.26389971364539,"SAE1"
"RANGAP1",9.13980393248484,10.7541224253846,4.74652603784916,7.35604963022193e-05,0.000390820583830831,1.26140179891679,"RANGAP1"
"EFTUD2",8.85663599278788,10.4395890526923,4.72765151501628,7.72320719125659e-05,0.000408299371939743,1.21340797149935,"EFTUD2"
"CST3",-1.60482770030303,16.3894396688462,-4.72549701527232,7.76626818073227e-05,0.000409513755637251,1.20792996247756,"CST3"
"COPS3",8.65554001951515,10.2015278223077,4.72522605398476,7.77170075360193e-05,0.000409513755637251,1.20724102541737,"COPS3"
"PEA15",-1.59383585157578,14.5186773973077,-4.71879592659891,7.9017427986881e-05,0.000415003152880362,1.19089242303397,"PEA15"
"HDDC3",9.24752783351515,9.08105365346154,4.71723516657968,7.93363469200313e-05,0.000415997283115001,1.18692431444781,"HDDC3"
"TPM1",-1.64580261218182,15.5778508211538,-4.71163858666906,8.04905627398407e-05,0.000421360874114435,1.17269586506453,"TPM1"
"APMAP",-1.01565377563638,15.6039725823077,-4.70835270198057,8.11760489657673e-05,0.000424257233112618,1.16434231109816,"APMAP"
"P18135",-9.98245482151516,10.4987726773077,-4.70281679934569,8.23441691005441e-05,0.000429662501859587,1.15026916575538,"P18135"
"LIG1",9.26031150945454,7.72622876384615,4.69124013395282,8.48416190676058e-05,0.000441975252577836,1.12084165685555,"LIG1"
"NOP56",8.39765035721211,9.90261803846154,4.68498718563141,8.62219709910958e-05,0.000447403241952588,1.10494816531925,"NOP56"
"HSPA2",9.42296751866667,12.0727945646154,4.68455533766471,8.63181280830947e-05,0.000447403241952588,1.10385054636321,"HSPA2"
"UBE3A",9.35046693654544,9.21876778115385,4.68400303717529,8.64412620787176e-05,0.000447403241952588,1.1024467823735,"UBE3A"
"PGP",9.34748714157575,9.17124506230769,4.67312700761106,8.89021844407194e-05,0.000459399532802365,1.07480508167936,"PGP"
"DDX39A",8.98823414927273,10.6280469742308,4.66797073342727,9.00932760275504e-05,0.000464223766413495,1.0617013387101,"DDX39A"
"FERMT2",-8.73015603870303,10.0343693497692,-4.66783395675407,9.01250877144304e-05,0.000464223766413495,1.06135375490465,"FERMT2"
"LUM",-3.04280447818183,16.8280339961538,-4.66567291346858,9.06292001675786e-05,0.00046607228099,1.05586206822633,"LUM"
"TBC1D13",8.81968361751515,6.35870671192308,4.66011385925266,9.19389782192245e-05,0.000472051489768786,1.04173586445914,"TBC1D13"
"TXNDC5",-1.59882705454547,15.3574570707692,-4.65894152576946,9.22176027959816e-05,0.000472397171976358,1.03875693613481,"TXNDC5"
"TIMM8A",8.69982598648483,10.297103745,4.65859246884019,9.23007250947885e-05,0.000472397171976358,1.03786998117268,"TIMM8A"
"ABHD14B",-1.05789812648485,15.5205980496154,-4.65758492514095,9.25410761535892e-05,0.000472873110472719,1.03530982776119,"ABHD14B"
"TSTD1",9.20198212921212,7.75494492923077,4.65408087389556,9.33818591583643e-05,0.000476410788615566,1.02640630630752,"TSTD1"
"MGLL",-10.8509383369091,7.13630553807692,-4.6516947117269,9.39587791452607e-05,0.000478593209963717,1.02034345173822,"MGLL"
"RFC3",9.0767326950909,7.64072329576923,4.64864674048145,9.47008989105174e-05,0.000481608850402299,1.0125992828294,"RFC3"
"TFG",8.98708542442424,7.55539929653846,4.64010728615627,9.68114597717564e-05,0.000491563250644883,0.990904003465862,"TFG"
"PRKRA",8.72761127078787,8.68788667307692,4.62154420828761,0.000101563108489423,0.000514875221394245,0.943750417087895,"PRKRA"
"SERPINB5",8.84499450115149,10.5104575611538,4.62087861328313,0.000101737747418359,0.000514947052784724,0.942059886965249,"SERPINB5"
"ETFDH",8.43698396721211,10.0087861057692,4.620115949829,0.00010193822436989,0.000515116375349592,0.940122832475411,"ETFDH"
"NUP43",9.371432646,7.91837412730769,4.61953103504219,0.000102092245161216,0.000515116375349592,0.938637246613381,"NUP43"
"PGM5",-10.3160890633333,6.86871703576923,-4.61652775165161,0.000102886747368414,0.000518310160604775,0.931009584557784,"PGM5"
"ATG7",8.7225482920606,8.69586275653846,4.61563156671886,0.000103125023662812,0.000518696239708408,0.928733534524183,"ATG7"
"CDC73",8.87557685266666,6.41230715730769,4.61053967003278,0.000104489360402682,0.000523916183644072,0.915802099616527,"CDC73"
"SUN3",-10.1335896658788,6.74038092423077,-4.59811258128474,0.00010789535255379,0.000540150056700642,0.884245840502641,"SUN3"
"VPS25",8.7414379860606,7.41021913692308,4.59395446562259,0.000109059603724978,0.000545128143852733,0.873688293005886,"VPS25"
"HIST1H1D",-2.23775657212121,18.1478188184615,-4.57425310614224,0.000114748869332692,0.000572111058392732,0.823674701605814,"HIST1H1D"
"APOM",-9.89127332551515,11.5388865565385,-4.57403179455054,0.000114814434903372,0.000572111058392732,0.823112966083291,"APOM"
"TIA1",8.86467284066667,5.11423433115385,4.57064605188675,0.00011582217137665,0.000576209101280444,0.814519472690632,"TIA1"
"MTREX",8.62088119733333,4.97358530615385,4.57006509697322,0.000115995973645113,0.000576209101280444,0.813044971752324,"MTREX"
"CDKN1B",9.00779593133333,5.196805345,4.56817739953076,0.000116562510494082,0.000578128433037883,0.808253965295966,"CDKN1B"
"PTPN7",7.94888739666666,4.585896575,4.56362701299744,0.000117939564952387,0.000584055654216375,0.796705588179141,"PTPN7"
"TRMT6",8.53681657399999,4.925086485,4.56209430549577,0.000118407048082675,0.000585462308566372,0.792815931563221,"TRMT6"
"TTC37",8.39711264866666,4.84448806653846,4.5604450244474,0.000118912154567646,0.000585462308566372,0.788630543480513,"TTC37"
"AKT2",8.03936912199999,4.63809757038462,4.56022228623955,0.000118980534833042,0.000585462308566372,0.788065308097917,"AKT2"
"AHSA1",8.31643375430303,11.0261375369231,4.55942700300328,0.000119225006154262,0.000585462308566372,0.78604716047162,"AHSA1"
"CAGE1",8.40000409733332,4.84615621,4.55867961351497,0.000119455212216245,0.000585462308566372,0.784150573552145,"CAGE1"
"HEBP1",-1.16706848339396,14.7116605523077,-4.55785707537971,0.000119709078344797,0.000585462308566372,0.782063314459908,"HEBP1"
"SMARCE1",9.57129996563635,8.16566419269231,4.55698654727059,0.000119978343021841,0.000585462308566372,0.779854306763228,"SMARCE1"
"NELFCD",8.58077668799999,4.95044808923077,4.55697329665842,0.00011998244626462,0.000585462308566372,0.779820682924554,"NELFCD"
"AKR1C3",-1.83769066818182,15.0342968434615,-4.55684020155478,0.000120023668855242,0.000585462308566372,0.779482950375099,"AKR1C3"
"UBE4A",8.11201178799999,4.68000680076923,4.556761497179,0.000120048052052562,0.000585462308566372,0.779283236159309,"UBE4A"
"VAC14",8.04306490333333,4.64022975192308,4.55577592203313,0.000120353809786924,0.000586062785441941,0.776782337321732,"VAC14"
"EIF3J",8.21885271484847,9.84398146884615,4.55438205024767,0.000120787563018344,0.000587283772311918,0.773245452865977,"EIF3J"
"MYO1E",8.18778636133333,4.72372290076923,4.55369755734316,0.000121001138878377,0.000587432155311211,0.771508613357531,"MYO1E"
"DHX36",8.52358332666666,4.91745191923077,4.55182664629611,0.000121586828094721,0.000589383884223502,0.766761442566255,"DHX36"
"NUP98",8.73223738333334,5.03782925961538,4.55022794781487,0.000122089544162564,0.000590928125516845,0.762705087383656,"NUP98"
"SRP72",8.56351158466666,4.94048745269231,4.547159254074,0.00012306032946565,0.000594729815143479,0.754919232727151,"SRP72"
"NUBP1",8.07501626466666,4.65866322961538,4.54566022396498,0.000123537348668196,0.000596137371242468,0.751116054482847,"NUBP1"
"PPOX",7.90761267133333,4.56208423346154,4.54376645264216,0.000124142622917242,0.000598158674086232,0.746311517078368,"PPOX"
"ARMC1",9.27368748921212,9.31586987615385,4.54168529543059,0.000124811204451801,0.000599581030517854,0.741031753697035,"ARMC1"
"NUP133",8.5127761210303,7.24739915653846,4.54168435383855,0.000124811507755041,0.000599581030517854,0.74102936497985,"NUP133"
"VPS33B",8.87289980266665,5.11898065538462,4.53673058433507,0.000126417435235091,0.000606008460206881,0.728462715383612,"VPS33B"
"STARD10",9.72149569133333,5.60855520653846,4.53639440445858,0.000126527163707887,0.000606008460206881,0.727609937689578,"STARD10"
"STUB1",6.97121204139999,4.02185310080769,4.53347411935182,0.000127484349417184,0.000607491688306627,0.720202343048552,"STUB1"
"SH2D1A",8.55826543866666,4.93746083,4.53343025353338,0.000127498782359237,0.000607491688306627,0.720091075868254,"SH2D1A"
"SAFB2",8.70196702515151,10.4475459596154,4.5334019995964,0.000127508079469031,0.000607491688306627,0.720019408815195,"SAFB2"
"CDK1",8.78737743,6.420612595,4.53059188849096,0.000128436151488397,0.000610594977964838,0.712891643970112,"CDK1"
"SP100",8.75912112521211,7.49658311615385,4.52970223226755,0.000128731374200193,0.000611093165397069,0.71063512967536,"SP100"
"BPNT1",8.48856483030302,11.3067357769231,4.52179641144962,0.000131384776195648,0.000622767720549237,0.690584447750854,"BPNT1"
"USP15",8.05819721006059,8.11334423615385,4.5209419952227,0.000131674790375725,0.000623221832324044,0.688417652940203,"USP15"
"MYDGF",-1.3471770809697,15.1913356469231,-4.51540096673695,0.000133571153150161,0.00063033798596892,0.674366447268883,"MYDGF"
"GPNMB",9.74270232345452,12.9123723165385,4.51064499300359,0.000135220565849491,0.00063718472218945,0.662307155341916,"GPNMB"
"MRPS27",7.74813044490908,10.3342703657692,4.50953788267325,0.000135607429190631,0.000638070733537734,0.659500107952796,"MRPS27"
"DNAJA1",7.96979411369696,10.6515580661538,4.50535500625396,0.000137079071474877,0.000644050864367319,0.648895064648722,"DNAJA1"
"SEPTIN2",-1.2196094648485,14.3376768730769,-4.50084811507243,0.000138682554325582,0.00064971656425619,0.637469466405327,"SEPTIN2"
"MOB1B",8.84073082654545,10.6810085961538,4.50071008200942,0.000138731958700307,0.00064971656425619,0.637119548758045,"MOB1B"
"EEF1A2",10.3747058816364,7.59282650576923,4.50026228521356,0.00013889235371759,0.00064971656425619,0.635984377793101,"EEF1A2"
"UPF1",7.57092329193939,10.1370039834615,4.49382466152318,0.000141218786179702,0.000658822943320496,0.619665993591946,"UPF1"
"LRRFIP1",8.46294277357574,8.54235158384615,4.493177021112,0.00014145497287249,0.000658822943320496,0.618024437463276,"LRRFIP1"
"PAPSS1",9.07593756199999,5.23611782423077,4.49110977380066,0.000142211513471569,0.000661386589464152,0.612784782040019,"PAPSS1"
"ATP5PO",-2.31133510581819,14.3162813007692,-4.48806270859872,0.000143334000595208,0.000665642269044894,0.605062062768355,"ATP5PO"
"C1QC",-11.0182414692121,7.46518077384615,-4.48364486910152,0.000144977175600897,0.000672300226160806,0.593865973683241,"C1QC"
"UNC45A",7.78942097903029,10.3909059223077,4.48273343077698,0.000145318508319352,0.000672910668393653,0.591556246894416,"UNC45A"
"CHTOP",9.02985802096968,6.61006547,4.48141419965642,0.000145813979590466,0.000674232075656781,0.588213184433633,"CHTOP"
"SEC24C",8.56500389942423,5.80293032942308,4.47945032957383,0.000146554685227402,0.000676681992654291,0.583236707525269,"SEC24C"
"GPD1",-5.11133344575758,14.8907803403846,-4.47592295614704,0.000147894529945402,0.000681887279590222,0.574298786695758,"GPD1"
"PDS5B",8.61140647060605,7.41303888038462,4.46810214049516,0.000150908943675993,0.000694787374829642,0.554484130084036,"PDS5B"
"PTK2B",8.41350651783636,6.15879720434615,4.4665276224588,0.000151523188447276,0.000696615919380099,0.550495352767115,"PTK2B"
"CDV3",8.73032601284847,8.84869430769231,4.45961373881557,0.000154250055523996,0.000708137951611594,0.532981753838127,"CDV3"
"NAT10",8.28191016921211,7.11876537307692,4.45878303368049,0.00015458096552206,0.000708643311943274,0.530877662830108,"NAT10"
"NACA",8.42721259951514,10.2305168246154,4.45694490111063,0.000155315701070164,0.000710995841275543,0.526221994354577,"NACA"
"HINT2",8.68902599339393,10.5742995388462,4.44779068080174,0.000159026994793767,0.000726695623459143,0.50303871101365,"HINT2"
"CDK6",9.10003204303029,7.80056287,4.44737354569691,0.000159198199841626,0.000726695623459143,0.501982416753926,"CDK6"
"CBSL",9.47132402537576,6.87005791834615,4.42889155516756,0.00016697109151688,0.000760014514436407,0.455191116474778,"CBSL"
"GYG1",8.64506048915151,7.45601680576923,4.42773244407384,0.000167470992356977,0.000761210218801045,0.452257222602633,"GYG1"
"BCLAF1",7.81760259472727,10.5571079203846,4.42702146416822,0.000167778361254667,0.000761528658085185,0.450457658716098,"BCLAF1"
"CALML3",-1.73417946600001,17.3049550765385,-4.42467325834542,0.000168797531965468,0.00076507242948755,0.444514317264823,"CALML3"
"DDX46",8.0570147058788,10.8553189903846,4.42197138147697,0.000169977839723644,0.00076933552563212,0.437676232247036,"DDX46"
"CES1P1",-9.032138056,10.7543341915385,-4.41013970370592,0.000175244103872293,0.000792053984966461,0.407737000531577,"CES1P1"
"H6PD",8.22566990054545,8.39705569423077,4.40790909694915,0.000176255007478548,0.000795502558366611,0.402093557494115,"H6PD"
"ARL3",9.18422049878786,11.2388357138462,4.40330086297329,0.000178361881314301,0.000803881007215718,0.3904356788159,"ARL3"
"A2VCL2",9.45385022175756,10.4095176696154,4.39782341777595,0.000180898815372041,0.000814171526688471,0.376580591745586,"A2VCL2"
"BAZ1B",9.04779023727273,7.81114342576923,4.39617020150648,0.000181671557892479,0.000816504242684825,0.372399184118451,"BAZ1B"
"STAG2",9.09206484721211,7.89590437269231,4.39477444780661,0.00018232651719959,0.000818301809361518,0.368869099597552,"STAG2"
"IGHV3-23",-10.3946591481212,7.11164813615385,-4.38877260988611,0.000185169795207238,0.000829902057011212,0.353690901548018,"IGHV3-23"
"FBLN1",-1.89777506842425,15.2465453373077,-4.38801366623471,0.000185532464184229,0.000830367751139736,0.351771754013225,"FBLN1"
"MAP2K2",7.39785188424242,10.0647571907692,4.38004771741608,0.000189382018971529,0.000846416293704228,0.331630435650808,"MAP2K2"
"CHMP4A",8.81368363254544,7.66864740576923,4.36241186569775,0.000198189865671042,0.000884549762083968,0.287054363428822,"CHMP4A"
"PABPN1",8.96943287084848,11.0195477919231,4.35989143620866,0.000199481512709157,0.000889078019838452,0.280685479775953,"PABPN1"
"HDAC7",7.31058625964242,5.01573341211538,4.34665764395675,0.000206402212239329,0.000917374929468154,0.247252145213883,"HDAC7"
"NTMT1",7.97925614357575,10.844391785,4.34120857822967,0.000209320821239421,0.000929060187216186,0.233489403005216,"NTMT1"
"CDK5RAP3",8.36115015618181,8.60612714653846,4.33937239116551,0.00021031353573258,0.000932176983654487,0.228852208039087,"CDK5RAP3"
"PPAT",9.21937794975757,9.492351375,4.33769840364215,0.000211222640639432,0.000934915108706119,0.224624849598865,"PPAT"
"NCL",1.14482251575756,16.3821979492308,4.3330943411517,0.000213743220211442,0.000944768586306499,0.212999145724217,"NCL"
"SNRPC",8.42945026151515,8.66978075346154,4.33085889526755,0.000214977827709904,0.000948918637030376,0.207354981090822,"SNRPC"
"COPS5",8.38777257666667,7.90330493346154,4.33031147011707,0.000215281243381049,0.000948952623639817,0.205972870285176,"COPS5"
"PPP5C",7.74719190327271,10.6245640030769,4.31992788150203,0.000221117808744792,0.000973343001731192,0.179761083278113,"PPP5C"
"IGHV1-46",-10.8099052684849,7.49548349307692,-4.31718652919239,0.000222684800256917,0.000978897978115681,0.172842288962853,"IGHV1-46"
"STOML2",8.67759445424242,8.93984795192308,4.31430511931007,0.000224343758165096,0.000984841477362232,0.165570614922991,"STOML2"
"OXSR1",9.20286442969696,8.08748004692308,4.30717249925666,0.000228503394735018,0.00100173141216485,0.147573064093677,"OXSR1"
"SMU1",7.7232481152121,10.5183019619231,4.30560976241177,0.000229424953651857,0.00100439928549633,0.143630368514689,"SMU1"
"CBX5",9.04539705551515,10.0879077230769,4.30129014823503,0.00023199153873186,0.00101294060555433,0.132733204069386,"CBX5"
"CSNK2B",8.07284538509089,11.04379357,4.30126381082939,0.000232007274877666,0.00101294060555433,0.132666766654707,"CSNK2B"
"LZTFL1",8.99038837290908,9.30777047192308,4.2935318488967,0.000236673182819775,0.0010319079397672,0.11316483711477,"LZTFL1"
"CLEC3B",-9.63974337912122,7.74357968142308,-4.29048845307036,0.000238535226185471,0.0010381964512519,0.105489918588002,"CLEC3B"
"CARD6",-11.0889522605455,9.56409742653846,-4.29008755868033,0.000238781588890744,0.0010381964512519,0.10447898656805,"CARD6"
"PDCD4",8.0557521790909,11.100764585,4.28335561589643,0.000242956579542066,0.00105357792398715,0.0875050064200584,"PDCD4"
"RPL21",7.27710306448484,9.86965710923077,4.28272491270255,0.000243351424794279,0.0010538660218149,0.0859149308058811,"RPL21"
"SQSTM1",7.59023820921211,10.4214328476923,4.27941164199973,0.000245436164491472,0.00106003317880637,0.0775623167860093,"SQSTM1"
"SF3A3",7.79272640206061,10.5319432667692,4.27883112601308,0.000245803253691076,0.00106019172190143,0.0760989516991204,"SF3A3"
"CSK",8.07094037715152,11.1431413942308,4.27474233264699,0.000248404305541423,0.00106997237111735,0.065792690643633,"CSK"
"HEXA",9.01991402878787,7.95803359961538,4.26764801811122,0.000252982363181611,0.0010882311038201,0.0479139093627339,"HEXA"
"ZPR1",7.74742966981818,10.7091086715385,4.26397210946391,0.000255387355647615,0.00109710578885301,0.0386516731862327,"ZPR1"
"MAOA",-9.17846866806061,4.60812232730769,-4.25058684321292,0.000264338321186068,0.00113403966936643,0.0049341729012502,"MAOA"
"SEPTIN11",-1.02344567466668,15.1628269423077,-4.24687894505284,0.000266872520317876,0.00114338306769034,-0.00440334634602024,"SEPTIN11"
"ATP6V1H",8.19881711860607,11.3733615019231,4.24466208776909,0.000268399165498559,0.00114699457326796,-0.00998544774766419,"ATP6V1H"
"EIF2S2",7.53926090569697,10.4473871230769,4.24461696604521,0.000268430328614595,0.00114699457326796,-0.010099060979452,"EIF2S2"
"SNCG",-8.9345093889091,10.9138387234615,-4.23897225182452,0.000272357306600559,0.00116068339559256,-0.0243106563825073,"SNCG"
"SELENBP1",-5.94989736103031,13.8699006734615,-4.23592195529254,0.000274503064076125,0.00116827630320993,-0.0319891823862912,"SELENBP1"
"PDS5A",7.40500259224242,10.2146904592308,4.23364726230013,0.000276114137105665,0.0011735765112213,-0.0377147488995844,"PDS5A"
"TBL1XR1",7.62191201715151,10.5954562011538,4.22502287580613,0.000282308186495302,0.00119673311818154,-0.0594188127338686,"TBL1XR1"
"EIF2AK2",8.47735520151515,5.95420727884615,4.22336872155647,0.000283511876672399,0.00120025014807616,-0.0635808900043324,"EIF2AK2"
"VPS45",7.60851558151515,9.51109693192308,4.22012111692448,0.000285889926470041,0.0012087230224537,-0.0717515933058035,"VPS45"
"BIRC6",6.17948527746666,4.36052754607692,4.21892169864011,0.000286773195871317,0.00121086208625139,-0.0747689905680469,"BIRC6"
"SUMO2",-1.05681574915153,17.0891975680769,-4.21536499691818,0.000289408363264276,0.00121978774992417,-0.0837158834556408,"SUMO2"
"HIST1H1B",-2.54384432072729,16.33307958,-4.21504406043957,0.000289647324849554,0.00121978774992417,-0.0845231437458231,"HIST1H1B"
"DNAJB1",7.66001569866665,10.5877279161538,4.21419181535832,0.000290282837126855,0.0012208618929752,-0.0866667737192701,"DNAJB1"
"TXNL1",-1.18728691551516,15.8653517776923,-4.21293580751222,0.000291221956026147,0.00122320845142396,-0.089825857421542,"TXNL1"
"CFD",-7.65103056762424,4.56625368238462,-4.21120596842792,0.000292520298270965,0.0012270557348386,-0.094176476015023,"CFD"
"SNU13",8.20554684618181,11.4028970361538,4.20969749270896,0.000293657183569093,0.00123021658234102,-0.0979701333687641,"SNU13"
"SERPINC1",-5.83381089030304,13.3475037346154,-4.2089968159687,0.000294186749746185,0.00123082826588723,-0.0997321906551445,"SERPINC1"
"NAA10",7.70265929333332,10.68766072,4.20638247167356,0.000296171031327949,0.00123622931702669,-0.10630632894583,"NAA10"
"TNFAIP8",8.55632791442424,7.57345325846154,4.20628120418504,0.000296248159798542,0.00123622931702669,-0.106560967717605,"TNFAIP8"
"SRM",8.0207711169697,11.1437273684615,4.19987592821924,0.000301167340605301,0.001255124670133,-0.122665213683754,"SRM"
"PSPC1",8.31999340992726,7.33731362530769,4.19212693468461,0.000307226943978914,0.00127871759173584,-0.14214274445561,"PSPC1"
"ATP6V1G1",7.63684535799998,10.6255046819231,4.18804666876064,0.000310466118014772,0.00129052561231788,-0.152396449363533,"ATP6V1G1"
"NIPSNAP2",-1.13488811248486,15.21241925,-4.18738370873859,0.000310995608299641,0.00129105421349748,-0.154062318222459,"NIPSNAP2"
"MTOR",7.26043991321212,8.31258737,4.1859207748381,0.00031216719048326,0.00129424355847646,-0.157738192814617,"MTOR"
"LGALS7",9.4257515790909,6.61980871423077,4.18490513551012,0.000312983133571103,0.00129595209758667,-0.160290042368666,"LGALS7"
"SPARC",-9.12118404024243,8.07456003923077,-4.18369806174546,0.000313955623061166,0.00129830360103516,-0.163322753269174,"SPARC"
"MAPK14",-1.56371542212123,15.1688462226923,-4.18225535913417,0.000315121882260098,0.00130144931811153,-0.166947286538214,"MAPK14"
"CGGBP1",8.33210754812122,10.3646055484615,4.17957052526544,0.000317303714655471,0.0013081980562499,-0.173691921147856,"CGGBP1"
"MYCBP",7.8205978370303,10.9236824511538,4.17924251813766,0.000317571295051004,0.0013081980562499,-0.174515868031764,"MYCBP"
"BAD",8.58608153030304,6.10372090153846,4.17428162335724,0.00032164567443738,0.00132207350058093,-0.186976260794186,"BAD"
"RBM3",8.12347447515149,11.3542373176923,4.17413896477423,0.000321763603600407,0.00132207350058093,-0.187334544303331,"RBM3"
"PITRM1",7.85132971066666,10.9551171646154,4.17268031444682,0.000322971865205606,0.00132534106834372,-0.190997794882364,"PITRM1"
"SAA1",-9.62344257157576,5.79814045192308,-4.17033574138898,0.000324923410681349,0.00133164651963786,-0.196885514428903,"SAA1"
"STAT3",7.01989328212121,10.9441737465385,4.15350942631009,0.00033927641280262,0.00138781905256228,-0.23912403666113,"STAT3"
"LMNB1",-1.72533777800001,14.5898167703846,-4.15325920150355,0.00033949453295774,0.00138781905256228,-0.239751954286624,"LMNB1"
"NPC2",8.00429913393938,11.1472530376923,4.14887929815469,0.000343335073210017,0.00140173314240578,-0.250741921504569,"NPC2"
"APOH",-4.8543789289697,14.8304760153846,-4.14658950502189,0.000345360002601065,0.0014082087018384,-0.256486651695341,"APOH"
"PPP1R14B",8.28272509987879,11.5987468353846,4.14425575229824,0.000347435988434467,0.00141487574477945,-0.262341120307631,"PPP1R14B"
"RBM25",8.32653443409091,7.95212537373077,4.14248081581645,0.000349023157389745,0.00141866630766065,-0.266793366027176,"RBM25"
"MYO1G",7.43783458438181,10.2693050958846,4.14222670194676,0.000349250976332788,0.00141866630766065,-0.267430758149632,"MYO1G"
"NELFA",8.52480664575758,6.09266437115385,4.14023298929373,0.000351043507906586,0.00142234673847504,-0.272431344331588,"NELFA"
"MOCS2",8.4865324309697,6.06012460884615,4.1342843654664,0.000356446240543159,0.00144241612345901,-0.287349116711014,"MOCS2"
"MFAP4",-8.13334551454546,3.44103079461538,-4.12724834074312,0.000362943046336904,0.00146685672001905,-0.304989092655417,"MFAP4"
"HMOX2",8.42653852872727,6.02423626307692,4.1250684243636,0.000364979608663184,0.00147323215622661,-0.31045329595971,"HMOX2"
"G3BP1",1.10644149460605,14.4990361442308,4.12025425048684,0.000369517397645837,0.0014878059335577,-0.322518782680393,"G3BP1"
"HDAC1",8.53954386248484,12.0131563688462,4.1182482210298,0.000371424717581171,0.00149361142696489,-0.327545653486307,"HDAC1"
"PABPC4",8.23521702018181,9.54238986423077,4.11678389138766,0.000372823148085493,0.00149735855094662,-0.331214818530368,"PABPC4"
"SNCA",-7.95436012927273,12.0957263965385,-4.11206383467498,0.000377366387584457,0.00151250806760839,-0.343040285258467,"SNCA"
"CTSG",-8.4643354119394,11.6362136273077,-4.11188680291481,0.000377537850468782,0.00151250806760839,-0.343483767992471,"CTSG"
"APOC2",-8.86910349945455,11.094444435,-4.09989185495546,0.000389337011823177,0.00155783350491344,-0.373524442060202,"APOC2"
"MCM7",8.2678570620606,11.6505991330769,4.09641346317404,0.00039282642719027,0.00156983811314268,-0.38223294243096,"MCM7"
"VTA1",10.0698509447273,7.23897682846154,4.09555307179237,0.00039369431191126,0.00157134956084979,-0.384386812575804,"VTA1"
"TRARG1",-8.13152816363636,3.44026191538462,-4.09386029193236,0.000395407380862364,0.00157622644122649,-0.388624212956201,"TRARG1"
"NAGA",7.53905765399998,10.6619823588462,4.09258549787965,0.000396702324356175,0.00157942649982502,-0.391815093707879,"NAGA"
"SHMT1",8.88310549551515,6.38803929692308,4.09120376183011,0.000398110642739984,0.00158306945793384,-0.395273452818517,"SHMT1"
"MOV10",8.49549539939393,6.10007600307692,4.08407681668861,0.000405453688726462,0.0016102733751525,-0.413108167811801,"MOV10"
"CSTF1",8.13642376181817,5.85789005,4.08133227888207,0.000408317067505569,0.00161764132052515,-0.419974676843134,"CSTF1"
"RNMT",8.51663082727273,6.12777182461538,4.08035420583734,0.000409342322508751,0.00161970346847174,-0.422421494856044,"RNMT"
"GULP1",8.18563563921212,11.607476155,4.07206903751784,0.000418130007174743,0.00164934373228726,-0.44314391992776,"GULP1"
"SEC16A",8.31488680357575,5.99425483807692,4.07179365412647,0.000418425277340307,0.00164934373228726,-0.443832560080988,"SEC16A"
"CYB5R3",-8.60995648721213,10.8660063157692,-4.07136894214888,0.000418881064437531,0.00164934373228726,-0.444894603207946,"CYB5R3"
"KLC1",8.41219725539393,9.82136865153846,4.07136145276733,0.000418889106205707,0.00164934373228726,-0.444913331117579,"KLC1"
"RBM39",7.88143767921212,11.1938754219231,4.06885224620703,0.000421592000767087,0.00165592255870451,-0.451187478520936,"RBM39"
"OSTF1",7.87838596096969,11.1710543261538,4.06547273841622,0.00042525967136297,0.00166828641247405,-0.459636627621275,"OSTF1"
"ACO1",-1.08748850981819,15.3466878746154,-4.06359705728204,0.00042730889438355,0.00167427868385447,-0.464325472503414,"ACO1"
"DCTD",8.32223104266667,6.0124518,4.06106212425442,0.000430093898582097,0.00168313575676823,-0.470661673808197,"DCTD"
"DRG2",7.99517769799999,5.77702713807692,4.06005583418944,0.000431204432444219,0.00168542633826248,-0.473176742968376,"DRG2"
"COMMD6",8.21737658563635,5.94325766038462,4.05490722742179,0.000436930940346287,0.00170365903714609,-0.486043055470708,"COMMD6"
"VPS26A",8.91885957242422,11.3733372280769,4.04977252445563,0.000442716905696383,0.00172412445434429,-0.498871526119539,"VPS26A"
"LIMA1",6.38257782059394,9.74975279123077,4.03527396278985,0.000459466693123501,0.00178532161745181,-0.535077635247883,"LIMA1"
"ARPC3",-1.34417047921214,16.2147458757692,-4.03486220294877,0.000459951428926181,0.00178532161745181,-0.536105522489433,"ARPC3"
"FHL2",7.95405933569697,9.31971068961538,4.03473606432266,0.00046010002419216,0.00178532161745181,-0.536420401661289,"FHL2"
"ABR",8.24812503303029,5.97151675653846,4.03246118728987,0.000462788063604013,0.00179358320785662,-0.542098834721355,"ABR"
"TSC22D1",7.89420237375757,11.1616895942308,4.03089206205236,0.000464651216648422,0.00179863179037972,-0.54601524048234,"TSC22D1"
"RPL34",8.25365469933331,11.749791765,4.02658774634742,0.00046980025138833,0.00181418653033111,-0.556756916317021,"RPL34"
"PSAP",-1.13716045806061,17.2811475623077,-4.02421268120225,0.000472665532243412,0.0018222633952468,-0.562683064183363,"PSAP"
"EML2",7.6862785890303,10.9161532973077,4.02391361369068,0.000473027550090554,0.0018222633952468,-0.563429234011876,"EML2"
"APOC3",-4.45350592581819,14.43986516,-4.02238499964496,0.000474882205710943,0.00182721462605086,-0.567242936121984,"APOC3"
"GABARAPL2",7.71446194363635,6.52417046769231,4.01815835402882,0.000480047863415611,0.00184487855533018,-0.577786394510481,"GABARAPL2"
"SNRNP200",7.39848508103029,10.5727311611538,4.011505831,0.000488291068732115,0.00187431344445138,-0.594376775305753,"SNRNP200"
"PRPSAP1",8.47112302763635,6.16326069846154,4.0104946027207,0.000489556281097127,0.00187692485787417,-0.596898142333814,"PRPSAP1"
"ACADS",-4.08666063563637,13.6554964153846,-4.00777711740774,0.000492972375574983,0.00188551651158536,-0.603673206784524,"ACADS"
"CACYBP",7.53325840333332,10.8034001073077,3.99924640752175,0.000503849930125218,0.00192482669734741,-0.624935400892954,"CACYBP"
"IGKV2-30",-9.19956518254546,4.82368763307692,-3.99803413377542,0.000505414830837642,0.00192850914644232,-0.627956160299895,"IGKV2-30"
"MFAP5",-7.93687214848485,4.16352597076923,-3.9884296917841,0.000517983934199417,0.00197177988712447,-0.651881997953399,"MFAP5"
"RPL28",8.85984330151514,8.09133775038462,3.98627292494089,0.000520848623936002,0.00198033558555762,-0.657253137642081,"RPL28"
"MAPKAPK3",7.08556618218181,10.1512901653846,3.98277043739202,0.000525534121898051,0.00199578579546846,-0.665974332395687,"MAPKAPK3"
"CPSF6",7.49066352781817,10.7713340588462,3.98158701410272,0.000527126652289211,0.00199946740803319,-0.668920696690222,"CPSF6"
"ZC3HAV1L",7.96752716957575,7.94878639923077,3.97868397793913,0.000531053477275703,0.0020119841895841,-0.676147601658031,"ZC3HAV1L"
"CES1",-7.02569443275758,12.0466464694231,-3.97805712159796,0.000531905186843389,0.00201283460445806,-0.677707972124652,"CES1"
"ARPC5",-1.14631262121212,15.27255478,-3.97570965745095,0.000535106687615433,0.00202256461785386,-0.683550821622453,"ARPC5"
"SRRM1",8.15875293218181,8.14245568730769,3.9744856575031,0.00053678353422695,0.0020265157192168,-0.686597076682134,"SRRM1"
"NFKB1",7.28730155678787,10.5020906811538,3.96756622813334,0.000546361001002438,0.00205783151668641,-0.703814236104966,"NFKB1"
"DICER1",8.22029431066665,4.74247748692308,3.95966798590618,0.000557499611954646,0.00209059787509973,-0.723459143219262,"DICER1"
"RABGAP1",7.55901308266665,4.36096908615385,3.95797509264429,0.000559916055365853,0.00209059787509973,-0.72766870715302,"RABGAP1"
"EPM2AIP1",8.25820927466667,4.76435150461538,3.95735681360538,0.000560801164732804,0.00209059787509973,-0.729206029499969,"EPM2AIP1"
"IDE",6.82311028,3.93640977692308,3.9569190854355,0.00056142863788727,0.00209059787509973,-0.730294389339205,"IDE"
"MRI1",8.49779766533333,4.90257557615385,3.95684043706019,0.000561541451925575,0.00209059787509973,-0.730489936582302,"MRI1"
"AMPD3",7.20145888533333,4.15468781846154,3.95683873266687,0.000561543896972577,0.00209059787509973,-0.730494174288273,"AMPD3"
"WBP11",8.74284728266666,5.04395035538462,3.95631345835868,0.000562297933069947,0.00209059787509973,-0.731800167619724,"WBP11"
"TNFAIP2",8.90338435,5.13656789423077,3.95623600613051,0.000562409200970425,0.00209059787509973,-0.731992734513939,"TNFAIP2"
"CAMK1D",7.59259438333333,4.38034291346154,3.95621706627807,0.000562436413276534,0.00209059787509973,-0.732039823915003,"CAMK1D"
"CRLF3",7.90796289193937,11.4036334365385,3.9546432300142,0.000564702208707354,0.00209059787509973,-0.735952621368683,"CRLF3"
"NCBP2",8.02853174866666,4.63184523961538,3.95419993475246,0.000565342029561371,0.00209059787509973,-0.737054660795327,"NCBP2"
"ZC3HAV1",8.23917108866666,4.75336793576923,3.95393702142968,0.000565721837927027,0.00209059787509973,-0.737708255167219,"ZC3HAV1"
"DSC3",7.82561159133333,4.51477591807692,3.95347449411068,0.000566390622896276,0.00209059787509973,-0.738858061071786,"DSC3"
"IGLC7",-6.49485813182424,3.4140161395,-3.95346073187623,0.000566410534158798,0.00209059787509973,-0.738892272442285,"IGLC7"
"SMARCB1",8.21495063066667,4.73939459461538,3.95272234457269,0.000567479849758175,0.00209059787509973,-0.740727782855606,"SMARCB1"
"ARHGEF18",7.160577736,4.13110254,3.95250769055224,0.000567791080433908,0.00209059787509973,-0.741261363899635,"ARHGEF18"
"NUDCD1",7.430854614,4.28703150807692,3.95223204842234,0.000568190985932921,0.00209059787509973,-0.741946538354139,"NUDCD1"
"IKBKG",7.48052869333333,4.31568963076923,3.95199725507323,0.000568531846683154,0.00209059787509973,-0.742530165275152,"IKBKG"
"CKAP5",5.99802110953939,9.61400740869231,3.95195926100495,0.000568587023460096,0.00209059787509973,-0.742624606605456,"CKAP5"
"COA6",8.27797047533332,4.77575219730769,3.95167838102516,0.000568995094600271,0.00209059787509973,-0.7433227800195,"COA6"
"FBLL1",9.86584025133332,5.69183091423077,3.95166718617354,0.000569011364816145,0.00209059787509973,-0.743350606443935,"FBLL1"
"TYMS",7.85395280799999,4.53112662,3.95140460266256,0.00056939312646842,0.00209059787509973,-0.744003290903063,"TYMS"
"POLB",7.72606979399999,4.45734795807692,3.95078583330545,0.000570293735169559,0.00209151153846756,-0.745541283257309,"POLB"
"IRF9",7.98595752733334,4.60728318884615,3.94940887359002,0.00057230292589999,0.00209526079174658,-0.748963621587613,"IRF9"
"NUBP2",7.60350497133333,4.38663748346154,3.94919070189309,0.00057262191161164,0.00209526079174658,-0.749505848634428,"NUBP2"
"PRODH",8.17185805866666,4.71453349538462,3.94777015115227,0.000574703173386148,0.00209639307160899,-0.753036217091432,"PRODH"
"ADH1B",-5.89254623690909,14.428055635,-3.94737951829042,0.000575276800645073,0.00209639307160899,-0.754006974030229,"ADH1B"
"C17orf75",6.47638429,3.73637555192308,3.94729045921069,0.000575407659079014,0.00209639307160899,-0.754228290746265,"C17orf75"
"PRSS16",7.86727369333332,4.53881174615385,3.94719735090725,0.000575544498624967,0.00209639307160899,-0.754459668849786,"PRSS16"
"ZNF428",7.59083430866666,4.37932748576923,3.94547651243689,0.000578079372461924,0.00210323889595274,-0.758735812820595,"ZNF428"
"NAE1",7.64722139157575,11.0670281842308,3.94207405282608,0.000583123820833955,0.00211725921639613,-0.767189456684371,"NAE1"
"GIT2",7.47553566030303,6.38624921115385,3.94198766585357,0.000583252460982915,0.00211725921639613,-0.767404070372026,"GIT2"
"DIDO1",6.51637621559999,3.75944781669231,3.94145509743488,0.000584046135348244,0.00211774468738137,-0.768727123066373,"DIDO1"
"SORD",8.15827454066666,4.70669685038462,3.94005107208624,0.000586143633377068,0.00212295137641875,-0.77221493782331,"SORD"
"RCN1",7.83448182333333,4.51989335961538,3.93905809534963,0.000587631544034625,0.00212594095243192,-0.774681480843129,"RCN1"
"YBX3",8.03666545666666,4.63653776346154,3.93800154372913,0.000589218809752177,0.00212928283839497,-0.77730579390014,"YBX3"
"CHAMP1",8.25326155399999,4.76149705038462,3.93755393931052,0.000589892524307122,0.0021293195843662,-0.778417528539867,"CHAMP1"
"PAK1",8.11042299866666,4.67909019153846,3.93454993657336,0.000594433725272116,0.00214142523816952,-0.785877984418494,"PAK1"
"DDX19B",7.14046133333333,4.11949692307692,3.93445300510253,0.000594580831165175,0.00214142523816952,-0.786118693398285,"DDX19B"
"SNRPA",7.87904830181818,11.4019639676923,3.93140544300768,0.000599224255979899,0.00215572941416984,-0.7936860093335,"SNRPA"
"TP53RK",8.34302746133332,4.81328507384615,3.92692937935532,0.000606109144536633,0.00217805626519379,-0.804798051237406,"TP53RK"
"CAV1",-9.64800747357576,7.61289785307692,-3.92567366749048,0.000608054602599858,0.00218260315407488,-0.807914912579967,"CAV1"
"KPNA4",8.24016876291515,8.23784323888462,3.92338268480759,0.000611619874300837,0.00219294768338703,-0.813600897941706,"KPNA4"
"DDX6",7.95084196424241,11.5604287692308,3.92209704843493,0.000613629629969111,0.00219769808322643,-0.816791392903781,"DDX6"
"RPA1",6.55157037030303,11.9410274330769,3.92115614834258,0.000615104607060136,0.00220052473138905,-0.819126226666474,"RPA1"
"DNM3",7.16932477679999,4.13614890969231,3.91982383929948,0.000617199148704,0.00220522974194712,-0.822432123905175,"DNM3"
"ARL6IP5",-1.00350141660607,15.4873316123077,-3.9193137983041,0.000618002851725767,0.00220522974194712,-0.823697637084594,"ARL6IP5"
"ZC3H4",7.70061494799999,4.44266247,3.91883141162575,0.000618763927783569,0.00220522974194712,-0.824894500538991,"ZC3H4"
"PPP1R7",-1.00585686218183,14.4186283623077,-3.91788518990046,0.000620259496167364,0.00220522974194712,-0.827242102764584,"PPP1R7"
"TOM1",8.74143435739393,6.44293133346154,3.91786636564763,0.000620289285326856,0.00220522974194712,-0.827288804968743,"TOM1"
"ELF1",7.697766316,4.44101902846154,3.91735900791486,0.000621092704667418,0.00220522974194712,-0.828547519904798,"ELF1"
"BID",7.94675050072726,6.82626627769231,3.91727224967691,0.000621230192184542,0.00220522974194712,-0.828762756667111,"BID"
"ADIRF",-8.33286977103031,11.7393776884615,-3.91558216446218,0.000623914498994712,0.00221231119035805,-0.832955441851124,"ADIRF"
"NRCAM",7.48283385799999,4.31701953346154,3.91474914625905,0.000625241759215034,0.00221457042529917,-0.835021805520399,"NRCAM"
"MMUT",8.18778179545454,9.81834111115385,3.90690381045295,0.000637879218959788,0.00225523403733661,-0.854477885764761,"MMUT"
"FARP1",6.28428701473332,3.62555020080769,3.90671855679044,0.000638180653591512,0.00225523403733661,-0.854937199937716,"FARP1"
"SH3GLB2",8.29220730533333,9.93174295307692,3.90631934456678,0.000638830707366461,0.00225523403733661,-0.855926981849874,"SH3GLB2"
"SMAD9",8.70032260296969,8.79223960269231,3.90549022967737,0.000640182875910244,0.00225716177280386,-0.857982564370354,"SMAD9"
"PROS1",-9.20464491869697,7.74856013788462,-3.90512247252969,0.000640783538493088,0.00225716177280386,-0.858894294336091,"PROS1"
"PTMA",7.1776773520606,12.6101455503846,3.90173495572949,0.000646342608325007,0.00227424718214358,-0.867291583446859,"PTMA"
"CCDC91",6.88976130599999,3.97486229192308,3.90027276621647,0.000648756792129123,0.00228024156182076,-0.870915680990063,"CCDC91"
"SZRD1",7.6680204621212,11.1842156734615,3.89658081282016,0.000654892108066212,0.0022992874997642,-0.880064960267022,"SZRD1"
"UQCRH",8.76341400181818,6.48167950846154,3.89501248672283,0.000657515638348073,0.00230597561033767,-0.88395093481876,"UQCRH"
"EIF4G2",8.42939827133333,9.21100208730769,3.89422191749491,0.000658842044043841,0.00230810493377368,-0.885909659166188,"EIF4G2"
"CTSZ",-1.1748920818788,15.5322355896154,-3.89082172599102,0.000664576962273071,0.00232565700319988,-0.894332974576264,"CTSZ"
"DCTPP1",7.60334720012122,12.3998008561538,3.89008765060668,0.000665821529436511,0.00232747416989299,-0.896151281626738,"DCTPP1"
"ACAA2",-1.24741677496971,14.7868742796154,-3.88927524517835,0.00066720157672284,0.00232976045669597,-0.898163520168565,"ACAA2"
"UBE2K",7.07651716533332,11.5541750469231,3.88792946882905,0.000669493875320089,0.00233522374554583,-0.901496646007337,"UBE2K"
"GBF1",6.13042382696969,8.94100897346154,3.88373964730781,0.000676680321647423,0.00235772763536002,-0.911871996220314,"GBF1"
"GON7",8.56427103999999,8.6824885,3.87880677876308,0.000685238720275889,0.00238495775853072,-0.924084037872,"GON7"
"LMNA",-6.68836533169697,11.9290222696154,-3.87219933244451,0.000696869754248826,0.00242281152912728,-0.94043605840505,"LMNA"
"ACIN1",6.93339622224242,11.2867513011538,3.86854483549046,0.000703386035763089,0.00244282011770969,-0.949477345314651,"ACIN1"
"TP53I3",9.117013946,7.87986729807692,3.86601589687516,0.000707930448143334,0.00245594465739671,-0.955732802452516,"TP53I3"
"PPP2CA",9.02505251284847,9.14076235692308,3.86529198139556,0.000709236613473529,0.00245781889053624,-0.957523265751063,"PPP2CA"
"HNRNPF",1.2778799512121,15.3071951088462,3.86262824013337,0.000714063285243807,0.00246974109061681,-0.964110824285774,"HNRNPF"
"SAP18",9.23403082945454,9.34054543307692,3.86254414889206,0.000714216183263448,0.00246974109061681,-0.964318768368039,"SAP18"
"GNA13",-1.78094076757577,16.9748386734615,-3.86012343158773,0.00071863147634969,0.00248233413090006,-0.970304350534292,"GNA13"
"CDK5",7.946704604,8.04599054153846,3.85849129117252,0.000721623595823194,0.00248998937526519,-0.974339555237196,"CDK5"
"BOP1",8.13745459654545,7.07855886961538,3.85627590005958,0.000725704593338924,0.00250138135340989,-0.97981610200469,"BOP1"
"PPFIA3",-10.6560411792727,8.48900512230769,-3.85184411153434,0.000733936759213887,0.00252704191021176,-0.990769423852942,"PPFIA3"
"GBP1",-1.65704486321213,13.5189233834615,-3.85091415728739,0.00073567580890179,0.00253031475966328,-0.993067455014051,"GBP1"
"IPO7",6.9938355681212,11.51861588,3.84784177677392,0.000741450167577232,0.00254744495477017,-1.00065873530759,"IPO7"
"ST3GAL6",9.1825035730303,7.99506001884615,3.84672131587136,0.000743567091694995,0.00255048248960117,-1.0034268221709,"ST3GAL6"
"GMDS",7.37901721660605,8.88784567,3.83962267943268,0.000757117703152976,0.00259294632808741,-1.02095939419406,"GMDS"
"AIP",7.14150511730303,11.5368838615,3.83696121879411,0.000762260574595482,0.0026077763154338,-1.02753077669449,"AIP"
"FMNL1",7.89920554448484,5.86873802615385,3.83063263516451,0.000774628078208091,0.00264726464640018,-1.0431521406069,"FMNL1"
"TTR",-1.4909122979394,14.6621908069231,-3.82712017420307,0.0007815772187698,0.00266817159045988,-1.05181950715763,"TTR"
"ACADSB",7.87181331436363,6.87539540192308,3.82364311400683,0.000788516723185193,0.00268900123772719,-1.06039758885437,"ACADSB"
"CTPS1",8.16844397745455,6.11155000769231,3.82208000430082,0.000791656088783309,0.00269684117718221,-1.06425323108054,"CTPS1"
"ARPC1A",7.3713669640606,10.7520350473077,3.82036218738039,0.000795120352507547,0.00270577010731359,-1.06849003134011,"ARPC1A"
"RFTN1",7.11583694624243,7.253132745,3.81455568622787,0.000806940884223861,0.0027430861202059,-1.08280760338617,"RFTN1"
"RBM12",8.09787552890908,9.84163472576923,3.80756584053424,0.000821399830294162,0.0027863340966321,-1.10003583237089,"RBM12"
"APOB",-6.84097409448486,12.2919423480769,-3.8062743036589,0.00082409920744725,0.00279253891942791,-1.10321828164731,"APOB"
"GALE",6.6184611826,3.81834298996154,3.80463138163468,0.000827545606373758,0.00280125933634324,-1.10726617922671,"GALE"
"CTSA",8.01593905303029,7.03052139653846,3.80341953006363,0.000830096816538441,0.00280693433537603,-1.11025170586263,"CTSA"
"ATP6V0D1",7.29003615236363,12.0659894915385,3.7983941771175,0.000840759053596502,0.00283999558209597,-1.12262963868005,"ATP6V0D1"
"FAM50A",10.2490590807879,8.940756525,3.79797036600648,0.00084166438119897,0.00284006414223711,-1.12367333719904,"FAM50A"
"RING1",8.36409682945454,8.57400897307692,3.79100660604758,0.00085667805535111,0.00288768894918247,-1.14081840121698,"RING1"
"RAB39A",8.76357207557575,9.03515444576923,3.78554889775414,0.000868628450401501,0.00292489894788921,-1.15424988720406,"RAB39A"
"GALK1",7.49848661466666,11.14025649,3.77919383277421,0.000882750292199376,0.00296933510237715,-1.16988351314877,"GALK1"
"TLN2",-2.07860918703031,14.1107778884615,-3.77787873392547,0.00088570067617284,0.00297613975899334,-1.17311784446776,"TLN2"
"NRBP1",7.69684538139392,9.40201107730769,3.77528815377926,0.000891540934024843,0.00299263060385536,-1.17948822017573,"NRBP1"
"RPS23",7.68666233503029,12.7968986592308,3.77461946853309,0.000893054565651151,0.00299457899809252,-1.18113236921464,"RPS23"
"NIPSNAP1",7.54839485472727,11.2067873226923,3.77272209184842,0.000897363214968496,0.00300588575869927,-1.18579718695191,"NIPSNAP1"
"UBE2D3",7.46516752321211,12.4551617726923,3.77229279558622,0.000898340910080064,0.00300602292017406,-1.18685255377499,"UBE2D3"
"LAMA4",-8.98238721478788,7.29637606538462,-3.77052543635362,0.000902376993685191,0.00301638309659977,-1.19119703838106,"LAMA4"
"HGS",7.49826474793938,11.1787370926923,3.76536807020021,0.000914256882356117,0.00305291398072922,-1.20387172903209,"HGS"
"SOD1",-1.44849043248486,15.5111265646154,-3.75885187813237,0.000929486665026411,0.00310054335558186,-1.2198793555956,"SOD1"
"ABRACL",6.40022673557575,10.5293890203846,3.752783289166,0.000943894226558292,0.00314533392837545,-1.23478083233655,"ABRACL"
"HBQ1",-9.05353723721212,7.82225515461538,-3.74868086916908,0.000953757862726243,0.00317490558245696,-1.24485074949947,"HBQ1"
"COL1A2",-8.89603961878788,6.16030323615385,-3.74793991310903,0.000955550135941995,0.00317757552978017,-1.24666920931142,"COL1A2"
"RPS15",7.06646561484847,11.8157560173077,3.7471525431012,0.000957458302184932,0.00318062493965988,-1.24860147370817,"RPS15"
"RPS16",-1.1113667968485,14.9637199161538,-3.74637713764428,0.00095934112878539,0.0031835839527118,-1.25050427051547,"RPS16"
"C1S",-7.76916098218182,11.4007651392308,-3.74276949679373,0.000968149048769052,0.00320949410898749,-1.25935581507791,"C1S"
"LMO7",7.38308632064242,5.54020376638462,3.74073726280648,0.000973145576380024,0.00322272874572084,-1.26434100844747,"LMO7"
"SNRPGP15",7.41555384933332,12.3966915338462,3.73315501855647,0.000992011948720947,0.00328182097262425,-1.28293429548474,"SNRPGP15"
"SUMF2",8.22529181389091,7.96111958776923,3.72587135654593,0.00101047321329257,0.00333945266885257,-1.30078580043916,"SUMF2"
"EIF3B",6.75580076472727,11.3890391915385,3.72172993245957,0.00102112001864857,0.00337116681053834,-1.31093178136959,"EIF3B"
"ACSL1",-5.0508626138788,13.0446871942308,-3.71947489333701,0.00102696349104239,0.00338127903278249,-1.31645505667138,"ACSL1"
"ENO3",10.290001695697,7.20887023346154,3.7193284696812,0.00102734405015984,0.00338127903278249,-1.31681366103028,"ENO3"
"U2AF1L5",7.27609906957575,12.2168634523077,3.71384327262877,0.00104170032118129,0.00342501673224463,-1.3302446031623,"U2AF1L5"
"CBFB",7.70830643058787,9.41971350834615,3.71240125161302,0.00104550703873199,0.00343401441892626,-1.33377460327434,"CBFB"
"INPP1",7.64662537654544,9.41651408576923,3.71178435951311,0.00104713970465351,0.00343586023745718,-1.33528461115636,"INPP1"
"SCOC",8.34854182715151,7.42819429692308,3.71088654922088,0.00104952031728632,0.00344015393071685,-1.33748211775842,"SCOC"
"PPFIBP1",7.63172487448485,5.385226015,3.69554835264651,0.00109102023789361,0.00356889290866522,-1.37500158599209,"PPFIBP1"
"UFL1",6.93005409436363,10.430592075,3.69079967064277,0.00110419166612178,0.00360462976254813,-1.38660877460467,"UFL1"
"SERPINA3",-7.77777749103637,12.5806272718846,-3.68671377504659,0.00111564938202005,0.00363833218181131,-1.39659256391469,"SERPINA3"
"F12",-7.97180800575758,6.56683828576923,-3.68181795503048,0.00112953183092237,0.00367986562987806,-1.40855127984818,"F12"
"BUB3",6.83389483060605,11.5632536857692,3.67942439631363,0.00113638041334099,0.00369842266370307,-1.41439624191959,"BUB3"
"LAP2B",7.69253752587879,6.85822315423077,3.67773826494235,0.00114122927697068,0.00371044047598673,-1.41851305155783,"LAP2B"
"SHMT2",7.02718646587878,11.9201326234615,3.67698495011986,0.00114340215588546,0.00371374242736481,-1.42035215015086,"SHMT2"
"UBTF",8.0653576031515,7.20948273307692,3.67576716073134,0.00114692335239003,0.00372141257615732,-1.42332496326683,"UBTF"
"ENY2",8.18059469412121,10.1098287165385,3.67260137823955,0.00115612689054746,0.00374370453255985,-1.43105181877308,"ENY2"
"CTNNBL1",6.72842467981817,11.3798671173077,3.67195012546221,0.00115802916156193,0.00374608425348008,-1.43264112285887,"CTNNBL1"
"HLA-A",8.06701368836363,8.44790038230769,3.66588492225372,0.00117589315781502,0.00380004143346264,-1.44743865138191,"HLA-A"
"RNASEH2C",8.43064707563636,8.87196447769231,3.6610258606976,0.00119039917620683,0.00384304925195949,-1.45928844139693,"RNASEH2C"
"ITPA",6.88143689024242,11.6533093834615,3.65525654497905,0.0012078503166677,0.00389329010528026,-1.47335218197601,"ITPA"
"NEK7",7.31138749084848,9.12019312961539,3.65508010196844,0.00120838795414744,0.00389329010528026,-1.47378219233578,"NEK7"
"BCAT2",7.58980865636363,8.00047359692308,3.65199175320127,0.00121783646212116,0.00391979659673702,-1.48130785165697,"BCAT2"
"DDX58",6.72596182721212,11.4069546780769,3.65122566868806,0.00122019139932158,0.00392344108258814,-1.48317435336119,"DDX58"
"PBDC1",8.37497358030303,7.54283243346154,3.64930781404562,0.00122610643777865,0.00393478381344039,-1.48784654861495,"PBDC1"
"C9",-7.4984746819394,11.2124837615385,-3.64912932818234,0.00122665834883573,0.00393478381344039,-1.48828133188884,"C9"
"SYNM",-8.36577605987879,5.01374084923077,-3.64801608425724,0.00123010619703333,0.00393953172283429,-1.4909930025914,"SYNM"
"PPP2R5D",6.43939447345453,10.9748298676923,3.63577667616463,0.00126864420473841,0.00405890254536946,-1.52079013067489,"PPP2R5D"
"SRSF9",8.23424293060607,10.2976527503846,3.63383196588339,0.00127487530377982,0.00407477574684209,-1.52552186458467,"SRSF9"
"PGLYRP2",-3.95173828854547,14.1891658019231,-3.63285346604576,0.00127802185783236,0.00408076830028263,-1.52790239994743,"PGLYRP2"
"XRN2",6.83087808696969,11.6781940203846,3.63223879588187,0.00128000233282309,0.00408302931016827,-1.52939769843332,"XRN2"
"EIF1AX",7.06268808842424,12.0433355042308,3.62151718089211,0.0013150344563282,0.00418645393884642,-1.55546793462397,"EIF1AX"
"GLRX3",6.74868969612121,11.5204348592308,3.61607773256641,0.00133316438053808,0.00423770559818866,-1.56868549215995,"GLRX3"
"PKP3",7.79077784939394,6.00189970576923,3.61589591552623,0.00133377458839842,0.00423770559818866,-1.56912719480842,"PKP3"
"TMX1",6.65153750660604,11.3737604673077,3.61482246894576,0.00133738282288834,0.0042449668433716,-1.57173486859593,"TMX1"
"DDX19A",6.26760539345454,10.5791729930769,3.60868496175654,0.00135819722841106,0.00430677362250107,-1.58663996129673,"DDX19A"
"HP",-4.33784823709092,15.7206975769231,-3.60425090515545,0.00137343140658878,0.00435078122778222,-1.59740342968987,"HP"
"MICAL1",7.04294458247272,6.76900268184615,3.59449847119068,0.00140752820910397,0.00444562797540812,-1.62106289230667,"MICAL1"
"FTO",7.90729979084847,8.40639440730769,3.58941205121377,0.00142563843055166,0.00449840090820086,-1.63339482179774,"FTO"
"SNAPC2",-8.309463106,13.8937507773077,-3.58857089450906,0.00142865523670726,0.00450349180215481,-1.63543367529444,"SNAPC2"
"GATD1",7.55325676351514,9.56153699461538,3.5813742845716,0.00145472215131797,0.00456854278084669,-1.65287131082099,"GATD1"
"SUGP2",7.23250776296969,12.4788476588462,3.58130203147415,0.00145498620193995,0.00456854278084669,-1.65304632792909,"SUGP2"
"AZGP1",-5.60785737654546,12.2824924319231,-3.58024696302314,0.00145884731270142,0.00457618868666555,-1.65560187319012,"AZGP1"
"PRPS2",8.02899289848484,5.80981390576923,3.57636419632222,0.00147314301663725,0.00461651947303608,-1.66500455358739,"PRPS2"
"MYL9",-8.47135559248485,8.96646972769231,-3.568969515688,0.0015007484723148,0.00469844082698361,-1.68290308651874,"MYL9"
"IGHV3-13",-4.13716141806061,15.1684774176923,-3.55238667372636,0.00156450422498533,0.00488850443814793,-1.72299906536581,"IGHV3-13"
"IGLL5",-2.14659366927275,17.7114884526923,-3.54811297974832,0.00158135913701143,0.00493156605507257,-1.73332297773774,"IGLL5"
"HMGB2",-1.26640369957577,14.8917684019231,-3.54612998393318,0.00158923989551827,0.00495133089778459,-1.73811193988181,"HMGB2"
"RPL23",7.26256246587877,12.6319729496154,3.54481772629355,0.00159447608955978,0.00496282616042418,-1.7412805927505,"RPL23"
"CYCS",-5.9258278869091,12.7942204730769,-3.53841948346848,0.00162024859582456,0.0050332795198461,-1.75672480906724,"CYCS"
"UBA6",6.63276565290909,11.5490625280769,3.53580139224263,0.0016309112199293,0.0050615030026626,-1.76304184566357,"UBA6"
"CSNK2A1",6.46418893060605,11.2678994603846,3.53434364314417,0.00163687779205621,0.00507021316091543,-1.76655851303873,"CSNK2A1"
"SART3",6.43459327272726,11.2087018569231,3.53022869207286,0.00165383543217269,0.00511779932675232,-1.77648289197855,"SART3"
"TRIM25",6.92455027678787,5.05363871653846,3.52882745844152,0.00165964891073839,0.00513084138204191,-1.77986151862063,"TRIM25"
"ANP32A",1.51323217424242,15.2373717911538,3.52641005419816,0.00166972519831592,0.00515474644204797,-1.78568929998639,"ANP32A"
"EIF4A3",6.60300199121211,11.5122676211538,3.52620227513602,0.00167059404790585,0.00515474644204797,-1.78619014533866,"EIF4A3"
"UBLCP1",6.92220519012121,12.0841401119231,3.52426669808473,0.0016787090786973,0.00516984398612249,-1.79085533947542,"UBLCP1"
"P4HA1",7.28106817709091,7.76263771692308,3.52225394774188,0.00168718843590168,0.0051863287823191,-1.79570566129872,"P4HA1"
"ABCE1",7.02135350757576,10.7988063788462,3.52222889291927,0.00168729425015305,0.0051863287823191,-1.79576603271264,"ABCE1"
"LAMTOR1",7.71460242018181,9.81807888730769,3.52075822776438,0.00169351667507475,0.00520047369408123,-1.79930946353067,"LAMTOR1"
"SCCPDH",7.9523254960606,5.80022228115385,3.51786121981363,0.00170583951939515,0.00523161175149215,-1.80628813110368,"SCCPDH"
"RCSD1",7.6778819710909,9.81208619192308,3.51760882113017,0.00170691726513315,0.00523161175149215,-1.80689605166258,"RCSD1"
"MRPL4",7.99472644381817,5.83372867730769,3.51210562030696,0.00173058173979651,0.0052990809188998,-1.8201473819192,"MRPL4"
"USP7",6.77474750769697,11.8565187711538,3.50618068669289,0.00175641726591159,0.00536794572029551,-1.83440664374507,"USP7"
"STAT6",6.2567673889697,9.73186719,3.50149937622357,0.00177709550383742,0.00542597475910016,-1.84566735390837,"STAT6"
"HIST1H2A",-1.70715745254547,20.0855553142308,-3.50066909409884,0.00178078770711638,0.00543207961229701,-1.84766404887816,"HIST1H2A"
"CD2AP",7.32304516490909,9.37233044807692,3.50018832410824,0.00178292907233976,0.00543344671713037,-1.84882015211709,"CD2AP"
"EIF3H",6.67687147139393,11.7247331807692,3.49860968392025,0.00178997804924851,0.00544458726069997,-1.85261592596101,"EIF3H"
"NSUN2",7.65519610181817,10.6158882376923,3.49809964030664,0.00179226130571802,0.00544636982012228,-1.85384218369034,"NSUN2"
"GGCT",6.68697955739392,11.7497885088462,3.48419815078023,0.00185559686608525,0.00562817612785214,-1.88724163251652,"GGCT"
"MNDA",7.21330164436364,5.30775128307692,3.48359609101466,0.00185838856338753,0.00563132096308836,-1.88868713065609,"MNDA"
"PMM2",6.65649871266664,11.6056975788462,3.48290401932282,0.00186160269199312,0.00563573871566596,-1.89034863738491,"PMM2"
"ISOC1",6.49969774993938,11.4516964076923,3.46950268240358,0.00192491943485244,0.00582192880908717,-1.92250038321047,"ISOC1"
"MACF1",7.68598778254545,5.67064571615385,3.46571432107852,0.00194319506296695,0.00586744989922996,-1.93158164480485,"MACF1"
"LSM6",6.83319986169695,12.0366436630769,3.4656251920152,0.00194362706228777,0.00586744989922996,-1.93179525996216,"LSM6"
"RBP4",-5.00209236424244,13.7951948330769,-3.46076740252705,0.00196731418650189,0.00592780396665219,-1.94343508347464,"RBP4"
"C5",-6.38452176763637,12.4355256407692,-3.45908010832886,0.0019756071785764,0.00593995582939266,-1.94747673847926,"C5"
"IGKV3-11",-6.70266631284849,15.1232772453846,-3.45834771751008,0.00197921743334885,0.00593995582939266,-1.94923086007978,"IGKV3-11"
"EIF4G3",7.3396831829697,10.3951306819231,3.45819660569352,0.00197996312408661,0.00593995582939266,-1.94959276656556,"EIF4G3"
"HPCAL1",7.26292178309091,9.29311628346154,3.45816295365076,0.00198012922387542,0.00593995582939266,-1.94967336106928,"HPCAL1"
"NCK1",7.25224195933333,4.18398574576923,3.45688278979382,0.00198645793728941,0.00593995582939266,-1.95273907394628,"NCK1"
"HDHD5",7.44058853999999,4.29264723461538,3.45655377015928,0.00198808768020956,0.00593995582939266,-1.95352694169461,"HDHD5"
"NOL9",7.229515516,4.17087433615385,3.45572953549919,0.00199217610119513,0.00593995582939266,-1.9555005351646,"NOL9"
"MLEC",7.55943907157575,8.21895828807692,3.4552090420257,0.00199476209911912,0.00593995582939266,-1.95674675115353,"MLEC"
"ZNF326",6.868254926,3.962454765,3.45465402988527,0.00199752319661334,0.00593995582939266,-1.9580755445707,"ZNF326"
"KLC4",6.542032298,3.77424940269231,3.4544079484171,0.00199874860256723,0.00593995582939266,-1.95866468214245,"KLC4"
"VPS13C",7.17212783133334,4.13776605653846,3.45335220332175,0.00200401417682697,0.00593995582939266,-1.96119205290697,"VPS13C"
"THEMIS",7.34269592266666,4.23617072461539,3.45316460513953,0.00200495124207818,0.00593995582939266,-1.9616411206133,"THEMIS"
"EXOSC8",6.14455271333333,3.54493425769231,3.45304117408972,0.00200556802080441,0.00593995582939266,-1.96193658214372,"EXOSC8"
"AP1S1",6.32063679933333,3.64652123038462,3.45273992202576,0.00200707413739996,0.00593995582939266,-1.96265768535584,"AP1S1"
"PDCL3",7.3166301,4.22113275,3.45263985195281,0.00200757468347409,0.00593995582939266,-1.9628972170545,"PDCL3"
"FAM192A",7.124337998,4.11019499884615,3.45260971520807,0.00200772544993222,0.00593995582939266,-1.96296935309827,"FAM192A"
"IWS1",7.48738170733333,4.31964329269231,3.45235873902008,0.0020089814478363,0.00593995582939266,-1.96357008743863,"IWS1"
"FAM49A",6.61219908666666,3.81473024230769,3.45217711657594,0.0020098908451231,0.00593995582939266,-1.96400480797681,"FAM49A"
"NRDC",6.993116904,4.03449052153846,3.45197812405034,0.00201088767553006,0.00593995582939266,-1.9644810955224,"NRDC"
"CNPY4",6.53417518133333,3.76971645076923,3.45084100371886,0.00201659318497587,0.00593995582939266,-1.96720260687264,"CNPY4"
"CD1B",7.48878194533333,4.32045112230769,3.45071525023553,0.00201722512034335,0.00593995582939266,-1.96750355841524,"CD1B"
"CDH1",7.33319381733333,4.23068874076923,3.45044823043546,0.00201856758497876,0.00593995582939266,-1.96814257416176,"CDH1"
"OAS3",7.51966299666667,4.33826711346154,3.45024975784038,0.00201956598584135,0.00593995582939266,-1.96861753589187,"OAS3"
"POLD3",6.72803298066667,3.88155748884615,3.45013964987395,0.00202012008253491,0.00593995582939266,-1.96888102954889,"POLD3"
"PPM1F",6.70627112333333,3.86900257115385,3.44997092083776,0.00202096946522657,0.00593995582939266,-1.96928480065935,"PPM1F"
"WRNIP1",7.20094196733333,4.15438959653846,3.44993301893575,0.00202116031134854,0.00593995582939266,-1.96937549954878,"WRNIP1"
"COA7",7.08159008733333,4.08553274269231,3.44983707495691,0.00202164349308173,0.00593995582939266,-1.96960509104887,"COA7"
"FAM114A2",6.392999878,3.68826916038462,3.44953292094037,0.00202317598053168,0.00593995582939266,-1.97033290942172,"FAM114A2"
"RPL31",6.97366321321211,12.3432748938462,3.44895982344082,0.00202606661787344,0.00594300528039843,-1.97170423021419,"RPL31"
"TEX10",6.87683760999999,3.96740631346154,3.44839440933201,0.00202892243837576,0.00594594712762359,-1.97305708951859,"TEX10"
"APOBEC2",7.14265573466666,4.12076292384615,3.44799662437846,0.00203093393580951,0.00594641149636198,-1.97400881907678,"APOBEC2"
"TOMM34",6.986675968,4.03077459692308,3.44642154195717,0.00203891779359713,0.00596046254778993,-1.97777694909031,"TOMM34"
"NCAPD2",6.90769864399999,3.98521075615385,3.44596151933347,0.00204125533465878,0.00596046254778993,-1.97887736735772,"NCAPD2"
"MYD88",6.40357565266666,3.69437056884615,3.44595171440128,0.0020413051854226,0.00596046254778993,-1.97890082114767,"MYD88"
"PRUNE1",6.50067801133333,3.75039116038462,3.44480225904471,0.00204715752276747,0.00597211680960073,-1.98165020548115,"PRUNE1"
"FLG2",6.720419018,3.87716481807692,3.44406512589467,0.00205091914833323,0.00597765626430638,-1.98341318970348,"FLG2"
"CD1E",6.86532131333333,3.96076229615385,3.44278069035893,0.00205748975399561,0.00599136535442098,-1.9864848342823,"CD1E"
"DBR1",7.111271986,4.102656915,3.44143042718823,0.00206441917955845,0.00600609351514331,-1.98971347616458,"DBR1"
"XAB2",4.85490249653333,2.80090528646154,3.43866438039116,0.00207868522160578,0.00604212035881609,-1.99632606396365,"XAB2"
"OSBPL8",6.21626114026666,3.586304504,3.43082206786409,0.00211965559377681,0.00615563330355635,-2.01506411416675,"OSBPL8"
"NKTR",7.54322159333333,4.35185861153846,3.42915777843322,0.0021284507437381,0.00616997639139248,-2.0190387796987,"NKTR"
"METTL3",6.25410139333333,3.60813541923077,3.42907407224984,0.00212889403559191,0.00616997639139248,-2.01923866957869,"METTL3"
"NEK9",6.95485627424242,9.93835577038461,3.42879687109653,0.00213036268048079,0.00616997639139248,-2.01990061220985,"NEK9"
"FANCI",5.67111614333333,3.271797775,3.42766204620443,0.00213638539534159,0.00618184015658355,-2.02261032375582,"FANCI"
"INIP",6.0352888948,3.48189743930769,3.42288530226014,0.00216191838140546,0.00625008656390102,-2.03401270734743,"INIP"
"ADPRHL2",6.59489180284848,11.7374908426923,3.42163387033415,0.00216865650522726,0.00626392324507136,-2.03699903516948,"ADPRHL2"
"CNPY3",7.19117568187878,9.36069516653846,3.42061107828338,0.00217417871063801,0.00626977460496872,-2.03943946953661,"CNPY3"
"SSNA1",6.98814104321212,9.93629307807692,3.42053501268932,0.00217458994556877,0.00626977460496872,-2.03962095575344,"SSNA1"
"HEXB",6.76199471248484,10.6834991638462,3.41756881599183,0.00219068523649496,0.00631051070369149,-2.04669695343862,"HEXB"
"PON1",-3.67173892018183,14.2292696626923,-3.41582259951922,0.00220021470021087,0.00633227710580869,-2.05086162587642,"PON1"
"CSDE1",7.35347213884848,9.58341273423077,3.41465950988516,0.00220658425791612,0.00634491835452763,-2.05363514406684,"CSDE1"
"NUP153",6.42348535146666,3.70585693353846,3.41182643368243,0.00222217441756194,0.00638402659441025,-2.06038954322575,"NUP153"
"SLFN5",7.4747998350303,9.74247084384615,3.40398321255278,0.00226589525881342,0.00649799632308514,-2.07907842006134,"SLFN5"
"CASP6",6.58800313030304,4.92423846307692,3.40131989962914,0.00228093066064496,0.00653527365179437,-2.08542111646471,"CASP6"
"PPBP",-7.58762976236364,4.00938365730769,-3.40074557474318,0.00228418561832213,0.00653876150686505,-2.08678864390607,"PPBP"
"IPO5",6.54815507224241,11.7306481615385,3.39860624654064,0.00229634989996452,0.00656772444651172,-2.09188188544394,"IPO5"
"GSTT2",7.5627689370303,9.86016994884615,3.39775335526376,0.00230121698429823,0.00657578388478452,-2.09391210293802,"GSTT2"
"POGLUT3",7.42176409672726,6.48602049615385,3.39593066737242,0.00231165188494295,0.00659972499891631,-2.09825021065805,"POGLUT3"
"APOD",-5.07555856478788,13.9797531711538,-3.39466426207592,0.00231892910173021,0.00661461643329087,-2.10126384369912,"APOD"
"DYNLL1",6.30688723999998,11.2772903923077,3.39395299063545,0.00232302607172202,0.00661930067276301,-2.10295626276572,"DYNLL1"
"ACOT9",7.65098425454544,5.72497935307692,3.39366329585436,0.00232469674609034,0.00661930067276301,-2.10364553432585,"ACOT9"
"MCCC1",6.20905370975757,11.0637255119231,3.39025216669571,0.00234445673609319,0.00666520287797734,-2.11176006196645,"MCCC1"
"CD44",-1.24575970915152,15.1223019173077,-3.38982047872869,0.0023469690129207,0.00666520287797734,-2.11278677018977,"CD44"
"TPR",6.51251791236363,10.3389997061538,3.38733182818111,0.00236150315469841,0.00670032150612486,-2.11870475725345,"TPR"
"ACBD7",6.97727091660605,5.23829135846154,3.38377748134019,0.00238241274948108,0.00674771625161939,-2.12715425592125,"ACBD7"
"SYPL1",8.35567966290909,6.27850152,3.38321382450043,0.00238574510969669,0.00675119581747503,-2.12849390487651,"SYPL1"
"DYNC1I2",6.0675666820606,10.8828280069231,3.38207108279742,0.00239251493045943,0.00675843346113056,-2.13120962436104,"DYNC1I2"
"FRK",7.81307722054545,6.86101831576923,3.37664415660554,0.00242492042352832,0.00683793465650472,-2.14410217081415,"FRK"
"RSL1D1",6.50326684375757,6.55207262846154,3.37102113394819,0.00245894602846354,0.00692107485649863,-2.15745267985381,"RSL1D1"
"HMGN2",-1.89311790975758,15.0387692196154,-3.37061287017933,0.00246143444011898,0.00692107485649863,-2.15842168953219,"HMGN2"
"PTBP2",7.00907733206059,12.5507694280769,3.36989620366416,0.00246580850947444,0.00692107485649863,-2.16012258679814,"PTBP2"
"ACTL6A",6.53815741824241,11.7411656942308,3.3694909999978,0.00246828494702212,0.00692107485649863,-2.16108421698752,"ACTL6A"
"AKAP12",-5.34321355178788,12.2369811225,-3.36945703817954,0.00246849261719253,0.00692107485649863,-2.16116481333822,"AKAP12"
"MCM2",7.46464655193938,10.7654238796154,3.3692330119944,0.00246986292019055,0.00692107485649863,-2.16169645277379,"MCM2"
"C2",-7.76067985181819,8.59804093269231,-3.36899240182758,0.00247133548450029,0.00692107485649863,-2.16226743356758,"C2"
"ARL4D",8.55242953945455,10.3132591596154,3.36893965855018,0.00247165839375115,0.00692107485649863,-2.16239259420575,"ARL4D"
"SCFD1",6.07192435145454,10.9476614042308,3.36832080756808,0.00247545023330204,0.00692556552790028,-2.16386108425629,"SCFD1"
"LAMTOR5",6.83116467569695,12.2493111873077,3.36797387363268,0.00247757844376115,0.00692556552790028,-2.16468429129442,"LAMTOR5"
"MGMT",6.59723050466665,11.8392920819231,3.36730966441924,0.00248165788147626,0.00693093136784796,-2.16626024508984,"MGMT"
"YBX1",1.46722894587879,14.0611614634615,3.36656836057041,0.00248621851303972,0.0069376306159517,-2.16801898600265,"YBX1"
"CAPRIN1",6.68441475242424,12.0408633473077,3.36074966950086,0.00252229956617274,0.00703219748727048,-2.18181890841396,"CAPRIN1"
"EIF3E",6.2612395410909,11.2627193823077,3.36032675734351,0.00252494170323067,0.00703345306047503,-2.1828215699966,"EIF3E"
"LRG1",-4.97700430666668,13.7897860415385,-3.35505831042233,0.00255808206466493,0.00711958833088445,-2.19530839821884,"LRG1"
"DRG1",7.40910109278788,6.53532407423077,3.35462042190312,0.0025608554424379,0.00712113094868562,-2.19634592129542,"DRG1"
"UBAP2L",6.17902988654544,11.04611708,3.34706052049793,0.00260919841149044,0.00723894171821905,-2.21425032444969,"UBAP2L"
"GTF2I",-1.65116874163638,15.5213124726923,-3.34693797783173,0.00260998927017122,0.00723894171821905,-2.21454042432307,"GTF2I"
"PSIP1",6.14741193581818,10.9178514173077,3.34513875310497,0.00262162778684924,0.00726494263212368,-2.21879934527552,"PSIP1"
"EPHX1",-4.79567882872728,13.2983304269231,-3.34400970200441,0.00262895687053121,0.00727896686586252,-2.22147147496239,"EPHX1"
"PRPF6",7.55217482357576,5.68215300576923,3.34084814269131,0.00264958552591241,0.00732975857987321,-2.22895217342595,"PRPF6"
"RALY",6.88774767260606,12.4414074530769,3.33260385725017,0.00270411870157032,0.00747417477462459,-2.24844696376551,"RALY"
"RPL7A",6.71847901830301,12.1462347138462,3.32951336527867,0.00272484020654322,0.00752496748949844,-2.25575024901148,"RPL7A"
"U2AF2",7.02934335787878,12.7547160642308,3.32677527710089,0.00274332731725019,0.00756950761913658,-2.26221863686801,"U2AF2"
"CMPK2",7.27140702169697,5.51776161615385,3.32609222017501,0.0027479581036056,0.0075757710949058,-2.26383196229832,"CMPK2"
"UBA5",6.25619778969697,11.3805292423077,3.31755360229612,0.00280648837095697,0.00772386036226494,-2.28398899464165,"UBA5"
"PDCD10",7.21018279272726,5.45577733923077,3.31542447126669,0.00282127006395247,0.00775788829067992,-2.28901217606616,"PDCD10"
"RPS5",7.78851807551514,11.4066552946154,3.3145387166702,0.00282744167667807,0.00776820234628419,-2.29110154633302,"RPS5"
"GLYR1",6.04238696527271,10.9919291126923,3.30855261692037,0.00286949458807566,0.0078769958367278,-2.30521637745618,"GLYR1"
"CSE1L",6.14799414915151,12.7694695696154,3.30520385044941,0.00289328340872003,0.00793550979366032,-2.31310833092567,"CSE1L"
"JCHAIN",-5.61376660303032,12.9110928946154,-3.30348280060351,0.00290558347113004,0.00796244010149984,-2.31716310439171,"JCHAIN"
"MYH11",-7.19056129151515,4.63368496307692,-3.30089125930812,0.00292420031542198,0.00800042489323338,-2.32326722912181,"MYH11"
"HMGB1",-1.24518921187879,15.7181371630769,-3.30085927668798,0.00292443078833367,0.00800042489323338,-2.32334254968883,"HMGB1"
"BRCC3",5.97411555987878,8.74861182615385,3.29872973394716,0.00293981629580393,0.00803566481536185,-2.32835709625133,"BRCC3"
"MBNL1",7.14032567733333,8.70640804,3.29776876693898,0.00294678470289452,0.00804785711624554,-2.3306195315121,"MBNL1"
"DIABLO",6.0161735490909,10.9375756061538,3.29696310501937,0.00295263923619529,0.00805698920829139,-2.33251613301693,"DIABLO"
"HSD17B12",6.90075372351515,9.15943505307692,3.29194065465586,0.00298939060680751,0.00815034363402319,-2.34433544003468,"HSD17B12"
"DOCK2",6.84926739975757,10.0335829838462,3.27453201344721,0.0031202328929686,0.00849341719189378,-2.38524940615268,"DOCK2"
"RPS6KA3",5.80359563272725,12.0508807669231,3.27449499391789,0.00312051694273692,0.00849341719189378,-2.38533632043476,"RPS6KA3"
"LARS",6.2369463941212,11.4718431988462,3.26853211079578,0.00316659771443025,0.00861153564881921,-2.39933096469566,"LARS"
"IGLV7-43",-8.35402924115152,11.0377620473077,-3.26798039552235,0.00317089442242154,0.00861591888361618,-2.40062531621205,"IGLV7-43"
"MCM4",5.74118072339393,11.8707256753846,3.26696591384925,0.00317880982290303,0.00863011905388818,-2.40300511844745,"MCM4"
"ARHGEF6",7.60724021945453,6.82533416884615,3.26409844453732,0.00320128639056384,0.00868379376781012,-2.40973015651137,"ARHGEF6"
"RAB4A",7.47421600351515,6.72580922615385,3.26293576654601,0.0032104436970581,0.00870127856744887,-2.41245631252128,"RAB4A"
"ETF1",6.67928636848483,12.2806322215385,3.25980903091309,0.00323519574458544,0.00876096467879719,-2.41978575110875,"ETF1"
"PIKFYVE",-9.26279217539394,10.93802675,-3.25826772335505,0.00324746487856041,0.0087867747009278,-2.42339774538099,"PIKFYVE"
"RNF114",7.79632798284848,5.99655294038461,3.25526391181511,0.00327150514471108,0.00884436395061318,-2.43043513406968,"RNF114"
"MTA2",5.62604591739393,11.8392900888462,3.25138979133382,0.00330276465039159,0.00892135670295169,-2.43950773019182,"MTA2"
"MRPL12",6.38335690266666,11.7667444253846,3.24720625040986,0.00333684473443313,0.00900583242455501,-2.449300157817,"MRPL12"
"LBP",-7.2475731069697,5.59358397653846,-3.23645151721188,0.00342602098601999,0.00923098349633765,-2.47445087532679,"LBP"
"P04220",-8.84006124290909,6.82941981846154,-3.23593323314649,0.00343037610367655,0.0092349638562903,-2.47566208269325,"P04220"
"TXNRD1",6.3864156441212,11.8295251784615,3.22835619529595,0.00349465891793898,0.0094001345076833,-2.49336045495777,"TXNRD1"
"AGPS",6.45746809375757,5.82763752269231,3.22723833283982,0.00350424060378548,0.00941801348203317,-2.49597014351056,"AGPS"
"PC",-5.74497353466667,11.8168944815385,-3.22109991628779,0.00355730906798623,0.00955263999930361,-2.51029402901298,"PC"
"DES",-7.75410820165455,7.91765616296154,-3.22043310227358,0.00356312034348178,0.00956024513564634,-2.51184936801053,"DES"
"PTGES2",6.74393518127272,6.10492791807692,3.217782677617,0.00358630942643985,0.00961442518750667,-2.51803018349408,"PTGES2"
"PMPCB",7.35863834993939,9.14143527153846,3.21583800710584,0.00360341624019463,0.00965222263337611,-2.52256386933755,"PMPCB"
"RRM1",7.2214726150303,6.53338950461538,3.21413902250116,0.00361842620194731,0.00968434502255957,-2.52652387295069,"RRM1"
"ELMO1",6.77553690896969,8.43352592769231,3.21123523013194,0.00364421993630787,0.00974525147967664,-2.53329009200438,"ELMO1"
"TPRKB",5.18861249366666,10.7838709058077,3.20823994352695,0.00367101212345867,0.00980872431655194,-2.54026691096075,"TPRKB"
"TOR1AIP1",5.54824924660605,11.6958497196154,3.20637462648005,0.00368779283225022,0.00983814583791984,-2.54461039657776,"TOR1AIP1"
"TPP2",7.3486877740606,8.41407911923077,3.20633445710201,0.00368815501496341,0.00983814583791984,-2.5447039217422,"TPP2"
"PLS1",5.99065466854544,12.6769407196154,3.2047775263736,0.00370221935941111,0.00986746007005836,-2.54832851045604,"PLS1"
"RPRD1B",5.44909537569695,11.5167816442308,3.20217842373157,0.00372581330778089,0.00992210365532688,-2.55437771689275,"RPRD1B"
"AKR1C1",-3.58404940963637,14.6445304303846,-3.1944030620455,0.00379726439571571,0.0101039978821324,-2.57246231050684,"AKR1C1"
"IGLV1-40",-9.82013438054546,9.62920379192308,-3.19245433106288,0.00381537799916998,0.0101437845893425,-2.57699201751926,"IGLV1-40"
"TPD52",5.71066808042423,12.0540162811538,3.19128325253839,0.00382630328116035,0.0101644099579831,-2.5797135739231,"TPD52"
"SRSF5",4.93687493648484,12.1261603869231,3.19086829702905,0.00383018173150936,0.0101662970855364,-2.58067782166449,"SRSF5"
"EVL",5.4968438485515,11.4187154346538,3.18589175019641,0.00387699193971486,0.0102820389541694,-2.59223800015786,"EVL"
"NT5C2",5.24298360096969,11.1798904976923,3.18285390411889,0.00390583676712808,0.0103499836380793,-2.59929106135156,"NT5C2"
"UBE2V1",-1.01619035848485,16.4565311034615,-3.17768424643769,0.00395539925859974,0.010464036455768,-2.61128723514641,"UBE2V1"
"SARS2",8.88825117327272,8.66773147807692,3.17571559059973,0.00397443190391544,0.010497079818654,-2.61585337551721,"SARS2"
"PFN2",6.10197808521211,13.0832272176923,3.16673263636301,0.0040624024239504,0.0107193560644002,-2.63667372185069,"PFN2"
"CFI",-7.62269578666668,10.3291972723077,-3.16644282650867,0.00406527152707231,0.0107193560644002,-2.6373450237243,"CFI"
"LANCL1",6.44110808072727,12.09993051,3.16563868829861,0.00407324267217871,0.0107315564326941,-2.63920755752088,"LANCL1"
"INPP5D",6.78232960927272,6.21762142961538,3.15589546101043,0.00417102705286993,0.0109801688372925,-2.66175898384841,"INPP5D"
"COPZ1",6.09175472684849,13.0729896426923,3.15428417248753,0.00418741428714048,0.0110142724978966,-2.6654856266521,"COPZ1"
"SH3GLB1",6.13783228672726,11.5594887757692,3.15371243042643,0.00419324393004419,0.0110205731134413,-2.66680777914635,"SH3GLB1"
"IGLL1",9.32213936236363,10.0511454080769,3.14700043244489,0.00426226776229066,0.0111928128062117,-2.68232172552619,"IGLL1"
"BROX",7.7963622480606,9.85469865423077,3.14092471246171,0.00432568947233785,0.0113500715590615,-2.69635297344721,"BROX"
"ENAH",5.96893173769696,12.8564785876923,3.13093632385094,0.00443193017014864,0.0116193332647116,-2.71939514660065,"ENAH"
"LGALS3",-1.40965644969698,15.64707986,-3.12504844614659,0.00449572618291422,0.0117769676089565,-2.73296322957667,"LGALS3"
"SF3A1",5.92952161454544,11.15025916,3.12259848843024,0.00452253097007772,0.0118375219273894,-2.73860572154362,"SF3A1"
"H1F0",-3.74402522969699,15.0226728007692,-3.11884873270996,0.00456385426972834,0.0119336417756581,-2.74723810513528,"H1F0"
"PPME1",5.40219313054544,11.7212682684615,3.11859250078625,0.004566691212374,0.0119336417756581,-2.74782781916432,"PPME1"
"SRP9",5.4042859300606,13.6215975846154,3.11293899635028,0.00462971821391816,0.0120786713402141,-2.76083397966339,"SRP9"
"TRIM29",7.11990115993939,10.8723522573077,3.11109126876398,0.00465049775405001,0.0121230278576332,-2.76508256426211,"TRIM29"
"RPS24",5.58780833018181,12.1311224269231,3.11065698689575,0.00465539466831444,0.0121259427683612,-2.76608097534915,"RPS24"
"P01781",-9.14139668509091,7.82999789615385,-3.10931859597496,0.0046705173755614,0.0121554665516436,-2.76915754894708,"P01781"
"IGLV1-47",-5.61020442424242,13.7196053223077,-3.10831072853997,0.00468193656137096,0.0121753115279088,-2.7714739675167,"IGLV1-47"
"CELF2",5.46972177585454,11.3602855213846,3.10704267049154,0.00469634179925024,0.01220288326623,-2.77438793096773,"CELF2"
"LDHAL6B",6.9672663061212,8.90627304961538,3.10221958871543,0.00475152202862902,0.0123362736164001,-2.78546654509485,"LDHAL6B"
"UQCRC2",6.46074011375756,9.81240915653846,3.09853227790765,0.00479412723258346,0.012436826426322,-2.79393126247939,"UQCRC2"
"STRN",6.91967828987878,7.52907925576923,3.09330704124079,0.00485513079654254,0.0125849068869992,-2.80591900054861,"STRN"
"GMPPB",5.56525848551514,12.1131597811538,3.09268924704785,0.00486239245820794,0.0125935572222674,-2.80733576159818,"GMPPB"
"EPHX2",5.81868939121211,12.7339373626923,3.09166145039323,0.00487449645370392,0.0126147250967225,-2.8096924904187,"EPHX2"
"DENR",8.09350912957576,10.3948332792308,3.08927102657557,0.00490275951514888,0.0126774567720331,-2.81517238942575,"DENR"
"PRKAA1",5.44303118606059,11.9044671769231,3.08894402614785,0.00490663799029763,0.0126774567720331,-2.81592187379689,"PRKAA1"
"FKBP5",5.58968589230302,12.1724757003846,3.07972126129162,0.00501724691585879,0.0129528120297593,-2.83704612409219,"FKBP5"
"TRIP12",6.70583935296969,7.32273076923077,3.07746049165822,0.00504472307257669,0.0130132768005616,-2.84222006513932,"TRIP12"
"POLR2C",7.2810861709697,6.82512867346154,3.07443142944839,0.00508176283500967,0.0130982947289526,-2.84914968015858,"POLR2C"
"ATP6V1D",5.20770364751514,11.4315113438462,3.07152616242328,0.0051175336478268,0.013179908086578,-2.85579326123754,"ATP6V1D"
"ABI1",7.46294408018182,7.00001857346154,3.07052788324268,0.00512988047761658,0.0132011118305305,-2.85807542298774,"ABI1"
"ANXA3",-7.03283201745455,4.80448463846154,-3.06482870827477,0.00520091707995866,0.0133731914339642,-2.87109799776608,"ANXA3"
"CAD",5.47175771521211,11.9383265026923,3.0639807841998,0.00521156613463306,0.0133898444563951,-2.87303458248836,"CAD"
"MDP1",7.08793198133332,10.9284948676923,3.0625139968179,0.00523003682127516,0.0134265505275776,-2.87638403581471,"MDP1"
"PRKCB",7.3011721510909,8.00930725346154,3.061717048233,0.00524009876591199,0.0134416282492499,-2.87820359351584,"PRKCB"
"PSMD10",6.38445855696968,12.2854106415385,3.06059073446001,0.00525435077085314,0.0134674214246547,-2.88077478451199,"PSMD10"
"SERPING1",-3.61278624915153,14.9852163526923,-3.05595865580277,0.00531335490774386,0.0136077860326816,-2.89134464159083,"SERPING1"
"LSM2",5.63511517187877,10.7209219592308,3.05366425942866,0.00534281579990116,0.0136614309975162,-2.89657754185337,"LSM2"
"RTRAF",5.449915492,12.0388917946154,3.05193845897562,0.00536507873414631,0.0137074344409837,-2.90051247210392,"RTRAF"
"RTN4",-5.16719631503031,12.9674740892308,-3.04806440431663,0.00541537825257146,0.0138249393894207,-2.90934193144654,"RTN4"
"ASAH1",-1.09623109242425,14.5967899942308,-3.04631529782695,0.00543823576332326,0.0138722564105758,-2.91332672083108,"ASAH1"
"PPIL1",5.39750601096969,11.9070711319231,3.04333289243081,0.0054774233184267,0.0139429140659009,-2.92011882880514,"PPIL1"
"CNOT1",6.68114212430303,7.36262345807692,3.04309353342323,0.0054805800859504,0.0139429140659009,-2.92066381381031,"CNOT1"
"IARS",5.13170326375757,13.1941381976923,3.04276729464794,0.00548488546491087,0.0139429140659009,-2.92140658018042,"IARS"
"ALDH5A1",5.76766918236363,11.123057275,3.04255719615574,0.00548765985205136,0.0139429140659009,-2.92188490443089,"ALDH5A1"
"EZR",-1.10504186042425,14.2339582688462,-3.04121308655648,0.00550544086381512,0.0139770251044167,-2.92494464288798,"EZR"
"MB",-8.06482463072728,8.15312086192308,-3.04037732120048,0.00551652486066956,0.0139940935003072,-2.92684687727693,"MB"
"CNP",5.77657745139393,11.1612482246154,3.03337002735897,0.00561030010523001,0.0142207369965901,-2.94278648389613,"CNP"
"ATP6V1E1",5.54356360624241,12.2844294619231,3.02747123753102,0.00569042131124288,0.0144097506236151,-2.95619167723483,"ATP6V1E1"
"AP3D1",6.15153651024242,9.60980440038461,3.02722060201462,0.00569384973223556,0.0144097506236151,-2.95676099301174,"AP3D1"
"NUP160",5.75796162666666,3.32190093846154,3.02434680877213,0.00573330155711488,0.0144460834239843,-2.96328725444226,"NUP160"
"TATDN1",6.335848246,3.655297065,3.02417487847008,0.00573567010923891,0.0144460834239843,-2.96367761162031,"TATDN1"
"EXOSC7",6.52341423,3.76350820961538,3.02405925496182,0.00573726349202009,0.0144460834239843,-2.96394012201893,"EXOSC7"
"PPP2R5C",6.13531682666666,3.53960586153846,3.02264418627282,0.00575679857551866,0.0144460834239843,-2.96715250977427,"PPP2R5C"
"ZFAND2B",5.062978764,2.92094928692308,3.02258101194283,0.00575767218142924,0.0144460834239843,-2.96729590769109,"ZFAND2B"
"STAMBP",5.85062529466666,3.37536074692308,3.02236839421427,0.00576061329606711,0.0144460834239843,-2.96777851363537,"STAMBP"
"LANCL2",5.979335478,3.44961662192308,3.02235535895471,0.00576079365792632,0.0144460834239843,-2.96780810094708,"LANCL2"
"NUP37",6.37708006133333,3.67908465076923,3.02210704160614,0.0057642305226395,0.0144460834239843,-2.96837171829361,"NUP37"
"PBX1",6.467019634,3.73097286576923,3.02182360932201,0.00576815579588196,0.0144460834239843,-2.96901501190148,"PBX1"
"NAGLU",5.841809162,3.37027451653846,3.02174078697945,0.00576930329071148,0.0144460834239843,-2.96920298489752,"NAGLU"
"PDPR",5.45082297466666,3.14470556230769,3.02138024576975,0.00577430109511275,0.0144460834239843,-2.97002123934975,"PDPR"
"TRAF3IP3",5.57324515666666,3.21533374423077,3.0208626603272,0.0057814830770478,0.0144460834239843,-2.97119583074486,"TRAF3IP3"
"FAM169A",5.905500072,3.40701927230769,3.02072735930073,0.00578336191309307,0.0144460834239843,-2.97150286335565,"FAM169A"
"CHCHD4",5.298992072,3.05711081076923,3.0207050853979,0.00578367127204145,0.0144460834239843,-2.97155340793441,"CHCHD4"
"ATE1",6.101831378,3.52028733346154,3.0206633959063,0.00578425033376014,0.0144460834239843,-2.97164801046805,"ATE1"
"FOSL1",6.89869876666665,3.98001851923077,3.02050065284344,0.00578651134477338,0.0144460834239843,-2.97201730422635,"FOSL1"
"PTK7",6.56065735866666,3.78499463,3.02007596498974,0.00579241557036319,0.0144460834239843,-2.97298095595489,"PTK7"
"WDR81",6.14775082266666,3.54677932076923,3.01998080766809,0.00579373928534364,0.0144460834239843,-2.97319686730054,"WDR81"
"RIOX1",6.08650985133333,3.51144799115385,3.01946587645486,0.00580090741219976,0.0144473935918857,-2.97436518916222,"RIOX1"
"OVCA2",6.35681361999999,3.66739247307692,3.01922135175987,0.00580431429966998,0.0144473935918857,-2.97491995683534,"OVCA2"
"CLASP1",6.31113203133334,3.64103771038462,3.01865918462077,0.0058121540581469,0.0144473935918857,-2.97619530116175,"CLASP1"
"EPN3",5.306626006,3.06151500346154,3.01865063732104,0.005812273333476,0.0144473935918857,-2.97621469091288,"EPN3"
"ELP6",5.54803961533333,3.20079208576923,3.01760253933854,0.00582691701776599,0.0144615328232764,-2.978592136315,"ELP6"
"OSBPL11",5.90875897866666,3.40889941076923,3.01750250300078,0.00582831653547619,0.0144615328232764,-2.97881903334154,"OSBPL11"
"GLB1",6.42814753733333,3.70854665615385,3.01727637338592,0.00583148129427224,0.0144615328232764,-2.97933191570385,"GLB1"
"RBM12B",5.28365798866666,3.04826422423077,3.01620445474623,0.00584650551563597,0.0144875955209852,-2.98176288540918,"RBM12B"
"SARM1",5.864070192,3.38311741846154,3.01467317121016,0.00586803248925497,0.0145185167756509,-2.98523495031319,"SARM1"
"CD8A",5.814738708,3.35465694692308,3.01233973633469,0.00590098196710933,0.0145887913193019,-2.99052428173268,"CD8A"
"PKP2",5.476401588,3.15946245461538,3.0114852388443,0.00591309215454353,0.0146074770776984,-2.99246075216118,"PKP2"
"ELP3",5.419310276,3.12652515923077,3.0108955775501,0.00592146285394112,0.0146075305359828,-2.99379690171623,"ELP3"
"TNFAIP8L2",5.33909444473333,3.08024679503846,3.01050585780451,0.0059270014428596,0.0146075305359828,-2.99467992578813,"TNFAIP8L2"
"DOCK8",6.85526292787878,6.76546867292308,3.01036542069073,0.00592899850944451,0.0146075305359828,-2.9949981143238,"DOCK8"
"PPM1B",6.13176333363636,11.9495076257692,3.0102020859856,0.00593132199700391,0.0146075305359828,-2.99536817341339,"PPM1B"
"KDM3B",5.5715099206,3.2143326465,3.00947853906583,0.00594162514937546,0.0146216833622284,-2.9970073661162,"KDM3B"
"AMPD2",5.77418119066666,3.33125837923077,3.00537156077052,0.00600043247717083,0.0147550864515258,-3.0063082870239,"AMPD2"
"LTBP2",6.14212171066666,3.54353175615385,3.00414472301917,0.00601810702941633,0.0147872170424173,-3.00908553027807,"LTBP2"
"KYAT3",6.40938361066666,3.69772131384615,3.00263394626823,0.00603994052178789,0.0148295096667309,-3.01250482217514,"KYAT3"
"EIF2S3",5.51429793751514,12.338726205,2.99970663403286,0.00608246110350369,0.0149224905819139,-3.01912786113934,"EIF2S3"
"CNN2",5.55164731048484,12.2822093865385,2.99830611638125,0.00610290526368218,0.0149497885428673,-3.02229547791346,"CNN2"
"DMAC2L",5.52553440266666,3.18780830923077,2.99797062377933,0.00610781237763101,0.0149503965826224,-3.02305417613342,"DMAC2L"
"NUP54",5.16608917006666,2.98043605965385,2.99755977127744,0.00611382688386267,0.0149537122487159,-3.0239832433427,"NUP54"
"RFC5",5.2729701768,3.04209817892308,2.99566546163474,0.00614163109419987,0.0150102773657939,-3.0282661157363,"RFC5"
"RNASEH2A",6.73713904751515,7.51031648076923,2.991772371632,0.00619915249393153,0.0151278177589553,-3.03706413382385,"RNASEH2A"
"PRPF38A",7.31361576181818,5.54720097692308,2.98478610899674,0.00630366847814454,0.0153711794425272,-3.05283914500478,"PRPF38A"
"THRAP3",5.59508724684848,12.5128358719231,2.98424660217267,0.00631180920372248,0.0153793437621454,-3.05405664193528,"THRAP3"
"C8A",-5.86356693860607,11.3632795773077,-2.9816865188392,0.00635057578620971,0.0154620619863027,-3.05983254880833,"C8A"
"SRSF1",5.86600668963634,13.091563405,2.97898589088782,0.00639171684773548,0.0155456774900148,-3.06592304342312,"SRSF1"
"VCAN",6.43179832,3.71065287692308,2.97848001520961,0.00639945153141462,0.0155456774900148,-3.06706361554069,"VCAN"
"ARHGAP4",8.90789397163635,8.54957327538462,2.97677610828316,0.00642556950295351,0.0155855272373226,-3.07090466318252,"ARHGAP4"
"GSPT1",5.36224979072726,12.0779399757692,2.97178206349192,0.00650270681561506,0.0157607146308978,-3.082156620125,"GSPT1"
"HTT",5.497185378,3.17145310269231,2.96454962210459,0.00661598568405359,0.0160110845099004,-3.0984361643503,"HTT"
"SRSF7",5.70985862048484,12.8039226023077,2.96209829841856,0.00665480499467882,0.0160713199200964,-3.10394963631118,"SRSF7"
"SMARCC2",5.33293616424241,12.00291042,2.96202932893372,0.0066559003346239,0.0160713199200964,-3.10410473017738,"SMARCC2"
"MATR3",4.31085216454544,12.7287397163846,2.94926274385693,0.00686164052201512,0.016555642432441,-3.13278399579074,"MATR3"
"RBBP9",5.54769190739393,12.5606773323077,2.94854411441477,0.00687339997984287,0.0165715556238285,-3.1343966059238,"RBBP9"
"LSP1",5.66792505654545,11.1618178888462,2.94348718709037,0.00695669478557957,0.0167247291045023,-3.14573911643588,"LSP1"
"ACYP1",7.00327652587878,7.91611757730769,2.94313794312348,0.00696248269042482,0.0167247291045023,-3.14652211692602,"ACYP1"
"SNRPD3",-1.02757996812122,15.7101436584615,-2.94310546227401,0.00696302121789151,0.0167247291045023,-3.14659493632815,"SNRPD3"
"SMIM24",6.85160405133332,5.23350880115385,2.94283196314496,0.00696755736511583,0.0167247291045023,-3.14720808379966,"SMIM24"
"SMC2",6.66761936121212,5.11092283307692,2.94279306103558,0.00696820280857577,0.0167247291045023,-3.14729529478275,"SMC2"
"CRYL1",5.959129516,11.7578721561538,2.94038293543901,0.00700830160239919,0.0168084004798946,-3.15269725895689,"CRYL1"
"KCNB2",-7.70004628515152,4.89163953653846,-2.92630081681965,0.00724702328036379,0.017342056455397,-3.18421811752957,"KCNB2"
"SUB1",4.20507296596969,12.7844561135769,2.92114205476353,0.00733639680038997,0.0175297820792639,-3.19574712617748,"SUB1"
"LPXN",6.56056962266666,8.75095518307692,2.91799931203871,0.00739135660259849,0.0176479637929602,-3.20276585438171,"LPXN"
"LACTB2",6.57075242254545,5.04055414076923,2.91485079133017,0.00744681007879044,0.0177671476154933,-3.2097938325503,"LACTB2"
"AP1M1",7.10580117315151,9.509963935,2.91430879009997,0.00745639593986792,0.0177768013157772,-3.21100329230887,"AP1M1"
"EIF2B5",7.04866121284848,5.44368826692308,2.90832964023833,0.00756292528641632,0.0180173921634075,-3.22433836727701,"EIF2B5"
"GMFB",5.4006418710303,12.3033114892308,2.90771671376268,0.00757392709566916,0.0180302166543044,-3.22570460470634,"GMFB"
"CCDC6",6.94506571890908,7.88534345307692,2.9049919156847,0.00762302069214117,0.0181225255145261,-3.23177659657709,"CCDC6"
"SERPINB1",6.76648233460606,9.01314986115385,2.90493784495233,0.0076239979571861,0.0181225255145261,-3.23189706086294,"SERPINB1"
"PSMF1",7.04212737478787,9.47955609769231,2.90088791142396,0.00769753525599986,0.0182837828545548,-3.24091681707438,"PSMF1"
"EIF4G1",5.23377773684848,11.9884345676923,2.90010162590393,0.00771189029562656,0.018304331330374,-3.2426672728537,"EIF4G1"
"S100B",-6.89704566561818,8.35283313473077,-2.89796058630584,0.00775110785922941,0.0183838175316091,-3.24743255694773,"S100B"
"P04434",-4.95752401715152,15.8475012019231,-2.89385149760246,0.00782690582924281,0.018549882426913,-3.2565732932324,"P04434"
"PARVA",-6.40900921200001,10.1340500153846,-2.88374308548999,0.00801637813577757,0.0189569325259471,-3.27903260663842,"PARVA"
"THYN1",6.12826019696969,10.7462730153846,2.87897520052404,0.00810725180884825,0.0191577106440309,-3.28961270778654,"THYN1"
"PSAT1",5.36693633096969,12.3227677280769,2.87736293067217,0.00813820158800334,0.01921669528764,-3.29318843992258,"PSAT1"
"CENPC",3.28714557833333,1.89643014134615,2.87546607903145,0.008174757920341,0.0192809725461131,-3.29739406014243,"CENPC"
"HARS",5.39543125,12.3947739180769,2.87532724865668,0.00817743958717976,0.0192809725461131,-3.29770181531573,"HARS"
"HIKESHI",6.54215959006059,5.09626718769231,2.87472834023142,0.00818901775955523,0.0192911730506063,-3.29902937419014,"HIKESHI"
"DGKB",7.74104021581817,6.01815624807692,2.87448177085624,0.00819378898970905,0.0192911730506063,-3.29957588779585,"DGKB"
"KRT86",-4.35730933375758,13.9158286811538,-2.87044354362974,0.00827230698015415,0.0194617544716383,-3.30852320049666,"KRT86"
"FUCA1",6.58941510127271,10.6639410080769,2.86304070431989,0.00841810298840061,0.0197902509082619,-3.32490914713012,"FUCA1"
"COL6A3",-4.17387292824849,13.0852315257308,-2.85978115423881,0.00848306854058945,0.0198993666329734,-3.33211739345696,"COL6A3"
"MAPRE2",6.94922131115151,8.01194150923077,2.85977855877529,0.00848312045930435,0.0198993666329734,-3.33212313149923,"MAPRE2"
"ATP1A1",7.22573281593939,5.64985982192308,2.8575156782173,0.00852850115316372,0.0199912054057724,-3.33712491386235,"ATP1A1"
"GPD1L",-1.0237643508485,14.3487929288462,-2.85635741597604,0.00855181838039054,0.0200312300603454,-3.3396843280504,"GPD1L"
"PGM2L1",6.33677362536364,4.54470065234615,2.85483311428185,0.0085825965608131,0.0200886596379644,-3.34305179180448,"PGM2L1"
"COL6A1",-5.22767133145455,11.8931033857692,-2.85296644852607,0.0086204307083213,0.0201519478575212,-3.34717437908151,"COL6A1"
"RPL35",3.91785351272727,12.4286451067692,2.85287958133569,0.00862219520360756,0.0201519478575212,-3.34736619509094,"RPL35"
"SFN",-1.03524983248486,16.3277209930769,-2.85215257187404,0.00863697605949539,0.0201658776542805,-3.34897142851624,"SFN"
"TMA7",6.32713214072727,4.95802249,2.85196843716662,0.00864072351967459,0.0201658776542805,-3.34937796463165,"TMA7"
"CHMP6",6.40683492618181,7.41473572076923,2.84896120823506,0.00870214440819183,0.0202944632310229,-3.35601552454182,"CHMP6"
"PCYOX1",-3.95008579951516,12.5738933946154,-2.84784110727686,0.0087251274130503,0.020333285307537,-3.35848691730357,"PCYOX1"
"SIN3A",5.42309596451514,10.7690510471154,2.84361376692208,0.00881238621813699,0.0205068508876009,-3.36780974056766,"SIN3A"
"ACSS2",-4.57323056181818,1.93482831461538,-2.84323246477437,0.00882029740956352,0.0205103872371662,-3.3686503089345,"ACSS2"
"PPP2R5A",5.81000255018181,4.55585359,2.83962153571098,0.00889555069170431,0.0206703998332217,-3.37660767887962,"PPP2R5A"
"LZIC",6.63496502890908,9.05333530884615,2.83713353782867,0.00894775511523363,0.0207766614795837,-3.38208749641838,"LZIC"
"EEA1",5.93125178484848,8.10212978153846,2.836367277874,0.00896389153178534,0.0207990802064347,-3.38377469749408,"EEA1"
"KLKB1",-5.43689362545455,2.30022422615385,-2.83428950085414,0.00900778557010047,0.0208858265133327,-3.38834852638524,"KLKB1"
"COX17",6.58234406684848,5.17266356423077,2.82899675453587,0.00912051887660351,0.0211293338478879,-3.3999918504726,"COX17"
"HRAS",5.65885039351516,11.4897339926923,2.82874212523729,0.00912597591560383,0.0211293338478879,-3.4005517230823,"HRAS"
"STK4",5.14491642387878,12.0180170692308,2.827213804804,0.00915879483747096,0.0211900307378834,-3.40391162043359,"STK4"
"TMX4",6.0254287069212,4.73494582392308,2.81908978662972,0.00933513241915523,0.0215669113988979,-3.42175620649279,"TMX4"
"SH3GL1",5.0581708081212,11.7942215807692,2.81782750940755,0.00936281776880214,0.0216153109497022,-3.42452648518039,"SH3GL1"
"IGHV1-2",-7.79151645515152,9.61219138461538,-2.81645237620612,0.00939306678527009,0.0216695552220932,-3.42754372675346,"IGHV1-2"
"MYH10",-6.79339099427273,5.28681595211538,-2.81491985036897,0.00942688692779918,0.0217319541316865,-3.43090542700013,"MYH10"
"POLA2",5.56421302357576,5.14384164930769,2.81383026611587,0.00945100216492124,0.0217562883409127,-3.43329493755033,"POLA2"
"DNAJC8",5.2901860012121,12.4000316907692,2.81078958124782,0.00951860920236535,0.0218962128533265,-3.43996080953051,"DNAJC8"
"PRPSAP2",5.29788009793937,12.43110859,2.8084140974425,0.00957174406101453,0.0220026695499969,-3.44516584893421,"PRPSAP2"
"TAF15",3.98358533727272,12.7190517566923,2.80467711773441,0.00965590096624066,0.0221643678116354,-3.45334957306828,"TAF15"
"TAGLN",-3.41473961521213,14.8623247688462,-2.79972796115887,0.00976843331090932,0.0223906446390771,-3.46417928361074,"TAGLN"
"SH3KBP1",6.48873944624241,5.15985546576923,2.78980565121425,0.00999778786584167,0.0228836670909315,-3.48586158165127,"SH3KBP1"
"SOD3",-4.84138395060606,13.1291145619231,-2.78021931621059,0.010224200775415,0.023368561458908,-3.50677193742738,"SOD3"
"DDX24",5.93631616793939,9.85678186192308,2.77487228733136,0.0103525830678475,0.0236451523592332,-3.51841901766898,"DDX24"
"SULT1A1",-3.2166232229091,14.4704616338462,-2.76626702900974,0.0105623951433302,0.0241072020020958,-3.53713876864918,"SULT1A1"
"CNRIP1",-6.7000959179394,7.89882466461538,-2.75790893732713,0.0107700161571453,0.0245635976178246,-3.55529174001576,"CNRIP1"
"LCN2",-6.23104995363637,4.19220962192308,-2.75270535005306,0.0109012144644692,0.0248099271038877,-3.56657887584531,"LCN2"
"TRIM4",5.57463736393939,15.6916326134615,2.74383512631398,0.0111283389078282,0.025290962857805,-3.58579345830123,"TRIM4"
"HMGN4",-5.68269892139395,13.1546331757692,-2.74216445199172,0.0111716129143977,0.0253713417142974,-3.58940879131318,"HMGN4"
"UNC13D",6.37105950709091,6.028606405,2.73833796573785,0.0112713250847287,0.025579690379699,-3.59768490322036,"UNC13D"
"RPL14",4.76728066030303,13.0427704834615,2.73374577300056,0.0113920969370488,0.025817259230925,-3.60760903575273,"RPL14"
"SH3BGRL2",-4.501808146,12.3291068626923,-2.73240457235584,0.0114275989512044,0.025879438979827,-3.61050582010052,"SH3BGRL2"
"APOL1",-6.16432148109091,3.46115779307692,-2.7231665589302,0.0116749761606883,0.0264210144567339,-3.63043793198254,"APOL1"
"DCTN1",4.82811165236362,11.6572139938462,2.71300520736744,0.0119528943962029,0.027030893669778,-3.65232059979117,"DCTN1"
"YKT6",5.10513899636363,12.3126482415385,2.70921108455608,0.0120582518354745,0.0272499508028434,-3.66048007017979,"YKT6"
"HLA-B",5.30407014999999,12.4595525211538,2.70513833239892,0.0121723177043832,0.0274883655970202,-3.6692319156698,"HLA-B"
"LCK",7.00074623357576,6.68730241692308,2.70339078282529,0.0122215717500308,0.0275801854752804,-3.6729850119505,"LCK"
"C8G",-6.08581682442425,10.1736128811538,-2.69836896904807,0.0123641542229803,0.0278627604645673,-3.68376274595703,"C8G"
"DNM1L",4.51317916224241,12.7304240580769,2.69565753621937,0.0124417871902642,0.0279983836560714,-3.68957747726286,"DNM1L"
"LYPLA1",5.19678049854544,12.4979448507692,2.68988475958487,0.0126085993760327,0.0283538860530405,-3.70194678712896,"LYPLA1"
"LAMTOR3",5.88951332963635,9.97900263807692,2.68767768268209,0.0126729290617328,0.0284785919881657,-3.70667208282284,"LAMTOR3"
"MPI",4.89205361666665,11.866502965,2.68486613817858,0.0127553235169644,0.0286436901091243,-3.71268847604239,"MPI"
"AMDHD2",4.80670166072726,11.6503204992308,2.68038223159222,0.0128877690548438,0.0289208747531424,-3.72227644755239,"AMDHD2"
"LRP1",-6.39149319249697,5.57165437761538,-2.67941933417169,0.0129163789411634,0.028964821818444,-3.7243342794786,"LRP1"
"MPO",-6.67733539206061,5.47576713269231,-2.67456009683216,0.0130616694887961,0.0292497539354827,-3.73471291843605,"MPO"
"PPP4C",6.15912435169697,5.92543652576923,2.6737274687132,0.0130867183094598,0.0292854107775848,-3.73649026054962,"PPP4C"
"IGHV3-48",-6.87979594290909,4.76431953692308,-2.6730567729204,0.0131069283119335,0.0293101971797871,-3.73792171910054,"IGHV3-48"
"GCDH",5.31496562175756,12.9685251311538,2.67018035735044,0.0131939354882179,0.0294842193465817,-3.74405859169981,"GCDH"
"FEN1",5.16973527781818,12.5699707915385,2.6683361515174,0.0132500045708549,0.0295683342613862,-3.74799132626813,"FEN1"
"NAT1",6.14723776048484,5.94238431153846,2.66400949388898,0.013382425416282,0.0298016677035731,-3.75721199166375,"NAT1"
"SERPINF1",-3.8916921367394,12.9769723953077,-2.6619854122304,0.0134447991319404,0.029919806112619,-3.76152274855534,"SERPINF1"
"PRELP",-4.40809924545456,14.9315154553846,-2.65665445602007,0.0136103832841494,0.0302673041987772,-3.77286764072991,"PRELP"
"OGDHL",6.66427039884847,9.56338605576923,2.65590528088367,0.0136338058873128,0.0302983954933426,-3.77446096783469,"OGDHL"
"ERAP2",6.34080959466666,6.13626039153846,2.65447464845488,0.0136786388885375,0.0303467790173041,-3.77750291270278,"ERAP2"
"DEK",5.18641615054545,12.6941063492308,2.65430552333592,0.0136839480330443,0.0303467790173041,-3.77786246261296,"DEK"
"RPL5",5.00155685927271,12.2455187653846,2.65344609075989,0.0137109570268472,0.0303856775546634,-3.7796893695568,"RPL5"
"FKBP9",-6.55624821987879,9.43429679846154,-2.65228000706334,0.0137476828620619,0.0304460416179135,-3.78216760634491,"FKBP9"
"RBBP4",4.57638782587877,13.1697848311538,2.64805428785851,0.0138815454546801,0.0307212961131506,-3.79114333298362,"RBBP4"
"NRAS",6.75977200872726,6.57220421384615,2.64642393341702,0.0139335175056682,0.0308150638702201,-3.79460420344732,"NRAS"
"ALDOC",3.02306274515151,14.7232006188462,2.64280645470959,0.014049485979252,0.0309034670074765,-3.80227906585865,"ALDOC"
"APCS",-6.13167046224242,4.29178209115385,-2.64080177756887,0.0141141400662248,0.0309034670074765,-3.80652969078195,"APCS"
"PHYHD1",5.467170198,3.15413665269231,2.64029582586791,0.0141305017891188,0.0309034670074765,-3.8076022042828,"PHYHD1"
"PARVG",4.977739618,2.87177285653846,2.63954950934893,0.0141546689631928,0.0309034670074765,-3.80918403327245,"PARVG"
"PIH1D1",4.31723194333333,2.49071073653846,2.63952933995525,0.0141553226237965,0.0309034670074765,-3.80922677915377,"PIH1D1"
"METTL26",5.26080503466666,3.03507982769231,2.63952156741268,0.0141555745280955,0.0309034670074765,-3.80924325179592,"METTL26"
"TBR1",6.90562371903031,6.72189603769231,2.63950289823741,0.0141561796040684,0.0309034670074765,-3.80928281797195,"TBR1"
"LRRC40",5.606996466,3.23480565346154,2.63908716684542,0.0141696599099366,0.0309034670074765,-3.81016385040829,"LRRC40"
"FAM98C",5.44393877933333,3.14073391115385,2.63907487113543,0.0141700587875748,0.0309034670074765,-3.81018990673019,"FAM98C"
"EXOSC1",4.92849088733333,2.84336012730769,2.63900763542239,0.0141722401262508,0.0309034670074765,-3.81033238737647,"EXOSC1"
"ARFIP1",5.68406477933333,3.27926814192308,2.63896965244687,0.0141734725527431,0.0309034670074765,-3.81041287702507,"ARFIP1"
"GBA3",4.74934210666666,2.74000506153846,2.63886136152992,0.0141769867985286,0.0309034670074765,-3.81064235255767,"GBA3"
"MBD2",5.23713755066666,3.02142551,2.63884572659005,0.0141774942493691,0.0309034670074765,-3.81067548358485,"MBD2"
"LY75",5.349995732,3.08653599923077,2.63860460280731,0.0141853223657758,0.0309034670074765,-3.81118642015062,"LY75"
"TXN2",5.365794298,3.09565055653846,2.63853837712737,0.0141874730994982,0.0309034670074765,-3.81132674652259,"TXN2"
"HSBP1",5.01748626133333,2.89470361230769,2.63851633012917,0.0141881891617067,0.0309034670074765,-3.81137346173176,"HSBP1"
"MCRIP1",5.63638390333333,3.25175994423077,2.63838738620357,0.0141923777957959,0.0309034670074765,-3.81164667564272,"MCRIP1"
"PPID",4.95050720866666,2.85606185115385,2.6380537326366,0.014203221621433,0.0309034670074765,-3.81235360581225,"PPID"
"ESYT1",-3.86600881036364,13.3488312580769,-2.63802049410382,0.0142043023067972,0.0309034670074765,-3.81242402739661,"ESYT1"
"CCDC43",4.949366854,2.85540395423077,2.63796716467143,0.0142060363689404,0.0309034670074765,-3.81253701399773,"CCDC43"
"RTCA",5.094230228,2.93897897769231,2.6376613606641,0.0142159837312635,0.0309034670074765,-3.81318488226606,"RTCA"
"PUM1",4.80439024599999,2.77176360346154,2.63750629859738,0.0142210301665066,0.0309034670074765,-3.81351337668658,"PUM1"
"MRPL46",4.58692234333333,2.64630135192308,2.63746492821125,0.0142223768330753,0.0309034670074765,-3.8136010168151,"MRPL46"
"WDR82",4.936327976,2.84788152461538,2.63732839677886,0.0142268219777533,0.0309034670074765,-3.81389024321256,"WDR82"
"MEIS1",4.35905481266666,2.514839315,2.63666054299622,0.01424858447879,0.0309034670074765,-3.81530489584961,"MEIS1"
"EPS8L2",4.89272543733333,2.82272621384615,2.636410874375,0.0142567281092817,0.0309034670074765,-3.81583369449096,"EPS8L2"
"GATAD2A",5.55005304333333,3.20195367884615,2.63621204791191,0.0142632164978132,0.0309034670074765,-3.81625478940016,"GATAD2A"
"WTAP",5.58443453133333,3.22178915269231,2.63613993458651,0.0142655704854246,0.0309034670074765,-3.81640751396713,"WTAP"
"KBTBD11",5.04469865,2.91040306730769,2.63591491245689,0.0142729181961971,0.0309034670074765,-3.81688406013605,"KBTBD11"
"CREB1",5.326541852,3.07300491461538,2.6355210986353,0.0142857860326058,0.0309034670074765,-3.81771801456381,"CREB1"
"ERVFC1",5.20259176666666,3.00149525,2.63487484552592,0.0143069258294661,0.0309034670074765,-3.81908639319227,"ERVFC1"
"AGRN",4.82327932199999,2.78266114730769,2.63478306959117,0.0143099303145765,0.0309034670074765,-3.81928070472384,"AGRN"
"METAP1",4.597642406,2.65248600346154,2.63476417106371,0.014310549072331,0.0309034670074765,-3.81932071694338,"METAP1"
"BCAS2",4.682431378,2.70140271807692,2.63390795228119,0.014338608854278,0.0309432386102072,-3.82113334725072,"BCAS2"
"FARSA",4.93266393,2.84576765192308,2.63331399363388,0.0143581041466699,0.030943315598677,-3.82239057531463,"FARSA"
"RNPS1",5.12741904666667,2.95812637307692,2.63300928636949,0.0143681150662532,0.030943315598677,-3.8230354856768,"RNPS1"
"RNASE6",6.21876484575756,6.04551887038462,2.63279237671456,0.0143752454423757,0.030943315598677,-3.82349454778294,"RNASE6"
"BUD31",4.769478296,2.75162209384615,2.63272568358656,0.0143774384817217,0.030943315598677,-3.82363569119278,"BUD31"
"RRM2",4.87018862,2.80972420384615,2.63243933644099,0.0143868578601515,0.030943315598677,-3.82424166818821,"RRM2"
"ATL2",5.264876766,3.03742890346154,2.63093358440396,0.0144364845873937,0.0310051464127912,-3.82742758376867,"ATL2"
"NFS1",5.074749182,2.92773991269231,2.63083565670558,0.0144397176380149,0.0310051464127912,-3.82763474691827,"NFS1"
"ZNF512",4.93918091466666,2.84952745076923,2.63027125905702,0.0144583642444925,0.0310051464127912,-3.82882862955743,"ZNF512"
"ILKAP",4.16100044813333,2.40057718161538,2.63010332444741,0.0144639168256792,0.0310051464127912,-3.82918383768928,"ILKAP"
"MRPL15",5.21926872466666,3.01111657192308,2.63005369567984,0.0144655581304638,0.0310051464127912,-3.8292888079201,"MRPL15"
"VPS36",5.73647692666667,3.30950591923077,2.62981129481916,0.0144735772285327,0.0310051464127912,-3.8298014961603,"VPS36"
"GPC1",4.986618038,2.87689502192308,2.62951619888906,0.0144833451956823,0.0310053734042325,-3.83042560112043,"GPC1"
"SNRNP70",5.10938442903029,12.5316329696154,2.6268087252732,0.0145732534992196,0.0311770469859972,-3.83614987067978,"SNRNP70"
"PON2",5.34052412666666,3.08107161153846,2.62642578584949,0.0145860119955038,0.0311835526272962,-3.83695923331142,"PON2"
"ARHGEF2",4.82260853599999,2.78227415538462,2.62444603246273,0.0146521387305607,0.0313040700308717,-3.84114249333919,"ARHGEF2"
"HPGD",5.64923284266666,3.25917279384615,2.6238352575524,0.0146725960440528,0.0313269199636496,-3.84243271700494,"HPGD"
"SPR",4.67995356727272,11.4416735546154,2.62334883294724,0.0146889074652636,0.0313408936542759,-3.84346013815654,"SPR"
"SNAPIN",4.90361787466666,2.82901031230769,2.62082216573232,0.014773908045383,0.0315013095798232,-3.84879522186477,"SNAPIN"
"GMPPA",5.57698605727272,10.7702348088462,2.61884915264776,0.0148406024205022,0.0316225054232347,-3.85295925442905,"GMPPA"
"ECI1",4.56552147799999,13.2821253788462,2.6176507921466,0.014881248237374,0.0316880727231143,-3.85548752801168,"ECI1"
"ISLR",4.88709454533333,2.81947762230769,2.61701610433424,0.0149028176084128,0.0317129586905814,-3.8568263145976,"ISLR"
"LCP2",4.83130547113333,2.78729161796154,2.61651177938595,0.0149199775278926,0.0317284346501042,-3.85788998862193,"LCP2"
"IFIT1",5.43503798418182,4.18589478884615,2.61516036536144,0.014966051175019,0.0317874388967392,-3.86073969399886,"IFIT1"
"TMEM263",5.48031778399999,3.16172179846154,2.61511690377874,0.0149675351115528,0.0317874388967392,-3.86083132701388,"TMEM263"
"EPB41",6.23441030854545,6.12321339346154,2.61418920894827,0.0149992427959144,0.0318012499937991,-3.86278704496392,"EPB41"
"ARMC6",5.254405556,3.03138782076923,2.61405695229624,0.0150037683049585,0.0318012499937991,-3.86306582976475,"ARMC6"
"JUP",4.22512788357574,12.1352249980769,2.61350710265123,0.0150225965376428,0.0318201401249478,-3.86422477692942,"JUP"
"ISOC2",4.89464733830302,12.0362507792308,2.61243213759858,0.0150594698265033,0.0318588828616811,-3.86649014125571,"ISOC2"
"MCM6",5.15224834727272,12.4846352123077,2.61239505557475,0.0150607433160394,0.0318588828616811,-3.86656827796462,"MCM6"
"CAMK4",5.99151958321211,9.51348978884615,2.6117330206448,0.015083496192814,0.0318807046751576,-3.8679631676657,"CAMK4"
"NQO1",-6.28581870957576,4.43640653,-2.6064902658921,0.0152648170003685,0.0322268406277516,-3.87900247140795,"NQO1"
"NUP214",6.02996344903029,4.66975129038462,2.60029897827555,0.0154815637561171,0.0326414836355978,-3.89202289771882,"NUP214"
"NUDT2",5.69492894933332,11.0424856723077,2.59393430437593,0.0157073728349721,0.033074120359203,-3.90538967441908,"NUDT2"
"DCK",4.59596317872726,13.2341649557692,2.58980986537623,0.015855338881767,0.0333419282251575,-3.91404168601242,"DCK"
"HNRNPUL1",4.38352256745453,12.9127571619231,2.58949442741648,0.0158667087187191,0.0333439870847213,-3.9147030713723,"HNRNPUL1"
"NME1",4.29268121909091,12.4710423180769,2.58369584631891,0.0160770759018943,0.0337418813402085,-3.9268529011966,"NME1"
"RAB8A",6.2055619409697,6.16162225538462,2.57731639393176,0.0163115195828558,0.0341892007455155,-3.94020187293923,"RAB8A"
"IDH3B",4.15836928854544,12.2301495503846,2.57589952399876,0.0163640199539916,0.0342768538070228,-3.94316410458822,"IDH3B"
"HAAO",5.39247340630303,4.20884313615385,2.57079546964058,0.0165544526061813,0.0346531235572315,-3.95382734640337,"HAAO"
"IGKV1D-33",-6.33350439069091,7.02469594830769,-2.56848159748981,0.0166414617511371,0.0348125493868312,-3.95865742260432,"IGKV1D-33"
"PRPF8",4.03405933927272,11.7912489992308,2.56660714655367,0.0167122593389102,0.0349378763638847,-3.96256839980158,"PRPF8"
"TARDBP",4.24546418454545,12.5861449957692,2.56588320490604,0.0167396774660905,0.0349724121020081,-3.96407843960205,"TARDBP"
"MAGOH",5.14174005448484,12.9603469811538,2.56243285001867,0.0168709306638189,0.0352236932336987,-3.97127202242704,"MAGOH"
"MCM5",5.03524291581818,12.6064133842308,2.55694082679298,0.0170818278446235,0.0356408228565649,-3.98271073176106,"MCM5"
"PCNP",4.37814115121212,12.9681994796154,2.55511170804924,0.0171526101314844,0.0357652540038554,-3.98651724905182,"PCNP"
"REEP5",5.57572333139394,4.37344569769231,2.55326899988047,0.0172241942117036,0.0358570881290167,-3.99035045441905,"REEP5"
"NSF",4.29639788393938,12.7694494496154,2.55318098617471,0.0172276202449665,0.0358570881290167,-3.99053350068855,"NSF"
"SRSF10",6.31368812278787,6.29597613307692,2.55311537937587,0.0172301744764549,0.0358570881290167,-3.99066994387837,"SRSF10"
"NAA15",5.4369779659394,4.25024067,2.55153015985281,0.0172919981268154,0.0359624251386588,-3.99396612571588,"NAA15"
"TNPO1",3.68208580181817,13.4581905084615,2.5471880750594,0.0174623980893994,0.0362697964199888,-4.00298864409949,"TNPO1"
"PPP2R2A",4.67899265066666,11.8573753169231,2.54444594602608,0.0175708128955295,0.0364477948169065,-4.00868198460703,"PPP2R2A"
"COPG2",4.63781036115151,11.6647436419231,2.53757401281844,0.0178452622105409,0.0369693004736124,-4.02293415869977,"COPG2"
"MYO9B",4.97026473060606,3.92851788423077,2.53631645981553,0.0178959152956035,0.037050317537801,-4.02553985480718,"MYO9B"
"TTC12",6.21946793709091,4.9241434,2.53119834969557,0.0181034496521536,0.0374558155601294,-4.03613699195523,"TTC12"
"SMC3",6.06118642175757,6.09053205115385,2.52875846870544,0.0182031694668774,0.0376378677958825,-4.04118440657507,"SMC3"
"EIF3K",5.10799670569696,13.01749201,2.52718212477131,0.0182678668990808,0.0377473180161947,-4.04444389639762,"EIF3K"
"S100A6",-3.38824777927274,16.3842650030769,-2.525230043,0.0183482816038084,0.0378890834405542,-4.04847866999595,"S100A6"
"TSPAN14",-5.80733985709091,12.39089125,-2.52249514046368,0.0184614970426226,0.0380983562763832,-4.05412838893076,"TSPAN14"
"RBM22",5.61615511709091,4.46242045153846,2.51996303075515,0.0185668954474619,0.0382912387473684,-4.05935597943957,"RBM22"
"DYNC1LI2",4.43413225987878,11.2707748123077,2.51895734777796,0.0186089115020017,0.0383532414964185,-4.06143137645968,"DYNC1LI2"
"HNRNPL",4.54338418896969,13.6463590223077,2.51613380817894,0.0187273472660384,0.0385725657103448,-4.06725562561199,"HNRNPL"
"LSM7",4.77666083581818,14.362949855,2.51564196949027,0.0187480492562451,0.0385904362176335,-4.06826977175152,"LSM7"
"DGKA",6.18765382557575,10.1187870230769,2.51216956995859,0.0188948113431162,0.0388426967329018,-4.07542636033924,"DGKA"
"TRIM21",5.70131530339393,4.53841363461538,2.50943472905417,0.0190111497850622,0.0390439943374703,-4.08105874511833,"TRIM21"
"STK39",5.60687384969697,4.44938734692308,2.5092960800392,0.0190170654875245,0.0390439943374703,-4.08134419537303,"STK39"
"ITGB4",5.66366937927273,4.50204432769231,2.50771795379497,0.0190845194170411,0.0391364635920003,-4.08459258187934,"ITGB4"
"METTL7A",-3.73809000339395,13.4457828261538,-2.50767178951342,0.0190864959555876,0.0391364635920003,-4.08468758743973,"METTL7A"
"PURB",5.32078429648484,10.6280937461538,2.50731443552811,0.0191018026050593,0.0391428381606866,-4.08542298289131,"PURB"
"C8orf82",5.78914943260606,4.60283784615385,2.50644096783238,0.0191392640369377,0.0391945745338438,-4.08722022339971,"C8orf82"
"RPL3",5.17528463151514,13.2288130353846,2.50614099998755,0.0191521448168231,0.0391959392328989,-4.08783734962654,"RPL3"
"NT5C",4.71155302351515,12.0036691092308,2.50281650198277,0.0192954397385811,0.0394640319446186,-4.09467394183055,"NT5C"
"RPS19",-1.66991196436365,15.7009616576923,-2.50143874115951,0.0193551157816729,0.0395608704098014,-4.09750563468655,"RPS19"
"RPL19",4.25509782666666,12.8688901107692,2.50076329249807,0.019384434478348,0.0395955762196174,-4.09889353779148,"RPL19"
"APIP",3.43121806072725,12.6531636384615,2.49857460011925,0.0194797204593036,0.0397649000979041,-4.10338930871881,"APIP"
"PPP6R1",5.57564394163636,9.179407435,2.49551787987201,0.0196135231108389,0.0399909864695472,-4.10966418008526,"PPP6R1"
"LUC7L2",4.30039447436362,12.9982571157692,2.49525674993375,0.0196249930164896,0.0399909864695472,-4.11020001936006,"LUC7L2"
"SBDS",6.11802170133333,7.26835166461538,2.4951914940274,0.0196278602958981,0.0399909864695472,-4.11033391944123,"SBDS"
"RPL9",5.47661798248484,10.9822798057692,2.48992325055801,0.019860626272442,0.040439561997631,-4.12113708180999,"RPL9"
"XPOT",5.30970953060606,4.24974634269231,2.48867953339216,0.0199159490026909,0.0405264935634972,-4.12368549058177,"XPOT"
"ARF5",5.59323063139393,11.2528123330769,2.48272467045677,0.0201828145203155,0.0410022595967738,-4.13587664389374,"ARF5"
"NUDT21",4.16929057042423,12.7017689053846,2.48260776282642,0.0201880866821136,0.0410022595967738,-4.13611580983819,"NUDT21"
"FARSB",4.81700285248485,12.3799265553846,2.47532556990023,0.020519014165688,0.0416480179998058,-4.15100021828395,"FARSB"
"PTP4A1",6.18267192018181,10.2695751596154,2.47337417867581,0.0206085407595089,0.041803291591191,-4.15498430980021,"PTP4A1"
"UCHL1",-3.6151778839394,13.2465766488462,-2.45861392788955,0.0212975066173251,0.0431735304706229,-4.18505866592981,"UCHL1"
"PCCA",5.75071467557575,8.73550344423077,2.45464286742699,0.021486464296018,0.0435172284554049,-4.19313127457308,"PCCA"
"TUBG1",5.81673632157575,11.7749842653846,2.45448151136448,0.021494174852545,0.0435172284554049,-4.19345912216633,"TUBG1"
"FADD",5.57314410476969,4.45976552142308,2.45365382887204,0.0215337666588622,0.0435424431054119,-4.19514062496517,"FADD"
"PPP1R1A",-4.92650662204849,2.61780524930769,-2.45149617424308,0.0216372939227673,0.0437242293439297,-4.19952245958547,"PPP1R1A"
"PAK2",4.23073579490908,12.9984225915385,2.4485738215621,0.021778245340462,0.0439813651966913,-4.20545354735127,"PAK2"
"NUMA1",3.99401748181817,12.2671479430769,2.44748682576578,0.0218308894556732,0.0440599523668272,-4.2076585761843,"NUMA1"
"PARP1",4.48476202636362,11.5658394511538,2.44704594281262,0.0218522752527611,0.0440725075872591,-4.20855276156063,"PARP1"
"COX5A",5.25804686575757,4.26988494730769,2.44514031386453,0.0219449337293164,0.0442067120761935,-4.21241657646179,"COX5A"
"HGH1",5.46691159945453,4.44520808576923,2.44310021208099,0.0220445325666596,0.0443794887116755,-4.21655102118681,"HGH1"
"CRKL",4.23748159254545,12.9299987742308,2.44066422908203,0.0221640048905704,0.0445920324099312,-4.2214850079907,"CRKL"
"HMGN1",-3.83207883236364,11.2135300553846,-2.43812784956791,0.0222890357513788,0.044815486043969,-4.22661916359195,"HMGN1"
"ETHE1",4.45161580054544,13.7404283903846,2.43643082697645,0.0223730534455907,0.0449562482823423,-4.23005247352899,"ETHE1"
"VAPA",4.44961784521211,13.6851808638462,2.4324837725086,0.0225695986794969,0.0452944603893092,-4.23803227306068,"VAPA"
"OAS2",5.51789300641212,4.47972443684615,2.43021578237533,0.022683253191346,0.0454940996818934,-4.24261392101279,"OAS2"
"CKB",-4.72249383745456,13.63367562,-2.42883460714571,0.022752725501963,0.045604932002373,-4.24540280392188,"CKB"
"RPL10A",4.25303406987877,13.1814700273077,2.42681423269238,0.0228547024925439,0.0457807367656513,-4.24948061905209,"RPL10A"
"PTPN6",3.96256041860605,12.1341521219231,2.42458872445799,0.0229675209124408,0.0459780253325157,-4.25397006286312,"PTPN6"
"HMGA1",-5.03306789650304,11.1532411964231,-2.42318780405754,0.0230388011846337,0.0460919657116518,-4.25679480002727,"HMGA1"
"SEPTIN6",4.59742778381817,11.9776495711538,2.42126590887925,0.0231369208216536,0.0462297591164963,-4.26066837435756,"SEPTIN6"
"C7",-6.16017987715152,8.62080171269231,-2.42104840119253,0.0231480495845383,0.0462297591164963,-4.26110664184546,"C7"
"DHX15",4.18007213006059,12.8319165223077,2.4209927988834,0.0231508952633872,0.0462297591164963,-4.26121867394057,"DHX15"
"RBM10",5.70064835733333,4.67829947076923,2.41421761860728,0.0235000648631785,0.0468686812591297,-4.27485804232529,"RBM10"
"TFAM",-4.98585770709091,11.5064082996154,-2.41025510107036,0.023706520140335,0.0472217399940007,-4.28282424385977,"TFAM"
"RAB33B",5.58856427648484,14.8179670761538,2.40222840470627,0.0241298519264024,0.0480351704912067,-4.29893630455509,"RAB33B"
"GOT2",4.92872381763635,11.2354425365385,2.40007957741255,0.0242443561970013,0.0481734607035153,-4.30324403287965,"GOT2"
"FUBP3",4.34466914993938,13.5239943869231,2.39734406706021,0.0243908458910283,0.0484345448417758,-4.30872442746721,"FUBP3"
"ZNF207",6.17048709242423,10.5407850403846,2.38752262844813,0.0249235259023257,0.0494617159063471,-4.32836902344289,"ZNF207"
"RPL39",5.87494211096969,10.0243789757692,2.38503801960697,0.0250599657930926,0.0496710501729674,-4.33333073519848,"RPL39"
"ELMO2",6.17071957927272,6.45205200923077,2.38216608260293,0.0252185300248942,0.0499236661627918,-4.33906192631097,"ELMO2"
"TCEA1",4.12642745993939,12.9717959396154,2.38121925453867,0.0252710075163996,0.0499967096918165,-4.34095045821667,"TCEA1"
