"","logFC","AveExpr","t","P.Value","adj.P.Val","B","Gene"
"PAX1",2.97006157680099,7.98101127921407,9.59943974516132,6.43308249043026e-10,1.27304269403124e-05,12.8146588429738,"PAX1"
"PLTP",2.48795699890588,8.57985036068366,8.22133216407401,1.29570219130093e-08,8.54688355455137e-05,9.88774582836298,"PLTP"
"ELANE",-2.9702368482369,-0.878220931366063,-8.59791958439245,5.56349848042679e-09,5.50480357145829e-05,9.36786830089744,"ELANE"
"NRCAM",3.16884451415436,5.71878758319894,7.85589809003003,2.99640962977541e-08,0.000118591900327251,9.06537002184584,"NRCAM"
"LINC00632",-4.98084891354264,1.04906870422936,-7.9800994098483,2.24902134958092e-08,0.000111264708717142,8.95567309881234,"LINC00632"
"MYOC",-5.21805244732997,0.204140456129566,-7.49283982612359,7.01277111895242e-08,0.000231292879454916,7.92585316587945,"MYOC"
"NFKB1",1.63009865179708,7.52669132135317,7.22295885047668,1.33413890021108e-07,0.000372111352056571,7.60640718655443,"NFKB1"
"FBLN5",-1.88788172864805,4.16414600383138,-6.92478086316239,2.74428108169284e-07,0.000543065783256196,6.9407792924833,"FBLN5"
"TRAV19",-3.5710955802363,0.447566663607452,-7.04183086121305,2.06491110574869e-07,0.000454028065240677,6.87498480253183,"TRAV19"
"BPI",-2.71519790043265,-0.94597481428939,-7.17300703991089,1.50431594140814e-07,0.000372111352056571,6.70127110015704,"BPI"
"MARVELD2",2.74627404358501,3.91599179754199,6.83109904820021,3.44996757901369e-07,0.000620649167464564,6.62701491246942,"MARVELD2"
"GNPDA1",1.34189552164773,5.38249029188609,6.59630204752766,6.15023411793269e-07,0.000931400826816799,6.15382239488847,"GNPDA1"
"SORBS2",2.60993517708362,8.15438158663315,6.60568822812403,6.00898931183929e-07,0.000931400826816799,6.12340305376278,"SORBS2"
"CMTM4",1.5065909210083,4.80444167101742,6.55889004292186,6.74765759512855e-07,0.000931400826816799,6.0776849552919,"CMTM4"
"SPINT2",1.92216949558103,5.73616013782534,6.47341921063536,8.34429973287442e-07,0.000976775433121687,5.85513918252624,"SPINT2"
"ZNF483",2.22786888996744,7.25158550678968,6.47117196319613,8.39111747085182e-07,0.000976775433121687,5.81104781084201,"ZNF483"
"RNF187",1.42711755008873,5.8757362933442,6.44521452804987,8.95168068673238e-07,0.000984137828387484,5.77550864282778,"RNF187"
"CDH1",2.31658082398737,7.43448746842359,6.33722382711829,1.17243091455356e-06,0.00122111765095266,5.47918651343042,"CDH1"
"QRFPR",4.16859705141488,0.300531041249665,6.54065293902427,7.05998908598312e-07,0.000931400826816799,5.45018895805971,"QRFPR"
"PKP1",2.50114611659966,7.24716160332448,6.23797263680057,1.50404590004571e-06,0.0014173125864764,5.24173403827714,"PKP1"
"CALML3",2.53153704766929,5.75691202605973,6.20559631322885,1.63171323721968e-06,0.0014677260568791,5.2132648943914,"CALML3"
"GALNT9-AS1",5.42250747522649,0.987244603686416,6.27203058072606,1.38067372364277e-06,0.00136610761585834,5.01385865072191,"GALNT9-AS1"
"KRT8",1.96941790691207,6.03384565612319,6.08253598711601,2.2261194889171e-06,0.0019153338507035,4.89040472399127,"KRT8"
"SYTL2",-1.37974970003361,5.24258338752021,-6.03748443362476,2.4951520116282e-06,0.00197506252632442,4.78160735319382,"SYTL2"
"RHOBTB3",2.13080207605133,6.64146001151205,5.9855534576434,2.84652727326176e-06,0.0019968307305531,4.6303391225307,"RHOBTB3"
"CADM3-AS1",-3.37731630981232,0.71448056496098,-6.00458113614937,2.71229937981444e-06,0.0019968307305531,4.59994188026264,"CADM3-AS1"
"L3MBTL4",1.53178621647094,5.70696521568451,5.92532543387393,3.31750241545194e-06,0.00211774371933479,4.5069770235873,"L3MBTL4"
"TRAJ58",-2.69931777985191,-0.763188152463069,-6.05580032535639,2.38200497439531e-06,0.0019640623515962,4.47333285876646,"TRAJ58"
"PDE7B",-1.86990752164026,3.52264351171247,-5.88589398411463,3.66794929728641e-06,0.00219954692860609,4.46713650307072,"PDE7B"
"CCR4",-2.60439174908764,3.60235523294405,-5.87258512923735,3.79451882435614e-06,0.00220852155927011,4.4349870385526,"CCR4"
"TNFRSF13B",-2.88982834267846,0.203818231433523,-5.92849886766443,3.29081889962898e-06,0.00211774371933479,4.36833314996918,"TNFRSF13B"
"C6",-2.96572033613569,-0.536797122002639,-5.97467485187351,2.92627677932386e-06,0.0019968307305531,4.34691427408296,"C6"
"NXN",1.71598138927424,5.81961669733231,5.83376963511756,4.1895283581813e-06,0.00230296046333471,4.27863570081624,"NXN"
"ESM1",3.70275846694254,0.0885755123225461,5.97834955842924,2.89908766283267e-06,0.0019968307305531,4.25040491369916,"ESM1"
"ADARB2",1.98526150728616,4.47228014069543,5.78618214214935,4.73117939658342e-06,0.0025304137588916,4.22187212142281,"ADARB2"
"PTPRF",1.75585019966424,8.17575989489518,5.83409067764096,4.18609597108801e-06,0.00230296046333471,4.20645872663496,"PTPRF"
"L3MBTL4-AS1",2.13043293725828,1.99430782898036,5.89884843721791,3.54885929730813e-06,0.00219463676982596,4.19782870134852,"L3MBTL4-AS1"
"ZNF69",-1.4872341988495,3.77046282105729,-5.72742903020687,5.4989018619761e-06,0.00267837470666734,4.07684411870078,"ZNF69"
"COL4A4",-1.28622192134326,5.14349898587344,-5.70582466044967,5.81193290966364e-06,0.00267837470666734,3.96216241074243,"COL4A4"
"LAMA5",2.9917959698947,6.67472806956527,5.67827379084787,6.23744284130493e-06,0.00279476916084472,3.87967391243646,"LAMA5"
"FLI1",-1.37032970322723,5.69443078500543,-5.660928426455,6.5213704388453e-06,0.00280546520900673,3.82558424075487,"FLI1"
"IGSF10",-1.92687353212237,3.13830874838294,-5.6155235506463,7.3281091345373e-06,0.00295123135859862,3.81343133350725,"IGSF10"
"SLC5A12",3.94179625772594,0.847812370604102,5.75345813547467,5.14432533106682e-06,0.00267837470666734,3.80590282394905,"SLC5A12"
"SNORA22",1.41412317624558,4.9738276600451,5.61622968653512,7.31482027794308e-06,0.00295123135859862,3.77132597615982,"SNORA22"
"ANKRD65",2.55212788085344,3.57786792521255,5.59785767787778,7.6686294108029e-06,0.00297557857667409,3.74956824863811,"ANKRD65"
"FUT1",2.75747865391348,1.83872207484851,5.7134320257568,5.69970164277795e-06,0.00267837470666734,3.74469326591343,"FUT1"
"ZDHHC1",3.26513031257158,1.44495039025687,5.71218060645869,5.71801193660237e-06,0.00267837470666734,3.71669161143599,"ZDHHC1"
"HSPA1B",1.69945852964305,4.86037089678983,5.58218107441698,7.98418557745326e-06,0.00298111412060797,3.69991574109597,"HSPA1B"
"ZNF503-AS2",3.37445101717622,0.759894234232669,5.70528991516582,5.81990562366444e-06,0.00267837470666734,3.67307433765911,"ZNF503-AS2"
"FZD8",2.98820053573339,4.18219648692935,5.54819861382419,8.71404591002961e-06,0.00314380780141821,3.64737065969596,"FZD8"
"IRF2BP2",1.40093167146797,7.5458508536992,5.58518420337141,7.92273493481444e-06,0.00298111412060797,3.5912543466479,"IRF2BP2"
"CCRL2",-1.93559793204568,1.69380050924891,-5.5471480608425,8.73765370043971e-06,0.00314380780141821,3.57773939854574,"CCRL2"
"SH2D6",2.53298046684968,-0.603093954861793,5.67098004150111,6.35527880327517e-06,0.00279476916084472,3.55983527842529,"SH2D6"
"HAGH",1.18486597512874,4.79083517388324,5.51533742504363,9.48394367211503e-06,0.00320463515057744,3.52649361247506,"HAGH"
"C7orf50",1.6014009342513,4.54091579506873,5.50577936977761,9.72052481299875e-06,0.00320463515057744,3.52484864707345,"C7orf50"
"MACROD2-AS1",2.83710734468598,0.772255051144354,5.63088098259531,7.04452740234018e-06,0.00295123135859862,3.48813530336116,"MACROD2-AS1"
"IGFL2",2.13427004214201,3.88363725838417,5.46668848695113,1.0751809990432e-05,0.00321109905347108,3.45306136594118,"IGFL2"
"GRINA",1.36101093441483,6.01687203625021,5.48640071599262,1.02186450951182e-05,0.00321109905347108,3.39402971471026,"GRINA"
"PDE7B-AS1",-2.11030776556924,2.09032627468973,-5.45325535551469,1.11311536308392e-05,0.00321109905347108,3.38930251497538,"PDE7B-AS1"
"CXXC5",1.1756781272334,6.1074390840883,5.47361628265355,1.05613023654287e-05,0.00321109905347108,3.35412486567729,"CXXC5"
"TBCC",-1.17179033365392,3.33867156209819,-5.41938739982411,1.21486610691278e-05,0.00329328566982151,3.33465919612149,"TBCC"
"ZNF763",-1.34843127468134,2.90784642171223,-5.40945823256143,1.24644013868532e-05,0.00329674475493877,3.31400408854692,"ZNF763"
"TRIP6",2.08744712173727,4.67583891377347,5.40852156337123,1.24946109768259e-05,0.00329674475493877,3.28912710974412,"TRIP6"
"CUBN",-1.31725401154048,5.69409040998255,-5.44541827918119,1.13586807692645e-05,0.00321109905347108,3.28360142418272,"CUBN"
"CTSA",1.65525343985137,7.45206494334158,5.44891633564059,1.12565501776347e-05,0.00321109905347108,3.25173903896463,"CTSA"
"TMEM171",3.19873642782291,0.0260667718295575,5.51643848424398,9.45706654031568e-06,0.00320463515057744,3.24221122145201,"TMEM171"
"LVRN",-3.15109954220085,-0.455193601122548,-5.45628382355952,1.10444682510224e-05,0.00321109905347108,3.23792525755673,"LVRN"
"FOXN1",2.33627406890709,5.41052840655188,5.40138403429964,1.27272515697263e-05,0.0033139418593857,3.23547463344402,"FOXN1"
"PAK3",-1.9345507765506,3.19095735224739,-5.37540887101901,1.36114076982346e-05,0.00345328393513288,3.2305330913326,"PAK3"
"FRY",-1.269694214066,5.68943146231263,-5.42175903676905,1.20744466386727e-05,0.00329328566982151,3.22410783203574,"FRY"
"TEDC2-AS1",2.35609310364148,1.21212062613549,5.49953275061499,9.87835384229743e-06,0.00320463515057744,3.21614735105303,"TEDC2-AS1"
"ENAH",2.09823168119612,7.31853262020379,5.42004066216898,1.2128173041022e-05,0.00329328566982151,3.18750094134907,"ENAH"
"MICALL2",2.5851385171359,5.03311719650191,5.34698177499633,1.46502342544452e-05,0.00353553031294165,3.13222151197807,"MICALL2"
"DPH6",1.33096740218968,5.02491850580707,5.35758550794965,1.42536971740146e-05,0.0035258301672072,3.12071441965615,"DPH6"
"APBB1",-1.33364947187191,5.30693096304087,-5.34758930027223,1.46272176710594e-05,0.00353553031294165,3.05551578241776,"APBB1"
"TFPI",-1.46762137597107,4.29559722131917,-5.3222757443317,1.56178499902614e-05,0.00356380449510265,3.05027611531976,"TFPI"
"RGS12",1.460928635122,5.95995870004234,5.34025382648359,1.4907583152923e-05,0.00354736079991253,3.02910206870654,"RGS12"
"FZD5",1.49254721994903,5.16889783904228,5.30082408563614,1.65101477921573e-05,0.0036710035354944,2.97458035752463,"FZD5"
"SGPL1",1.34843765628779,7.56817787386504,5.33638123527526,1.50577748846659e-05,0.00354736079991253,2.95986855827509,"SGPL1"
"KRTDAP",-2.35994795786837,-1.16772273212562,-5.38594639214708,1.32454886490201e-05,0.00340409058279817,2.9577428374887,"KRTDAP"
"MFAP3L",2.53391515518684,2.74657479186437,5.29332573633235,1.6834024723477e-05,0.00367789624058159,2.95515413054096,"MFAP3L"
"FOLH1",3.3572320348517,0.202763955469163,5.36530908031934,1.39716962396049e-05,0.00349982147956382,2.92807728466184,"FOLH1"
"ZNF517",1.6167625414828,4.1592336716154,5.25593608741176,1.8547150158318e-05,0.00382322452586411,2.92672615800912,"ZNF517"
"CHP1",1.22804490300611,5.93841646670896,5.2871689243563,1.71047392877744e-05,0.00367806517703767,2.89227361293744,"CHP1"
"MTCL1",1.73016795380171,5.96018079228631,5.28311539976369,1.72853636598364e-05,0.00367806517703767,2.89117726613402,"MTCL1"
"CCDC17",-1.54126615969674,3.15167563603976,-5.22888501267979,1.98951651975594e-05,0.0038376776787846,2.87340851050772,"CCDC17"
"LINC01726",2.63175919414781,2.44158215420772,5.27815464743651,1.75090319848945e-05,0.00368602376541572,2.86751042282444,"LINC01726"
"TCEA2",1.52972029655595,5.03419120628959,5.25005454026772,1.88321900304e-05,0.0038376776787846,2.85844592722507,"TCEA2"
"PCBD1",1.36311498876645,3.58215721273297,5.22131908510721,2.02895586812962e-05,0.0038376776787846,2.85681932231753,"PCBD1"
"LINC01126",-1.42744722146087,3.14997199160079,-5.21587743612356,2.05780784021673e-05,0.0038376776787846,2.8416713630555,"LINC01126"
"SIX6",3.48073627347818,0.342917804292821,5.31662827674905,1.58479354979551e-05,0.00356380449510265,2.82830136295098,"SIX6"
"PRDM6-AS1",2.70376254808205,0.0047884910004449,5.32583499971469,1.54745742170311e-05,0.00356380449510265,2.81187910458463,"PRDM6-AS1"
"TCEAL7",-3.05960991634471,0.0750300431893976,-5.24252756816225,1.92034206753482e-05,0.0038376776787846,2.80683238074663,"TCEAL7"
"BAIAP2",2.21560457945423,4.4891332522948,5.20520101501758,2.11562109552753e-05,0.0038376776787846,2.79820403798932,"BAIAP2"
"ZNF280D",-1.38597858204843,7.0466018572745,-5.27067357647656,1.78518639011615e-05,0.00371863720779037,2.79232420014809,"ZNF280D"
"ARL15",1.36753042799316,5.200966773929,5.21796459144725,2.04669307979493e-05,0.0038376776787846,2.76121980116984,"ARL15"
"TBC1D24",1.28581840117245,4.54036504171532,5.20142332078014,2.1364669007112e-05,0.0038376776787846,2.76016480823571,"TBC1D24"
"BTNL9",1.96386058865229,6.53413924321015,5.23382611811111,1.96417742459249e-05,0.0038376776787846,2.7432383425726,"BTNL9"
"TMEM132C",-2.7547338407294,0.266590266468953,-5.21451963916707,2.06507115212499e-05,0.0038376776787846,2.73785912050426,"TMEM132C"
"AMN1",-1.20164461152546,4.57486443290357,-5.19574680638913,2.16818018132328e-05,0.0038376776787846,2.71563381816663,"AMN1"
"GRK5",-1.11722605717052,4.10739869163776,-5.18284637863822,2.24202553505511e-05,0.0038376776787846,2.71298278721478,"GRK5"
"DLG2",-1.07238196096639,5.22584759751377,-5.19152305850857,2.19208438462735e-05,0.0038376776787846,2.66595257152202,"DLG2"
"CCDC178",2.86543024120692,-0.459913811666643,5.23997931354793,1.93307639852341e-05,0.0038376776787846,2.64100910132937,"CCDC178"
"GIMAP6",-1.11981435272725,4.97872821015364,-5.17214426087811,2.30520535753379e-05,0.00386590752713866,2.63124048410529,"GIMAP6"
"USP35",-1.28868428204452,4.42092934317085,-5.15688551413855,2.39839716814321e-05,0.00394077309893426,2.62796319216482,"USP35"
"RBP1",1.66881343193151,2.65057354578026,5.1400910796051,2.50535812683276e-05,0.0040307749570645,2.62377012459309,"RBP1"
"HSPA4L",1.40092983729811,5.88882774825233,5.17593215491921,2.28264123010458e-05,0.00386078523953329,2.61593621935337,"HSPA4L"
"MPO",-3.23806905620597,1.22449164526562,-5.13007682887419,2.57140841980576e-05,0.00410367751770453,2.61132071631496,"MPO"
"CCNL1",-1.02884705771916,7.70348805888816,-5.20426390980948,2.12077298503581e-05,0.0038376776787846,2.60679375372575,"CCNL1"
"RSPO3",-3.55510797601666,0.954078553848264,-5.12626374618924,2.59701619161033e-05,0.00411138827326215,2.59747336324081,"RSPO3"
"ACAD8",-1.03055004511767,4.96690756479375,-5.15509330942961,2.40958888761961e-05,0.00394077309893426,2.58895915802145,"ACAD8"
"SLC4A11",2.78494412341066,2.41686216548046,5.15782451443075,2.39255432431311e-05,0.00394077309893426,2.58778906292598,"SLC4A11"
"LINC02985",-2.11045483935645,-0.78863694640319,-5.20271811685675,2.1292988555584e-05,0.0038376776787846,2.57446731915372,"LINC02985"
"PAOX",2.09267525330977,1.34641857659302,5.19491822482146,2.17284873729481e-05,0.0038376776787846,2.56556812828061,"PAOX"
"PAK6",3.10813285052704,1.23779732680013,5.185772282718,2.22505792416963e-05,0.0038376776787846,2.55475849339287,"PAK6"
"CCDC106",1.70583818161606,2.83707107816429,5.10413868766115,2.75074833188634e-05,0.00425269990153897,2.55409757950439,"CCDC106"
"TTC22",1.53399427044912,3.92864933205148,5.09384644586577,2.82534987988448e-05,0.004334174323491,2.5356911493964,"TTC22"
"KRTAP5-7",3.37440885356639,0.457504808315119,5.18154978767943,2.24958618797824e-05,0.0038376776787846,2.53335349692627,"KRTAP5-7"
"MYO10",2.68555902214883,6.57515395610466,5.14228026936453,2.4911479316648e-05,0.0040307749570645,2.52570486456276,"MYO10"
"ABALON",-1.52332589223508,4.46173005552786,-5.10982682241699,2.71037212121417e-05,0.00422327196115804,2.5081389791889,"ABALON"
"SLC16A2",-1.34152186299998,3.79779332977797,-5.09025334955952,2.851870210527e-05,0.00434120458431683,2.50228632635184,"SLC16A2"
"LINC02884",-2.98133863410023,0.894373347626545,-5.06749276450427,3.02577811477515e-05,0.00446844202337951,2.44309214552952,"LINC02884"
"SLC30A1",1.48265401786681,5.38320733739492,5.07978193903956,2.93059524088953e-05,0.00440546766118054,2.40322953189147,"SLC30A1"
"PDLIM7",1.8223348362402,4.72648588016484,5.05073228960304,3.16062256171308e-05,0.00449550697764571,2.3893098832098,"PDLIM7"
"PLCB4",-1.58617394735377,4.81580082227863,-5.04833368656323,3.18040819076456e-05,0.00449550697764571,2.33081689923456,"PLCB4"
"PWWP2B",2.05120678365448,2.53062737293142,5.02194806697343,3.40644982125698e-05,0.0046675740063683,2.31975797465413,"PWWP2B"
"NECTIN1",1.89309720233591,5.73457999572183,5.04896719818617,3.17517040590563e-05,0.00449550697764571,2.31762824486091,"NECTIN1"
"IGSF3",1.24831318989739,6.94774786090796,5.07582971943733,2.96087320701911e-05,0.00440546766118054,2.31560033594525,"IGSF3"
"CYP1B1",1.73239836808739,7.53851671497524,5.07700674737187,2.95182325277586e-05,0.00440546766118054,2.30498843968452,"CYP1B1"
"DSEL",1.98194579615439,4.64000679466395,5.01387425481838,3.47879147647368e-05,0.00471519209095463,2.30394016949479,"DSEL"
"CAMK2B",3.64756673839706,1.75797350106804,5.05256134725431,3.14561818201425e-05,0.00449550697764571,2.29301839159254,"CAMK2B"
"LRFN5",-3.11655782471924,0.204588557454025,-5.01080837918965,3.50666441396941e-05,0.00471569048870218,2.28527019271382,"LRFN5"
"NXPE3",-1.42678321980831,5.26137504531254,-5.03608730697147,3.28338341080061e-05,0.00459509590990341,2.27167750117991,"NXPE3"
"CCDC14",-1.12105038469575,7.15199771229364,-5.06088811610945,3.07821060678053e-05,0.00449550697764571,2.25592069772771,"CCDC14"
"MYO1H",-1.63918958449243,0.758151301253076,-5.00766169652367,3.53550531374769e-05,0.00471569048870218,2.24645408794491,"MYO1H"
"DUOXA2",2.90106849547341,-0.0929578486749893,5.05741513009404,3.10614711380862e-05,0.00449550697764571,2.24065314163106,"DUOXA2"
"JAG2",2.76830053061995,4.76407928875474,4.97268136958633,3.8726207489037e-05,0.00495311035423827,2.22332188265886,"JAG2"
"IRF6",1.93672285468258,6.9218834016835,5.03119079623567,3.32548807428006e-05,0.00460196388125371,2.21233938398784,"IRF6"
"SYNE3",-1.39209811877706,5.72170947981195,-5.02041455310572,3.42007292396485e-05,0.0046675740063683,2.20696978963052,"SYNE3"
"MAML2",-1.16984700916931,6.86931256767379,-5.03446140453763,3.2973046601965e-05,0.00459509590990341,2.1972488480098,"MAML2"
"KRT1",-5.09909789205167,2.99583840039269,-4.94387053418577,4.17439446992694e-05,0.0049920072137381,2.18786755600375,"KRT1"
"MATN2",-1.12628668987707,3.67084729545519,-4.95708861004286,4.03311935537147e-05,0.0049920072137381,2.17930069337292,"MATN2"
"ALPK2",-2.07788518666401,4.22306689617954,-4.96952144374574,3.90461981535788e-05,0.00495311035423827,2.17609328009709,"ALPK2"
"PLXNB2",2.29120869326165,6.5455991123825,5.00601978150118,3.55064875848514e-05,0.00471569048870218,2.17306402977888,"PLXNB2"
"STXBP5L",-1.84595783499286,0.865287274934013,-4.96343670132847,3.9669868163219e-05,0.0049685254498857,2.16754866494019,"STXBP5L"
"CLMP",-1.19481194207335,3.48877549493409,-4.94547299460471,4.15700612968099e-05,0.0049920072137381,2.16194949194116,"CLMP"
"FAM83H",2.67095537181995,4.19104160439504,4.93361325314237,4.28743882272837e-05,0.00499697132459807,2.15510627299182,"FAM83H"
"TRAV22",-2.80761609616531,-0.346484069605583,-4.97077563236616,3.89188759133478e-05,0.00495311035423827,2.15206744101188,"TRAV22"
"FAM81A",3.93039087916577,1.85214861898099,4.97400397307414,3.85930566312458e-05,0.00495311035423827,2.12562058390038,"FAM81A"
"L3MBTL3",-1.14929887152046,4.50608638544941,-4.95417228708748,4.06387066951177e-05,0.0049920072137381,2.11309772084225,"L3MBTL3"
"ATAD3C",2.21628752635884,2.15805482149006,4.94802568943899,4.1294567915392e-05,0.0049920072137381,2.10749301253463,"ATAD3C"
"FHIP1A",1.79091739459068,6.25741532375622,4.97838406186369,3.81553718206083e-05,0.00495311035423827,2.10542356816904,"FHIP1A"
"GAMT",1.91525509547729,4.06310982907196,4.91387287510245,4.51371407255599e-05,0.00502042417244758,2.09635609996675,"GAMT"
"CLDN12",1.28676291814629,4.72702559888588,4.93470668111198,4.27524341197617e-05,0.00499697132459807,2.07908022482041,"CLDN12"
"FRAS1",1.92265638351549,7.31299001767943,4.98414008047109,3.75877653967652e-05,0.00492598867176548,2.07849297354238,"FRAS1"
"NTRK2",-2.79160008112545,4.03256470594792,-4.92135654473741,4.42655494153245e-05,0.00502042417244758,2.07684997615558,"NTRK2"
"ZNF750",1.69567832584355,5.27188565225623,4.94266309983937,4.18754458275064e-05,0.0049920072137381,2.07102283362706,"ZNF750"
"COL6A6",-1.42742470770478,3.96150809395792,-4.92052881604038,4.43611148947326e-05,0.00502042417244758,2.06838565110382,"COL6A6"
"ITPR2",-1.27892999553511,8.47367797393185,-4.99333340085514,3.66987368960382e-05,0.00484154202957133,2.05058214201395,"ITPR2"
"CYSRT1",2.57183708071959,-0.737318028150064,4.96447588860945,3.95626503950425e-05,0.0049685254498857,2.04161075214933,"CYSRT1"
"F11R",1.54004886959704,6.55678839537566,4.95302067342079,4.07607864287179e-05,0.0049920072137381,2.02232391077118,"F11R"
"LGALS2",-2.20060885106049,1.32388403297686,-4.88643542706573,4.84825625953622e-05,0.0050886241559914,2.02110506910366,"LGALS2"
"GFRA1",2.45239296236784,6.17488210099584,4.91369390514113,4.51581940823523e-05,0.00502042417244758,1.9641134241723,"GFRA1"
"EXOC3L1",2.76206979109149,0.0939009637529161,4.93314127472511,4.29271375603452e-05,0.00499697132459807,1.96323725873593,"EXOC3L1"
"PLEKHA1",1.45803854992066,6.48141361961906,4.92479388843453,4.38708957410676e-05,0.00502042417244758,1.95291756201057,"PLEKHA1"
"CYP2W1",3.78802763997922,0.703187084703516,4.90505063694987,4.61867701396947e-05,0.00507772219052454,1.94677370517569,"CYP2W1"
"AP4B1",-1.1156231248019,4.7580756921812,-4.8945513630705,4.74678849993085e-05,0.0050886241559914,1.94541557257556,"AP4B1"
"DDX60L",-1.32997812703312,6.4866493064361,-4.9281550705563,4.34884007860041e-05,0.00502042417244758,1.93962828147773,"DDX60L"
"HSD17B11",-1.37997114008576,3.98700698229703,-4.86298343603351,5.15385089776061e-05,0.00523776924481073,1.92276358188465,"HSD17B11"
"TMEM150C",1.20089292238483,4.8895009928319,4.87416113255444,5.0058610597148e-05,0.00521373602687875,1.914716754524,"TMEM150C"
"ZNF711",-1.28725759713503,5.07412997755747,-4.88914488893597,4.81414215856471e-05,0.0050886241559914,1.91122044019026,"ZNF711"
"RFX8",-2.05239946739743,1.14457170753338,-4.84198906275536,5.44377110893311e-05,0.00534059945491652,1.91062808520683,"RFX8"
"MX2",-1.60159044272929,5.51565686582388,-4.89226607047908,4.77514249968804e-05,0.0050886241559914,1.89350995973824,"MX2"
"SQSTM1",1.56010154540735,7.33952235946412,4.91022822835291,4.55678315401977e-05,0.00503766378965907,1.8848172411595,"SQSTM1"
"SLC6A8",2.53276681183836,5.41457180135476,4.85637413311717,5.24341197104892e-05,0.00526710048198411,1.87477951016218,"SLC6A8"
"ADCYAP1R1",-2.92278233575828,1.00197345778626,-4.82171646290436,5.73922953647403e-05,0.00534059945491652,1.87160496851316,"ADCYAP1R1"
"TMEM198",2.52103150907025,0.852158116191044,4.88573324894268,4.8571366838504e-05,0.0050886241559914,1.86867730811538,"TMEM198"
"BMF",-2.15306270149567,6.31715601912878,-4.89481489516923,4.7435296926222e-05,0.0050886241559914,1.86197251144302,"BMF"
"LINC02354",-2.6614764844457,1.15593204192615,-4.81417295343737,5.85322760764221e-05,0.0053874195873317,1.85712815221238,"LINC02354"
"LYST",-1.30664108321392,8.70785468885497,-4.91764547372097,4.46956308794946e-05,0.00502042417244758,1.85232893889943,"LYST"
"ARHGEF28",2.06570226524597,6.01304938229431,4.86046875350818,5.18774456507607e-05,0.00523776924481073,1.82717905927328,"ARHGEF28"
"SLIT3",1.58408790751533,7.72166595763193,4.89170955322424,4.78207298356925e-05,0.0050886241559914,1.82591602446704,"SLIT3"
"PADI4",-2.62776841590859,-0.0611659360211678,-4.8229674348335,5.7205409821162e-05,0.00534059945491652,1.82265403032021,"PADI4"
"ELMO1",-1.26827892786921,5.6508688852212,-4.86699646874795,5.1002212599368e-05,0.00523776924481073,1.82139057747795,"ELMO1"
"LINC01011",-1.4461739241267,1.21691967218096,-4.80931467594747,5.92784455513585e-05,0.0053875548301173,1.81954378584286,"LINC01011"
"PBX1-AS1",2.27059339487925,2.52165694000695,4.80387423836071,6.01253445254076e-05,0.00540827474006042,1.80776269753916,"PBX1-AS1"
"LINC01147",-1.96511931840779,-1.11338371903236,-4.86221332395289,5.16420705421834e-05,0.00523776924481073,1.80601884192855,"LINC01147"
"HSPA1A",1.56002076819232,5.0763400596292,4.83149723488749,5.59472758125748e-05,0.00534059945491652,1.8042510309664,"HSPA1A"
"YBX3P1",1.87876256226343,-0.483321052783223,4.86445375684963,5.13413640828052e-05,0.00523776924481073,1.80000771269416,"YBX3P1"
"LNCOC1",2.37057669481895,1.91808770282837,4.82418203898501,5.70245408210462e-05,0.00534059945491652,1.79697023589874,"LNCOC1"
"MSL3",-1.38814379850343,6.11717107214115,-4.8650393733011,5.12630536301398e-05,0.00523776924481073,1.79408726199606,"MSL3"
"ITM2A",-2.20931661097541,5.63120145424581,-4.83949041277717,5.47934717908405e-05,0.00534059945491652,1.7558141086518,"ITM2A"
"TRBV12-2",-2.2182686075432,-0.852244366794311,-4.82702679541184,5.66031623787413e-05,0.00534059945491652,1.75458201094752,"TRBV12-2"
"NKD1",-1.74490392708348,3.86284063818104,-4.79049310162898,6.22602803690167e-05,0.0055249716960649,1.75248190440478,"NKD1"
"SULT1C4",-1.76474284664027,2.41459077223322,-4.76248217454846,6.69783882131326e-05,0.0057130832946107,1.75112982565094,"SULT1C4"
"QTRT1",1.4502961803206,3.68742354390955,4.76749612511982,6.61082928747133e-05,0.00568790003346827,1.7447073057822,"QTRT1"
"NMT2",-1.3400781390218,5.4210602516903,-4.83060071504263,5.60781965376099e-05,0.00534059945491652,1.74194990277483,"NMT2"
"CFAP221",2.72047349720267,0.107772671332668,4.82964302015628,5.6218389969692e-05,0.00534059945491652,1.73475338693972,"CFAP221"
"TRAJ57",-2.36042510800514,-0.140946755915954,-4.77938164970082,6.40906827712895e-05,0.00561190496177454,1.70979600666058,"TRAJ57"
"FLYWCH1",1.17419227019276,5.72817240060047,4.81472653623511,5.84478522701308e-05,0.0053874195873317,1.70706961005842,"FLYWCH1"
"NMNAT3",1.0781573784389,3.8035123568576,4.7568947946736,6.79615077616239e-05,0.00572293734933947,1.70141057972062,"NMNAT3"
"PRKAR2A",1.09906571939575,5.57670883902972,4.80884881048352,5.93504953744794e-05,0.0053875548301173,1.69934881322749,"PRKAR2A"
"SMAD5",1.35875695048827,7.02833454490646,4.83394231305178,5.55917705789973e-05,0.00534059945491652,1.69863690421909,"SMAD5"
"CCDC141",-1.64374261398071,5.12884213661816,-4.80590130695994,5.9808388339509e-05,0.00540432966598421,1.69807574305707,"CCDC141"
"HIPK1",-1.03812682940525,8.16540874258741,-4.84448361843082,5.4084842838743e-05,0.00534059945491652,1.67782012249824,"HIPK1"
"CTSG",-2.42041829846552,0.366487720888659,-4.75314449327182,6.86294763471014e-05,0.00575469791285081,1.67402164498968,"CTSG"
"MAP9",1.37794137275298,4.63470435640816,4.7580521936153,6.77566798754775e-05,0.00572293734933947,1.64671808507691,"MAP9"
"CSRP2",-1.66168087677973,2.58025707051282,-4.71115944120869,7.65713611009631e-05,0.00618477822378351,1.62550720794067,"CSRP2"
"ENPP6",-2.73275815649727,0.530009205256647,-4.71555600777371,7.56983302373545e-05,0.00618477822378351,1.60947459664962,"ENPP6"
"ARHGEF7",-1.06409016924196,7.61042102094949,-4.81066558137493,5.90700123049328e-05,0.0053875548301173,1.6052256358873,"ARHGEF7"
"ERVMER34-1",2.82025391816266,0.155669199262053,4.7585813901008,6.76632326028479e-05,0.00572293734933947,1.5827859444775,"ERVMER34-1"
"DPEP2",-1.55746602730574,2.67636041611864,-4.69304753189577,8.02753580035933e-05,0.00632896039654624,1.57967910114314,"DPEP2"
"AMIGO1",-1.26263197617733,4.28751472092954,-4.73215497017722,7.24910930643541e-05,0.00600220184372595,1.5719491488936,"AMIGO1"
"USP15",-1.02828662358841,7.31720563853976,-4.7914982847489,6.20973003901873e-05,0.0055249716960649,1.56466147243275,"USP15"
"CDV3",-1.11791680288551,7.33376933229116,-4.78118719131996,6.37896277963014e-05,0.00561036864204893,1.53757661167941,"CDV3"
"IMPG1",2.14540322194349,-0.687648962133156,4.72466934153329,7.39202728505836e-05,0.00609503449766749,1.50627794370694,"IMPG1"
"POMT2",1.39014158149352,5.1402224412359,4.71613512206172,7.55840796199633e-05,0.00618477822378351,1.5041345286805,"POMT2"
"ZC3H12D",-1.61481752001482,3.11732257609924,-4.66900902780925,8.54695726440989e-05,0.00634614924257432,1.50263018827387,"ZC3H12D"
"ITGB2-AS1",-1.84997352131281,3.98618720379712,-4.69096095711082,8.0713427270296e-05,0.00633824608036463,1.49564392799157,"ITGB2-AS1"
"OR13C9",1.93670953741288,-1.16873483653068,4.71170449809264,7.64625839367195e-05,0.00618477822378351,1.49145719913485,"OR13C9"
"GGA2",1.03418003775716,8.41537164355851,4.76848009811748,6.59388722706939e-05,0.00568790003346827,1.4888772894535,"GGA2"
"SORCS1",2.28965694462689,3.83547181061732,4.65289622806976,8.91380047351752e-05,0.00634614924257432,1.47520419706529,"SORCS1"
"EPN2",1.6058615963071,4.50571642341721,4.67930845858924,8.32041532356399e-05,0.00634614924257432,1.47246811011942,"EPN2"
"ANKEF1",1.35559189067701,3.73720258011402,4.65528248433928,8.85849519426874e-05,0.00634614924257432,1.46197731996927,"ANKEF1"
"TRAV13-1",-2.72967838878485,0.183180376330072,-4.65096359559712,8.9588451455867e-05,0.00634614924257432,1.45146052617645,"TRAV13-1"
"UNC5B",1.69550741050477,4.8161750747716,4.67997371830255,8.30599070716524e-05,0.00634614924257432,1.44983731138015,"UNC5B"
"GAS8-AS1",2.28864979410768,0.373580172374349,4.70215155096366,7.83916545541465e-05,0.00627932632641763,1.44839877898665,"GAS8-AS1"
"SRPX",-3.01457421082121,1.42666616712289,-4.63637065895028,9.30639457370226e-05,0.00640744006817029,1.44513090679686,"SRPX"
"HOXB2",-1.74143330860197,1.41830522777611,-4.63978446691435,9.22390187877674e-05,0.00640462436067063,1.44245228031219,"HOXB2"
"PDGFRA",-2.66663443382167,4.20110818105333,-4.67082799821992,8.50650427062451e-05,0.00634614924257432,1.43816504774664,"PDGFRA"
"BYSL",-1.18422512394323,4.1486710298118,-4.67355995827272,8.4461062256144e-05,0.00634614924257432,1.43622115408642,"BYSL"
"DAPK1",-1.14764840702937,7.28986980920046,-4.73868404924781,7.12671366134347e-05,0.00592565280018176,1.4304838612932,"DAPK1"
"POU2F2",-1.37187191209511,3.95150777311685,-4.66311748074114,8.6793073298165e-05,0.00634614924257432,1.42653944799699,"POU2F2"
"SEMA3F",2.85459574851259,4.80886831772703,4.65200438689289,8.93455879063741e-05,0.00634614924257432,1.42561379607405,"SEMA3F"
"LINC01603",3.00187210597141,-0.437130541224229,4.6713683013008,8.49452511628655e-05,0.00634614924257432,1.40054197711433,"LINC01603"
"NCS1",1.88157105053413,4.44573342523051,4.64318551403912,9.14244419093915e-05,0.00638337709423891,1.39859426674046,"NCS1"
"DPT",-3.52128826766565,1.86898457177306,-4.61385294035825,9.86929999109801e-05,0.00655641766108577,1.39521845232556,"DPT"
"PSMD6-AS2",-1.08801212079533,4.9651507961994,-4.6804142456174,8.29645265680323e-05,0.00634614924257432,1.39098119482715,"PSMD6-AS2"
"SCIRT",2.25873295666745,0.189586149268079,4.67582682237867,8.39631612513602e-05,0.00634614924257432,1.38839348099088,"SCIRT"
"RANBP17",1.3802930555174,4.10794445431737,4.63577633360133,9.32083126373839e-05,0.00640744006817029,1.38576859675869,"RANBP17"
"DNAAF4",2.49936215694257,0.311380008060206,4.6701429072565,8.52171783107721e-05,0.00634614924257432,1.38187787399789,"DNAAF4"
"AP4B1-AS1",-1.28090284939103,3.55283523357819,-4.63028406006302,9.45530691543204e-05,0.00647443143769843,1.37712541126095,"AP4B1-AS1"
"MATN3",2.37349282903922,-0.272670751036406,4.66806363413039,8.56805824958772e-05,0.00634614924257432,1.37686543948942,"MATN3"
"EOGT",1.26451371339541,5.46833804786826,4.67559510928605,8.40139204749862e-05,0.00634614924257432,1.37257854841634,"EOGT"
"PARD6G",1.79561439425872,4.65881953211569,4.64240624789754,9.16104449322275e-05,0.00638337709423891,1.37112739394501,"PARD6G"
"LINC02365",-1.7149048170156,-1.10156003117072,-4.65744811527205,8.80860020346776e-05,0.00634614924257432,1.3507233980188,"LINC02365"
"DPY19L1",1.17149427031435,4.88247690459827,4.65008743852385,8.97934098701708e-05,0.00634614924257432,1.34846211699116,"DPY19L1"
"ACTRT3",2.37011226617788,0.283342213765937,4.65264745530024,8.91958600604983e-05,0.00634614924257432,1.33989169261008,"ACTRT3"
"PGAP1",1.46696952278636,6.59515554573601,4.68449897210318,8.20853241121166e-05,0.00634614924257432,1.33729928222371,"PGAP1"
"LINC00963",2.07428500480297,4.37606221397141,4.61228968057121,9.9096185082393e-05,0.00655641766108577,1.33331709421134,"LINC00963"
"TOMM20",1.03696677481188,6.98750113560132,4.68867618538237,8.11958500681337e-05,0.00634614924257432,1.32649949031642,"TOMM20"
"FMO2",-1.99707354707811,3.60956335752981,-4.60999743247372,9.96903627781224e-05,0.00655641766108577,1.32545988780277,"FMO2"
"SPATA1",-1.04325645615812,3.44914601409377,-4.60604439969913,0.000100723407375828,0.00655641766108577,1.3252867092699,"SPATA1"
"CYB561",3.17205802433336,4.12176462478075,4.58568604352663,0.000106215397638649,0.00669393791041794,1.32294439704396,"CYB561"
"KCNJ5",-2.25320049691909,3.83499050541952,-4.6107326654338,9.9499395099548e-05,0.00655641766108577,1.31298628509489,"KCNJ5"
"TRAJ55",-2.43467994720708,-0.57122534251582,-4.61291409563787,9.89349432920381e-05,0.00655641766108577,1.31117111953365,"TRAJ55"
"COL27A1",1.94490031133937,7.27369875746237,4.68087170509641,8.28655959243714e-05,0.00634614924257432,1.30839251578734,"COL27A1"
"TUBB1",-1.38559651062057,2.10251170479567,-4.57747362946937,0.000108514563040553,0.00671547488693095,1.30838165597955,"TUBB1"
"HEPACAM",-1.47999985408286,-1.70595072406495,-4.63560104571627,9.32509343389278e-05,0.00640744006817029,1.3048854101263,"HEPACAM"
"NRXN1",-2.63230122264053,1.0993546277153,-4.57760427967765,0.000108477599798447,0.00671547488693095,1.29965659593175,"NRXN1"
"ABCA3",1.16024573624137,5.91980229698542,4.65283957229494,8.91511774690963e-05,0.00634614924257432,1.28686068302405,"ABCA3"
"FBXO32",1.49549007410986,6.90458265517805,4.66280109085309,8.68647252627153e-05,0.00634614924257432,1.26968898664255,"FBXO32"
"PIP4P2",-1.42136664806871,2.98736917446877,-4.56954247996704,0.000110782133808456,0.00678720633416576,1.26629057877315,"PIP4P2"
"CHMP7",-1.33773923980257,6.87063140260244,-4.66398926220917,8.65959488490782e-05,0.00634614924257432,1.25344709683667,"CHMP7"
"RASEF",1.28113436340131,4.90785039973389,4.60626099606897,0.000100666528453399,0.00655641766108577,1.24036819247007,"RASEF"
"SLC25A21",2.05004754627469,4.56964763097603,4.57995662793307,0.000107814225574908,0.00671547488693095,1.23171474122759,"SLC25A21"
"CEBPA-DT",2.78803707816409,0.159570871986722,4.59908983960694,0.000102566858921703,0.00656859408155849,1.23131195833394,"CEBPA-DT"
"CENPJ",-1.01105851922933,4.4537154685951,-4.60076229715014,0.000102120484832504,0.00656124115048839,1.22888031767862,"CENPJ"
"APOD",-3.06636857528869,4.39729801778527,-4.58788423777545,0.000105608281255103,0.00667694018452791,1.2229264130919,"APOD"
"TSPOAP1-AS1",-1.24768091808277,4.77319532079501,-4.60401428281249,0.000101258085594322,0.00655641766108577,1.21241265698786,"TSPOAP1-AS1"
"NEMP2",-1.08908464501834,5.47872752324538,-4.62111870309944,9.6840466533337e-05,0.00655641766108577,1.2079782757583,"NEMP2"
"SHROOM3",3.05570593662946,4.1756567138264,4.54048955558696,0.000119500007820176,0.00710145842268304,1.20546076050529,"SHROOM3"
"SYNM",2.11804294063333,5.30146651722216,4.58914736141889,0.000105260989650498,0.0066763132185696,1.19792996236553,"SYNM"
"EZR-AS1",-1.61266595758679,0.720282751150131,-4.54775869384538,0.00011725656769489,0.00708314387769169,1.19529039156627,"EZR-AS1"
"AGER",-1.30630263081237,4.19705338032065,-4.57599908297304,0.000108932610981092,0.00671547488693095,1.18828182490095,"AGER"
"ADAM10",-1.26052870643111,7.99609757465631,-4.64620111913936,9.0708196598556e-05,0.00637966611775951,1.17523702784155,"ADAM10"
"GOLGA6D",2.04558910998846,-0.914476428277567,4.57066432782013,0.000110458540159051,0.00678720633416576,1.17393294977112,"GOLGA6D"
"C3orf20",-2.18546223401916,1.1469406976358,-4.51987479203813,0.000126097880503801,0.00724056065064747,1.16156792950298,"C3orf20"
"SPAG16-DT",-2.56781243043228,0.121242591116524,-4.52651377642187,0.000123934301922395,0.00724056065064747,1.15587697313621,"SPAG16-DT"
"PBX1",2.08786003427298,7.45126732929806,4.62060838748838,9.69694385073353e-05,0.00655641766108577,1.15064072888442,"PBX1"
"KCNJ12",2.91163110849075,1.33525724123841,4.54502327150023,0.000118095813767249,0.00708314387769169,1.13773628454796,"KCNJ12"
"USP43",2.05681262399386,2.61352906764485,4.49975661159669,0.000132886925077116,0.00738616820195965,1.1141287582949,"USP43"
"SLC7A6",-1.30648961624406,6.61287875982922,-4.60127242837774,0.00010198471880786,0.00656124115048839,1.10346728077005,"SLC7A6"
"ATP8A1",-1.30906632215035,6.2506472734277,-4.59469187443313,0.000103749984102532,0.00660163484053054,1.10157189187249,"ATP8A1"
"MIR4422HG",-2.24288216874376,-0.832122206699369,-4.52293258326767,0.000125096736340765,0.00724056065064747,1.08427234219703,"MIR4422HG"
"TPD52",1.21088377393776,5.06993733947259,4.54495115960125,0.000118118019083241,0.00708314387769169,1.07195615091187,"TPD52"
"CD40LG",-2.30448098060981,2.9920092829776,-4.48423536493649,0.000138372708324796,0.00746119216631986,1.05986156999541,"CD40LG"
"KCNQ1OT1",1.0710084162792,8.18926899036946,4.59529296350647,0.00010358748065235,0.00660163484053054,1.05328849017755,"KCNQ1OT1"
"ARHGAP25",-1.18868689943565,5.08235772089363,-4.54781243766937,0.000117240138476438,0.00708314387769169,1.04832907201991,"ARHGAP25"
"SLC35G6",-2.08893471833826,-0.0580646267868506,-4.48842027955034,0.000136871755502308,0.00743879182573913,1.04076382469538,"SLC35G6"
"CDK14",1.89432476196256,5.73143361207366,4.54346842652732,0.000118575519605425,0.00708909654825306,1.04003892070104,"CDK14"
"ZNF107",-1.23661795442139,6.75057101232496,-4.57717215979695,0.000108599902102272,0.00671547488693095,1.03712579427844,"ZNF107"
"FNDC8",1.76316552955658,-0.365952737006335,4.51483301384086,0.000127766077154228,0.00727440291368641,1.03177187717843,"FNDC8"
"EPHA1",2.00339480368559,5.11237881040666,4.51435849808184,0.000127924211125518,0.00727440291368641,1.0227408837582,"EPHA1"
"MST1",1.10200724922472,3.77538853335603,4.47596599919075,0.000141386990064571,0.0075636835639299,1.00994139758445,"MST1"
"ACY1",2.08343979320706,1.22005538076347,4.48785145786567,0.000137074810917844,0.00743879182573913,0.99894936979941,"ACY1"
"MIR744",1.98612534258802,-0.689383106745655,4.49480001054656,0.000134614786637009,0.00738616820195965,0.998866444520163,"MIR744"
"IGHV1OR15-3",-2.13101815592993,0.334804144996032,-4.45512559717255,0.000149276996492373,0.00768831542824384,0.98651673157576,"IGHV1OR15-3"
"XCR1",-1.46491192191963,3.17407052890346,-4.45838162193346,0.00014801597978043,0.00768831542824384,0.982255185537056,"XCR1"
"LSP1",-1.69618721686206,4.41396748105533,-4.49818469120127,0.000133432485613217,0.00738616820195965,0.976304194424945,"LSP1"
"PLXDC1",-1.31136045784686,6.37220593746137,-4.54718555299721,0.000117431916936057,0.00708314387769169,0.975826403305828,"PLXDC1"
"PLXNA2",2.59139830331526,7.04482184979807,4.54096487119555,0.000119352013562088,0.00710145842268304,0.975345284076248,"PLXNA2"
"PEG10",-3.20456652142063,4.71073745495473,-4.49679817621344,0.000133915551410765,0.00738616820195965,0.968841128933608,"PEG10"
"LINC01973",-2.17498108407139,0.0775655809102906,-4.45163597962567,0.000150640365252067,0.00768831542824384,0.968710654108022,"LINC01973"
"TSPAN6",1.71644639131298,3.91880466740639,4.45641526056468,0.000148776251274723,0.00768831542824384,0.967600297788009,"TSPAN6"
"ARHGAP39",1.19894799123362,2.82433714754478,4.43201875614947,0.000158538770949545,0.0078639562188783,0.960850411840044,"ARHGAP39"
"SLC10A5",1.8756350117944,0.443598283583585,4.48191876653335,0.00013921061790412,0.00748597531984956,0.959293052476527,"SLC10A5"
"INTS6L",-1.10628211767975,5.92914800374648,-4.52970580642048,0.000122907272771349,0.00721724635273658,0.952084398306376,"INTS6L"
"LINC02636",2.14849137627984,0.420081820228084,4.47587606781359,0.000141420128286122,0.0075636835639299,0.95036656024175,"LINC02636"
"RAB8B",-1.27602001088886,6.14202606042981,-4.53135045067397,0.000122381430378348,0.00721724635273658,0.945860024876947,"RAB8B"
"HIP1R",1.03946283291656,6.4857948860994,4.52525258542225,0.000124342442927673,0.00724056065064747,0.932596404683239,"HIP1R"
"SLAMF1",-2.39600663738674,5.5787396546543,-4.50927867782712,0.00012962935618788,0.00729782733649124,0.924164982387243,"SLAMF1"
"ADAM22",-1.18222895657356,4.17630767841821,-4.46873739410647,0.000144075455838044,0.00766427203112647,0.921965104675715,"ADAM22"
"BMAL1",-1.31504496885341,5.68906344865499,-4.51239547276842,0.000128580472528667,0.00729077069017132,0.920982490617717,"BMAL1"
"RIPK3",-1.61443921322513,2.64893497746683,-4.42031542237108,0.000163445872694063,0.00792752542829121,0.920110780756889,"RIPK3"
"PLCL2",-1.18357663112724,5.68086507591755,-4.50965248936184,0.000129503109820048,0.00729782733649124,0.914451242530405,"PLCL2"
"SSTR3",-3.28816738767177,3.06841827807666,-4.42090262685609,0.000163196098010155,0.00792752542829121,0.908495145654131,"SSTR3"
"GNAI1",1.78612976255405,4.69232848454153,4.45750213123013,0.000148355545310021,0.00768831542824384,0.907025587041581,"GNAI1"
"PFN2",1.25172975905349,5.54261975731443,4.48717088505883,0.00013731815336277,0.00743879182573913,0.892264913905017,"PFN2"
"ANKRD44",-1.48706400493036,7.57774819707424,-4.53009864791743,0.000122781464967658,0.00721724635273658,0.890245805255665,"ANKRD44"
"LAMP2",1.08646467317626,7.65391199151071,4.51946877667768,0.000126231412626882,0.00724056065064747,0.875149546808266,"LAMP2"
"ALDH1A1",-2.29552160873424,3.54163964692211,-4.42059774125808,0.000163325737394153,0.00792752542829121,0.865043200119214,"ALDH1A1"
"ST3GAL1",-1.18034763379515,5.94083386179803,-4.49512283253291,0.000134501572740208,0.00738616820195965,0.863931563549431,"ST3GAL1"
"CYP2U1",-2.06047821213311,6.3123489333387,-4.5014108264796,0.000132315204480215,0.00738616820195965,0.862869995789261,"CYP2U1"
"FRMPD4",5.01080311469735,0.81466794543974,4.40463551321382,0.000170258130649438,0.00806037834311417,0.854599125290345,"FRMPD4"
"GOLGA6C",2.07275382795182,-0.0979657956659427,4.4320844196356,0.000158511656915321,0.0078639562188783,0.852378546214703,"GOLGA6C"
"FAHD1",1.05264062192784,3.41639037625492,4.39822790698257,0.000173122646696183,0.00812075977530886,0.847703444083949,"FAHD1"
"GHRLOS",-1.108630015024,3.88522970113417,-4.42794864853315,0.000160228463358991,0.00788746532689321,0.846496681772025,"GHRLOS"
"CHRM4",2.45543219965554,3.68706297854743,4.38900094314801,0.000177332019341661,0.00812075977530886,0.844705331043276,"CHRM4"
"TENM1",-2.56449615032483,6.10559225106963,-4.48845489059976,0.000136859409886997,0.00743879182573913,0.842116216853857,"TENM1"
"IQCH",1.52037366756055,2.91059622452667,4.38119612661265,0.000180972007727081,0.00812075977530886,0.840191711356824,"IQCH"
"SOX18",2.63068193236587,1.65253318416414,4.40671256446342,0.000169339749588484,0.00805544303991949,0.839827042607101,"SOX18"
"TNFSF8",-2.24381722493262,4.81435840589187,-4.4514307194178,0.000150720944140531,0.00768831542824384,0.83169052981167,"TNFSF8"
"MAN2A1",-1.31390152998119,7.04335929577005,-4.49834737619299,0.000133375919699788,0.00738616820195965,0.826504635229715,"MAN2A1"
"LINC02984",1.88234729454037,5.35651921591818,4.44425087815416,0.00015356671254635,0.00777220377130361,0.819615828952734,"LINC02984"
"FLG",-1.63238158832709,3.65048467772451,-4.40754336835376,0.000168973786691094,0.00805544303991949,0.8185144267797,"FLG"
"HLA-DOA",-1.53069086973148,4.89891285734974,-4.44870971522761,0.000151793193510843,0.00772194217579968,0.813132449525152,"HLA-DOA"
"ZFYVE28",1.38873086521522,4.6588040366127,4.42255238885495,0.000162496383350126,0.00792752542829121,0.808630173269395,"ZFYVE28"
"CARD11",-1.66661912114895,4.50138637856058,-4.4334895477812,0.000157932551153686,0.0078639562188783,0.807049415958691,"CARD11"
"TNF",-2.07958273133105,0.42263962689276,-4.37022833714571,0.000186213097182428,0.00824378295334018,0.790081499728957,"TNF"
"GOLGA6A",2.23284146228052,-0.368156375522031,4.40082591791464,0.000171955471069455,0.00810805283629289,0.788868001353176,"GOLGA6A"
"AIM2",-2.55446026356457,2.13386981055478,-4.35941017325504,0.000191530560435486,0.00838407934472211,0.787492580405812,"AIM2"
"SLC16A7",-1.19566401932186,5.74887387007198,-4.46083049044595,0.000147074562365955,0.00768831542824384,0.787262125953593,"SLC16A7"
"GLIPR2",-1.07195665266726,3.50821561981596,-4.38788317734618,0.000177848815518075,0.00812075977530886,0.781786916361868,"GLIPR2"
"TRAJ16",-2.51148009883819,1.17958771123348,-4.35578285237405,0.000193347095960288,0.00838407934472211,0.781571131059465,"TRAJ16"
"SLC7A6OS",-1.15049449895852,5.45816483611704,-4.45137286194598,0.0001507436649734,0.00768831542824384,0.780371276422276,"SLC7A6OS"
"IDNK",-1.58370066515403,4.79803529444529,-4.43197044902278,0.000158558721073952,0.0078639562188783,0.779317713240055,"IDNK"
"LAMA2",-2.43250643930372,5.08851988918949,-4.43592902494708,0.000156932151658742,0.0078639562188783,0.774640019203932,"LAMA2"
"CFAP298-TCP10L",-1.27011817464101,4.30519464756773,-4.4124123479824,0.000166844810350035,0.00799441150609406,0.770127143473382,"CFAP298-TCP10L"
"PTCHD4",3.16163101353321,0.753715484856256,4.38203190485295,0.000180578692271485,0.00812075977530886,0.768683018131585,"PTCHD4"
"LGALS3BP",1.46621732362867,6.58896154279674,4.45712957545039,0.000148499620544906,0.00768831542824384,0.761985723931826,"LGALS3BP"
"C7",-2.68404140913693,5.2387126588211,-4.42976128883426,0.000159473747801403,0.00786989026244878,0.749432387587918,"C7"
"PLAGL1",-1.39914940627096,3.87215134886403,-4.38626599585752,0.000178599169059277,0.00812075977530886,0.744383514296482,"PLAGL1"
"CD52",-1.87109569881138,3.98697522519752,-4.3887805772609,0.000177433786547713,0.00812075977530886,0.742403859442076,"CD52"
"SPATA18",1.77763523227941,4.56032340342215,4.38700349390797,0.000178256588548254,0.00812075977530886,0.742382431955839,"SPATA18"
"LINC02352",-2.26477883710431,0.407728370679261,-4.34469269860189,0.000199007910733235,0.00846494184205946,0.73968332193496,"LINC02352"
"OTUD7B",1.40717933935469,5.54216962771149,4.42450812579073,0.000161670764001277,0.00792752542829121,0.739521139913759,"OTUD7B"
"RMDN2",1.3370999783947,5.77169493281649,4.43019408860236,0.000159294070348525,0.00786989026244878,0.735393799244365,"RMDN2"
"SIX4",1.92067207805514,4.65799890915414,4.38489760135441,0.000179236548220491,0.00812075977530886,0.733726985409792,"SIX4"
"PACC1",-1.02614150526887,4.12723994246406,-4.39112476346026,0.000176354190135189,0.00812075977530886,0.732738373970522,"PACC1"
"CNTNAP2",1.83700301239158,6.28063545034589,4.43624787966689,0.000156801860493434,0.0078639562188783,0.732191594683902,"CNTNAP2"
"NIBAN2",2.10077650023236,4.93841320579962,4.38517249311202,0.000179108326044661,0.00812075977530886,0.721848873190387,"NIBAN2"
"ZNF625",2.0177367935834,1.50956438128708,4.35440307827679,0.000194042566066134,0.00838407934472211,0.718896685200701,"ZNF625"
"USP46",1.33961836277781,5.16984393914148,4.40475505553785,0.00017020514007088,0.00806037834311417,0.714745465575748,"USP46"
"STARD5",-2.4474186742322,3.75109677194784,-4.36445580875343,0.000189031937862298,0.00834989513026117,0.710220831186497,"STARD5"
"IZUMO1",2.38359634939353,-0.424515034175181,4.35969189625266,0.000191390188051721,0.00838407934472211,0.702124492046341,"IZUMO1"
"GRAMD2B",1.49946330037856,6.1491523025136,4.42356476644226,0.000162068482785939,0.00792752542829121,0.699759306583437,"GRAMD2B"
"CLEC2D",-1.12807040363684,6.87125862725452,-4.44578337717763,0.000152954839462757,0.00776108543109873,0.699721688600726,"CLEC2D"
"CFAP70",1.27541645583703,4.76405799532298,4.38507756660232,0.000179152593820125,0.00812075977530886,0.698047494792479,"CFAP70"
"MIR3936HG",1.75201264617423,3.39511653639522,4.32722642449299,0.000208259249006093,0.00862184577109118,0.697426341671067,"MIR3936HG"
"MMP8",-2.34071033742973,-0.618667189243412,-4.34051839487664,0.000201181053977497,0.00847242917520747,0.693206301752695,"MMP8"
"PARP3",1.44317883768559,3.58933911927176,4.32997694976869,0.00020677451814883,0.00860048727583918,0.680227608051234,"PARP3"
"TMEM200C",2.53952541079747,0.837275908750828,4.34712799941616,0.000197750889691664,0.00844577157654341,0.680076787032853,"TMEM200C"
"TOX-DT",-2.22044044105888,2.24473167708709,-4.31474206799405,0.000215132600973532,0.00874180501163291,0.678889359692579,"TOX-DT"
"LAMA5-AS1",2.16118561916392,0.0677700151938297,4.34818134547412,0.000197209636477009,0.00844577157654341,0.669162404396274,"LAMA5-AS1"
"ATP23",-1.285580815158,2.3930601094347,-4.30939898655207,0.000218142723673616,0.00879190704435273,0.663674625975677,"ATP23"
"KCNMB2",3.07792318440989,0.790676383379021,4.33342320624312,0.000204929074547783,0.00855557269246009,0.659048036518876,"KCNMB2"
"RESF1",-1.29187475108037,7.64378190612196,-4.43939812031664,0.000155520378048821,0.00785100194185746,0.658432433756149,"RESF1"
"NHERF2",2.00394231975171,3.49122493755745,4.30583470063951,0.000220173962028724,0.00882620910384172,0.646184109894276,"NHERF2"
"MYO1C",1.43372596121478,6.76491474051637,4.41265460583523,0.000166739582538893,0.00799441150609406,0.64098560242193,"MYO1C"
"S100A16",2.16037898904384,4.55649115198347,4.33407808532818,0.00020458024763183,0.00855557269246009,0.62821982414316,"S100A16"
"CERKL",-1.86695280728285,3.42680776656184,-4.32122271169305,0.000211536956382927,0.00866688370571789,0.627814531309471,"CERKL"
"SEPTIN8",1.15476269286973,6.16447705596469,4.39585722499329,0.000174194571766591,0.00812075977530886,0.622478186456867,"SEPTIN8"
"DLX6-AS1",-3.41540687391247,0.505709168556881,-4.28801296161529,0.000230615655766829,0.00909094265332627,0.622124118407075,"DLX6-AS1"
"SH3PXD2A",1.25110348151585,7.53628500694221,4.4157833019052,0.000165386515145623,0.00798252133711399,0.617587010347147,"SH3PXD2A"
"MORC4",1.61778119735383,4.68018540020294,4.34404678843799,0.00019934263896292,0.00846494184205946,0.617465669171888,"MORC4"
"WNK2",2.10659280647349,6.5407147850659,4.39047805094074,0.000176651373845313,0.00812075977530886,0.610152979555505,"WNK2"
"ARMC9",1.14192261157254,4.80410946396776,4.3508920020614,0.000195823551380821,0.00844259751258187,0.607459766178096,"ARMC9"
"PHLDA3",1.93831641336755,4.77150238469464,4.33691624833472,0.000203075285726127,0.00853218010453147,0.603484486115599,"PHLDA3"
"CTB-30L5.1",-2.27267658142972,-0.747558759331416,-4.3019903920231,0.000222385850023661,0.00882620910384172,0.598402453932718,"CTB-30L5.1"
"EGFR",1.79944314009782,8.10904039118329,4.41265813206139,0.000166738051365199,0.00799441150609406,0.597854176013199,"EGFR"
"TOB1-AS1",-1.29560409087848,0.987137537091332,-4.28125499324002,0.000234702485809663,0.00916080373113889,0.591010885804993,"TOB1-AS1"
"HOXD10",2.34899336327679,-0.982179087312426,4.30311832565111,0.000221734595738244,0.00882620910384172,0.588636398440286,"HOXD10"
"DDR1",1.48517948634191,7.02243733512579,4.39169915228279,0.000176090658532745,0.00812075977530886,0.578128149433896,"DDR1"
"ATAD3A",1.03790243624968,3.67752140014128,4.29624835400109,0.000225730805301928,0.0089339738122397,0.576448633517765,"ATAD3A"
"S100A14",1.5782591497115,6.6238974827879,4.38195423965258,0.000180615205475292,0.00812075977530886,0.57192219629078,"S100A14"
"SLC6A10P",2.13268988988715,0.108004793319626,4.30348868922096,0.000221521166112107,0.00882620910384172,0.571272353009641,"SLC6A10P"
"SLC10A1",-1.40736928379906,3.07292596638127,-4.28592482250818,0.000231870838717911,0.00910415084799355,0.568301313671281,"SLC10A1"
"PLXND1",-1.22495065120909,6.49729090541023,-4.38757983428099,0.00017798932377781,0.00812075977530886,0.566540789758703,"PLXND1"
"BTN3A1",-1.10657263672488,6.00445238128922,-4.37420350130861,0.000184296296346158,0.00819559417616658,0.555271981573386,"BTN3A1"
"COL18A1",2.16133497710258,5.8604284716097,4.34970789631802,0.000196427844229956,0.00844577157654341,0.554456981035371,"COL18A1"
"CARD16",-1.14543885009799,2.47756995570825,-4.26327857912988,0.000245927029959428,0.00936011770996568,0.550794702113875,"CARD16"
"ALDH2",1.67159118603759,6.09319315886505,4.36071676602524,0.000190880395124581,0.00838407934472211,0.548630318489768,"ALDH2"
"ZNF556",2.89027793506416,1.77212987478628,4.27426026154774,0.000239008250679129,0.00928384389859147,0.547976832465813,"ZNF556"
"TRAV6",-2.10020633839608,-0.823420641217543,-4.28307732036489,0.000233593417226993,0.00913553386068173,0.547455722465664,"TRAV6"
"LCTL",-1.39899838465726,0.680752099160654,-4.26605477188464,0.000244159391230284,0.00936011770996568,0.54720792613192,"LCTL"
"PDE3B",-1.91907575495376,4.98048997834414,-4.3432354283874,0.000199763901169426,0.00846494184205946,0.543876691033925,"PDE3B"
"TRBV6-7",-2.16184220163174,-0.250620439947897,-4.26510697199456,0.000244761445360537,0.00936011770996568,0.533210404408151,"TRBV6-7"
"MEIS1-AS2",2.48678424779259,0.843110906850431,4.27385157876199,0.000239262236003924,0.00928384389859147,0.519279596112804,"MEIS1-AS2"
"KIF26B",2.41119405149686,4.83702090004672,4.29476206589132,0.000226604737034537,0.00895066096043205,0.51854453803879,"KIF26B"
"SLAMF6",-1.57728097461398,3.71572386659749,-4.28692395194299,0.000231269416485993,0.00909858942910799,0.51421956776224,"SLAMF6"
"CTNNA1",1.25511582999704,6.51554193224755,4.35809220171784,0.000192188619217378,0.00838407934472211,0.511500137207915,"CTNNA1"
"ADAMTS14",3.36562672848456,2.77187442713466,4.24016564087441,0.000261145103215563,0.00969568564265062,0.502453209270024,"ADAMTS14"
"GNG2",-1.41324167201101,5.52862690120258,-4.34141155293929,0.000200714100404628,0.00847242917520747,0.499197609500984,"GNG2"
"JARID2",-1.09655362247122,6.26558572260519,-4.35454580092525,0.000193970512029252,0.00838407934472211,0.493291495775357,"JARID2"
"PDZD2",2.11399181586337,7.1956275921313,4.35674290655554,0.000192864647207087,0.00838407934472211,0.492229533594403,"PDZD2"
"DSP",1.77794130872287,9.2245636986116,4.38176412894837,0.000180704614355911,0.00812075977530886,0.491374381937171,"DSP"
"HECW1",2.2468342683095,-0.277468376825641,4.26425546328121,0.000245303590874428,0.00936011770996568,0.488139816482563,"HECW1"
"LRAT",2.83173376638384,0.925718778078426,4.25586755443085,0.000250708193436579,0.00941416402261187,0.48623244068049,"LRAT"
"AK9",-1.23022622256564,5.23526249069819,-4.32818033042142,0.000207743135099585,0.00861850922533687,0.484984157081423,"AK9"
"CHD1",-1.22432539337716,8.06343569978168,-4.3720740090163,0.000185320671079998,0.00822266986547552,0.476613245287847,"CHD1"
"TRBV6-4",-2.13869901200031,-0.829843809142716,-4.24992954844241,0.000254605537022637,0.00950639428705842,0.475697708077136,"TRBV6-4"
"FSIP2",1.77452979429619,6.06688555723565,4.3297918214814,0.000206874119121706,0.00860048727583918,0.475281519746551,"FSIP2"
"MAF",1.33091199642247,7.42922226334016,4.35656071888022,0.000192956108467669,0.00838407934472211,0.472195686411993,"MAF"
"PLXNB1",1.60460854508331,6.88734866978601,4.34658374475313,0.000198031128986616,0.00844577157654341,0.471446286201344,"PLXNB1"
"EFNB2",1.4430223130507,5.90335180993387,4.32444612248493,0.000209770822522195,0.00865630337716435,0.463860891343834,"EFNB2"
"DPY19L2P3",1.76819399529371,0.723823449942204,4.25236789707241,0.000252997930449578,0.00946571614283451,0.460491245335734,"DPY19L2P3"
"LOXL1",2.24425885876929,2.43532952725981,4.21855831681666,0.000276215472810717,0.00991037305732967,0.452561548439431,"LOXL1"
"CRACDL",2.46360517742823,3.52852630924547,4.21916567229691,0.000275780306744325,0.00991037305732967,0.445945214429995,"CRACDL"
"ADAMTS13",1.50372268485113,2.81987766370817,4.21276067049728,0.000280403878218509,0.0099621406572102,0.443890710380641,"ADAMTS13"
"DGKE",-1.56712852401077,5.77567444635793,-4.31785474611921,0.000213398081441237,0.00870813956938902,0.425598545507223,"DGKE"
"ANPEP",-1.61669257073988,2.92638635951312,-4.22173617172988,0.0002739460783213,0.00991037305732967,0.423324236765511,"ANPEP"
"FBLN7",-1.25987363924195,4.61522771415744,-4.2843262060593,0.00023283635251096,0.00912395758384036,0.423229119830483,"FBLN7"
"CCDC24",2.13597153207097,1.1596879484866,4.2209853952563,0.000274480554430611,0.00991037305732967,0.406882755772474,"CCDC24"
"SP110",-1.09581605626912,6.09314593693497,-4.3165358904873,0.000214131301857001,0.00871902126018147,0.405507673169398,"SP110"
"ALK",-1.04830322601524,3.02274195682074,-4.21712839816125,0.000277242690946922,0.00991037305732967,0.405336094769876,"ALK"
"LRCOL1",2.84430444225499,0.507700109848757,4.21423386932693,0.000279333660455542,0.00995291364402365,0.388552533178238,"LRCOL1"
"CCR7",-2.3011989507493,4.62182928265067,-4.26395016733471,0.000245498259389569,0.00936011770996568,0.3780315710899,"CCR7"
"LL0XNC01-250H12.3",1.57968685215256,2.02931555176968,4.18654456386222,0.00030014326785654,0.0102180433240378,0.375315054182683,"LL0XNC01-250H12.3"
"TMEM71",-1.77008723104767,3.50391411706767,-4.22040769554198,0.000274892521618998,0.00991037305732967,0.371994977766165,"TMEM71"
"TRBV20-1",-2.67434759050964,1.9353697235844,-4.1818838481081,0.000303794036748796,0.0102590105686381,0.368419329481545,"TRBV20-1"
"MTA3",-1.48542321260987,7.41628608999224,-4.32233304719311,0.000210926931933619,0.0086598196183286,0.367997073756102,"MTA3"
"CD2AP",-1.00907742733213,6.79992206687256,-4.31285202822288,0.000216192642038926,0.00876181767387036,0.366266824519087,"CD2AP"
"ST3GAL4",-1.00775579264981,2.17667774050812,-4.17865795547987,0.000306346638705426,0.0102750739548164,0.361271023945422,"ST3GAL4"
"DYRK2",-1.05670683838769,6.48893553654965,-4.3044712314893,0.00022095594438304,0.00882620910384172,0.357321012959217,"DYRK2"
"TDRD1",-1.82957730805409,-0.0346852543772165,-4.18523779961019,0.000301162455152171,0.0102180433240378,0.349512006225877,"TDRD1"
"PRR15",2.43518485324562,-0.92077236664754,4.19307910210835,0.000295097841035861,0.0102092503081445,0.345128567819228,"PRR15"
"ALDH1B1",1.51037330652533,3.93590481818644,4.20339176760746,0.000287305795490536,0.0100844214682244,0.341799962720252,"ALDH1B1"
"BLVRA",1.06397906619543,4.32595130425582,4.22548749600212,0.00027129094580358,0.00988728326858746,0.340988056354727,"BLVRA"
"TCF12",-1.02289633786467,8.00615951533073,-4.31228685632977,0.000216510629264875,0.00876181767387036,0.327281823363325,"TCF12"
"SLC2A9",1.77318278768991,5.2550014545378,4.24381972028534,0.000258678421184803,0.00964027735748788,0.322580462726481,"SLC2A9"
"SATB1",-2.03122661773987,9.38034825569753,-4.32277232540179,0.000210686073032485,0.0086598196183286,0.321404392860411,"SATB1"
"FLG2",-2.31326186945023,1.3920200667583,-4.1579598831178,0.000323237948683015,0.0104989594439974,0.318655986316962,"FLG2"
"RTKN",1.32009655241311,4.10591273207561,4.20473109436243,0.000286308911518254,0.0100814360320903,0.318067441722527,"RTKN"
"FLVCR1",1.08311264667741,5.29377040746736,4.25230732997709,0.000253037740136412,0.00946571614283451,0.31621287327995,"FLVCR1"
"ACHE",1.64454049340418,3.47731234801668,4.17300585038012,0.000310870416770714,0.0104091618908218,0.314290207694095,"ACHE"
"GAS6-AS1",2.08829607888169,3.99078612444177,4.18565272172911,0.000300838472975542,0.0102180433240378,0.312431134483224,"GAS6-AS1"
"IDO2",-2.10981948887784,0.455485904635621,-4.15864524932803,0.000322664137699912,0.0104989594439974,0.312250262432738,"IDO2"
"ZCCHC14",1.19687931086144,5.9118149422415,4.26318491667517,0.000245986887108593,0.00936011770996568,0.304936102825236,"ZCCHC14"
"UPB1",-2.85405560463845,2.03679775964781,-4.15373656280444,0.00032679622353278,0.0105153991341304,0.299393255006244,"UPB1"
"FAM30A",-2.58982525327635,2.92395146393741,-4.16614080756184,0.000316454103077066,0.0104300574546774,0.292078903654829,"FAM30A"
"GPC1",2.33567846595211,5.33343596270956,4.21970022877907,0.000275397863343436,0.00991037305732967,0.281932014948684,"GPC1"
"KIAA1217",1.68115254821711,7.70927667669752,4.2772382575384,0.000237165571951835,0.00923871949479304,0.266403648753394,"KIAA1217"
"RAB40B",1.56056745880312,2.8108140342622,4.13443477346487,0.000343558723082257,0.0106729726390499,0.260018461238707,"RAB40B"
"DPYD",-1.07712403010155,6.19160341371717,-4.26046266830526,0.000247732935713782,0.0093819619315951,0.259531389162041,"DPYD"
"ALOX5AP",-1.42502186675891,3.3532029164717,-4.16830385699539,0.000314684146692491,0.0104300574546774,0.256999331719954,"ALOX5AP"
"IL17D",1.76854394524179,1.30349981877019,4.14935099295272,0.000330532263946199,0.0105159211756131,0.254042825244086,"IL17D"
"DUOXA1",3.08073926090815,1.67881497907104,4.13980858638339,0.000338808167431304,0.0106086626982565,0.245452094631468,"DUOXA1"
"PSAT1",1.32439605354519,5.15296591817461,4.21380993664879,0.000279641214112747,0.00995291364402365,0.238406765032128,"PSAT1"
"CNKSR3",1.56640785201377,5.23699665266167,4.21173597021798,0.00028115067737677,0.0099707719616647,0.235970984566664,"CNKSR3"
"VWC2",3.25055789415111,0.442341226368245,4.14185562330376,0.00033701570544605,0.0105692611649317,0.235862785493139,"VWC2"
"RPTN",-2.7173666672776,-0.797011495939667,-4.13013029136067,0.000347411492128165,0.0107588826568455,0.229197000814863,"RPTN"
"GPC3",-1.88851524547208,2.3970738814059,-4.12717128823554,0.00035008475557259,0.0107775409899149,0.226869845082009,"GPC3"
"DOK2",-1.54783005910995,2.73407462379296,-4.13443708145162,0.000343556668686001,0.0106729726390499,0.226070346225089,"DOK2"
"ST8SIA5",2.12593972825383,0.354653052567939,4.1451171817626,0.000334179145584265,0.0105640113609697,0.224955094131048,"ST8SIA5"
"MUC16",-4.82254239569483,4.90356547821372,-4.18474435683194,0.000301548198556676,0.0102180433240378,0.207576261963867,"MUC16"
"CUEDC1",2.42611352836407,4.61338580511235,4.15539331182302,0.000325395760926673,0.0104989594439974,0.192711234266516,"CUEDC1"
"TM4SF19",1.78648170380245,-0.75315973181342,4.12750823994055,0.000349779317500659,0.0107775409899149,0.191417512373999,"TM4SF19"
"ACTN4",1.27589911322716,6.34936364083257,4.22688902285634,0.000270305529484824,0.00988728326858746,0.190703864244273,"ACTN4"
"OR7E37P",1.50687257199914,-0.71145035564726,4.12705252599123,0.00035019247342035,0.0107775409899149,0.187196007224641,"OR7E37P"
"DNASE2",1.28459619178193,4.38172332103369,4.16230555583064,0.000319616652718276,0.0104659184926605,0.184083250782479,"DNASE2"
"GLI3",2.00156994067091,6.29279328776195,4.21684826953355,0.000277444371810634,0.00991037305732967,0.184016038445312,"GLI3"
"TMEM14EP",-1.20340985673099,4.77035048769018,-4.19366803967981,0.000294647264156601,0.0102092503081445,0.183982322548734,"TMEM14EP"
"SLC22A5",1.05829836774339,5.22000726545167,4.19575895216303,0.000293053077584446,0.0102092503081445,0.181234759944409,"SLC22A5"
"GTF2IRD1",1.8117051254216,3.99378462863786,4.13463343211462,0.000343381936618168,0.0106729726390499,0.180688947990226,"GTF2IRD1"
"SMIM41",2.04730757268829,1.49904164253301,4.11266451915686,0.000363488165783239,0.0110154170178936,0.179467588581268,"SMIM41"
"S1PR3",-1.39253290521147,3.66513073221097,-4.1479374406113,0.000331745452168807,0.0105375774525979,0.176723415157102,"S1PR3"
"HOXB3",-1.5103555746874,3.55826700003552,-4.14319359314434,0.000335849207312995,0.0105661684634608,0.17578595924696,"HOXB3"
"GOLM1",1.29463227956624,6.81587584114603,4.22952349713942,0.000268462826032261,0.00987474138355466,0.174508282828443,"GOLM1"
"PRKAR1B-AS1",-1.57360815635562,0.965113401407527,-4.09363001532406,0.000381847957923171,0.0113592618120271,0.165703256685172,"PRKAR1B-AS1"
"POU2AF1",-2.16974124895896,4.31251187940026,-4.16553773772995,0.0003169493324156,0.0104300574546774,0.161550992007609,"POU2AF1"
"ADARB2-AS1",1.79723764280546,1.74963783073811,4.09863624305195,0.000376932103723329,0.0112845830568547,0.160576259581109,"ADARB2-AS1"
"PPP1R16B",-1.17163437336048,5.51015966732337,-4.205900655149,0.000285441193034147,0.0100687981621261,0.159894169568522,"PPP1R16B"
"TRAJ31",-2.48703247884491,1.31011425570988,-4.08789542899004,0.000387556994133274,0.0113620227509679,0.154781291525399,"TRAJ31"
"POT1-AS1",1.78802590873793,2.11088192148162,4.08948218243221,0.000385968914783271,0.0113592618120271,0.153807086544054,"POT1-AS1"
"ABTB1",-1.03322647968778,5.17264144603941,-4.19345507634315,0.000294810116665738,0.0102092503081445,0.151798865907842,"ABTB1"
"ZNF385D",-1.38376406638207,2.97061424753584,-4.10867843753456,0.000367259198203974,0.0110787991970403,0.146333232767173,"ZNF385D"
"CDO1",-2.52483291387373,-0.0351952580455772,-4.08879221265189,0.00038665866861808,0.0113592618120271,0.145446230361076,"CDO1"
"STEAP2",2.07380317188839,6.04054732859755,4.19367304139897,0.000294643440427041,0.0102092503081445,0.144743544117753,"STEAP2"
"KLC3",1.65220776669937,1.8348618734476,4.08896123499299,0.000386489586502305,0.0113592618120271,0.144209090108079,"KLC3"
"DEFA3",-3.08283921676962,0.168806050746765,-4.08202713785325,0.0003934865396146,0.0114342219272149,0.142647366262016,"DEFA3"
"SNRK",-1.25434268820133,6.53039960547154,-4.21968506900918,0.00027540870200678,0.00991037305732967,0.141551960674849,"SNRK"
"PKP4",1.11091113982079,7.02007566220908,4.22050647445064,0.000274822037307976,0.00991037305732967,0.141089439955286,"PKP4"
"HSPB1",1.65732581994217,6.30616280395237,4.20256553715766,0.000287922488733476,0.0100844214682244,0.140065654509021,"HSPB1"
"GBP2",-1.35293823555783,4.69255466913888,-4.16990658489985,0.000313379013950578,0.0104300574546774,0.13153781248093,"GBP2"
"SLC46A1",1.43744504331788,6.3356467900613,4.19986668436018,0.000289946055660231,0.010137354232262,0.125478650164387,"SLC46A1"
"LINC00877",-1.62945380211169,0.464076501797909,-4.0757006383198,0.000399979604005022,0.0115213921159467,0.114976109317239,"LINC00877"
"MTF2",-1.08234705856616,6.20395307983596,-4.20292910740158,0.000287650960636881,0.0100844214682244,0.11421532844795,"MTF2"
"C2orf15",1.66697699738479,1.68227022224053,4.07572128645535,0.000399958240852277,0.0115213921159467,0.108713952801286,"C2orf15"
"DNASE1L3",-1.61069774013646,2.69554006843664,-4.08416549023564,0.000391315547445953,0.011410260206281,0.107752218294697,"DNASE1L3"
"MYO1D",1.5801899456961,5.9354681977004,4.18096550649696,0.000304518553095212,0.0102598089431383,0.1054927813235,"MYO1D"
"MID2",1.60940643172428,4.29006751773673,4.11977624119183,0.000356855059131924,0.0108810551081073,0.105423965098227,"MID2"
"ARHGAP9",-1.3947913457851,4.93782340469344,-4.16582817783249,0.000316710732814918,0.0104300574546774,0.101207203278802,"ARHGAP9"
"ZNF112",1.4849290593226,3.43336256887797,4.08491622225671,0.000390556169411233,0.011410260206281,0.0997614827858211,"ZNF112"
"OR2A4",1.63970026573751,3.18093326664356,4.071574293045,0.000404271561427352,0.0115775855487385,0.0929913354715524,"OR2A4"
"USP17L17",2.06888364174864,-0.491066606987944,4.08224853044035,0.0003932612160068,0.0114342219272149,0.0905868619373935,"USP17L17"
"NPR3",-2.31639139571964,4.11019065499978,-4.12633918311652,0.000350840169131043,0.0107782891122314,0.0889841420128299,"NPR3"
"MS4A2",-2.50720734700664,0.64166407825203,-4.05911510495617,0.000417509039150142,0.0116834923994175,0.0887296303834271,"MS4A2"
"TOX2",-3.09794005291565,3.34349157494658,-4.0914423168001,0.000384016027310852,0.0113592618120271,0.0876543650050268,"TOX2"
"CCND1",1.80375565543853,6.69941564277656,4.18651790658436,0.000300164024522441,0.0102180433240378,0.0807173545859854,"CCND1"
"APLN",2.46339585661572,0.269737660529854,4.07597648509475,0.000399694298159472,0.0115213921159467,0.0781340120987801,"APLN"
"ARHGEF39",-1.22964371788759,3.41196827467644,-4.09720211129573,0.000378333911592195,0.0113094407499969,0.0775310781511171,"ARHGEF39"
"LTB4R",1.55628408354706,6.06638544614005,4.17076011874576,0.000312686154833055,0.0104300574546774,0.0705996083606006,"LTB4R"
"CD274",1.90171324330803,5.73412897926955,4.15702795965645,0.000324019807529191,0.0104989594439974,0.0694255502386625,"CD274"
"CHST3",1.70096465163446,5.4963224430883,4.15015748722412,0.000329842056112221,0.0105159211756131,0.0666083575655385,"CHST3"
"AGRN",1.58157132567228,5.27423831780548,4.14373423194187,0.000335378990827962,0.0105661684634608,0.0651968965558334,"AGRN"
"ARID5A",-1.26014563464853,4.39642730203717,-4.13157647815278,0.000346112320422478,0.0107354493868972,0.062694772137176,"ARID5A"
"GIMAP7",-1.16001334245252,3.94687650291103,-4.11288816930385,0.000363277720642288,0.0110154170178936,0.0608760060084279,"GIMAP7"
"TCEAL3",1.08928526844096,3.10015227754039,4.06026611133435,0.00041626838033906,0.0116834923994175,0.0581775785746208,"TCEAL3"
"NEK8",1.13992962366882,3.06895549597719,4.05671171240288,0.000420111429639608,0.0117257899592922,0.056873142970665,"NEK8"
"PLCB2",-1.58056110617797,5.55073869038873,-4.16512080100531,0.000317292161691635,0.0104300574546774,0.0557027095086795,"PLCB2"
"GDF7",-1.30129669330374,2.88809240982055,-4.06730001069351,0.000408765409615014,0.0116313240565059,0.0532619962851681,"GDF7"
"MDK",1.88596408540987,5.85233991274338,4.1509843198417,0.000329135924450452,0.0105159211756131,0.0461312793046629,"MDK"
"TMEM156",-1.66963314501822,2.90484820008346,-4.0633181066553,0.000412996279896101,0.0116754048326628,0.0421538118567772,"TMEM156"
"PDXK",1.72101390351857,7.565855009305,4.18595302882984,0.000300604200763177,0.0102180433240378,0.0420413635153052,"PDXK"
"SLC25A10",1.76550557207184,1.90640006377871,4.04240486303191,0.000435937972823693,0.0120317664493836,0.0419891639013148,"SLC25A10"
"FLACC1",-1.25430080080341,2.68500428604367,-4.0520698963361,0.000425183051647602,0.0118007677546345,0.0327374121047752,"FLACC1"
"TP63",1.68410408525001,7.38948946213366,4.17993918745961,0.000305330283668562,0.0102598089431383,0.0326312004720277,"TP63"
"FBXO16",2.30399636955842,0.817927552564149,4.05063551147968,0.000426762456543847,0.0118114716818828,0.0254043515282838,"FBXO16"
"PLCL1",-1.60974607464452,5.85901712217125,-4.16003634052936,0.00032150257156619,0.0104987036117547,0.0245140741061229,"PLCL1"
"SCAI",-1.31753659677128,7.21809548970296,-4.1822776531982,0.000303483871838763,0.0102590105686381,0.0214827567049642,"SCAI"
"CDS1",1.79581549011001,4.27174917644584,4.08054661473104,0.000394996636096849,0.0114603151410749,0.0178981592113203,"CDS1"
"LTB",-1.64699893611909,4.21898638330455,-4.10500556807305,0.00037076817522418,0.0111586551197473,0.0155159103932778,"LTB"
"FOXQ1",3.51482446542619,1.50424383191021,4.0329353478426,0.000446735920686675,0.012278412686762,0.00834974734629945,"FOXQ1"
"MDM4",-1.18507808433654,9.48288022379997,-4.19855422593908,0.000290935210710847,0.010153998033081,0.00710818785828504,"MDM4"
"PAX9",1.91985181210349,6.67485711961517,4.15046385463851,0.00032958023737156,0.0105159211756131,-0.00639830260638163,"PAX9"
"PTK2B",-1.40303831556243,6.40816550941212,-4.15676583205523,0.000324240062956891,0.0104989594439974,-0.0113385652633635,"PTK2B"
"AMPH",-1.29349088338555,2.54226696452956,-4.02675302869469,0.000453927657899624,0.0124071469919553,-0.0185354681892846,"AMPH"
"VEGFA",2.40383760316546,5.48769706778954,4.10414799642177,0.000371592245408383,0.0111586551197473,-0.0197260205626293,"VEGFA"
"GSEC",-1.92286466126401,0.741146756519851,-4.01114493207518,0.000472596910871545,0.0126301288595008,-0.0220918268934058,"GSEC"
"PALM2AKAP2",-1.07963763913875,7.06830968378209,-4.16249331934462,0.000319461096453069,0.0104659184926605,-0.0224370639894085,"PALM2AKAP2"
"DOCK2",-1.34793725317692,7.42002774069777,-4.1663242261712,0.00031630363534783,0.0104300574546774,-0.0252135060901031,"DOCK2"
"PRKCG",-3.01884037606301,1.17417875761019,-4.01048433077157,0.000473403580818223,0.0126301288595008,-0.0273226181548045,"PRKCG"
"RBBP9",1.17132128663789,5.29982009931402,4.11034846049446,0.000365674583543849,0.0110478386774797,-0.036424993179434,"RBBP9"
"ANXA2R-OT1",-1.25688147123761,3.69922766013057,-4.06134258858523,0.000415111354173717,0.0116793341934718,-0.0397725300393086,"ANXA2R-OT1"
"PTPN22",-1.84623662565325,4.56972876113005,-4.09402697382893,0.000381455861081511,0.0113592618120271,-0.0432650324100301,"PTPN22"
"AZU1",-2.14408135454282,-0.820908845713694,-4.01317605675689,0.000470125167284896,0.0126019840300514,-0.0474186141645729,"AZU1"
"DCAF12L2",2.64927331961758,-0.346716742814343,4.01561921083852,0.000467168919341567,0.0125845368633768,-0.0510933339911093,"DCAF12L2"
"OR2A7",1.5981276030297,2.17605361727599,3.99646270752172,0.000490849862152912,0.0128314767795825,-0.0552879529157373,"OR2A7"
"PRKCQ-AS1",-1.90713327226168,4.03460389949461,-4.06644174415397,0.000409673700913873,0.0116313240565059,-0.0575729353912511,"PRKCQ-AS1"
"CORO1A-AS1",-1.67579139775584,2.81685586414184,-4.016741047354,0.000465817639921902,0.0125845368633768,-0.0628652658911744,"CORO1A-AS1"
"NAT1",-1.35539180654749,1.68044226676182,-3.99385898061205,0.000494158697270853,0.0128332105778122,-0.0629298507917024,"NAT1"
"LINC02332",-1.63114271601049,-1.31079468290656,-4.01277828092319,0.000470608226702107,0.0126019840300514,-0.0631971446421655,"LINC02332"
"SLC25A4",1.05487848734837,4.15186453864419,4.05549125693531,0.000421439069092711,0.0117297577190938,-0.0635867507634638,"SLC25A4"
"ZGRF1",-1.08117518217924,5.13642394325589,-4.10414196712721,0.000371598045576505,0.0111586551197473,-0.0681248628073812,"ZGRF1"
"MS4A1",-3.09355628507837,4.05112483423398,-4.05575516463638,0.00042115163327163,0.0117297577190938,-0.0700724088346218,"MS4A1"
"CD53",-1.47832697357712,6.054049279899,-4.12582683005494,0.000351306103258842,0.0107782891122314,-0.0718584792336179,"CD53"
"GNA11",1.17586020072573,4.40517937532112,4.05911279493562,0.000417511532770905,0.0116834923994175,-0.0729989693075561,"GNA11"
"CCL22",-3.1077698928615,2.75307894140595,-4.00686301884342,0.000477849831322835,0.0127099063333973,-0.0757537509323223,"CCL22"
"GRAPL-AS1",-2.15902701612136,1.16343177699228,-3.98647291772238,0.000503665233687548,0.0129668858690028,-0.0783619572082959,"GRAPL-AS1"
"ANKRD65-AS1",2.26663722984225,-0.430057620119401,4.00404114249396,0.000481343093795765,0.0127684966261721,-0.0793855217172119,"ANKRD65-AS1"
"IL20RB-AS1",-1.43214720396156,2.60443548528022,-4.00117457011809,0.000484917499053278,0.0127947098516871,-0.0842961461484917,"IL20RB-AS1"
"TSPAN10",2.12323776313277,0.0963215700862319,3.99997596095785,0.000486419834059057,0.0128002155534504,-0.0923086951665768,"TSPAN10"
"CAMKK1",1.89025330550334,4.92505461409916,4.06098434829779,0.000415496046905057,0.0116793341934718,-0.0932618447926057,"CAMKK1"
"NIPAL1",1.86392247677651,1.45119375674369,3.98787386997195,0.000501848314958211,0.0129648515727259,-0.0981319348091727,"NIPAL1"
"UNC5C",-2.09033106257687,4.66846046310456,-4.07131265579436,0.000404545229666404,0.0115775855487385,-0.103801996200296,"UNC5C"
"SLIT3-AS2",1.43847366075453,3.34280622035096,3.9958398439585,0.000491639406131299,0.012832031530523,-0.104740258067935,"SLIT3-AS2"
"RNF150",-1.54008637490356,4.45611324243547,-4.06545183415969,0.000410723786762793,0.0116444312553709,-0.104959577179881,"RNF150"
"TSPAN11",-1.33097268970027,3.13397868144627,-4.01034492390126,0.000473573986242336,0.0126301288595008,-0.10593759258176,"TSPAN11"
"ELOA2",2.47580381559888,1.52436598293699,3.98119357977561,0.000510570606780197,0.0130319049380719,-0.111966045072055,"ELOA2"
"CNTNAP3P2",1.4074935346391,4.21817479562332,4.02935630980912,0.000450885491562088,0.0123471883165315,-0.116339414746241,"CNTNAP3P2"
"KLHL21",1.0195886255264,5.66587457624034,4.09020757347893,0.00038524506319812,0.0113592618120271,-0.116641441381845,"KLHL21"
"FBLN2",-2.03090099568117,4.01088182366479,-4.04099573185875,0.000437528298168581,0.0120588405187438,-0.117408501584661,"FBLN2"
"AP1S3",1.03534900503045,3.22249393919605,3.99181964718047,0.00049676566311872,0.0128596343706328,-0.118883828078901,"AP1S3"
"VAV2",1.13420257628071,5.44984000454059,4.07574955834545,0.000399928991774726,0.0115213921159467,-0.133250706078753,"VAV2"
"ROGDI",1.29979462081497,3.32029527289615,3.98628678444601,0.000503907121117119,0.0129668858690028,-0.13393410180409,"ROGDI"
"TTC14-DT",1.72118192720974,-0.374872245585976,3.98107379106681,0.00051072836944709,0.0130319049380719,-0.134419930694163,"TTC14-DT"
"NEK11",1.17226984339281,3.21745482960456,3.98327877637912,0.000507832077950309,0.0130006325880449,-0.135265402184269,"NEK11"
"ISG20",-1.98252325681069,5.0627897575885,-4.07306923739475,0.000402711381879369,0.0115775855487385,-0.136523773849736,"ISG20"
"FAM218A",2.18827152484676,0.714827782264822,3.97631973588161,0.000517028482205953,0.0131341163470778,-0.139787693891731,"FAM218A"
"FGF13",3.71209490767105,2.61009181964364,3.95991605791102,0.000539361135026139,0.0133927729917959,-0.142927035351436,"FGF13"
"ARAP2",-1.25543843280619,7.59402477391282,-4.11992234743847,0.000356720049353454,0.0108810551081073,-0.146993142394225,"ARAP2"
"NWD2",-2.30508372084663,-0.117509346647103,-3.95163013916115,0.000551000929907701,0.0135787763411501,-0.164677932951297,"NWD2"
"RBMS3",1.38833826675323,7.27518326568124,4.10102845622496,0.000374605234901181,0.0112319136264537,-0.165108995769715,"RBMS3"
"TLR10",-1.94681817132642,2.68661359804364,-3.96664301259241,0.000530089962398429,0.0133050090023651,-0.172985098788739,"TLR10"
"GALNT9",3.81434294256976,1.5075594318497,3.94969468684012,0.000553755278681417,0.013629680609237,-0.175863348913299,"GALNT9"
"BIN2",-1.3562022834619,5.49595471546854,-4.06484441924961,0.000411369442865052,0.0116460513660322,-0.191370017528223,"BIN2"
"ADIPOQ",-5.4137076364411,1.28446504271359,-3.94730573551905,0.000557173728935751,0.0136797902256943,-0.192174182188974,"ADIPOQ"
"ABHD4",1.06738711587258,3.80110349495481,3.98483264486434,0.000505800782406226,0.0129668858690028,-0.194949930061379,"ABHD4"
"CDH12",1.97829641503133,0.281910146266632,3.95260852839347,0.000549613725723886,0.0135614788258728,-0.196715560620065,"CDH12"
"TRAV8-3",-2.45442204984794,0.906577619491361,-3.93467656540848,0.000575593985301661,0.0137565572163461,-0.197479828152309,"TRAV8-3"
"PRXL2A",1.10442265297586,6.1102502025052,4.06814368017502,0.00040787450673839,0.0116303005963199,-0.197838135461626,"PRXL2A"
"PPP1R26",1.71028783299234,3.50698803312585,3.95790921632519,0.000542157831330102,0.0134277363256463,-0.20119005652043,"PPP1R26"
"FGF12",2.53972943521442,0.882973883866449,3.94560602642321,0.000559618573245517,0.0136904495111257,-0.201477126148969,"FGF12"
"LINC01644",-3.69279586061528,0.928010296473693,-3.93631321997653,0.00057317340664556,0.0137565572163461,-0.201739483055452,"LINC01644"
"DUOX1",1.50137777116065,5.98473262850152,4.05865538303624,0.00041800558991296,0.0116834923994175,-0.204490866710067,"DUOX1"
"FGF14-AS1",1.83742742732207,-0.896979239239526,3.94436352385755,0.000561412465103898,0.0136947409996653,-0.20672998515023,"FGF14-AS1"
"SP140",-1.22134828551103,4.43486179625707,-4.02400708205157,0.000457158514557174,0.012461032843763,-0.206958377137672,"SP140"
"MIR218-2",1.77562887125764,-0.828226989960617,3.94233843599236,0.000564348389713931,0.0137029328638638,-0.212546541800996,"MIR218-2"
"DDO",2.28981767168317,0.0354513734986136,3.94326495610099,0.000563003269106578,0.0136947409996653,-0.21466078774466,"DDO"
"CPO",1.99196385319292,3.16452138693231,3.93625300983006,0.000573262278189908,0.0137565572163461,-0.215428004940105,"CPO"
"LSAMP-AS1",-1.47150724764248,-1.40049975027656,-3.94103878331347,0.000566240564111655,0.0137152197346457,-0.219618378061919,"LSAMP-AS1"
"GOLT1A",2.76271924054783,0.0513277103850118,3.93744333858722,0.000571507843270685,0.0137565572163461,-0.2220220158243,"GOLT1A"
"FGF13-AS1",2.1106805046456,-0.878097416051645,3.93578570466717,0.000573952493170198,0.0137565572163461,-0.223642317111276,"FGF13-AS1"
"PYHIN1",-1.18599151562824,3.37754880514432,-3.9706700705915,0.00052461522647464,0.0132587620903022,-0.22643728594923,"PYHIN1"
"BMP7-AS1",2.46385372818688,0.679976988658833,3.93477506622295,0.00057544802008649,0.0137565572163461,-0.228194751546855,"BMP7-AS1"
"HECA",-1.06289991322067,6.57116431689741,-4.06949449481682,0.000406452061914736,0.0116064644346764,-0.236400002607713,"HECA"
"EGFR-AS1",2.32649124458193,2.9045182729661,3.91739528170262,0.00060177549830164,0.0141084299188568,-0.242025597317415,"EGFR-AS1"
"PCDHGC5",2.2715698461001,2.39485595298645,3.91001529345584,0.000613310688763965,0.0141785107709697,-0.25235713425133,"PCDHGC5"
"CP",-1.11188457369697,2.48059539114785,-3.92498114224581,0.00059014132316539,0.013974695938074,-0.255062449119481,"CP"
"STARD4",-1.41479987889539,5.16294254804713,-4.02916353939132,0.000451110068869184,0.0123471883165315,-0.256013814917772,"STARD4"
"KIF21A",1.51395664694864,4.08407273254984,3.96569008592776,0.000531393677895993,0.0133050090023651,-0.256496739410974,"KIF21A"
"IFNG-AS1",-2.07929121216279,1.33845663497129,-3.90943311877665,0.00061422986307403,0.0141831910856149,-0.257064842441939,"IFNG-AS1"
"FABP4",-3.75252500690532,3.24446565289265,-3.94047571698778,0.000567062277167538,0.0137183317883477,-0.257713772485225,"FABP4"
"ARHGEF6",-1.29619458962462,6.63670756141281,-4.06179573256958,0.000414625254392487,0.0116793341934718,-0.258859870648319,"ARHGEF6"
"IFTAP",-1.45037674068276,4.42802788040848,-4.00165303147717,0.000484319076292317,0.0127947098516871,-0.260042132364502,"IFTAP"
"GALNT16",-1.54513144775284,2.40795594602422,-3.91854651333445,0.000599995458071703,0.0140845908894198,-0.26755141100558,"GALNT16"
"SOWAHA",1.77796156007664,2.64247281523974,3.9058933297225,0.000619847985827878,0.0142142336181056,-0.268099366248666,"SOWAHA"
"CIART",2.76696445454145,1.31486335346444,3.91191893588099,0.000610314546173541,0.0141550628479606,-0.268250931615472,"CIART"
"FBXO2",1.44092362585547,3.21020338012107,3.92182579327724,0.00059495340495534,0.0139994446262321,-0.268749176569696,"FBXO2"
"MROH7",2.64566486261695,1.15153563926007,3.9111774129921,0.000611479910760237,0.0141550628479606,-0.272654127215756,"MROH7"
"STK26",-1.28330056428475,5.19662651141885,-4.02315830964987,0.000458161760450656,0.0124712009319918,-0.273821402960317,"STK26"
"CKAP4",1.69876708024249,5.08187570355433,3.99822711986755,0.00048862007514024,0.0128172265080484,-0.275547249073712,"CKAP4"
"SCML4",-2.04180219903466,5.20408938180695,-4.02111398427179,0.000460587080618402,0.0125199968933483,-0.276381854791667,"SCML4"
"TET1",-1.0594710300222,5.67233428462312,-4.03218690440653,0.000447600541687442,0.0122851138966058,-0.283967492420768,"TET1"
"POLL",1.19562569828909,4.29738401509557,3.96588650913095,0.000531124689389831,0.0133050090023651,-0.290607346769501,"POLL"
"DEFA1B",-3.26540700923712,0.361080071669168,-3.88858478091332,0.000648056039226551,0.0145072182808306,-0.305463674105382,"DEFA1B"
"OR2W3",1.66750823459931,-1.38290001412779,3.89395728728942,0.000639167714212846,0.0144183919457276,-0.310807493966321,"OR2W3"
"LINC02912",1.188681411258,3.36843966645004,3.91537250257787,0.00060491574051351,0.0141084299188568,-0.311130524855152,"LINC02912"
"NFIX",1.72163179980511,5.4482802411454,3.99481610779622,0.000492939821860251,0.0128332105778122,-0.311142419350952,"NFIX"
"LCORL",-1.03825036351899,5.55418494203206,-4.01808919897168,0.0004641988641584,0.0125663903185097,-0.31161766796621,"LCORL"
"GALNT15",-1.81601069798198,3.43988871605982,-3.93566388441255,0.000574132557614621,0.0137565572163461,-0.314596475754067,"GALNT15"
"CNTNAP3",1.42914551247395,5.09116878868284,3.98550353122995,0.000504926245942683,0.0129668858690028,-0.316182371896586,"CNTNAP3"
"DOCK8-AS2",-1.6102439393619,3.1833460102011,-3.92423478844399,0.000591276079429297,0.0139774485747976,-0.317769070910579,"DOCK8-AS2"
"DEGS2",-1.12908268638388,3.65001838198053,-3.94376447319082,0.000562279382769329,0.0136947409996653,-0.321572032317589,"DEGS2"
"TSBP1",-1.59252346769658,2.14848907638803,-3.88679650025578,0.00065104149592674,0.0145575821049653,-0.328784473686625,"TSBP1"
"CCT6B",1.43692434811474,2.54108206494408,3.87826894392196,0.000665465130370172,0.0148121598878357,-0.33250727020654,"CCT6B"
"PRC1",-1.21784749389385,4.27575593105479,-3.96627780897701,0.000530589230506264,0.0133050090023651,-0.333200114792885,"PRC1"
"SHANK3",1.7398237685303,4.52814582843458,3.94556109739374,0.000559683341982953,0.0136904495111257,-0.335138458411278,"SHANK3"
"ABCB9",1.35552007863103,3.48149827456555,3.90594877645175,0.000619759595406667,0.0142142336181056,-0.335200643942646,"ABCB9"
"ADCY9",1.77781959212112,4.92890829589162,3.96434832096738,0.000533234733161851,0.0133234622910857,-0.335416239839174,"ADCY9"
"CD27",-1.22892583492248,3.17570355754224,-3.91624433531293,0.000603560298254824,0.0141084299188568,-0.336836891533777,"CD27"
"PCDHGB8P",1.84093547493865,2.09353571126884,3.87237197585182,0.000675622838837451,0.0148672764854783,-0.338709997270762,"PCDHGB8P"
"TRAV21",-2.2882891550601,-0.0110378288797128,-3.87334355686006,0.000673938823429348,0.0148672764854783,-0.338835083584743,"TRAV21"
"SDK1-AS1",-2.45365145807031,2.68803409401785,-3.89584539446749,0.000636072605005654,0.0144183919457276,-0.340500139127651,"SDK1-AS1"
"IGLL5",-2.72074782214851,3.32113246242022,-3.91653912449024,0.000603102665463167,0.0141084299188568,-0.341009042715919,"IGLL5"
"SIT1",-2.41235866981381,3.68699535368584,-3.93070054089536,0.000581516493771769,0.0138479300785193,-0.345422595208939,"SIT1"
"FCRL5",-2.37420467592658,3.08923108565699,-3.90706099911234,0.000617989165238726,0.0142142336181056,-0.346502365318827,"FCRL5"
"CGB7",2.56662999161627,0.930195986439346,3.8769836439922,0.00066766620950778,0.0148121598878357,-0.350146280865044,"CGB7"
"S100A1",1.85888435089396,1.80619159627869,3.85851369405647,0.000700098611350823,0.0151910651535323,-0.374067370911555,"S100A1"
"C1QTNF9B",4.27630962848452,0.238733514338139,3.86113362540708,0.000695405499320659,0.0151228077486628,-0.374352453307559,"C1QTNF9B"
"TACC2",1.7507992462657,6.28810976328538,3.99542341763017,0.000492167968652634,0.012832031530523,-0.374504887432266,"TACC2"
"SLC8B1",-1.0558416401585,5.61267991780329,-3.99392789239797,0.000494070840695574,0.0128332105778122,-0.375265280021007,"SLC8B1"
"LPXN",-1.11779214860126,6.08033705985861,-4.00344615714664,0.000482082851267079,0.0127710007278772,-0.378445099802925,"LPXN"
"CORO1A",-1.34055508901984,6.06937751374049,-3.99815047440867,0.000488716728242081,0.0128172265080484,-0.391214939086594,"CORO1A"
"DSG2",1.01021726439497,6.64103268291382,3.99791851845655,0.000489009349314093,0.0128172265080484,-0.40191099271459,"DSG2"
"LZTFL1",-1.36602186167702,6.01842613588144,-3.99153884130136,0.000497125690713734,0.0128596343706328,-0.404990375642457,"LZTFL1"
"THEMIS",-2.12206324277203,6.28619676520397,-3.99665475103699,0.000490606679671516,0.0128314767795825,-0.405129608505121,"THEMIS"
"PIK3CG",-1.33128892321691,5.57288798100835,-3.97937409920074,0.000512972067049486,0.0130646129148549,-0.408897087941558,"PIK3CG"
"FBXW5",1.16248306858129,6.27386712133227,3.98589271649756,0.000504419606078107,0.0129668858690028,-0.409509328119464,"FBXW5"
"ST7-AS2",1.18791111437119,2.84160272232614,3.85355964377294,0.000709058174138899,0.015351807667434,-0.412735398990739,"ST7-AS2"
"NPSR1-AS1",3.33068135085422,0.406625338884248,3.84589151017304,0.000723149092575694,0.0155378907632795,-0.415768920114652,"NPSR1-AS1"
"ARHGAP15",-1.85463225827574,5.56033210364771,-3.97528920346088,0.000518404231249692,0.0131353410143408,-0.416600100955937,"ARHGAP15"
"ADAMTS10",-1.5347720071763,3.3651197010486,-3.88947697978839,0.000646571595897863,0.0144903797409092,-0.421437512429714,"ADAMTS10"
"PPIC",1.6993482502407,3.09489966557786,3.84885021563814,0.000717679856580546,0.0154876408744519,-0.423273066540514,"PPIC"
"PUS7",1.17614114108548,3.44408160283474,3.87092014332867,0.000678146981601198,0.014877883169519,-0.425915598274043,"PUS7"
"CA5A",2.13395065489769,-0.377453338949096,3.84213569724915,0.000730150873700589,0.0156036238009298,-0.433429480320346,"CA5A"
"MAGI1",1.30462561337423,5.76756536640458,3.96180855135781,0.000536736829450832,0.0133603586389969,-0.434386801377988,"MAGI1"
"FOXRED2",1.28694450297995,4.42562036476405,3.90653155798711,0.000618831304709081,0.0142142336181056,-0.44559793701753,"FOXRED2"
"EFCAB6",1.72188278384283,3.16984531163546,3.84464415814983,0.000725467116207185,0.0155539206528971,-0.446043918160708,"EFCAB6"
"IRAG1-AS1",-1.70551071416594,-0.621530234518617,-3.8333868996314,0.00074672036852161,0.0158092909207068,-0.446733393739442,"IRAG1-AS1"
"CCDC74B",2.59246246834104,2.73902725184622,3.82432361336785,0.000764275277463083,0.0160214443492764,-0.449271917827466,"CCDC74B"
"TNKS1BP1",1.6476146996075,6.86422634822999,3.9753386264009,0.000518338169812917,0.0131353410143408,-0.456809099884969,"TNKS1BP1"
"PIK3R5",-1.34619688133728,4.8908674021658,-3.9391200321796,0.000569045526414133,0.0137495017365193,-0.457263694875656,"PIK3R5"
"PMVK",1.16582402025565,4.26074673993295,3.89645549317788,0.000635075649615951,0.0144183919457276,-0.458696062707138,"PMVK"
"ABCG4",-2.92540136776625,0.839920728708325,-3.82223276875047,0.000768382320923385,0.0160850837990425,-0.460533364064762,"ABCG4"
"ENDOU",-1.33073244985881,0.658060530238029,-3.81890622094052,0.000774961405975923,0.0161258793510594,-0.461458269395916,"ENDOU"
"PGF",1.7694304740273,2.8841752631774,3.82578679557224,0.000761413991551132,0.015978389691204,-0.46575339542599,"PGF"
"KLHL38",1.73651890004444,-0.069979801413611,3.82910748509421,0.000754959315888457,0.0159107664984833,-0.466072279583742,"KLHL38"
"GAA",1.2327886588262,5.04647729844496,3.92483016142663,0.000590370701108187,0.013974695938074,-0.467936691214164,"GAA"
"EFNA1",1.41482984205758,4.45799347323323,3.89629417752363,0.000635339103963226,0.0144183919457276,-0.470129060664028,"EFNA1"
"BMP7",2.05351174646805,4.66425274514824,3.89278535225507,0.000641096281027674,0.0144183919457276,-0.470922510996868,"BMP7"
"AFAP1-AS1",3.18198758392299,4.03834471645969,3.83605303139496,0.000741632153978914,0.0157469513895802,-0.476161427279953,"AFAP1-AS1"
"PARP15",-1.66673478808172,4.68308374362921,-3.92300634016376,0.000593148495700274,0.0139902450314812,-0.476957259309196,"PARP15"
"ST6GALNAC2",2.59512618847577,2.48310183249629,3.81048491046133,0.000791865134357856,0.0162617889095135,-0.478190048721755,"ST6GALNAC2"
"PTCSC1",-1.92186776962869,5.47453995474899,-3.94774908388643,0.000556537754706416,0.0136797902256943,-0.478564192109643,"PTCSC1"
"MAP4K1",-1.36125283930399,4.41403326007456,-3.91111308070961,0.000611581117540368,0.0141550628479606,-0.482382646468733,"MAP4K1"
"MXRA7",1.08585222937976,5.55061210479123,3.93532747641316,0.000574630096841186,0.0137565572163461,-0.48983734349043,"MXRA7"
"THCAT155",-3.20611558882034,1.06893282604425,-3.81106802976121,0.000790683080471138,0.0162617889095135,-0.490816769722541,"THCAT155"
"CCDC88B",-1.4577767748648,4.8878825798338,-3.92517314815246,0.000589849744621145,0.013974695938074,-0.491094292945842,"CCDC88B"
"KLHDC9",2.19084564288211,1.29803955082853,3.80903008760828,0.000794821812550503,0.0162617889095135,-0.495808613213931,"KLHDC9"
"PPIAP30",-1.24083934613922,0.814776416027816,-3.80233750581191,0.000808563647661132,0.0162617889095135,-0.497152241954637,"PPIAP30"
"LINC00681",-1.48390909853126,-1.60396990151695,-3.81134539423058,0.000790121437517287,0.0162617889095135,-0.500011366123763,"LINC00681"
"LINC01765",-1.85313636340739,-0.566688824038682,-3.80693259540852,0.000799103707043773,0.0162617889095135,-0.500939327809564,"LINC01765"
"IGFL2-AS1",2.45877333044978,0.936381063647163,3.80814811075191,0.000796619557668576,0.0162617889095135,-0.501468757461617,"IGFL2-AS1"
"ESR2",-1.07089316290305,4.37532511104577,-3.90053243480492,0.000628452950627198,0.0143277136405088,-0.50455759899717,"ESR2"
"FGFRL1",1.68292106605093,2.62327492087037,3.80191806242942,0.000809432617912515,0.0162617889095135,-0.5074117032797,"FGFRL1"
"KREMEN2",3.04602320261947,3.37630264322766,3.80448478554838,0.000804129414471804,0.0162617889095135,-0.508951079822201,"KREMEN2"
"CCNI2",1.34625547771159,2.76195667855162,3.80663793231865,0.000799707055335098,0.0162617889095135,-0.509320664388506,"CCNI2"
"MIR3941",1.8378249731074,-1.10024323676423,3.80214824955669,0.000808955620565801,0.0162617889095135,-0.514303722982749,"MIR3941"
"LINC00426",-2.00527425440894,4.10960386421979,-3.8816883360939,0.000659644129213917,0.0147166828331614,-0.517153430387422,"LINC00426"
"KCTD16",1.83469866991684,0.134544752639205,3.80408897774777,0.000804944976290065,0.0162617889095135,-0.519832824009423,"KCTD16"
"SIK1",2.25071847416171,5.26630589007843,3.89332950795029,0.000640200092725113,0.0144183919457276,-0.522972573062314,"SIK1"
"KIAA1755",-2.82900046858173,1.99688294974618,-3.80261320306834,0.000807992978681951,0.0162617889095135,-0.524876607156608,"KIAA1755"
"NME5",2.21444693765422,0.520431448848876,3.79916049931343,0.00081516840748347,0.0162904012512844,-0.526638084052332,"NME5"
"MPHOSPH9",-1.20267914000097,7.12582400612128,-3.95819784605792,0.000541754723641764,0.0134277363256463,-0.535886972586986,"MPHOSPH9"
"ANAPC15",-1.07688706473059,2.77288067811706,-3.81412944870145,0.000784505599445423,0.0162391017860099,-0.540481505543592,"ANAPC15"
"IL17RE",-1.26116787877731,2.69124094808928,-3.80954178470798,0.000793780641334892,0.0162617889095135,-0.545928263506087,"IL17RE"
"CTTN",1.00004444374958,6.17002491369134,3.92950426580271,0.000583310136263007,0.013873947459746,-0.54732617336335,"CTTN"
"TESC",2.11426804495022,2.36101484551272,3.77849786847237,0.000859436056233128,0.0167395473590525,-0.550913728920224,"TESC"
"LINC00852",-1.07747276328217,3.65651257143396,-3.84938352860584,0.000716698351779954,0.015486394918537,-0.551253612942729,"LINC00852"
"DAG1",1.28618807606623,5.8073980770863,3.9159099997127,0.000604079737231757,0.0141084299188568,-0.55415741171887,"DAG1"
"ARHGEF17",1.83160274592125,4.90236741616128,3.87283486591941,0.000674820007983822,0.0148672764854783,-0.555022313603411,"ARHGEF17"
"DYNC1I1",1.82654658766635,3.61426909730374,3.81464937292588,0.000783461192440134,0.0162391017860099,-0.5560546824029,"DYNC1I1"
"NFYC-AS1",-1.1722786530068,3.27580825436364,-3.82909913528241,0.00075497547840092,0.0159107664984833,-0.557224479863721,"NFYC-AS1"
"FOXN3-AS2",-1.27098530626405,3.35956786309734,-3.83284240849098,0.000747763722359974,0.0158092909207068,-0.557533320882166,"FOXN3-AS2"
"FGFBP3",-1.85777625964116,0.443746358647655,-3.77389118605535,0.000869622625582698,0.0168880884569735,-0.560429374717823,"FGFBP3"
"RELN",-1.74861220723259,1.91470612467028,-3.78042843169889,0.000855201995659148,0.0167064089754184,-0.566472566029586,"RELN"
"NENF",1.18711875204199,3.88355119337769,3.83103676009923,0.000751233973067939,0.0158657087439076,-0.57390608812964,"NENF"
"PRXL2C",1.26960522929942,3.41609433384388,3.80474550735711,0.000803592640815116,0.0162617889095135,-0.574008559644258,"PRXL2C"
"EDA2R",1.35471078938232,3.9155671221781,3.82710838790162,0.0007588386397468,0.0159581911179059,-0.579597817228599,"EDA2R"
"CD72",-1.28425501873341,2.35571661285696,-3.78394405999817,0.000847544151337968,0.0165895659849921,-0.579761893628241,"CD72"
"MINDY4",1.81041456719943,1.67298419437945,3.76364799750274,0.000892699574068239,0.0170517682154791,-0.587197010029596,"MINDY4"
"ZYX",1.34343064916668,5.87935845435681,3.90153460200864,0.00062683544420412,0.0143238413456759,-0.589502677912863,"ZYX"
"COL4A2",1.48394600276006,6.49561358457545,3.91434807568592,0.000606512254060169,0.014120318818349,-0.593187517065817,"COL4A2"
"MROCKI",-1.57729310017323,0.856758834120791,-3.75575892769341,0.000910881573350862,0.0171998429914506,-0.600960460673432,"MROCKI"
"NR2F6",1.74004288362193,3.41661513703201,3.78443677196917,0.00084647630495795,0.0165850689097157,-0.602372490103128,"NR2F6"
"CCDC148",2.1571352559614,1.47953864974112,3.75842352590598,0.000904700182439259,0.017099438309733,-0.603261471112763,"CCDC148"
"SMIM22",2.88677162656608,0.0789745745841822,3.76151922690298,0.000897570384166251,0.0170906016369344,-0.604147800880523,"SMIM22"
"PNPLA2",-1.01610792243546,4.4599672161483,-3.86258466663748,0.000692819565801403,0.0151228077486628,-0.605944561732888,"PNPLA2"
"GAS8",1.15970490841842,3.71327907189253,3.80758449642693,0.000797770471761987,0.0162617889095135,-0.608608522072712,"GAS8"
"TBC1D19",-1.23577149710747,6.26071846336983,-3.91374250791603,0.0006074579498554,0.0141257172381769,-0.61044234109904,"TBC1D19"
"LINC02137",2.49902489011516,-0.441080174779642,3.75887453372598,0.000903658005624068,0.017096069094928,-0.611122918480609,"LINC02137"
"CYTH4",-1.21452850707411,4.94507019591459,-3.87827707296873,0.00066545123211195,0.0148121598878357,-0.61188662408733,"CYTH4"
"UCP3",-1.27025824418222,1.71899997333756,-3.75320881386157,0.000916836176598534,0.0172423455979162,-0.618095982744133,"UCP3"
"FAM200C",1.08270055604453,2.94533829668927,3.77043144422357,0.000877350849520933,0.016938435084068,-0.619361467267466,"FAM200C"
"PHPT1",1.4449839170639,3.2690119132486,3.77119631287995,0.000875636535374525,0.0169218470688735,-0.627271522610749,"PHPT1"
"PKP3",2.34319997853417,3.52730057314067,3.76231437187975,0.000895747980445377,0.0170906016369344,-0.643690323578713,"PKP3"
"MAB21L1",-1.58921990220576,1.45798080286127,-3.7388835936171,0.000951002591103593,0.0175554013762584,-0.64681715612489,"MAB21L1"
"LTBP3",1.22622027283366,6.57326343609914,3.89422900040829,0.000638721392434762,0.0144183919457276,-0.65151446026228,"LTBP3"
"AKAP7",-1.22429423872775,3.56721363937558,-3.80196484472788,0.000809335652541166,0.0162617889095135,-0.655508594021495,"AKAP7"
"LY9",-1.82523978284491,4.19428216261178,-3.82814089650899,0.000756832577297795,0.0159329360341979,-0.659974605011969,"LY9"
"ENPP5",1.27276994594637,4.05682706154151,3.80339143578825,0.000806384239552175,0.0162617889095135,-0.661199756100721,"ENPP5"
"KRT19",2.08452793815014,7.09619319362677,3.8927384235147,0.000641173627380884,0.0144183919457276,-0.664966826338081,"KRT19"
"SMTNL1",-1.44247173701221,2.47574295422743,-3.75118560154531,0.000921587599447915,0.0172724342090671,-0.666390722138871,"SMTNL1"
"TFE3",1.12724394850407,5.12407523433223,3.84790941258613,0.000719414526876633,0.0155081634775182,-0.666438385137289,"TFE3"
"DEFA1",-3.07029427302214,0.353040451409731,-3.72967723080473,0.000973616104772951,0.0177024178895888,-0.667236437343592,"DEFA1"
"PTPRC",-1.69758830055651,8.87159598353525,-3.92382526214973,0.000591899636448551,0.0139774485747976,-0.671230905998197,"PTPRC"
"PCDHGA10",1.9581779747484,3.23788185507491,3.74276211178402,0.000941630753652656,0.0174311795921725,-0.672232875768466,"PCDHGA10"
"ANKRD44-IT1",-1.46040749906437,4.76736865330815,-3.84594418731462,0.000723051360181747,0.0155378907632795,-0.675020590603081,"ANKRD44-IT1"
"STEAP3",2.24900179202782,3.50420998312658,3.7462470486034,0.000933287241450602,0.0173699902625852,-0.678234904479782,"STEAP3"
"MACROD2",1.29868574142565,3.07177754345887,3.74635484119955,0.00093303032773961,0.0173699902625852,-0.678677716663511,"MACROD2"
"PCDHGC4",2.43048794500026,2.44562797021126,3.72145582346561,0.000994255309329416,0.017854190849655,-0.679011500295316,"PCDHGC4"
"LINC02390",-1.3520293357343,1.6239039163119,-3.72527874666912,0.00098460535438337,0.0178101968536495,-0.680404931938705,"LINC02390"
"CFAP69",2.28880273461171,2.86111797515536,3.72354475126768,0.000988970934626437,0.0178160345263999,-0.685577646335565,"CFAP69"
"TRAJ14",-2.73117662978648,0.612035832724068,-3.72093407460795,0.000995579494593469,0.0178617612135178,-0.687072530480344,"TRAJ14"
"ALDOA",1.13417690183992,5.39707908052318,3.84930676556796,0.000716839544463081,0.015486394918537,-0.688692241159657,"ALDOA"
"CALCRL-AS1",-1.28397833444429,2.1970236366161,-3.73075167957467,0.000970950010746877,0.0176925688422375,-0.693352763639853,"CALCRL-AS1"
"MIR3667HG",-2.20403643564304,5.95790678934114,-3.87206202463976,0.000676160939761003,0.0148672764854783,-0.695761152085699,"MIR3667HG"
"NFE2",-1.82149075939564,-0.5982754207271,-3.71792477973187,0.00100325081228061,0.0179343544030902,-0.696399587273071,"NFE2"
"DLG5",1.80813562424558,6.26865242141757,3.86112299397438,0.000695424480836989,0.0151228077486628,-0.704039133568974,"DLG5"
"CARD8",-1.00845122544046,6.7791323004076,-3.88476084775193,0.000654456410225656,0.0146174242685728,-0.704391504461417,"CARD8"
"DCDC2",2.16674600584833,-0.250357087639628,3.71669030980342,0.00100641446289655,0.017958463305915,-0.705296263521073,"DCDC2"
"NLN",1.05793774769562,3.68518896481132,3.76556775384947,0.000888329255793173,0.0169846837129383,-0.707341783896144,"NLN"
"ADH1B",-3.28185955191065,4.30021280298863,-3.80091651091311,0.000811511266881358,0.0162705131310184,-0.710243144585931,"ADH1B"
"CCDC74A",1.90041649562948,3.38348357130694,3.73482502450165,0.000960907427821395,0.0176377589302975,-0.715875663671307,"CCDC74A"
"EVI2A",-1.40111388476185,4.98514278021573,-3.83664657554225,0.000740504044456685,0.0157427874116818,-0.716591441229352,"EVI2A"
"PRKCQ",-1.75026642172497,5.19277804498469,-3.8414912112064,0.000731359041162343,0.0156125825949963,-0.720138216726747,"PRKCQ"
"SUSD4",2.36256028053389,4.25139345909665,3.75961748747006,0.000901943775944931,0.0170934353954429,-0.722050006461421,"SUSD4"
"MAPK10-AS1",1.79302283648059,-0.16541169005224,3.70856625514968,0.00102747970828204,0.0180735963975052,-0.72507479501365,"MAPK10-AS1"
"HSH2D",-1.3586923024259,3.56276891171695,-3.77260910669335,0.000872478655573126,0.0169103625025824,-0.725648334211393,"HSH2D"
"C16orf54",-1.37940296085344,3.70527090112894,-3.77899719486552,0.000858338977773453,0.0167346502770038,-0.726812569439371,"C16orf54"
"TAF7L",1.81137001450596,0.344734681902183,3.70779641715692,0.00102949812396815,0.018076963953155,-0.726860516923973,"TAF7L"
"FLT3",-1.69028275501921,2.90443730919201,-3.74122939172947,0.000945323459598137,0.017472675352078,-0.7275488018345,"FLT3"
"FSTL4",3.43467230995982,1.95040518299521,3.69975432354969,0.00105081708242837,0.0183051225740977,-0.727636766046738,"FSTL4"
"CD69",-1.84268836096747,4.07816595835326,-3.79313609492728,0.000827838533949803,0.0164149266015357,-0.731799366762935,"CD69"
"PLEKHH3",2.20228639165398,4.62730619223171,3.77911087645755,0.000858089398226242,0.0167346502770038,-0.734685161320578,"PLEKHH3"
"CLDN23",2.19821164279046,-0.060669472513082,3.70266470972529,0.00104305240500187,0.0181939910443594,-0.736017377245819,"CLDN23"
"RAB4A-AS1",2.31703269856953,3.20152661857572,3.71388544735447,0.00101363904176545,0.0180385818322809,-0.73621564583395,"RAB4A-AS1"
"TNFRSF8",-1.94547950067785,0.419517165110578,-3.69480460507339,0.00106415276250508,0.0183223528193489,-0.736990210603753,"TNFRSF8"
"M1AP",1.2232485204018,2.30570676757072,3.6965137563283,0.00105952928459726,0.0183223528193489,-0.742412817725291,"M1AP"
"REXO5",-1.15550636556576,2.83911271567873,-3.73167855474881,0.000968655851531807,0.0176833308542093,-0.743501087363736,"REXO5"
"USH1C",3.1427243889468,0.499623282770615,3.69484359636552,0.00106404706602599,0.0183223528193489,-0.745903151483431,"USH1C"
"CORO1B",-1.03835025127254,6.35133413472146,-3.8602901265705,0.000696913079763834,0.0151385432880862,-0.746502408745743,"CORO1B"
"C7orf57",1.91363848918348,-0.857410630208922,3.69498046773672,0.00106367612042062,0.0183223528193489,-0.748880165825463,"C7orf57"
"AKR1B15",2.1233500913724,-0.0174470271844654,3.69675154756965,0.00105888758928795,0.0183223528193489,-0.749069549102261,"AKR1B15"
"C12orf54",1.95544533210072,0.251492647655863,3.6971488794127,0.00105781621250906,0.0183223528193489,-0.74908975808869,"C12orf54"
"PCMT1",-1.01876801223836,4.76314922150271,-3.8141422960852,0.000784479775557779,0.0162391017860099,-0.753145622050151,"PCMT1"
"DUOX2",2.5313208653516,2.03375109110485,3.68710506992197,0.00108522719694904,0.0184656586418097,-0.754503347097758,"DUOX2"
"TCEAL4",1.38334897640605,5.02533729854876,3.80442334018876,0.000804255969362412,0.0162617889095135,-0.758121997441489,"TCEAL4"
"LINC00992",2.5285706674604,-0.742209407254636,3.68872720076848,0.00108075354255741,0.0184370964255764,-0.760789490872211,"LINC00992"
"SIX5",1.74610436882433,2.05715421720648,3.68179742131688,0.00109999219521808,0.0186098327837422,-0.766183490060705,"SIX5"
"FAM237B",1.7932291977478,-0.860121082893312,3.68539130490471,0.00108997326655364,0.018514575941485,-0.770177056888119,"FAM237B"
"HGS",1.1502119276349,6.27722125699161,3.83988160319459,0.000734385039504428,0.0156602861495185,-0.771943211916572,"HGS"
"GAB3",-1.09057467992686,4.60705413880306,-3.79885991837374,0.000815796030118895,0.0162904012512844,-0.776020587760241,"GAB3"
"HLA-F",-1.07551627394887,5.09205597291482,-3.81356795109335,0.00078563505430336,0.0162454880769166,-0.782882015377034,"HLA-F"
"SPATA20",1.7882594819596,3.70496019158057,3.7173622081733,0.00100469133776462,0.0179438961038124,-0.784528833637181,"SPATA20"
"CADM3",-2.54575140338753,0.565023753173475,-3.67446720052417,0.00112070747022254,0.0187271812238425,-0.78498441317724,"CADM3"
"TRAJ43",-2.25386262994201,0.227233126257426,-3.6735538934228,0.00112331508976739,0.0187272808015223,-0.785138335971701,"TRAJ43"
"TTC41P",2.12157906802252,0.422376390219012,3.67917715358402,0.00110735368317498,0.0186325117651141,-0.786537573365154,"TTC41P"
"ST14",2.06985811887468,5.01589987254448,3.77766080320908,0.000861278275367628,0.0167589339147001,-0.787087979435126,"ST14"
"RASGRP2",-1.70607238025478,4.60424870588545,-3.79244904380062,0.000829295723537266,0.0164273604335125,-0.789649023577037,"RASGRP2"
"FGD3",-1.66135876312485,5.47173627713388,-3.82168802155489,0.000769455924353683,0.0160850837990425,-0.790633799386352,"FGD3"
"TMEM231",1.56692852536342,2.67266945146421,3.68065751308162,0.00110318879362639,0.018626519844429,-0.790722620171798,"TMEM231"
"PDSS1",-1.27864675413962,4.43737030561596,-3.78458525935063,0.000846154749872772,0.0165850689097157,-0.793449082658439,"PDSS1"
"PLAC9",-1.33683495958556,2.18371870585285,-3.68592812220504,0.00108848443263305,0.0185051704788449,-0.797362117015354,"PLAC9"
"GIMAP1",-1.20826331238655,3.18827046031012,-3.7240652105708,0.000987658615254625,0.0178160345263999,-0.79831609217604,"GIMAP1"
"DDX11-AS1",-1.36256029669788,1.92511994822981,-3.6791543138307,0.00110741806167922,0.0186325117651141,-0.799134797587795,"DDX11-AS1"
"LMOD3",-1.2032580624035,0.809101907162782,-3.66552620166951,0.00114649224126424,0.0189125654800214,-0.801997814892744,"LMOD3"
"TRAJ7",-2.40312552047743,0.754338148068378,-3.66750995386263,0.00114072168565072,0.0188743657502861,-0.805682726726328,"TRAJ7"
"FAM83F",1.98128136243381,5.43499632181157,3.79042293455729,0.000833607649286241,0.0164633351015224,-0.806139282613984,"FAM83F"
"LINC01307",-1.67376339113935,-1.43807599070813,-3.66793627735484,0.00113948526496623,0.0188696852790099,-0.810219357055789,"LINC01307"
"DMRT2",1.64302588577937,5.24413486971108,3.78522368210087,0.0008447735869251,0.0165850689097157,-0.813100303542996,"DMRT2"
"SLC16A10",-1.42179832574397,4.9350656279427,-3.79496405430452,0.000823973788586224,0.0163711017091695,-0.814171990548022,"SLC16A10"
"CYP4A22",1.79759256248649,-0.724819335287688,3.66325099444797,0.00115314578834748,0.0189125654800214,-0.819053244892321,"CYP4A22"
"RNLS",1.33828980794781,4.7796986491256,3.76870502238642,0.000881232428600719,0.0169547882862327,-0.819470486947028,"RNLS"
"ACKR1",-2.29821315558142,1.9333695713807,-3.6724236046259,0.00112655044633235,0.0187496272350469,-0.821337382066526,"ACKR1"
"FBXO44",1.0524325867605,4.21743188786099,3.74446214695821,0.000937551490665934,0.0174055788322815,-0.821921723493879,"FBXO44"
"ZNF365",2.34199159044046,1.08831275971234,3.65879880641895,0.00116627512014135,0.0189893837356405,-0.825267970811793,"ZNF365"
"DOCK1",1.4431187808674,6.47883837622029,3.82011391143427,0.000772566517910975,0.0161174191770604,-0.826172917939552,"DOCK1"
"SLC4A8",-1.06310425031528,3.45942658155317,-3.7235784393225,0.000988885939698642,0.0178160345263999,-0.831088926474332,"SLC4A8"
"ARHGEF11",1.55675517827149,5.49916343100927,3.78885274772534,0.000836964425727733,0.0165131495720101,-0.831784664499927,"ARHGEF11"
"PCDHGC3",1.71805256027488,4.13071600443211,3.7241954007498,0.000987330612403656,0.0178160345263999,-0.832179871391455,"PCDHGC3"
"CCDC8",2.1440384661861,4.81760401028803,3.74845716418461,0.000928033482249605,0.0173416945989022,-0.834456149619932,"CCDC8"
"FZD10-AS1",-2.31247958921711,-0.388653773620112,-3.65056615263694,0.00119093925207948,0.0191917726868085,-0.836906215776855,"FZD10-AS1"
"CASP8",-1.052972512172,5.4099422786485,-3.80025997085057,0.00081287671341578,0.0162813940099037,-0.83967453607493,"CASP8"
"TRAJ22",-2.80628366735017,1.08060464465369,-3.65763077971728,0.00116974373509251,0.0189893837356405,-0.839939018785632,"TRAJ22"
"SERPINB13",-2.81446674848493,-0.113809317919916,-3.64629075253999,0.00120394843375156,0.0193070790563288,-0.846178985609933,"SERPINB13"
"FRAT1",-1.44812374768767,1.99847660874692,-3.65911725694826,0.00116533118491511,0.0189893837356405,-0.849062393629842,"FRAT1"
"BCL2L1-AS1",-1.56346860551945,4.17202510483081,-3.74892708612291,0.00092692015650503,0.0173416945989022,-0.850347665128181,"BCL2L1-AS1"
"LURAP1",1.24873075220629,1.97253166194948,3.64381025571072,0.00121155968959527,0.0193264171007967,-0.851867397078455,"LURAP1"
"HBG2",-3.03587051103647,-0.890447369546042,-3.64280747962368,0.00121464998753898,0.0193264171007967,-0.852627643580447,"HBG2"
"MANEAL",2.0407598315641,1.57561048588026,3.64246170452722,0.00121571736368931,0.0193264171007967,-0.855431265221225,"MANEAL"
"PRMT8",-2.50966929240692,0.677936830443802,-3.64522123253083,0.00120722443974923,0.0193264171007967,-0.855701842890864,"PRMT8"
"HRAS",1.25708764489816,4.10702610179933,3.72037728609171,0.000996994516252607,0.0178709460888794,-0.859040646156961,"HRAS"
"HCST",-1.5489230590704,2.10125001719125,-3.65593016699426,0.00117481198883448,0.0190404213325516,-0.862871357836334,"HCST"
"RBM44",-1.34814714863942,1.21904046037794,-3.63828268805621,0.00122869036288086,0.0194171331589231,-0.867598504112302,"RBM44"
"THAP10",2.28961442675553,0.930707994016113,3.63883459169959,0.00122696935115881,0.0194088700959886,-0.869760954007224,"THAP10"
"GRTP1-AS1",2.06081162830731,0.422980831501155,3.64006194117232,0.00122315052911449,0.0193639406565172,-0.870679673287741,"GRTP1-AS1"
"DIP2C-AS1",1.53456670252147,4.02660424440709,3.70609722106777,0.00103396695687143,0.0181393369765325,-0.870749850136235,"DIP2C-AS1"
"ASF1A",-1.05349915348192,4.81328959848802,-3.76579278808239,0.00088781834307891,0.0169846837129383,-0.875768016057116,"ASF1A"
"TRDJ4",-1.61884103293991,-1.27592588238495,-3.63740998421537,0.00123141655032839,0.0194171331589231,-0.87605413910109,"TRDJ4"
"NEO1",1.77381080841637,6.58835243717142,3.79786357169771,0.000817879830035359,0.0163155483433163,-0.879948384173154,"NEO1"
"SLC2A4",2.90184642530198,1.93806266682885,3.6279708905959,0.00126128328775784,0.0196528853825361,-0.885447611110528,"SLC2A4"
"SAMSN1",-1.50025091013004,4.10199373449603,-3.73117296205441,0.00096990661191098,0.0176898451088538,-0.886984245612656,"SAMSN1"
"CNPY3",-1.04967936797799,5.58794636976851,-3.78450518536202,0.000846328138245244,0.0165850689097157,-0.890489155080865,"CNPY3"
"KRT10",-1.37579537901259,4.20590948884456,-3.73450079067654,0.000961703061589317,0.0176377589302975,-0.890791135167333,"KRT10"
"IGHV3-43",-1.91730903390241,0.203598937787331,-3.622885274168,0.0012776673066535,0.0198139247362347,-0.896314137598233,"IGHV3-43"
"MACROD2-IT1",1.54167839971275,-0.803684947985423,3.62507347389778,0.00127059237711295,0.0197442886051986,-0.901350003644841,"MACROD2-IT1"
"MICAL2",-1.10721733496711,5.19949728135492,-3.7673854043419,0.000884210735802695,0.0169550835763561,-0.904429092560964,"MICAL2"
"UBE2T",-1.46754874294995,2.94929832848468,-3.66834807747655,0.00113829221021692,0.018865715701828,-0.904435137286414,"UBE2T"
"SERPINB12",-5.36034007051567,1.1644703597112,-3.64234159598214,0.00121608834240733,0.0193264171007967,-0.907183077008468,"SERPINB12"
"MAPK4",1.48885271241718,5.31631688477952,3.75113423240721,0.000921708551456611,0.0172724342090671,-0.909998911168739,"MAPK4"
"SDC1",2.58823253493499,4.81105469111678,3.70283457879159,0.0010426009480626,0.0181939910443594,-0.911763448427574,"SDC1"
"MYCN",2.3851595352113,2.19836215979778,3.61575956102402,0.00130097416173713,0.0199446959600782,-0.912862990500584,"MYCN"
"NTNG1",-2.19824377012191,0.880198336184277,-3.61796950516892,0.0012937017597922,0.0199334503933197,-0.914990453452678,"NTNG1"
"ADH1C",-3.63566742663925,0.521820359011403,-3.62180514055722,0.00128117379482178,0.0198381441515869,-0.915396323878213,"ADH1C"
"KIF26B-AS1",2.22508637215114,0.342105394203617,3.61791872416639,0.00129386842122699,0.0199334503933197,-0.917678597934845,"KIF26B-AS1"
"RNF208",1.89772110563524,-0.59967727361336,3.61684362263472,0.00129740179425923,0.0199334503933197,-0.919214433020536,"RNF208"
"ABCA2",1.0626462720507,5.20283684218122,3.74607328272981,0.000933701542475395,0.0173699902625852,-0.923268335259406,"ABCA2"
"BTK",-1.2331549231396,3.27448049827669,-3.67497052122816,0.00111927295261922,0.0187271812238425,-0.924999619576347,"BTK"
"CATSPER2",1.26259872546121,3.66727536496501,3.67262128889992,0.00112598393436706,0.0187496272350469,-0.925029705293133,"CATSPER2"
"FYN",-1.09896835291867,6.22667114870298,-3.78522058251109,0.000844780287223109,0.0165850689097157,-0.925525581163553,"FYN"
"SLC5A10",-1.70210562861446,2.9370441403892,-3.65798431830798,0.00116869279015625,0.0189893837356405,-0.927339424020528,"SLC5A10"
"TMEM178B",2.5698263353598,5.63804997537223,3.7357043448862,0.000958752920673171,0.0176326780178451,-0.928002952152069,"TMEM178B"
"LAMB1",1.08604036395626,7.69341406477658,3.80144897549377,0.00081040552252428,0.0162648223988164,-0.928007343526068,"LAMB1"
"RXRA",1.46524313563041,5.6467047846797,3.75466200098286,0.000913438270234378,0.0172287734127252,-0.929656739579729,"RXRA"
"CCDC69",-1.27364935254359,5.76012905836229,-3.77293970188444,0.000871741323939347,0.0169103625025824,-0.929959135957259,"CCDC69"
"NOXA1",2.48903330744587,2.82333333202552,3.61280641108065,0.00131075466416011,0.019998862027035,-0.934783711711225,"NOXA1"
"TRAJ29",-2.17478838901742,1.57749980002418,-3.61603229038815,0.00130007451790384,0.0199446959600782,-0.938934826852923,"TRAJ29"
"B3GALT4",-1.41829991353116,2.08014913276918,-3.62111668386216,0.00128341366992257,0.0198572893777152,-0.940422281149123,"B3GALT4"
"SERPIND1",-1.09480231689009,3.21803827722519,-3.6648498620549,0.00114846617452552,0.0189125654800214,-0.942625312054894,"SERPIND1"
"SYTL3",-1.37829145949971,5.27107873376373,-3.75252031321112,0.000918450385543369,0.0172440366978347,-0.945964876395819,"SYTL3"
"ZFHX4",2.68035188864396,6.11565517018262,3.74443807605226,0.000937609128061652,0.0174055788322815,-0.946144656171887,"ZFHX4"
"KCNN2",1.96281104135753,-0.648756433356268,3.60386177880807,0.00134081864808784,0.0201928921057917,-0.946494291277193,"KCNN2"
"ADAP1",1.4179619417251,2.71053449341203,3.61406471778677,0.00130657853995306,0.0199505267956259,-0.94813356313401,"ADAP1"
"ABHD17B",-1.1349167221205,5.40402587714132,-3.75368427321767,0.000915723073888727,0.0172419066690619,-0.953312212893672,"ABHD17B"
"PANK1-AS1",2.00719675874797,0.21796668123933,3.60069902650096,0.0013516094013157,0.0203071596821379,-0.955816538416046,"PANK1-AS1"
"TRAJ9",-2.66498059284801,0.075017176353528,-3.59801638667966,0.00136082854113802,0.0204165549663232,-0.955975010219901,"TRAJ9"
"S100B",-2.06935186887253,1.55718398934772,-3.60515838217914,0.00133641922743358,0.0201791849968637,-0.957258656944497,"S100B"
"DPY19L1P2",1.55658308929789,-0.163961624469905,3.60043594165183,0.00135251081212076,0.0203071596821379,-0.957620981927842,"DPY19L1P2"
"PCLO",1.92033548879204,5.65190116571982,3.73496337962488,0.000960568116228558,0.0176377589302975,-0.963974164179003,"PCLO"
"IGFBP2",1.90978534416788,5.12295980557724,3.71312429194474,0.00101560832692798,0.0180573883033043,-0.965608232118467,"IGFBP2"
"JAZF1-AS1",1.29537274413543,-0.392666303000318,3.59459265213447,0.00137268376474121,0.0204857006187509,-0.969879648242321,"JAZF1-AS1"
"TRBV10-1",-2.01868115326273,-0.909335143739274,-3.59116254797692,0.00138466216128546,0.0205753043347954,-0.971140843549105,"TRBV10-1"
"BOLA3-DT",-1.13134865631743,2.5687460071455,-3.62259509288547,0.0012786084131675,0.0198139247362347,-0.973434755346837,"BOLA3-DT"
"SORL1-AS1",-1.34868791998967,2.98502193072651,-3.6375467491416,0.00123098892805938,0.0194171331589231,-0.980624541118301,"SORL1-AS1"
"LYPD6",3.54781608511122,1.01177391543556,3.58390304203251,0.0014103508961934,0.0208376358300702,-0.983444456155461,"LYPD6"
"TSHZ2",2.04881626186373,5.45288084721771,3.71480969010664,0.00101125284195567,0.0180123154720619,-0.983939018085057,"TSHZ2"
"SLC24A4",-1.44702582048366,1.89839522715206,-3.59527679673563,0.00137030677042652,0.0204656608905437,-0.988811295259501,"SLC24A4"
"CALML6",2.31646311270499,0.944478706571688,3.58178185358336,0.00141794444085546,0.0208933004766111,-0.992335672543968,"CALML6"
"SNORD96B",2.44041998053137,0.260078288448166,3.57814203325551,0.00143106756207483,0.0209773303599251,-1.00206887665813,"SNORD96B"
"SIX1",1.77469598926342,6.03849399701728,3.73354580499598,0.000964050245341834,0.0176480946392873,-1.00270810485535,"SIX1"
"TRAJ27",-2.38968762224779,0.661840398664804,-3.57927263497708,0.00142697861409593,0.0209484271471397,-1.0034213431949,"TRAJ27"
"IRF8",-1.31347206868674,5.50163875666333,-3.73597050628834,0.000958101707510857,0.0176326780178451,-1.00346171488153,"IRF8"
"ABCA8",-2.04698346522479,4.11386890660476,-3.68049146820847,0.00110365518475563,0.018626519844429,-1.00374131516863,"ABCA8"
"CD1D",-2.0857014760469,3.7889329688003,-3.6636833318969,0.00115187857271856,0.0189125654800214,-1.00638902120683,"CD1D"
"SLC28A2-AS1",2.19689041725551,0.115180023715406,3.57515105201391,0.00144194000293974,0.021043178995704,-1.00985389999279,"SLC28A2-AS1"
"LINC01666",2.51526720621219,0.448951943609686,3.57170035300064,0.0014545837240931,0.0211039795055374,-1.01534744312396,"LINC01666"
"NRARP",1.97671706675488,3.39209137022035,3.60201452289706,0.00134711089533844,0.0202568218144774,-1.01553738955998,"NRARP"
"C16orf46",1.94674179807543,0.813215234572978,3.57110645020159,0.00145677073144495,0.0211039795055374,-1.01691093404157,"C16orf46"
"BORA",-1.06056491538957,3.40908510333014,-3.64299972430299,0.00121405694224221,0.0193264171007967,-1.01702792089311,"BORA"
"VAV1",-1.53105680522599,4.95902957478261,-3.71226762736006,0.00101782920093019,0.0180600018376787,-1.01813051005557,"VAV1"
"NPTX1",4.0905987679182,5.93245424760176,3.67424337867831,0.0011213459642647,0.0187271812238425,-1.01814910658108,"NPTX1"
"GCSH",1.72867965609817,2.96684470853026,3.59108725376684,0.00138492624053502,0.0205753043347954,-1.01851552844152,"GCSH"
"GAS1",1.56473860728437,5.01062486091317,3.69202399199422,0.00107171694276792,0.0183620836194236,-1.0198602923297,"GAS1"
"CTNND2",2.60004714559162,0.443108863458259,3.56728286053981,0.00147092786638103,0.0211850011265024,-1.02412592984788,"CTNND2"
"IL16",-1.4612603284925,6.68556872702438,-3.75293022316183,0.000917489004730194,0.0172423455979162,-1.02660200221616,"IL16"
"PRSS1",-1.99481776118333,1.30810628854693,-3.57182314388723,0.0014541319547175,0.0211039795055374,-1.02703318158836,"PRSS1"
"LRRC38",-2.07224493605988,-0.671440578025999,-3.56424372854925,0.00148227615666036,0.0212938216292037,-1.02707690126174,"LRRC38"
"CSF2RB",-1.41382355086644,4.19973943511202,-3.67436654622655,0.00112099456155034,0.0187271812238425,-1.03553159192613,"CSF2RB"
"ITGA3",1.79927650678656,5.33501846470391,3.69395533917153,0.00106645748111001,0.0183354709762693,-1.03667615426712,"ITGA3"
"KLHL6-AS1",-1.8493242616054,-0.607060430546899,-3.55955598853829,0.00149994811748539,0.0214004854339714,-1.03822320930056,"KLHL6-AS1"
"RNF125",-1.04190902665796,4.40460565299537,-3.6816935127795,0.00110028320566872,0.0186098327837422,-1.04016432683999,"RNF125"
"ITGB2",-1.10598142329174,6.04147767920771,-3.73375678307944,0.000963531216095871,0.0176480946392873,-1.04200239218167,"ITGB2"
"WWOX-AS1",-1.06524571084142,1.93466772317366,-3.57140469037977,0.00145567208114468,0.0211039795055374,-1.04233463885471,"WWOX-AS1"
"CEP152",-1.05737204446941,4.63885768989178,-3.69003407219343,0.00107716247833148,0.0184059847130244,-1.04352624974981,"CEP152"
"MPP7",1.0110167851081,5.14074285372567,3.69457750038727,0.00106476859579824,0.0183223528193489,-1.04631346318633,"MPP7"
"OPLAH",2.02378372832761,1.96526533830878,3.55376782565602,0.00152205219304071,0.0215758530430392,-1.04853546796065,"OPLAH"
"AGAP2",-1.54255724243184,4.59657286944083,-3.68423982282235,0.00109317356923233,0.0185530118023487,-1.05238391029218,"AGAP2"
"SRGN",-1.61292787136256,5.32205449356017,-3.70882939428089,0.00102679068107338,0.0180735963975052,-1.05571461329093,"SRGN"
"SLC22A4",1.67309156580555,2.6708143864676,3.56556700433305,0.00147732450945026,0.0212462025563308,-1.05598562135812,"SLC22A4"
"KCNA3",-1.95498253204332,6.7356339009679,-3.74109900495086,0.00094563824862679,0.017472675352078,-1.05815648046851,"KCNA3"
"PAX5",-2.74348973741199,2.82291945633672,-3.59318115464995,0.00137760060634785,0.0205148478318623,-1.06342411555097,"PAX5"
"SLC35E3",-1.14671855774532,6.02311318387912,-3.72336301471736,0.000989429579287155,0.0178160345263999,-1.06660642132765,"SLC35E3"
"PLEKHG5",1.87498449532143,4.06889186349772,3.62331099159748,0.00127628785878177,0.0198089885783784,-1.06676335093778,"PLEKHG5"
"IGLV1-47",-2.30691724257632,0.740535134233611,-3.54920582893715,0.00153969730328252,0.0217096002274633,-1.06711328028161,"IGLV1-47"
"TMEM229B",-1.20464254074948,4.14046407752986,-3.65773668602561,0.00116942881620428,0.0189893837356405,-1.06906515746003,"TMEM229B"
"A2ML1",-2.55465647757917,2.50388825865906,-3.57736522260948,0.00143388361057855,0.0209875168415229,-1.0752144040572,"A2ML1"
"RAB3C",-1.52286060332216,-0.477752748305837,-3.54278650183846,0.00156486451087275,0.0219469197772224,-1.07572336932992,"RAB3C"
"CD80",-1.94324614950568,2.32818485813022,-3.57127839775503,0.00145613721627351,0.0211039795055374,-1.0761540183788,"CD80"
"MAGED4B",-1.30094803586076,2.38232777916394,-3.57043071232319,0.00145926299348818,0.0211098495517592,-1.07828590089115,"MAGED4B"
"AGBL4-IT1",1.85046224924186,-1.09091596457133,3.53895250186816,0.00158008668310434,0.0220685999919462,-1.08354276331308,"AGBL4-IT1"
"GRIK1-AS1",-1.45306916137624,-1.12602266307829,-3.53774281599828,0.00158491939932713,0.0221028682123217,-1.08955070108503,"GRIK1-AS1"
"SYN3",-1.85716761680676,0.835004702158672,-3.5373186169514,0.00158661749171942,0.0221109672842504,-1.08964041626581,"SYN3"
"CD247",-1.79674877722452,5.93635167035367,-3.7095593745709,0.00102488160410901,0.0180600018376787,-1.09498451439521,"CD247"
"RP1",1.94244237216029,0.131442292928769,3.53518418963548,0.00159518867022586,0.0221991480978196,-1.09581105493676,"RP1"
"GPSM3",-1.38618854318723,5.40586869480213,-3.69263564937893,0.00107004852931122,0.0183620836194236,-1.10211614535998,"GPSM3"
"ESPN",2.00280584926067,2.44387069726058,3.53167141814775,0.00160939319171801,0.0223023332886018,-1.10791654844058,"ESPN"
"LINC01058",-1.753589576974,0.467797177530697,-3.52673252815006,0.00162957316829231,0.0224409348833239,-1.1084513303475,"LINC01058"
"PANK1",1.58549697262087,4.43945502402774,3.62948818701431,0.00125643500887407,0.0196239876800386,-1.10924376088769,"PANK1"
"NACC2",1.72782833296128,4.18091554095172,3.60848665424155,0.00132519073802967,0.0200791319246272,-1.11047314402092,"NACC2"
"MAGED4",-1.157285485263,1.96606279828354,-3.54178747975654,0.00156881710986469,0.0219740540168699,-1.11205341332287,"MAGED4"
"ODF2L",-1.06693827047473,6.21257466543327,-3.7081220751176,0.0010286438172315,0.018076963953155,-1.11376846051714,"ODF2L"
"AGAP1",1.40802451244464,4.8631989506686,3.64843657453073,0.00119740184973835,0.0192525978156884,-1.11524797932617,"AGAP1"
"SHROOM2",1.49004754494304,4.15783032311688,3.60993542305602,0.00132033191087553,0.0200461996382813,-1.11623283166719,"SHROOM2"
"ADORA2A-AS1",-2.2659926618883,2.9406806324578,-3.57574140879216,0.00143978764555263,0.0210428048137674,-1.11709398810665,"ADORA2A-AS1"
"MIR3659HG",2.70155018698589,0.335531856803567,3.52309401736862,0.0016445974041532,0.0225226969521135,-1.11840161241964,"MIR3659HG"
"LAPTM5",-1.04742440711048,6.94858389899248,-3.71919050269723,0.00100001718798273,0.0179089050977287,-1.11900228308477,"LAPTM5"
"DOCK11",-1.07756016121025,6.53610920806994,-3.71095186170401,0.00102124954992841,0.0180600018376787,-1.12219549137404,"DOCK11"
"DACT3-AS1",-1.88178315142591,-0.121087691395771,-3.5191190221149,0.00166116532789074,0.0226448572485759,-1.1233171410755,"DACT3-AS1"
"EPHB1",1.55576577456558,2.52372243336373,3.52767203438657,0.00162571551139679,0.0224346473187107,-1.127235597394,"EPHB1"
"ARTN",2.12825346530877,-0.439823606915508,3.5194961387594,0.00165958653633806,0.0226448572485759,-1.12745033979594,"ARTN"
"ZNF300",1.10761169767322,4.11789340042831,3.61070706028819,0.00131775113073449,0.0200431619122561,-1.13085546720445,"ZNF300"
"FCMR",-1.78780115141616,4.90941791781362,-3.66348367153961,0.00115246362375525,0.0189125654800214,-1.13090006418074,"FCMR"
"ANKRD36C",-1.04409088671871,8.02707254597099,-3.72554615831922,0.000983933790901755,0.0178101968536495,-1.13877216603177,"ANKRD36C"
"BHLHE41",1.66226598671675,4.80355632777502,3.6311898474631,0.00125101929601717,0.0195702931611729,-1.13985940400261,"BHLHE41"
"PI16",-2.08732815061678,0.774298900993672,-3.51524460053559,0.00167747048718794,0.0227601506312083,-1.14007568710553,"PI16"
"TBILA",-1.67051010631917,2.28496370517211,-3.54173624565586,0.00156902007811598,0.0219740540168699,-1.14059946254049,"TBILA"
"SEPTIN10",1.05174253938165,5.4051590884549,3.66429089214932,0.00115010006782785,0.0189125654800214,-1.14338664981318,"SEPTIN10"
"GDPD5",-1.34850416807764,3.24633841155541,-3.57944501963673,0.00142635616837819,0.0209484271471397,-1.14788486584919,"GDPD5"
"CYB5R1",1.24008579045778,5.20247942347476,3.65087393911527,0.00119000804358128,0.0191917726868085,-1.1505896438256,"CYB5R1"
"DCHS1",-1.06852431232934,4.76804509429406,-3.6494297375433,0.00119438365622217,0.0192316177160135,-1.15407798601688,"DCHS1"
"SDSL",1.81544486312439,0.371711049981045,3.50644684493494,0.00171507607548735,0.0230371135828197,-1.15690713397666,"SDSL"
"RASAL3",-1.43153333792246,5.06208254014361,-3.65824062070878,0.00116793147163242,0.0189893837356405,-1.15844860376736,"RASAL3"
"CRTAM",-1.60641310559899,1.60085045365868,-3.51544625002118,0.00167661803077562,0.0227601506312083,-1.15851548470146,"CRTAM"
"SARM1",1.45768330619098,6.16645382754855,3.67693903839036,0.00111367971101992,0.0186967434431911,-1.15852192596114,"SARM1"
"TRBV19",-2.70150628225547,1.27228868014636,-3.51759145091885,0.00166757545571452,0.0226957707655671,-1.16026655489436,"TRBV19"
"ADM-DT",2.01045748504157,-0.743574708217228,3.50359419080486,0.00172744493696739,0.0231131898969897,-1.16040000753568,"ADM-DT"
"VWA1",2.17493131811105,2.10089102480424,3.50255251688449,0.00173198315932646,0.0231270004992654,-1.16242408375666,"VWA1"
"NUDT14",2.16541784067201,2.63952365512134,3.50821881269097,0.00170743644560867,0.0229977519599065,-1.16488614430326,"NUDT14"
"LINC01451",2.91678682199688,2.41477268129447,3.50037770326805,0.00174149553943398,0.0231752804987359,-1.16724399490738,"LINC01451"
"NT5E",-1.09587877980755,2.93509910487721,-3.5546613246673,0.00151861944392732,0.0215501238805597,-1.16877714100001,"NT5E"
"LINC00882",1.60299611647248,0.0571206882097858,3.49985332958185,0.0017437966881913,0.0231752804987359,-1.17173548473479,"LINC00882"
"LINC01419",2.92171607237023,-0.270234805935894,3.4977165815062,0.00175320418835967,0.0232031988225082,-1.1720840006527,"LINC01419"
"ERBB4",3.9204703079708,2.00666342245145,3.49631426546336,0.00175940502502851,0.023214982768236,-1.17318637161555,"ERBB4"
"SNORD13D",-1.77975538652836,0.171945009611393,-3.4963563552938,0.00175921859954245,0.023214982768236,-1.17335716744981,"SNORD13D"
"ZNF503",2.22325154758811,2.23604305484677,3.49788530930918,0.00175245953413783,0.0232031988225082,-1.17427722890226,"ZNF503"
"CCDC73",2.18185004413107,0.731418893157136,3.49625029076004,0.00175968842045348,0.023214982768236,-1.17658955015498,"CCDC73"
"CCDC167",-1.11959770797718,2.89007687444985,-3.54921470002413,0.00153966279845132,0.0217096002274633,-1.17673316152186,"CCDC167"
"TESMIN",-1.1975549534304,2.29884443351382,-3.52408819373525,0.00164047887607096,0.0225074390953736,-1.17773674957667,"TESMIN"
"PCDHGA11",1.9167265289586,3.84113101211062,3.5556050348636,0.00151500198705787,0.0215501238805597,-1.17996444813425,"PCDHGA11"
"PDE1B",-1.11188859155583,2.8669643429077,-3.5459462951722,0.00155242670244876,0.0218343795414062,-1.18150545812501,"PDE1B"
"PPIC-AS1",1.93186012502081,0.0909983436702167,3.49345557350618,0.00177211193561839,0.023323180487227,-1.18437529003319,"PPIC-AS1"
"BASP1",1.46737223389801,4.38057268293528,3.59404605997063,0.00137458573948199,0.0204986263742345,-1.18854321366824,"BASP1"
"FERMT3",-1.09460316006637,4.81956740203749,-3.63683841346056,0.00123320525048988,0.0194210800482341,-1.18924487114363,"FERMT3"
"AKNAD1",-1.6104610702215,-1.11354478180068,-3.49058480334493,0.00178496241496966,0.0234079663550925,-1.18941052275256,"AKNAD1"
"LINC00862",-1.83423077893768,-0.355768206635558,-3.4883925221339,0.0017948367943529,0.0235063039863994,-1.19013229366643,"LINC00862"
"NFATC3",-1.07680827067001,8.06369810027372,-3.70505039421958,0.00103672953416157,0.018158353704455,-1.19024866078006,"NFATC3"
"ADGRF3",-1.0547723269703,2.36047936416415,-3.51764858844554,0.00166733525701873,0.0226957707655671,-1.19525140118296,"ADGRF3"
"SEMA3E",-2.12151929069802,2.65351481892632,-3.53120708585802,0.00161128000266952,0.0223023332886018,-1.19538707387287,"SEMA3E"
"DIP2C",1.09759258733784,5.02509213055208,3.62490940534271,0.0012711215161465,0.0197442886051986,-1.20158797695078,"DIP2C"
"CAMSAP2",1.40191504421675,6.30183906202378,3.66191933207387,0.00115705757534722,0.0189231507095423,-1.20464809587088,"CAMSAP2"
"KIAA1549",1.93018976591429,5.68072154075431,3.63531468580238,0.00123798609734141,0.0194587028437563,-1.20693834167037,"KIAA1549"
"HID1",-1.21747306402087,1.90367568603329,-3.49751254569683,0.00175410508052313,0.0232031988225082,-1.20834782662436,"HID1"
"TMEM38A",2.0517667502808,1.95576145097227,3.48096611243767,0.00182868314990782,0.0238391375846678,-1.20850166094434,"TMEM38A"
"PON1",-2.09171905697598,1.44886921796803,-3.49334524198496,0.00177260414638382,0.023323180487227,-1.20996889988969,"PON1"
"SRCIN1",2.36825301231879,1.82597945357662,3.47870925410594,0.00183909141049915,0.0239432762647156,-1.21121028225344,"SRCIN1"
"CR1",-1.6791261466472,3.23368335886876,-3.55137573565325,0.00153127969772359,0.0216291891065325,-1.21197630048687,"CR1"
"PHGDH",-1.13501320720656,3.51980510610624,-3.56353445575217,0.0014849368898078,0.0213092212562774,-1.21904604382025,"PHGDH"
"COL8A2",1.54279564613021,4.57725887024992,3.5873322335993,0.00139815878000373,0.0206942139846625,-1.22136903446517,"COL8A2"
"ADAMTS7P1",-1.62102265868108,0.860486355937285,-3.47739575712522,0.00184517555294481,0.0239835090492973,-1.22194542916416,"ADAMTS7P1"
"TEAD1",1.55693407771419,6.49051951407637,3.65406578295043,0.0011803930099883,0.0190969354417813,-1.23021774825349,"TEAD1"
"LINC02656",-1.49077493728315,1.59549216553038,-3.48256974780043,0.00182132230086995,0.0237745033060129,-1.23173834585049,"LINC02656"
"USP17L13",1.88216685599467,-0.645769699747864,3.46890323633565,0.00188498828504432,0.024159347909807,-1.23489156345897,"USP17L13"
"UGT1A6",-3.05167138447971,0.413359904901103,-3.47453513738898,0.00185849383471141,0.0240805196250819,-1.23629190304274,"UGT1A6"
"GALNT7",-1.54352179516532,6.37235249991354,-3.66004538174109,0.00116258434556177,0.0189893837356405,-1.23948467531339,"GALNT7"
"HSP90AB4P",-1.34024750165855,3.96481904534175,-3.57592972551132,0.00143910172926679,0.0210428048137674,-1.24428954329963,"HSP90AB4P"
"GACAT2",1.59234348618517,-0.712268018725374,3.46421796809835,0.00190730904411745,0.0243665194796902,-1.24510485896343,"GACAT2"
"IQCK",1.56947681434963,2.38037481425042,3.47209466782986,0.00186992989019078,0.0241225831792603,-1.24669735956287,"IQCK"
"TSPAN9",1.34535113006222,4.13621891434135,3.55734473977332,0.00150835531577362,0.0214894480517236,-1.24787972768417,"TSPAN9"
"LRRC53",2.66944101486966,-0.0297362579280059,3.4611538526294,0.00192204537073868,0.0244736485803206,-1.25096918772475,"LRRC53"
"COL4A1",1.55575871803426,7.40357084085319,3.66250192099024,0.00115534461268332,0.0189125654800214,-1.25253335817595,"COL4A1"
"TMC7",2.17160805083634,-0.22751828352402,3.46042053857178,0.00192558850065992,0.0244736485803206,-1.25346746461281,"TMC7"
"ZNF425",1.24905160670258,2.03827990807066,3.46188701219017,0.00191850932471489,0.0244736485803206,-1.25787872322491,"ZNF425"
"NALCN-AS1",1.77379797696138,-1.20933616281073,3.45649385247305,0.00194466925597217,0.0246370421936192,-1.25964929345758,"NALCN-AS1"
"DCK",-1.33599317408281,6.08709750010397,-3.64493416484209,0.00120810522889864,0.0193264171007967,-1.261435753649,"DCK"
"COL11A1",5.82343340901868,1.93389097978462,3.45672821372875,0.00194352529584635,0.0246370421936192,-1.26499020515792,"COL11A1"
"CST7",-1.1953207710424,2.0187677072895,-3.47388624141001,0.00186152790808212,0.0240805196250819,-1.26976880087897,"CST7"
"GLI2",1.86467406963736,4.10338833902539,3.5343415125192,0.00159858500451295,0.0222151675943165,-1.26993942621603,"GLI2"
"CDH3",1.45028612497434,6.42643501063088,3.63670290988013,0.00123362967409319,0.0194210800482341,-1.27106144813993,"CDH3"
"KRT5",1.62053089767095,9.57667296806337,3.68014422025785,0.00110463116783401,0.018626519844429,-1.27165028842593,"KRT5"
"KSR2",2.31039629900404,1.78961815642141,3.45037524130568,0.00197476801415146,0.0248939313085146,-1.27238690935071,"KSR2"
"LYPLAL1-DT",1.9120583583974,0.383385874933514,3.451164509351,0.00197086014598002,0.0248733108602032,-1.27374870109004,"LYPLAL1-DT"
"IRX6",2.04465319416813,2.69427939947111,3.46087298914553,0.00192340166015637,0.0244736485803206,-1.27773607549485,"IRX6"
"PERP",1.34252894873313,6.13668481379853,3.6274651736851,0.00126290328535923,0.0196528853825361,-1.27916972521209,"PERP"
"ADORA2A",-1.68001777414209,3.28990686941459,-3.52475931467995,0.00163770433815858,0.0224903061400556,-1.28039449551659,"ADORA2A"
"SLC2A8",1.70410118596593,1.15656727915448,3.44423861200815,0.0020054100220584,0.0250695255379114,-1.28583058552807,"SLC2A8"
"SEC16B",2.43453903170359,0.574090146608079,3.44357620697282,0.00200874510602134,0.0250795311691207,-1.28814047161219,"SEC16B"
"NLRC3",-1.14471297914758,5.9696461324337,-3.63039587300718,0.00125354335716147,0.0195942887005279,-1.28992775599715,"NLRC3"
"ITGA2",2.03974738200232,6.25014947632654,3.61714753256736,0.00129640202474596,0.0199334503933197,-1.29353370299377,"ITGA2"
"TRAJ52",-1.9856825956521,0.770622879136229,-3.44540496008568,0.00199955075437533,0.0250596009362466,-1.2969255236225,"TRAJ52"
"KIRREL2",2.01928272712351,0.236980178508994,3.43816646824733,0.0020361846015026,0.0252840380662381,-1.3010947699567,"KIRREL2"
"CYP19A1",2.68039694694556,1.60492102884856,3.43666702436219,0.00204385437871951,0.0253326448916421,-1.30135327658298,"CYP19A1"
"ASCL2",2.94949216386238,0.708108978567955,3.43621866304129,0.00204615322936323,0.0253326448916421,-1.30271319621528,"ASCL2"
"CECR3",-1.93746461052533,0.76339355527581,-3.44086604797728,0.00202244646689454,0.0251870315502682,-1.30388486962196,"CECR3"
"PTP4A2",-1.2484805111343,8.44076982623737,-3.66277981545224,0.00115452840519175,0.0189125654800214,-1.30425107165412,"PTP4A2"
"SH3PXD2B",1.86514889902139,5.6698803806774,3.59551132548431,0.00136949284846405,0.0204656608905437,-1.3051740828034,"SH3PXD2B"
"LINC02281",1.71424423386549,2.08960285073936,3.43808037467723,0.00203662421939378,0.0252840380662381,-1.30743145775508,"LINC02281"
"LRRC9",1.84290632023355,1.97228571233354,3.43522752988211,0.00205124391239804,0.025356689690131,-1.30989367952087,"LRRC9"
"LMNTD2",1.41669643175003,2.19048014505723,3.43990532932497,0.00202732520056096,0.0252319109395603,-1.31016717473114,"LMNTD2"
"LINC03025",-1.87629608731932,0.347254993642791,-3.43457255432415,0.00205461476412989,0.0253641744025992,-1.31076061102738,"LINC03025"
"LAIR1",-1.69731406773421,6.2181608108151,-3.62735677018617,0.00126325080633614,0.0196528853825361,-1.31104396552141,"LAIR1"
"BAIAP2L1",1.22561384019848,3.88438174420204,3.51902815835041,0.00166154594597666,0.0226448572485759,-1.31297977634634,"BAIAP2L1"
"CTH",1.82806193948421,0.837320441885729,3.42933969591824,0.00208173975049516,0.0255616008897846,-1.31878311462687,"CTH"
"TRBV29-1",-2.26573917883724,0.55160927856814,-3.43495674680205,0.00205263685386282,0.025356689690131,-1.32021314394025,"TRBV29-1"
"LRRN2",-1.57192411917093,4.79423971554186,-3.58053096934613,0.00142244111512854,0.0209283919905417,-1.32084387396702,"LRRN2"
"SPECC1L-ADORA2A",-1.69855140526591,3.26867688551186,-3.50570390901634,0.00171828905067912,0.0230374132953179,-1.32316831299771,"SPECC1L-ADORA2A"
"FOXA1",2.40873891933528,-0.886411892069783,3.42602258750244,0.00209911406324753,0.0256257669325141,-1.32465451993532,"FOXA1"
"CD244",-1.16447912874434,2.56900838024636,-3.47027899198208,0.00187848253580354,0.024159347909807,-1.32554399279243,"CD244"
"DUSP5-DT",-1.35733765402055,-1.32976705901209,-3.42543472018692,0.00210220784369297,0.0256477133285081,-1.32773556319246,"DUSP5-DT"
"SEZ6L",-2.42137695836195,-0.0113363574284406,-3.42464159123466,0.0021063888766534,0.0256828893900765,-1.33022537544987,"SEZ6L"
"PTCSC2",2.83322409989192,0.82715698551328,3.41617239530145,0.00215154130888818,0.0259690627748619,-1.34547228114669,"PTCSC2"
"MS4A3",-1.71825678654931,-1.0910749878737,-3.41639255575366,0.00215035574315544,0.0259690627748619,-1.34635974388197,"MS4A3"
"NEURL2",1.76030353223097,3.01844817117123,3.44622917454906,0.00199542026527579,0.0250395508113777,-1.34793659673618,"NEURL2"
"TREML1",-1.43196182853231,1.0696468065191,-3.42025843972499,0.0021296409846754,0.0258390346080573,-1.34979553760445,"TREML1"
"MOV10L1",2.04091936350764,-0.238618710963823,3.41495131975405,0.00215812833894638,0.0259934276928849,-1.34987388616868,"MOV10L1"
"FBXL16",1.8153604999925,3.30432999111895,3.45852235845989,0.00193478939656284,0.0245590425712521,-1.35115699115374,"FBXL16"
"CD79A",-1.87907203146468,3.40284007175748,-3.49996581089086,0.00174330282867802,0.0231752804987359,-1.35168762809812,"CD79A"
"SLC12A5",-1.60971435314282,-0.335443433701297,-3.41284426202716,0.00216954082059231,0.0260200262416371,-1.35240552605544,"SLC12A5"
"AQP4",2.46914399467969,0.476528454162853,3.41341188758064,0.00216646063118552,0.0260072309948119,-1.35243111503022,"AQP4"
"ZGLP1",1.5769683028001,0.482510737727334,3.41123204375469,0.0021783126380596,0.0260305729435758,-1.35848534629879,"ZGLP1"
"LINC02253",2.38335407310896,-0.114639372563718,3.41028887871293,0.00218346019607093,0.0260620897869558,-1.35929346389469,"LINC02253"
"TRDV1",-2.11589856401124,0.542569556852709,-3.41367365900015,0.00216504157339459,0.0260072309948119,-1.36279533303478,"TRDV1"
"ZNF358",1.19683788367663,3.40211568793411,3.46918643513962,0.00188364729021041,0.024159347909807,-1.36308762006819,"ZNF358"
"IGKV1-33",-2.5213181810459,2.01247207533648,-3.43622489094046,0.00204612128030797,0.0253326448916421,-1.36742789290129,"IGKV1-33"
"KRT9",-3.80651156014316,0.60425454970003,-3.42930462039287,0.0020819227359389,0.0255616008897846,-1.36869577867421,"KRT9"
"ABCD3",-1.20535174403001,6.68594357666101,-3.6123435552658,0.00131229408924839,0.0200069242928632,-1.36956730520076,"ABCD3"
"SPATA6",1.14366520576865,5.37860605449402,3.56794046735104,0.00146848350445158,0.0211652003420191,-1.37065436800681,"SPATA6"
"CDC14B",1.02771001592579,5.46951238654625,3.57253770778982,0.00145150566338837,0.0211039795055374,-1.37083065170599,"CDC14B"
"NCKAP1",1.06622900810018,7.13675489312104,3.61041649522537,0.00131872236140065,0.0200431619122561,-1.37575849375463,"NCKAP1"
"LINC01554",1.75970705837267,-0.919387845930706,3.40153656562814,0.00223179465263053,0.0263656588842179,-1.37713783440115,"LINC01554"
"CEP85L",-1.57642842090482,6.41638955550204,-3.60401249079396,0.00134030655132055,0.0201928921057917,-1.37777674838338,"CEP85L"
"IGLV3-4",-1.33019729776355,-1.72966078748449,-3.40071966745413,0.0022363585690154,0.0263656588842179,-1.37927605340921,"IGLV3-4"
"SSUH2",2.93312841594264,2.0910618351123,3.40072551839308,0.00223632584831456,0.0263656588842179,-1.38117356101466,"SSUH2"
"LCP1",-1.36919979381292,8.50454104606724,-3.6316018102901,0.00124971161618145,0.0195653031428914,-1.38224914826257,"LCP1"
"H1-4",-1.00779590408475,7.17768835209151,-3.61443623616091,0.00130534801611401,0.0199505267956259,-1.38306488666086,"H1-4"
"CDK20",1.01160146110808,3.14078419125289,3.44981914738424,0.00197752589908459,0.0248939313085146,-1.38516193577286,"CDK20"
"BBOX1",2.90282542539524,2.304559981774,3.40079972701912,0.00223591088544431,0.0263656588842179,-1.38633850680532,"BBOX1"
"HS3ST6",2.10820626172254,-1.04736926193009,3.39514735636521,0.00226773287917221,0.0265854063660775,-1.39023702424932,"HS3ST6"
"FGF14",2.25952887634847,1.30870583561795,3.39432652191264,0.0022723904364067,0.0266200846073192,-1.39181072268746,"FGF14"
"SPIN3",1.2108379996639,4.66560043074461,3.5268637816939,0.00162903369950866,0.0224409348833239,-1.39217340048443,"SPIN3"
"CEP295NL",-1.32755435769769,2.7643365402019,-3.45027940193893,0.00197524305188301,0.0248939313085146,-1.39237927367645,"CEP295NL"
"RNU6-7",-1.89278407474433,0.241343644902166,-3.3941521016083,0.0022733813222684,0.0266200846073192,-1.39764847637348,"RNU6-7"
"CHRNA3",-2.2237026357019,5.46043118670132,-3.57019031939528,0.00146015061562981,0.0211098495517592,-1.39792185054862,"CHRNA3"
"LINC01134",1.87282016869587,-0.699337858717954,3.39151413469441,0.00228841887957666,0.0266699182614503,-1.39867541456471,"LINC01134"
"CD86",-1.13481643462819,3.03430352274485,-3.46043515850393,0.00192551780000037,0.0244736485803206,-1.40024408457624,"CD86"
"FRK",1.37483493237363,4.80636558783482,3.52612842320798,0.00163205836186684,0.0224595291536738,-1.40225550543965,"FRK"
"TRG-AS1",-1.50453483629908,4.43292131433193,-3.53121918969244,0.0016112307914699,0.0223023332886018,-1.40274160948657,"TRG-AS1"
"MGST3",1.00226088263844,4.43838219953322,3.51397454766283,0.00168284924138694,0.0227939107719412,-1.40413539792273,"MGST3"
"BTLA",-1.91167991443517,3.30374180731471,-3.47070208752291,0.00187648617287618,0.024159347909807,-1.40683372082648,"BTLA"
"HEY2",1.93599488820933,1.7636351081053,3.38792572883329,0.00230902932270474,0.0268073450769241,-1.40755307308542,"HEY2"
"C17orf67",-1.72770921473874,2.98548515284602,-3.45435734562413,0.00195512816561923,0.0247220647089067,-1.40818327343605,"C17orf67"
"SREBF1",1.17338062147447,6.48780413295964,3.58335232829513,0.00141231854692046,0.0208414405108195,-1.40878231506201,"SREBF1"
"LINC02273",-2.72585228855458,1.68175690298524,-3.41204582429106,0.00217388069625636,0.0260305729435758,-1.41116403837618,"LINC02273"
"PRKACB",-1.36895195797515,6.35251840922065,-3.58814726984433,0.00139527617705357,0.0206670061884081,-1.41296626097353,"PRKACB"
"EDEM1",-1.39168467728352,8.16557679370765,-3.61529454842969,0.00130250948730224,0.0199499692292755,-1.41330304684719,"EDEM1"
"THBS4-AS1",-1.2516853963531,1.6745490728726,-3.3979078963677,0.00225213694373098,0.0264638772116886,-1.42212979237523,"THBS4-AS1"
"TNFAIP8",-1.26429952503686,6.20133483646248,-3.58110521395943,0.00142037509697403,0.02091354374555,-1.42221755472763,"TNFAIP8"
"PRG4",-1.25932365448241,2.95709510662695,-3.44438114442914,0.00200469310210069,0.0250695255379114,-1.4279023241278,"PRG4"
"BTG1-DT",-1.81958516958092,1.80530104063748,-3.40163083995644,0.00223126853481294,0.0263656588842179,-1.42901472765326,"BTG1-DT"
"TRAC",-1.8315798275446,6.10956772866776,-3.57539483577935,0.00144105082142444,0.021043178995704,-1.43085116707496,"TRAC"
"IL20RA",1.99630762290397,3.0142646432243,3.40276808833192,0.00222493135463275,0.0263647704052859,-1.4321634640328,"IL20RA"
"LTBP2",1.65801086265515,6.16295776021813,3.5609212591447,0.00149478018180926,0.0213884345754327,-1.43219009188315,"LTBP2"
"LINC02648",-2.19878871207759,1.38756467811654,-3.39357806980208,0.00227664537107359,0.0266267938819003,-1.43367377203508,"LINC02648"
"CHST15",1.06532032756952,5.94091737873585,3.56037339989443,0.0014968518942487,0.021388869854871,-1.43421014801411,"CHST15"
"PDE7A",-1.16451850134609,8.04792246646416,-3.6050314359298,0.00133684933705029,0.0201791849968637,-1.43426973589276,"PDE7A"
"LCP2",-1.43130465007499,6.86251250734263,-3.58875235044483,0.00139313989447467,0.0206508205031904,-1.43446988413603,"LCP2"
"ZNHIT2",1.13929066062089,2.4203832755055,3.39194823138225,0.00228593772477255,0.0266699182614503,-1.43520554624128,"ZNHIT2"
"TRAJ48",-2.13929006863385,0.308953246614329,-3.37831196152258,0.00236513833017203,0.0272431445959105,-1.43750681998247,"TRAJ48"
"FIGN",-1.85495271076735,1.43503528709276,-3.38797682736642,0.00230873457241505,0.0268073450769241,-1.43788643651099,"FIGN"
"EBF2",-2.23746862316855,2.11698776333568,-3.40426624173864,0.00221660972824114,0.0263506786005154,-1.44423367349942,"EBF2"
"GIHCG",-1.4174881076065,4.05588845017218,-3.49524065192284,0.00176416681194573,0.0232585589884038,-1.44600527743857,"GIHCG"
"EYA2",1.26642112627141,5.10908605126696,3.52308964277294,0.00164461554883036,0.0225226969521135,-1.4470678306095,"EYA2"
"CSGALNACT1",-1.00399928541216,5.39327088469926,-3.54864426219644,0.00154188309925358,0.021716957047067,-1.44961884557464,"CSGALNACT1"
"DCC",-2.09552158461044,1.62620866260576,-3.38954480153116,0.00229970778855446,0.0267542136553228,-1.45086620692834,"DCC"
"MYO1G",-1.4001099718565,5.59538652833212,-3.5532607521514,0.00152400369227194,0.0215880523023403,-1.45296268127172,"MYO1G"
"CASP14",-2.6634129984873,-0.517611829729719,-3.36703944297595,0.00243261294817405,0.0276909341418547,-1.45519802437684,"CASP14"
"PROP1",2.05107860325603,-1.06328994783544,3.36284774253454,0.00245817629697423,0.0277567933436868,-1.45870343572691,"PROP1"
"SLC7A11",-1.32080027828194,2.06017773281912,-3.38996971926114,0.00229726745018626,0.0267415444539623,-1.46489834649302,"SLC7A11"
"ENTPD2",2.36236142843161,-0.626699127324314,3.35938613240784,0.00247948321514058,0.0279262910326789,-1.46618764630829,"ENTPD2"
"KIF1C",1.05032301868286,5.69777741235979,3.53863669499479,0.00158134694974883,0.0220685999919462,-1.46904218669677,"KIF1C"
"TMEM215",2.10009406673022,-0.695276557196667,3.35655434617146,0.00249704639961854,0.028012500681435,-1.4722526562439,"TMEM215"
"DOCK10",-1.26170864848172,7.35010590345392,-3.57961110453543,0.00142575672047394,0.0209484271471397,-1.47456816221517,"DOCK10"
"LINC02789",-2.04030224527232,-0.460014271730145,-3.35389104181785,0.0025136745733556,0.0281511636288252,-1.47857841942743,"LINC02789"
"IFNAR2",-1.08205037082245,6.44961242618846,-3.56157772181396,0.00149230147257039,0.0213838912677012,-1.48136201105908,"IFNAR2"
"TOMM20L-DT",-1.12631679825173,1.31462580408964,-3.36078561677047,0.00247084764164793,0.0278607430088723,-1.48421447669735,"TOMM20L-DT"
"HOXB-AS1",-1.97956849827199,1.23643456633612,-3.36444556734085,0.00244840130734492,0.0277261687765518,-1.48923139439759,"HOXB-AS1"
"GARIN5A",1.68820551852439,0.520938130133852,3.34868556252067,0.00254648489394603,0.0284024160474142,-1.48962635665135,"GARIN5A"
"C9orf163",1.91906798520833,0.249479261392368,3.34745776201704,0.00255428400767385,0.0284609944976677,-1.49221322011916,"C9orf163"
"LRRC40",-1.22918959714689,4.24779703654673,-3.48532250726916,0.00180875402287264,0.0236416336582739,-1.49221441842731,"LRRC40"
"AATK",2.27556154909428,2.36975336999433,3.35422766637261,0.00251156697214092,0.0281434874358418,-1.49283348933893,"AATK"
"ABLIM1",-1.03349550404995,7.81096833555998,-3.57738659029378,0.00143380607740986,0.0209875168415229,-1.49397581054378,"ABLIM1"
"GPX4",1.19889142966874,5.95569960586102,3.53005778495819,0.00161595945524148,0.0223311603769369,-1.50481100147987,"GPX4"
"TEX38",-1.45246874750573,0.273700681837289,-3.34189259202412,0.00258992552405924,0.0287086040668088,-1.50596581215831,"TEX38"
"CAPN5",-1.15318753955143,2.297440097472,-3.37791029343216,0.00236751113654649,0.0272546119145541,-1.510268006338,"CAPN5"
"TP53INP2",1.45133330741994,4.28604180650876,3.44867759288649,0.00198319904460795,0.0249336250913258,-1.51431273449558,"TP53INP2"
"TRMT61A",1.01147705144522,3.38288991655699,3.40416173315408,0.00221718924915268,0.0263506786005154,-1.52057259656555,"TRMT61A"
"HLF",2.50879343592995,4.74817547932227,3.44718932451563,0.00199061900140721,0.0250110218532364,-1.52180656995012,"HLF"
"MIR4713HG",1.87022809717632,-0.599368314380399,3.33294029616848,0.00264827203430071,0.0289379653709424,-1.52211822169079,"MIR4713HG"
"MICAL1",-1.03627388470717,5.88985410796986,-3.53036847067853,0.00161469317373739,0.022329254517882,-1.52671119164028,"MICAL1"
"PMEL",-1.06707586420305,3.56932771131921,-3.43493920645558,0.00205272711524533,0.025356689690131,-1.52784761355321,"PMEL"
"MED8-AS1",-1.27974011453181,0.957755268539311,-3.33567341088116,0.00263032536160194,0.0288693891185473,-1.52915020454601,"MED8-AS1"
"GABARAPL3",1.96337244974639,-0.136785681458822,3.32872274039081,0.00267619888951626,0.0290665750958492,-1.53133118792423,"GABARAPL3"
"PCDHGB7",2.52644322119649,3.72669568881458,3.38098218280268,0.00234942282732827,0.0270936645279716,-1.53262570316237,"PCDHGB7"
"OLFM4",-2.7656123326651,0.286317985363825,-3.33966699565354,0.00260431349931397,0.0287593525881273,-1.53362842176562,"OLFM4"
"ZCCHC18",-1.36959213928385,2.99063209728991,-3.40060545433511,0.00223699738574975,0.0263656588842179,-1.53382175471757,"ZCCHC18"
"DBF4",-1.08940364183241,3.34456703656012,-3.41867592568951,0.00213809711929955,0.0259257376800361,-1.53664092483527,"DBF4"
"MIR155HG",-1.10801666985057,3.03843846792541,-3.40011008749209,0.00223977012114343,0.0263826255519686,-1.54018697498428,"MIR155HG"
"EPHA6",2.07106973049793,2.8248731036951,3.35052977509129,0.00253481358930535,0.0283078025500923,-1.54142223028109,"EPHA6"
"GRAMD2A",1.67466772599317,1.61564873211739,3.32494936959401,0.0027014259397604,0.0292062999162004,-1.54183540183781,"GRAMD2A"
"PLAAT4",-1.04104555318113,3.34219468163146,-3.41603864990946,0.00215226183867439,0.0259690627748619,-1.5420147053048,"PLAAT4"
"PLEKHG2",-1.13016584096782,5.91084650399734,-3.52390750179969,0.00164122667212209,0.0225074390953736,-1.54368668010389,"PLEKHG2"
"RNF17",2.22843069317236,0.137855729252896,3.32015481836659,0.00273381223931934,0.0293858828918471,-1.54905156050371,"RNF17"
"RET",-1.67902464515906,0.859360511872041,-3.32533905241397,0.00269881007911042,0.0292062999162004,-1.55269059420724,"RET"
"RNF113B",1.91081432601918,-0.320550389727354,3.31688006650464,0.00275614814267899,0.0295137530278542,-1.55599491735347,"RNF113B"
"NCCRP1",-2.32193766845978,0.207926226468066,-3.32291255388318,0.00271513863907713,0.0293148256744085,-1.55620820693814,"NCCRP1"
"MOB1B",-1.32324508375244,6.73478043280926,-3.53576200864216,0.00159286388858787,0.0221823951381178,-1.55715021888895,"MOB1B"
"BCAR1",1.98493153350061,3.13053808896685,3.35767457592639,0.00249008419666796,0.0279819853309837,-1.55723189784096,"BCAR1"
"IL2RA",-1.52768461163754,2.69153695681628,-3.37546073492191,0.002382031643792,0.0273809023550173,-1.5572651094985,"IL2RA"
"EPS8L2",2.07406506344129,3.83958544178128,3.38757592059787,0.00231104809243683,0.0268073450769241,-1.56240849992151,"EPS8L2"
"H2AZ1",-1.14551726896727,5.60882388796737,-3.50800466714605,0.00170835794537685,0.0229977519599065,-1.56268318017419,"H2AZ1"
"MYOZ3",-1.40492147153015,-0.027215604529324,-3.31298347957215,0.00278295540089114,0.0297525145479389,-1.56484382098346,"MYOZ3"
"FOXE1",3.08124976091806,3.26307542132323,3.33475932932899,0.00263631442702486,0.0288797269093532,-1.56917550151026,"FOXE1"
"CCDC122",1.1731120187578,2.93665365739063,3.35849685504717,0.00248498572260874,0.0279723449742345,-1.57004349912172,"CCDC122"
"CYSLTR2",-1.07679578324887,2.71631750965332,-3.36915873360663,0.00241978656697239,0.0276792811409345,-1.57194178432351,"CYSLTR2"
"LINGO4",-2.16973067047557,0.0374024438543959,-3.30861814807646,0.00281328699634578,0.0299473568427578,-1.58120388862948,"LINGO4"
"PLD6",1.54736868777752,2.71534995962021,3.33535540182097,0.00263240746254418,0.0288762257629085,-1.5827509085723,"PLD6"
"BACH2",-1.74500278987334,6.52211769327582,-3.52047927841207,0.00165547751106411,0.0226244782226849,-1.58467555919405,"BACH2"
"LINC02313",1.71264870587815,-0.923742178287175,3.30242014837991,0.00285690225781187,0.0302327480106092,-1.5860473305353,"LINC02313"
"FAM210B",1.52558184412365,6.18214797694807,3.49771128644075,0.00175322756230158,0.0232031988225082,-1.59022548122499,"FAM210B"
"LINC01273",1.56308227695933,-0.487339342335505,3.29860027058644,0.00288410755281647,0.0303906306510571,-1.59422930922344,"LINC01273"
"HYAL3",1.50060410376469,0.730226549957302,3.29553399581598,0.00290612669743605,0.0305575670645919,-1.60057894761194,"HYAL3"
"TAGAP",-1.12098069679549,4.87512610214142,-3.46639882098139,0.00189688760207147,0.0242804066994776,-1.60298056206878,"TAGAP"
"INHBA",2.67392937000644,2.24822785504996,3.29888007134322,0.00288210633169397,0.0303857230676036,-1.60442757194443,"INHBA"
"ZNF366",-1.10478105807886,3.28058040495992,-3.38354068949825,0.00233445983100604,0.0269997811781289,-1.6089850783284,"ZNF366"
"ZNF222",-1.09647011179581,2.357776670023,-3.33461293665635,0.00263727481780915,0.0288797269093532,-1.61364284274027,"ZNF222"
"SKAP1",-1.58361056911334,4.82028514945566,-3.45853071097383,0.00193474881661595,0.0245590425712521,-1.61495626383253,"SKAP1"
"LINC02935",1.37938539796544,1.01767000995328,3.28824198668108,0.00295914576488676,0.0307980093854803,-1.61580856562173,"LINC02935"
"PFKP-DT",1.63535659806181,-0.161148002967305,3.28729854980274,0.0029660732637852,0.0308275335173557,-1.61794152875224,"PFKP-DT"
"TBC1D31",-1.05490041525388,4.91103557003745,-3.4609750885399,0.00192290851468531,0.0244736485803206,-1.6191943336052,"TBC1D31"
"LLGL2",1.43912590863793,3.7768617405872,3.37353238572231,0.0023935232222486,0.0274713600172681,-1.62015492462216,"LLGL2"
"NAV2-AS5",-2.32506744064403,-0.538544837119996,-3.28606311189096,0.00297516857670149,0.0308734194883826,-1.62219351338267,"NAV2-AS5"
"HOXA1",1.74338445444157,-0.485231696968682,3.28489808883555,0.00298377017819799,0.0309004389820058,-1.62276978035946,"HOXA1"
"HSFX1",1.28815351878604,0.233060879155507,3.28408148328154,0.00298981366041156,0.0309004389820058,-1.62486664298688,"HSFX1"
"MIPOL1",1.63579136334814,4.39575777787564,3.40554608982774,0.00220952462762836,0.0263082327654258,-1.62518079421401,"MIPOL1"
"PCDH17",2.44186057631742,2.33329091815349,3.29131564975404,0.00293668464613122,0.0307155963032266,-1.62528234795845,"PCDH17"
"CD79B",-1.34533160627813,2.07001904206679,-3.31752915865622,0.00275170693706925,0.0294981194895252,-1.62581815123525,"CD79B"
"C8orf88",-1.79286377796357,1.23569595058568,-3.3004569561541,0.00287085304207651,0.0303155340713191,-1.62711258637123,"C8orf88"
"LIPC-AS1",-2.19203972799921,0.288920590839638,-3.28979862593264,0.00294774978984148,0.030757581727315,-1.63036313781619,"LIPC-AS1"
"MTARC2",1.33352184664743,3.12641297202889,3.33250282305918,0.00265115563160957,0.0289534871931136,-1.63210526653849,"MTARC2"
"OLFM5P",-1.76123043629699,0.231901753703426,-3.28302576595894,0.00299764427518853,0.0309004389820058,-1.6339507505182,"OLFM5P"
"TRAV8-2",-2.24638995864869,-0.253703808977643,-3.28239436483901,0.00300233705710288,0.0309004389820058,-1.63531945469636,"TRAV8-2"
"TRAJ33",-2.08449289544258,0.986693976145603,-3.29613158293182,0.00290182267134716,0.0305362365231816,-1.63583693177926,"TRAJ33"
"MMP13",2.45785192356672,-0.309648870357273,3.27795029034648,0.00303556823190387,0.031060423857883,-1.63726171121595,"MMP13"
"SLIT1-AS1",-1.95576880051774,-0.922118749594201,-3.277554375224,0.00303854591745542,0.031069303111314,-1.63830161646795,"SLIT1-AS1"
"SLA",-1.62141641168989,7.03306420032901,-3.5059840363689,0.00171707689605838,0.0230371135828197,-1.64157345497199,"SLA"
"DLK1",-2.00689715392494,-0.877441537649405,-3.27295218054109,0.00307336677401174,0.0312211781780895,-1.64798826508861,"DLK1"
"STX19",2.00146604093631,0.63071742745583,3.2696729247879,0.00309841287669271,0.031427212925101,-1.65448742851371,"STX19"
"PIK3C2B",-1.04855959511264,7.216693866674,-3.50267601652951,0.00173144450700391,0.0231270004992654,-1.65491789539515,"PIK3C2B"
"AFF3",-1.41534992024802,5.77203136177657,-3.47304576189105,0.00186546494053246,0.0240964005928178,-1.65713668890137,"AFF3"
"SEMA4C",1.26809216710515,5.06961792012458,3.43244726807298,0.00206558971559795,0.0254520267011007,-1.65834216224483,"SEMA4C"
"BEST3",-2.57426475086566,0.652671798499969,-3.28271081983213,0.00299998417248312,0.0309004389820058,-1.66199354645416,"BEST3"
"IGFLR1",-1.43378238557974,1.71406448802073,-3.29049661348205,0.00294265368649617,0.0307385520052484,-1.66257637322165,"IGFLR1"
"TRAM1L1",1.76897676630308,0.0940464043559336,3.26509862736164,0.00313367960882153,0.0316228382350685,-1.66409218507377,"TRAM1L1"
"GNG12",1.17914446781682,6.26807930444529,3.47266519567936,0.00186725027808089,0.0241037284755008,-1.66433622393556,"GNG12"
"FAM83B",1.0552048405607,4.68602357055454,3.41581247981273,0.00215348082336391,0.0259690627748619,-1.66627855641913,"FAM83B"
"FOXC1",1.56196597704867,5.61670865757345,3.44567140858491,0.00199821455960365,0.0250587249176151,-1.66975927999674,"FOXC1"
"PCDHGB1",1.98911259489041,1.51668553587949,3.26244487168539,0.00315431672657887,0.0316920706307502,-1.67243407832582,"PCDHGB1"
"AKR7L",1.38751354589128,0.888182577049095,3.26074677593905,0.00316759085561863,0.031738458451563,-1.67313840700965,"AKR7L"
"NDRG4",1.90694111222721,4.67960881420982,3.39173906634161,0.00228713291786814,0.0266699182614503,-1.6733424810968,"NDRG4"
"SEPTIN9-DT",1.45129585205592,-1.21050426208113,3.26075489363719,0.00316752727094315,0.031738458451563,-1.67351723941565,"SEPTIN9-DT"
"CEP250-AS1",-1.02177087396549,2.73031972769009,-3.32512595610841,0.00270024024695373,0.0292062999162004,-1.67375599775124,"CEP250-AS1"
"FAM66B",1.59646656150355,3.35101324088834,3.31696584689599,0.00275556082038318,0.0295137530278542,-1.68009069383444,"FAM66B"
"CBS",1.9156696739862,2.97503552148719,3.29265772180797,0.0029269290695193,0.0306839217709375,-1.6822898827028,"CBS"
"THRSP",-1.52943753640939,0.0468984089044593,-3.2564182454243,0.00320167161825994,0.0319202837215425,-1.68563874347314,"THRSP"
"MLF1",2.79311633115419,1.37985954477371,3.25366640201874,0.00322352202247741,0.0320232315777136,-1.68995604379832,"MLF1"
"LINC01990",1.47663733886722,-1.24335274364825,3.252861575008,0.00322993972472502,0.032070886709776,-1.69013128104882,"LINC01990"
"TRAJ25",-2.59669849206078,0.716438738358592,-3.27307957869057,0.00307239769605814,0.0312211781780895,-1.69024570250726,"TRAJ25"
"PIK3R2",2.07839308921286,3.44340604089244,3.31115977517853,0.00279558836792158,0.0298392115495146,-1.69583719171765,"PIK3R2"
"SCARA5",-2.64928619390506,1.2838306563406,-3.27408627976695,0.00306475040731532,0.0312180793937456,-1.6963607062921,"SCARA5"
"NUDT12",1.02847649500931,4.00288139613055,3.3669099029805,0.00243339908397015,0.0276909341418547,-1.69793172681663,"NUDT12"
"TENT5B",2.25257856950262,-0.412889567260679,3.24843485580176,0.00326545943507503,0.0322473903468806,-1.69878524810354,"TENT5B"
"CD226",-1.18100858638859,4.88797515632894,-3.42649229079391,0.00209664532518576,0.0256114286050007,-1.69884187942845,"CD226"
"SCUBE2",-1.43005894019974,2.1577401091213,-3.28927595522555,0.00295157146395327,0.030757581727315,-1.69908976394518,"SCUBE2"
"CRTAP",1.0108369774133,5.70495552187079,3.44255246576814,0.00201391005338303,0.0251217418731252,-1.70133496761999,"CRTAP"
"LINC00926",-1.22074640702678,3.17176177805234,-3.33768111573444,0.00261721707067377,0.028796618767914,-1.70150126101747,"LINC00926"
"RIMS2",2.0962484068315,3.65693440433082,3.31940077032495,0.00273893975844131,0.0294090498533885,-1.70439650889213,"RIMS2"
"JUP",1.2476445786239,5.98041863647134,3.44446250869209,0.00200428396187686,0.0250695255379114,-1.70909069482042,"JUP"
"LINC02562",2.19651146720227,2.72746889972573,3.26803610592646,0.00311098810051473,0.0315349960124312,-1.70990771753178,"LINC02562"
"PSD4",-1.40677222847452,6.65536333534535,-3.46897503161626,0.00188464823426412,0.024159347909807,-1.71416335162736,"PSD4"
"SMAP2",-1.20694656871466,6.72307119380576,-3.46974496297028,0.00188100528421738,0.024159347909807,-1.71486708675934,"SMAP2"
"WAKMAR2",-1.6269100842077,4.96180453088291,-3.42169241350303,0.00212200662270758,0.0257780166094293,-1.71502170546884,"WAKMAR2"
"SYNDIG1L",2.53862388568145,0.0979474480710506,3.24025301580385,0.00333210438998009,0.0325788513347078,-1.71584179298456,"SYNDIG1L"
"SMAD5-AS1",1.62572803859807,0.240790444538335,3.23929423310306,0.00333999947091373,0.0326396293974873,-1.71761614412125,"SMAD5-AS1"
"TRAJ28",-1.91356286441548,1.19773823416186,-3.25973153564475,0.00317555279579072,0.0317699768836717,-1.71766927675979,"TRAJ28"
"IL33",-1.27733572068397,3.10943974275566,-3.32670075887702,0.00268968845716001,0.0291650656869805,-1.71848452967579,"IL33"
"FBLIM1",2.41680070077808,2.63760588422103,3.255917395596,0.00320563783653243,0.0319202837215425,-1.7199384846066,"FBLIM1"
"EPPK1",2.98383730664048,4.8009442942866,3.34306449900422,0.00258238037482814,0.0286610909912922,-1.72091690506096,"EPPK1"
"PEMT",1.07321876414188,3.13711689705773,3.29973855800424,0.00287597454501626,0.0303372389506006,-1.72308373418744,"PEMT"
"CD22",-2.27452299909768,2.26378945408925,-3.28335857620243,0.00299517357219584,0.0309004389820058,-1.72775716242012,"CD22"
"TRAV12-3",-2.15879625493364,0.346772444251956,-3.24457579606768,0.00329673149708869,0.0324572236795463,-1.72860387606335,"TRAV12-3"
"LINC01993",-2.75281268021216,3.22506023681782,-3.32232455587983,0.0027191098005663,0.029321692392877,-1.72946377450051,"LINC01993"
"USP17L3",1.72372459426174,-0.208134958809165,3.23321753840095,0.00339045902366387,0.0330185992220887,-1.73019464750212,"USP17L3"
"AJUBA",1.25265493778836,5.3684576269337,3.41601572421861,0.00215238537032025,0.0259690627748619,-1.7306581314616,"AJUBA"
"KRT86",1.90424848584616,-0.122553562262138,3.23293165001665,0.00339285099423385,0.0330256410845518,-1.73080219954351,"KRT86"
"LGI4",-2.25955492022029,0.411493011841117,-3.24178198886214,0.00331955131136906,0.0325436895617894,-1.73105014074433,"LGI4"
"LINC01820",-2.83817466226785,-0.664255974523258,-3.23409329745151,0.0033831418390131,0.0329635617194634,-1.73513410338409,"LINC01820"
"FAM131B",1.73412545219243,2.60470650329522,3.25527280871586,0.00321074928386375,0.0319419652482567,-1.73574277136897,"FAM131B"
"CNTNAP3B",1.35229548873318,5.01234987312827,3.39515054099968,0.00226771482705055,0.0265854063660775,-1.73668927367644,"CNTNAP3B"
"PACSIN3",2.16175403376343,2.44161295298207,3.24165928325459,0.00332055705548017,0.0325436895617894,-1.74213253447164,"PACSIN3"
"DIO2",-1.4414061714655,2.6198233568688,-3.29037622302702,0.00294353206579138,0.0307385520052484,-1.74231234156147,"DIO2"
"LINC00607",-2.00071619103161,1.23311441844781,-3.24685392917734,0.00327823578435876,0.0323233721657576,-1.74298787105543,"LINC00607"
"MMP17",2.02510960199704,0.00843750422768742,3.22691608542528,0.0034435609485607,0.0333275422252971,-1.74328023899909,"MMP17"
"PVT1",1.11796950438933,5.4501362854459,3.41400391682974,0.00216325253935482,0.0260072309948119,-1.74443145021995,"PVT1"
"HORMAD1",1.71593914535031,-0.429297376175052,3.22625734760155,0.00344915815174009,0.0333275422252971,-1.74466576656262,"HORMAD1"
"CEBPA",1.64667983219286,3.14532860911874,3.27813518421533,0.00303417860709502,0.031060423857883,-1.74483736580263,"CEBPA"
"LYZ",-1.41361480101905,6.11448409152822,-3.44449950297589,0.00200409796294441,0.0250695255379114,-1.74582655965241,"LYZ"
"SIRPG",-1.90954540440423,3.4456550773914,-3.33100873286279,0.00266102683562054,0.0290132562259476,-1.74994667556566,"SIRPG"
"VCAN-AS1",1.50991601433399,-0.571140197923717,3.22352907812736,0.00347243338978714,0.0334710103996579,-1.75034124493777,"VCAN-AS1"
"CHRNA10",-1.41431429112499,1.42070204144094,-3.24215874350021,0.00331646511575676,0.0325436895617894,-1.75286116648017,"CHRNA10"
"EYA4",1.34820085777509,5.86388387090672,3.42212135393043,0.00211972814617174,0.025766154965966,-1.75421781494174,"EYA4"
"RNY4",-1.53502240052752,6.55110002339381,-3.44986705598348,0.00197728815451279,0.0248939313085146,-1.75532319921393,"RNY4"
"ASTL",-1.83620037479424,1.69740514302652,-3.25014729464642,0.0032516744651031,0.0322058988938564,-1.75834398284772,"ASTL"
"TRAJ17",-2.2481951713088,1.10992875242159,-3.2420552409448,0.00331731268386368,0.0325436895617894,-1.76108885447583,"TRAJ17"
"CLIC5",1.7086912563706,3.13248313314133,3.2666489627285,0.0031216836996822,0.0315972885057261,-1.76191754712346,"CLIC5"
"NPNT",1.48249380214091,5.86366029050158,3.41631697016189,0.00215076270063781,0.0259690627748619,-1.76231952541872,"NPNT"
"PARD6G-AS1",1.61602856828321,3.27042817167076,3.27555452047456,0.00305363003347308,0.0311486003775251,-1.76415243228332,"PARD6G-AS1"
"LBH",-1.15007425519249,6.51401723019431,-3.44386580640118,0.00200728636515439,0.025077140075783,-1.7673221327987,"LBH"
"MRPS30-DT",1.92060110766592,0.462594901696002,3.21410485231321,0.00355400292883529,0.0338837274465234,-1.76980059834569,"MRPS30-DT"
"PRR7-AS1",-1.09757339823744,3.13482493939085,-3.30466916075779,0.00284100093315018,0.0301289214716553,-1.77237710740866,"PRR7-AS1"
"DLEU2",-1.00506405373907,6.96677684957622,-3.44869925630139,0.00198309123755446,0.0249336250913258,-1.7749995705148,"DLEU2"
"TMEM17",1.63712860316322,1.51568653745878,3.21359094882908,0.00355850359942304,0.0338837274465234,-1.77661851101463,"TMEM17"
"NTRK3",-2.02844538285349,3.30133445247546,-3.31121511652116,0.00279520419870254,0.0298392115495146,-1.77672835050121,"NTRK3"
"RAG2",-2.47791948401699,5.2531124202918,-3.40307042735328,0.00222324954765608,0.0263647704052859,-1.77759416579659,"RAG2"
"PITPNM1",-1.01270300417386,4.70340399165126,-3.38558531656555,0.00232256864545736,0.0269094326258523,-1.77768045172887,"PITPNM1"
"IFI30",1.52130525179237,4.76868219937164,3.3614892432326,0.00246651690281688,0.0278277668129094,-1.7805303317698,"IFI30"
"ITK",-1.65834269373393,6.48305664344434,-3.43764612304307,0.00203884303590844,0.0252957146317192,-1.78135066192391,"ITK"
"FCN1",-1.74771727356309,1.9870542551063,-3.24780518679417,0.00327054237441189,0.0322635907513643,-1.78156583015559,"FCN1"
"OR5B21",-1.73832401781705,-0.465117298894938,-3.20878251633354,0.00360088185011114,0.0341100225408877,-1.78342839386558,"OR5B21"
"ZNF831",-1.29670703964176,4.46559810965923,-3.37231698534411,0.00240079372767321,0.0275097319495803,-1.78402766469759,"ZNF831"
"TNFRSF11A",1.47743517065851,3.38429848935586,3.2821458514901,0.00300418603625213,0.0309004389820058,-1.78484340538851,"TNFRSF11A"
"MELTF-AS1",1.04803035755393,2.07678447330057,3.22246075486033,0.00348158858392845,0.0335102901203114,-1.78632536108388,"MELTF-AS1"
"GLDN",3.11948077196023,2.37692750301863,3.21146098695458,0.00357721601836376,0.0340062258786575,-1.79242229397985,"GLDN"
"MTURN",-1.23225518481023,5.40770670494261,-3.40468407521263,0.00221429422675055,0.0263491692442373,-1.79440566614766,"MTURN"
"JAML",-1.14451949375007,4.43702383609126,-3.36649986787288,0.00243588907613049,0.027703338464107,-1.7946192662418,"JAML"
"CAPN2",1.44918845388958,6.84196663018472,3.42720266776595,0.00209291697414659,0.0255974870218707,-1.79712559341184,"CAPN2"
"PARVG",-1.10501788186175,5.49770998806635,-3.40558240103244,0.00220932393368272,0.0263082327654258,-1.79904947851318,"PARVG"
"MAGI1-IT1",1.11936744728542,3.12222716413708,3.26246582167667,0.00315415329488492,0.0316920706307502,-1.80343494134265,"MAGI1-IT1"
"C4BPA",1.23808200783507,-1.32212087526519,3.19776561883112,0.00369981788646383,0.0346009906215656,-1.8049934633067,"C4BPA"
"EBF3",2.03304036542434,5.05567802197755,3.35237831344701,0.00252316690914949,0.0282374123198851,-1.80636775601015,"EBF3"
"SOSTDC1",1.64248321437121,-0.806329021133773,3.19635981246988,0.0037126293287935,0.0346136936980249,-1.80696883015057,"SOSTDC1"
"IVL",-2.40874239056304,-0.529398554346281,-3.19928283365371,0.0036860389135893,0.034537416695558,-1.80794171701321,"IVL"
"GPRC5D",1.17858040361702,1.98397097018247,3.2082625447257,0.00360549354686038,0.0341100225408877,-1.80892767855516,"GPRC5D"
"DSP-AS1",1.55827854361261,0.44977707608213,3.19463355490892,0.00372841954751343,0.0346136936980249,-1.8098666986428,"DSP-AS1"
"KRT23",-3.1761924489173,1.53926843708461,-3.22992687935922,0.00341808992468267,0.0331896867122401,-1.81377359131043,"KRT23"
"SHANK2",2.22279449016277,1.90191809507162,3.1981872241315,0.00369598400274795,0.0345970883647452,-1.81401392499917,"SHANK2"
"CAV2",1.38082649140862,4.35750669642929,3.32814396362896,0.0026800534724484,0.0290765231174788,-1.81794495729518,"CAV2"
"TRBJ1-4",-2.62392242102066,0.780540385634813,-3.21537537102415,0.00354289949123854,0.0338534225167163,-1.81926212004768,"TRBJ1-4"
"LINC02672",1.70279056758552,-0.91495239487011,3.18876897418804,0.0037825476683257,0.0348314731542565,-1.82302649115397,"LINC02672"
"SUGCT-AS1",1.98085386686177,-0.192606876412787,3.18803765895912,0.00378935026860323,0.0348443762591591,-1.82372320230718,"SUGCT-AS1"
"SP7",-2.17862460592757,-0.109074639281442,-3.19448295534306,0.00372980015608298,0.0346136936980249,-1.82410935697375,"SP7"
"SNORA5A",1.03460358251096,7.38260347097227,3.42768837507595,0.00209037148927239,0.0255974870218707,-1.82524967422036,"SNORA5A"
"GABRR2",-1.35085025376089,2.46826996098977,-3.2456948475628,0.00328763359476569,0.032383763666908,-1.82771699895409,"GABRR2"
"NFE2L1",1.04127724664241,7.69253621927688,3.43002152060144,0.00207818584218371,0.0255616008897846,-1.8308950329133,"NFE2L1"
"TMEM37",1.8606630404638,2.8572855896251,3.21853309079439,0.00351544782456599,0.0336426541752789,-1.83502496369126,"TMEM37"
"VMO1",1.73131335837582,-0.0241121947302368,3.18195029365342,0.00384643285189971,0.0350931580019563,-1.83598796059215,"VMO1"
"DUSP2",-1.3113542654543,4.28507970849446,-3.34125507822967,0.00259403902179795,0.0287260426426187,-1.83627933859653,"DUSP2"
"IGLV2-23",-2.02980784143808,1.29152426261133,-3.20447927889034,0.00363921952271157,0.034228381718127,-1.83932876782977,"IGLV2-23"
"PRM1",1.823602889075,-1.06548061473222,3.18116665244844,0.00385384106934954,0.0351186301858183,-1.83944183541822,"PRM1"
"JAG1",1.76599963010102,6.46432341339825,3.3976917097791,0.00225335454554022,0.0264638772116886,-1.84027149980412,"JAG1"
"TRAV23DV6",-2.32332012883101,0.0513580728751966,-3.19020712377893,0.00376920445307286,0.0347895461389267,-1.84071386374554,"TRAV23DV6"
"SHISA2",1.82224243240587,4.62716445254527,3.32212897819409,0.00272043191840528,0.029321692392877,-1.84157459342513,"SHISA2"
"TRBJ1-2",-3.38256701666283,-0.303218572347682,-3.19101397614031,0.00376173829194996,0.0347554725374058,-1.84483813407935,"TRBJ1-2"
"IKZF2",-1.1339436511078,8.62784429662698,-3.44097015285773,0.002021918485739,0.0251870315502682,-1.84541499051324,"IKZF2"
"CCL18",-2.18868725830473,1.48347456141685,-3.20782275791178,0.00360939851435741,0.0341100225408877,-1.84818863624146,"CCL18"
"FAM174A",1.43353979357241,2.20006718879163,3.19484347823667,0.0037264959142668,0.0346136936980249,-1.8497542980733,"FAM174A"
"ZNF768",1.28042649195204,4.02530307994232,3.29441766048014,0.00291418346023163,0.0306184950720515,-1.85081564249729,"ZNF768"
"WSCD1",1.88819790055054,3.56617997798712,3.25060159904533,0.00324802679188869,0.0322058988938564,-1.85180035716423,"WSCD1"
"AOAH",-1.24676412368284,5.40843454901323,-3.38009903655016,0.00235460931760467,0.0271376609121019,-1.85279221994312,"AOAH"
"MFAP5",-2.44497465595195,1.8696170022278,-3.21512059772402,0.00354512334771078,0.0338583233242513,-1.85322455936702,"MFAP5"
"AGBL4",1.59565125671582,2.02869308806047,3.18566728182546,0.0038114802348743,0.0349602591886742,-1.85490065782494,"AGBL4"
"TRBV7-9",-2.09860298816258,0.255871150766112,-3.18277489422608,0.00383865221739506,0.035087083515799,-1.85611980388155,"TRBV7-9"
"HEPHL1",2.10266824076758,0.712675099974231,3.17191214760519,0.00394237415649437,0.0355772312012383,-1.85748233680812,"HEPHL1"
"MYO7A",-1.36195549775521,2.6785638632064,-3.24119086656093,0.00332439908870713,0.0325436895617894,-1.85885087513813,"MYO7A"
"LINC02284",-1.63730036786843,1.2448684481033,-3.19266003339006,0.00374655071721789,0.034677498663716,-1.85905441321901,"LINC02284"
"TMEM123",-1.02585295684353,7.72722900307732,-3.42417490608636,0.00210885281162221,0.0256970987002413,-1.86034557527776,"TMEM123"
"BFSP2",-2.29884850095041,1.76108396906927,-3.20936478265847,0.00359572439704738,0.0340947724452183,-1.86137748148713,"BFSP2"
"CNR2",-1.48734817136151,2.0723285147518,-3.21360559632053,0.00355837524344211,0.0338837274465234,-1.86140946913936,"CNR2"
"PKHD1L1",-1.71913260419906,1.44052317054428,-3.1942549780259,0.00373189105498326,0.0346136936980249,-1.86222790578842,"PKHD1L1"
"RGS11",1.66474989100641,-0.636242872654491,3.16940564658616,0.00396668722241292,0.0356011864578537,-1.86236445342892,"RGS11"
"TRBV21-1",-2.19752173359085,0.481997985665268,-3.18556551269356,0.0038124331360432,0.0349602591886742,-1.86257864874022,"TRBV21-1"
"ZFHX4-AS1",2.43653787620824,-0.656362424028763,3.16705268197243,0.00398964215439276,0.0357227730884361,-1.86838458756258,"ZFHX4-AS1"
"PTPN2",-1.05896820781529,6.43536622839064,-3.39973071845838,0.00224189583215788,0.0263919551591745,-1.86858137258251,"PTPN2"
"ATP1B2",-1.78400836425396,0.760158681681432,-3.17798365217041,0.0038840731944694,0.0352995577941701,-1.87016461414383,"ATP1B2"
"UGGT2",1.25808329863058,4.64898248432297,3.32288113019646,0.00271535072318918,0.0293148256744085,-1.8722580348247,"UGGT2"
"IL10RB-DT",-1.31305392320812,0.724692670456609,-3.17297434136218,0.00393211416935936,0.0355316057524654,-1.8729846656714,"IL10RB-DT"
"TRBV5-3",-1.91919472448325,-0.839969439691138,-3.16477031109759,0.0040120304010671,0.0358924365310655,-1.87347839436321,"TRBV5-3"
"CPNE5",-1.23800377578384,1.78902633330724,-3.19477681276184,0.00372710670005451,0.0346136936980249,-1.87416465169626,"CPNE5"
"FZD1",1.16767118171423,3.87713291179051,3.27850943797054,0.00303136767221307,0.0310495522077766,-1.87421469802783,"FZD1"
"CCDC87",1.48545657324442,-0.725286515768198,3.16004189570214,0.00405879736677846,0.0361270120397326,-1.88169484807002,"CCDC87"
"TRAV36DV7",-1.9429120081618,-0.661477142270793,-3.16147013412075,0.00404461623884551,0.0360698110637737,-1.88178294546529,"TRAV36DV7"
"FCER2",-2.1291770819122,0.569368689679132,-3.17362905782306,0.00392580290291151,0.0355225028101124,-1.88303974855061,"FCER2"
"GPR174",-1.58488089946682,5.44104026512745,-3.3670038863407,0.00243282870523437,0.0276909341418547,-1.88526121296262,"GPR174"
"AR",-2.19615563681672,3.85553805520724,-3.2929512194269,0.00292479980081132,0.0306839217709375,-1.88643355320899,"AR"
"LDOC1",1.9830576340051,2.32950895909532,3.17077273166699,0.00395340867377156,0.0355973898206683,-1.89200867906652,"LDOC1"
"SNORD11",3.32489000102452,6.1782240147022,3.34008553589941,0.0026016018365272,0.028745448767748,-1.89504865049264,"SNORD11"
"LINC02159",3.93926165960034,0.590033415689816,3.15472572869976,0.004112003352864,0.0364245453669766,-1.89919067690363,"LINC02159"
"OGDHL",3.09076463428317,2.57333434507728,3.16387001547778,0.00402089476691115,0.035947951414581,-1.9010223687815,"OGDHL"
"TRAV10",-2.09600545738461,-0.72561602593732,-3.15118180695201,0.00414784380376074,0.0365788614098764,-1.90356039084189,"TRAV10"
"DACT1",1.63182452753811,3.55033023463888,3.23439670518448,0.00338061034527089,0.0329551222278649,-1.90380790377485,"DACT1"
"NOL3",1.70857402878504,2.85878288249445,3.19398051169141,0.0037344098259277,0.0346136936980249,-1.90413261544403,"NOL3"
"TRBJ1-6",-3.35989651850831,-0.303732132035507,-3.16251097686356,0.00403431162048367,0.0360103710679979,-1.90478100395909,"TRBJ1-6"
"LNCRI",2.48397809488961,0.33939874743707,3.14871563358522,0.00417296167845674,0.0366924161387597,-1.90536237023664,"LNCRI"
"RGS10",-1.32457134148242,4.93766571832196,-3.34050130311195,0.00259891084641551,0.028739727490699,-1.90597897536721,"RGS10"
"IDO1",-1.51392792736599,3.82694647479528,-3.28512629099695,0.00298208342530525,0.0309004389820058,-1.90920393429981,"IDO1"
"USP17L6P",1.70364034805082,-0.822657976885164,3.14679660509099,0.00419260794696401,0.036776382385847,-1.90950059590524,"USP17L6P"
"LINC01120",-2.22686600003152,-0.0619239650509031,-3.15502242914493,0.00410901629579131,0.0364245453669766,-1.91065170013978,"LINC01120"
"ELOA3BP",2.488735365435,1.84015471893129,3.15117541800553,0.00414790868683424,0.0365788614098764,-1.91080788312642,"ELOA3BP"
"CD37",-1.28344947620518,5.05689564237095,-3.34265063503479,0.0025850425424047,0.0286745554213266,-1.91208943243362,"CD37"
"ELN-AS1",1.43526313879197,-0.885175321833846,3.14531752621406,0.00420781079114147,0.0368770450601854,-1.91237263883239,"ELN-AS1"
"IL2RG",-1.4719730697706,6.18230969722256,-3.37495516746557,0.00238503927970012,0.0273926536889064,-1.91495405622215,"IL2RG"
"CDC42BPG",1.22596786607152,4.37476440777999,3.28853939405799,0.00295696519528727,0.0307975706576525,-1.91659416916754,"CDC42BPG"
"MYOSLID-AS1",-1.29204588742109,0.114924980204666,-3.14275825436491,0.00423424167570666,0.0369939993468252,-1.922852988378,"MYOSLID-AS1"
"TGFBI",1.11508620198371,6.27614104733434,3.36395311860275,0.00245140993133565,0.0277363928708984,-1.92332265948357,"TGFBI"
"IGHVIII-16-1",-1.7463953797356,-1.18892384724516,-3.13980853548542,0.00426490273907747,0.0371307348454043,-1.92339010739823,"IGHVIII-16-1"
"APOB",-2.3304195419914,0.554005772776616,-3.15473472885212,0.00411191271237701,0.0364245453669766,-1.92547029938674,"APOB"
"LINC01018",1.86995843885036,0.489036921386782,3.13818591630864,0.00428185997065816,0.0371939589591052,-1.92621583429558,"LINC01018"
"PRSS58",-1.64151426289845,-0.87717214516267,-3.13767611784598,0.00428720098972758,0.0371939589591052,-1.92819181482429,"PRSS58"
"COX7A2",-1.13173659685911,4.63495602692669,-3.3179392357037,0.00274890468519957,0.0294981194895252,-1.92904268008106,"COX7A2"
"ZAP70",-1.49677709650435,5.97179473534322,-3.36350424974922,0.00245415542405127,0.0277515895351717,-1.93004700521012,"ZAP70"
"TRAV1-1",-2.41484982635746,-0.255198613690365,-3.14255467928195,0.00423635093142877,0.0369960938137882,-1.93339755938652,"TRAV1-1"
"TMOD4",-1.31703160696708,1.06668544104408,-3.14864594602223,0.00417367356236884,0.0366924161387597,-1.93511442202246,"TMOD4"
"RASGRF1",-1.20436806976473,0.631006597256784,-3.13957933723249,0.00426729406464857,0.0371352164667241,-1.93899395493029,"RASGRF1"
"GLRA3",1.93816142329894,1.42228949438111,3.1344471790149,0.00432117858619128,0.0373264639509188,-1.93957186894961,"GLRA3"
"SH3BP4",1.55105309904194,4.90780616063869,3.30125614249475,0.00286516595533075,0.0302959753829107,-1.9395863597334,"SH3BP4"
"TRAJ34",-2.20364619150467,0.0050876402226127,-3.14093944758399,0.00425312226973047,0.0370675973830831,-1.94206042712195,"TRAJ34"
"CXCL17",1.69861513830519,1.10484435760231,3.13000270454062,0.00436837021989254,0.0375035195867097,-1.94527075861356,"CXCL17"
"TRAF3IP3",-1.42483835849528,5.97978634028894,-3.35686023291406,0.00249514345090066,0.0280070299205179,-1.94625868968222,"TRAF3IP3"
"STEAP4",-1.51450238932015,4.51061120689953,-3.30425640996355,0.00284391280374458,0.0301436478164443,-1.94664156608489,"STEAP4"
"LINC00954",-1.37914807828329,3.9344031652277,-3.27403045408891,0.00306517399878962,0.0312180793937456,-1.94835154409158,"LINC00954"
"SLIT1",-1.87306888846455,2.90177241551114,-3.21370911991232,0.00355746819327345,0.0338837274465234,-1.94856144075981,"SLIT1"
"SLC9A3-AS1",1.7135996021779,3.82043179577353,3.23054828754587,0.00341285553089995,0.0331643684423407,-1.94869335550712,"SLC9A3-AS1"
"SLC5A4-AS1",1.87671106739426,0.285782204894635,3.12695142655071,0.00440105485883927,0.0376420340275228,-1.94901836183262,"SLC5A4-AS1"
"MAPK15",1.82590827032828,1.99816906740329,3.13723195375593,0.00429185959046103,0.0372180584731084,-1.95039063430296,"MAPK15"
"RBP4",-2.28812122156795,-0.909242868875833,-3.12598580172761,0.00441144723628338,0.0376772245830003,-1.95426715486059,"RBP4"
"SMC4",-1.10641961999114,7.00244556925131,-3.37334068479051,0.0023946685547419,0.0274713600172681,-1.95616255754655,"SMC4"
"CIDEC",-2.20400854423896,-0.689789482364542,-3.12533202798024,0.00441849673658981,0.0377211526835099,-1.95677147641194,"CIDEC"
"ACTR3-AS1",-1.16830956593956,2.27507140436474,-3.17803540030361,0.00388357987134564,0.0352995577941701,-1.95682328254738,"ACTR3-AS1"
"SLC25A21-AS1",1.86275752454434,0.222390403358228,3.12263201126092,0.00444772513500049,0.037888950794888,-1.9578428887712,"SLC25A21-AS1"
"OR10G2",-2.09885790696669,-0.870527254909384,-3.12432603879123,0.00442936522355852,0.0377976319141869,-1.95834494668688,"OR10G2"
"LIMS2",-1.22628879842081,3.56681915132396,-3.24876470987327,0.00326279976434782,0.0322473903468806,-1.95884020803952,"LIMS2"
"CCL25",1.7693186660565,7.7748842441118,3.37238067126013,0.00240041222865377,0.0275097319495803,-1.96237552458188,"CCL25"
"PLN",-1.17467078091307,4.15857999806477,-3.28024556163488,0.00301836090815174,0.0309644085077318,-1.96331601533732,"PLN"
"LTF",-2.55772111684409,2.25519543381879,-3.17735932968616,0.00389002971237954,0.0353118227622265,-1.96492386585494,"LTF"
"LINC02975",2.22795150566978,0.871855321109431,3.11857038182032,0.00449204313367608,0.0380861360635458,-1.96800510724409,"LINC02975"
"COL4A5",1.87687869979825,6.02456869621978,3.32954711537487,0.00267071791416413,0.0290577815777337,-1.96834102060123,"COL4A5"
"HOXB4",-1.69746357464872,1.21068281096372,-3.1377417863101,0.00428651264036036,0.0371939589591052,-1.97432739253463,"HOXB4"
"SPTBN4",1.71151943867521,0.534411669684662,3.11249879102504,0.00455908360363453,0.0383546452072075,-1.9786403551065,"SPTBN4"
"PCK1",-2.59223216531839,-0.270624000765632,-3.12108399025509,0.00446456647372538,0.0379833645522578,-1.97884543336353,"PCK1"
"SLC5A9",1.38274802708631,3.04783191915079,3.17415457815475,0.00392074409781229,0.0355092013508501,-1.98096358819878,"SLC5A9"
"NETO2",1.47332657703253,4.30898136249567,3.25160005448518,0.00324002392281276,0.0321548813483158,-1.98327540556213,"NETO2"
"LINC01354",-1.69945438758313,0.0865797750019314,-3.11363277340105,0.0045464900873256,0.0382853158885474,-1.98666875579351,"LINC01354"
"LINC02967",-2.1868936677803,2.60935906352591,-3.18129687245932,0.00385260907325999,0.0351186301858183,-1.98786964424278,"LINC02967"
"RILPL1",1.29078673864817,4.11895764930507,3.24024944426824,0.00333213376630697,0.0325788513347078,-1.98824892358705,"RILPL1"
"LINC02795",-1.62700099765588,1.28995128383194,-3.13240568289152,0.00434279418164496,0.0373810639276076,-1.98966568979148,"LINC02795"
"KLF10",1.23058275513379,5.78341519930058,3.32045871958978,0.00273174834074886,0.0293796564755865,-1.9896952532605,"KLF10"
"PLK2",1.67341280657934,3.88592992299045,3.22216237090855,0.00348414979387292,0.0335186389260822,-1.9900077354433,"PLK2"
"AGK-DT",2.06492400461736,1.10268508462916,3.10703474380797,0.00462023547592622,0.0384271826047527,-1.99277587020644,"AGK-DT"
"OTOGL",-4.02239440456157,2.48631809298704,-3.16936313403102,0.00396710083530797,0.0356011864578537,-1.99406663006559,"OTOGL"
"ADGRE1",-1.79476438450321,1.48959662828358,-3.13682899233793,0.00429609024389249,0.0372276420919408,-1.99431997427605,"ADGRE1"
"DPYD-AS1",-1.01692873581049,1.53307356048159,-3.13033429730435,0.00436483233961511,0.0374894388752793,-1.99451931604395,"DPYD-AS1"
"PGLYRP4",-2.84320747413508,0.247364366377649,-3.12767037340547,0.00439333257880096,0.03761993007438,-1.99675891323195,"PGLYRP4"
"NOS1AP",1.76942409149432,1.42333928372268,3.10638863646545,0.00462751830207512,0.038460293859624,-1.99830525058429,"NOS1AP"
"C1orf226",2.24696611118739,1.37254341878533,3.10562743038153,0.00463611263079904,0.0384832352562426,-1.99833530469315,"C1orf226"
"USP17L4",1.67376171623398,-0.0502946883146843,3.10236015381365,0.00467317568632971,0.0386449952598323,-1.99900607844668,"USP17L4"
"FAM124A",1.95790747766924,4.94377380602683,3.26438864179356,0.00313918805444732,0.0316622795155239,-2.00079267111112,"FAM124A"
"TRBV15",-3.00825034695023,-0.478187418000784,-3.11126081375012,0.00457287024868056,0.0383599837787578,-2.0015081876588,"TRBV15"
"PDGFA",2.0943162097857,4.85068279373978,3.25580739009782,0.00320650960243028,0.0319202837215425,-2.001552198418,"PDGFA"
"BEST2",1.49376045942489,-1.2674558044749,3.10268610315505,0.00466946548942179,0.0386449952598323,-2.00191417299567,"BEST2"
"CTAGE9",1.26171220529173,3.08982296487983,3.1707255299821,0.00395386643215063,0.0355973898206683,-2.00449981030117,"CTAGE9"
"TRAV8-1",-1.98410943160018,-0.808109202833336,-3.10155441438947,0.00468235934386769,0.038688605033736,-2.0047631486773,"TRAV8-1"
"GOLGA6B",1.63681316221026,-0.902147042838797,3.09909988674084,0.00471044233312313,0.038834512311142,-2.00771857475099,"GOLGA6B"
"HES6",2.5010711393411,2.44763818184306,3.11602655008051,0.00452001533457476,0.038176091957277,-2.0079640578068,"HES6"
"EPN3",1.62223475857821,2.9610293954656,3.14892264020578,0.00417084771814218,0.0366924161387597,-2.00869073180387,"EPN3"
"KRT73",1.57399018470343,0.618816910722031,3.09757042472203,0.00472802295344352,0.0388755069569636,-2.00918382916316,"KRT73"
"P2RY1",-1.08335606282324,3.03940794380277,-3.19409773887776,0.00373333383470702,0.0346136936980249,-2.01090918340333,"P2RY1"
"GABRP",-2.28702214480297,0.390545971519922,-3.11122614387017,0.00457325692240875,0.0383599837787578,-2.01446023217371,"GABRP"
"OXER1",-1.07601258007974,3.29559162520356,-3.20756492388955,0.00361168977539434,0.0341153837543096,-2.01536258588706,"OXER1"
"GCNT4",-1.77128895377028,5.19799360395045,-3.30082870635058,0.00286820627578718,0.0303037554679939,-2.02005938117455,"GCNT4"
"SYBU",2.01888458599955,4.51114316657956,3.23207555929356,0.00340002346820097,0.0330791860433771,-2.02154547493303,"SYBU"
"RTN4RL2",1.63731545840374,-0.219053593911531,3.09119192301668,0.0048020220499166,0.0391798987015137,-2.02192856834744,"RTN4RL2"
"CNTNAP5",2.90499658957198,0.482973799490307,3.09095748465439,0.00480476288635762,0.0391798987015137,-2.02534314960981,"CNTNAP5"
"UAP1L1",1.82191146124292,3.1953955135917,3.15227767488762,0.00413672911376593,0.0365244661168579,-2.02675617796088,"UAP1L1"
"LINC01284",-1.47658507434391,-1.31168507366635,-3.08846246853869,0.00483402534243976,0.0393029655660913,-2.02819080257823,"LINC01284"
"LINC01994",1.55381601621617,-1.35479953741867,3.08535460770815,0.00487071436729206,0.0394703384989118,-2.03824092861392,"LINC01994"
"LBR",-1.16950278685534,6.90758756023948,-3.3361254691627,0.00262736834367251,0.028857303105644,-2.04063990975787,"LBR"
"LINC01500",2.01132968892778,-1.01838344462249,3.08275913459791,0.00490155884398933,0.0395260586649164,-2.04267631595025,"LINC01500"
"SNX24",1.2183952549118,3.19402868672479,3.1622099775761,0.00403728899606483,0.0360206997038444,-2.04441372512597,"SNX24"
"RBM38",-1.03293302013294,4.47773360298155,-3.26037593558204,0.00317049690494334,0.0317446879600395,-2.04670736402806,"RBM38"
"SPATA12",1.9051609256614,1.47345486495167,3.08277258548848,0.00490139851291916,0.0395260586649164,-2.0477682864372,"SPATA12"
"H4C13",-1.78491156541888,3.97448953871734,-3.23179741208636,0.00340235697781183,0.0330856227193702,-2.04882188501698,"H4C13"
"KBTBD8",-1.63648193306931,2.0624455104138,-3.12901462396231,0.00437892873189884,0.0375453295821257,-2.04898917862008,"KBTBD8"
"S100A13",1.53195433037999,3.95363222682423,3.1980037098302,0.00369765232661762,0.0345970883647452,-2.04974958033671,"S100A13"
"IGSF1",3.2897986455764,1.78696384308005,3.08163080537338,0.00491502613427509,0.0395862646199307,-2.05450562807827,"IGSF1"
"TRAJ26",-2.32130874703781,1.1175621584527,-3.10852722911072,0.00460345440423171,0.0384054634086599,-2.05523579197953,"TRAJ26"
"CDC42BPB",1.20573071568665,6.24461851612242,3.30555754800619,0.00283474332330959,0.0301109692028843,-2.05722842080824,"CDC42BPB"
"SRI-AS1",-1.14089065841673,0.942761273288356,-3.08640779661395,0.00485825143799942,0.0394350379989056,-2.05826241387435,"SRI-AS1"
"NRXN2",-1.72686394787407,0.621195240785234,-3.08617498835699,0.00486100374512604,0.0394350379989056,-2.05943251105599,"NRXN2"
"PNMA3",-1.54436540404404,2.33605871939271,-3.13461802828958,0.00431937430649605,0.0373264639509188,-2.06015052669022,"PNMA3"
"CNKSR1",1.65067960316635,2.38786037166048,3.10077622818994,0.00469124538085242,0.0387458492661471,-2.06020720082031,"CNKSR1"
"BGN",2.08738628420912,4.75369638287554,3.22279872413477,0.0034786897808344,0.0335031506417178,-2.06411691616851,"BGN"
"NFIC",1.11391176530037,6.20816918519857,3.30114742600619,0.00286593895178174,0.0302959753829107,-2.06585131492464,"NFIC"
"FCRL1",-1.96777798504305,3.06849395171375,-3.17090164496984,0.00395215874195843,0.0355973898206683,-2.06594285037304,"FCRL1"
"LAX1",-1.1097931908085,3.90348051889323,-3.22103485135154,0.00349384438128292,0.0335792552021407,-2.067846298309,"LAX1"
"RGMA",2.85294952649629,2.93599274284069,3.09504918150079,0.0047571411371802,0.0389326161967159,-2.0690271233233,"RGMA"
"ELOA3P",2.44935657801689,1.88954522672519,3.07503468412505,0.00499446688551448,0.0399658330762014,-2.07146806068099,"ELOA3P"
"CLEC4C",-1.97375725268744,0.435039130692703,-3.08029284843416,0.00493104139720327,0.0396829516914419,-2.07297597788051,"CLEC4C"
"PCDHA4",1.87625430073287,-0.656503581516457,3.06507249608888,0.00511678223702833,0.0405998410940472,-2.07669183674366,"PCDHA4"
"CD2",-1.63239738747244,5.42047682763423,-3.28484582848909,0.0029841565894756,0.0309004389820058,-2.0767748648546,"CD2"
"DEF6",-1.0507120994256,5.32860996597851,-3.28139348860767,0.00300979044547533,0.0309085330179093,-2.07857605209836,"DEF6"
"TOX",-1.62960150575042,5.43255331404314,-3.28397255192103,0.00299062072612585,0.0309004389820058,-2.07958064822305,"TOX"
"IL12RB1",-1.07418804667116,2.2931477767503,-3.12055900865906,0.00447029177403604,0.0380157300886975,-2.08075039622923,"IL12RB1"
"PRM3",1.59938323516703,-1.35581052004993,3.06438305187393,0.00512535247398768,0.0406515431293556,-2.0814270767107,"PRM3"
"GPI",1.22368200855817,6.57674535224256,3.30309583373475,0.00285211589913496,0.0301982458683691,-2.08144872522074,"GPI"
"SLC6A20",-2.08503015097237,1.60186590894061,-3.10281472098278,0.00466800224332471,0.0386449952598323,-2.083375086749,"SLC6A20"
"RIC3",1.20994082602106,5.51000671249462,3.27084979478726,0.00308940165867936,0.0313518817556953,-2.08356355912781,"RIC3"
"RNASET2",-1.17842303701098,5.54074669785621,-3.28542447244816,0.00297988080985302,0.0309004389820058,-2.08537499138981,"RNASET2"
"ETV5",1.27580525789109,4.48961102462707,3.22019606387545,0.00350107326349717,0.0336062607109369,-2.08557760937224,"ETV5"
"SLC44A3",1.18426524780351,3.12255723308394,3.13293795648623,0.0043371484232999,0.0373810639276076,-2.09013375694255,"SLC44A3"
"SVIL2P",-1.15605490593359,1.40179183927459,-3.0824503968402,0.00490524029820141,0.0395396335075795,-2.09191431393464,"SVIL2P"
"EPHA4",1.63788701173319,5.43988513537691,3.25733715245153,0.00319440712665856,0.0318780245231701,-2.0925313815911,"EPHA4"
"TNFSF13",1.09532310401593,2.71761115103238,3.10782733953175,0.0046113164675458,0.0384271826047527,-2.09477600594347,"TNFSF13"
"MEOX2",-2.31111885382423,2.68596834797193,-3.13676835664023,0.00429672719884748,0.0372276420919408,-2.09492982450046,"MEOX2"
"GPX8",1.86180431160449,2.56341704802762,3.0873878904705,0.00484668093340888,0.0393884882920855,-2.09518871319659,"GPX8"
"PCDHGA8",2.1729127963076,2.94088242253291,3.09734241770511,0.0047306491945428,0.0388755069569636,-2.09522566538261,"PCDHGA8"
"CHST5",1.53388569879557,-1.14336624314189,3.05562259228541,0.00523545413971005,0.0411782201791423,-2.09777147277666,"CHST5"
"CSN2",-2.63852483227398,-0.670008685886351,-3.06289954145305,0.00514384008312276,0.0407003004417898,-2.09797055121405,"CSN2"
"TRAJ20",-2.03560017557735,0.750119782916051,-3.07760384380572,0.00496337993869289,0.0398205456095169,-2.09807879519041,"TRAJ20"
"RGMB",1.19915819409451,3.95456304764051,3.18527936869411,0.00381511363441097,0.0349668487412877,-2.09818432134669,"RGMB"
"ZNF462",1.32679969956826,6.59930407875217,3.29602984318215,0.00290255500025795,0.0305362365231816,-2.09818562280577,"ZNF462"
"CCDC107",-1.03996524065557,1.60581849420914,-3.08347004962715,0.00489309180558446,0.0395260586649164,-2.09963040319086,"CCDC107"
"TM4SF18",1.84615950861916,1.5005921175138,3.05697391156785,0.00521832431999903,0.0410761415944554,-2.10146066592094,"TM4SF18"
"ASPG",2.04774660061812,1.02152389068858,3.05331434972835,0.00526483878499394,0.0413009816569789,-2.10232556704036,"ASPG"
"ODAD3",1.41402944211093,-0.0684462520589399,3.05037509531525,0.00530248484693654,0.0414418928262351,-2.10426277420816,"ODAD3"
"BNC2",1.64451857864556,5.78896930964183,3.26527564652821,0.00313230765401953,0.0316228382350685,-2.10641537256156,"BNC2"
"MYO5C",1.29022269600928,5.57158725177676,3.2623251649384,0.00315525072036126,0.0316920706307502,-2.10647109415579,"MYO5C"
"TRAJ11",-2.10077413705174,0.742924009792213,-3.07371517387375,0.00501050541189355,0.0400071016378134,-2.10682281240813,"TRAJ11"
"GNMT",-1.43313217114213,-0.430124368151448,-3.05076581765949,0.00529746566292495,0.0414350780470754,-2.1076497878514,"GNMT"
"FAM217A",-1.64194860394248,-0.156048537704094,-3.05324910400649,0.00526567167216928,0.0413009816569789,-2.10908338775971,"FAM217A"
"SEPTIN1",-1.37406780733772,5.66698856175066,-3.27897250831178,0.00302789313764267,0.0310300244955002,-2.10939641184505,"SEPTIN1"
"SCX",2.39724799367029,2.56340791208019,3.07361259971453,0.00501175425540146,0.0400071016378134,-2.10971656208748,"SCX"
"TRBJ1-5",-3.39821533610677,-0.223043293150191,-3.06746694632964,0.00508712410387361,0.0403969096675581,-2.11013081647323,"TRBJ1-5"
"TRAJ3",-2.36202312686957,0.716433019060931,-3.07611239499767,0.00498140389778034,0.0399097173008806,-2.11124486293306,"TRAJ3"
"FAXC",1.64443746226525,3.511494175166,3.13443222487082,0.00432133654613951,0.0373264639509188,-2.11503897558852,"FAXC"
"CXCL14",-2.96033366294352,2.2556710853604,-3.10904570477428,0.00459763850775054,0.0383736924284457,-2.11597594464777,"CXCL14"
"CACNA1B",2.31390139287458,1.17810388409569,3.04696336535796,0.00534650532551058,0.0415598220526798,-2.11736989543128,"CACNA1B"
"PRKAR2B",-1.45176793347528,3.19832780268225,-3.15628679686664,0.00409631052854532,0.0363506228921002,-2.11773952077336,"PRKAR2B"
"ANKRD44-AS1",-1.61684234983213,1.98148736760174,-3.09458816335891,0.00476248405602788,0.0389602302541281,-2.11799794445446,"ANKRD44-AS1"
"C3orf52",-1.56323835225164,5.31680176585231,-3.26326519611796,0.00314792344659718,0.0316920706307502,-2.11866630418154,"C3orf52"
"STXBP1",1.07573979144674,4.41663415041758,3.2054377734675,0.00363064638449524,0.0342003966097436,-2.12011833320325,"STXBP1"
"PTPRS",1.1608795113705,6.04316705679592,3.27334695676227,0.00307036479400872,0.0312211781780895,-2.12032524630829,"PTPRS"
"PCDH12",1.01403272672194,4.0863495830502,3.18511164041083,0.00381668569817481,0.0349668487412877,-2.12619717607854,"PCDH12"
"MYL11",-1.73855885191744,-0.367575344673477,-3.04356316243648,0.00539072471681836,0.0417087476025849,-2.12629033260889,"MYL11"
"PCSK1",1.73758603460104,2.96294775434504,3.0925180754935,0.00478654609237469,0.0391085716853852,-2.12789268007928,"PCSK1"
"CD151",1.54337775404568,4.53282071830035,3.19689557309302,0.00370774178791146,0.0346136936980249,-2.13055255080012,"CD151"
"INAFM2",1.43037646251396,4.06088776794084,3.17717260688986,0.00389181289829785,0.0353118227622265,-2.13079469606168,"INAFM2"
"RASSF5",-1.05597006723303,6.59639880451776,-3.2912238043396,0.00293735342180414,0.0307155963032266,-2.13254236897096,"RASSF5"
"SLC15A1",2.78389091435869,0.959592995742309,3.03907150043373,0.00544967485137792,0.041995177427538,-2.13278071685523,"SLC15A1"
"PNCK",2.66288602551749,1.46664248395005,3.04002234360026,0.00543714445321042,0.0419149402355205,-2.13537661407885,"PNCK"
"SVEP1",-2.33594360967466,4.24143925860165,-3.20460011267894,0.00363813766654191,0.034228381718127,-2.13563687821606,"SVEP1"
"ACTC1",-1.85809526694667,0.420853072179664,-3.0466319146476,0.0053508005101407,0.0415598220526798,-2.13799637770869,"ACTC1"
"ABCC2",-1.11755048721973,2.33783018690751,-3.0968425659262,0.00473641150504014,0.0388755069569636,-2.13991749833666,"ABCC2"
"GAD1",-1.55520890153756,0.786926501999512,-3.04846851579402,0.00532704192348101,0.0415021963236753,-2.14119630602808,"GAD1"
"NR4A3",-1.50001430262883,4.26909071747653,-3.20845564114058,0.00360378028562234,0.0341100225408877,-2.14181774805734,"NR4A3"
"KCNC4",1.11578724100591,6.62963518795628,3.27741749285046,0.00303957606869998,0.031069303111314,-2.14610163117746,"KCNC4"
"DUSP15",1.36338340843497,-0.884079856573124,3.03025910016003,0.00556712746544893,0.0425833117279449,-2.14751000510562,"DUSP15"
"C2CD4D-AS1",1.2990615467641,4.42741032684458,3.19141194382266,0.0037580609654857,0.0347515273112133,-2.14776243468608,"C2CD4D-AS1"
"GOT1",1.15485169693775,4.34328804515507,3.18618853067619,0.00380660318572396,0.0349391792403949,-2.14918164778817,"GOT1"
"RNF157-AS1",1.57349796642756,0.643717202889561,3.02782946566042,0.00559993298699144,0.0427370126801286,-2.15096470868073,"RNF157-AS1"
"CD28",-1.92930199230376,5.20700679797449,-3.24315952896693,0.00330828058884488,0.0325233147128466,-2.15434952837431,"CD28"
"TRBV4-1",-2.52826068401999,0.425074918705571,-3.05212536386464,0.0052800364527919,0.0413480970970712,-2.15514224176481,"TRBV4-1"
"TAGAP-AS1",-1.02549842576375,3.72045648642623,-3.17121819432651,0.00394909112003556,0.0355973898206683,-2.15680691037232,"TAGAP-AS1"
"SIDT1",-1.0097417951658,4.77927784144835,-3.22596432537715,0.00345165073774399,0.0333275422252971,-2.15822012866229,"SIDT1"
"ACSBG1",-1.14922894926537,4.75864173349708,-3.2245925019458,0.00346334322884485,0.0333996584579,-2.15898528441297,"ACSBG1"
"HCFC1R1",1.03094407494433,2.94504030593025,3.09545777809998,0.00475241055528289,0.0389099927507212,-2.15963475732461,"HCFC1R1"
"SNAI2",1.18494082501706,4.21692752145925,3.17481873216865,0.00391435973527587,0.0354676120885413,-2.16262796872393,"SNAI2"
"EFHB",1.55038484661549,1.03786117923395,3.02359977660306,0.00565748446710741,0.0430103573260041,-2.16264955870496,"EFHB"
"SERPINB3",-2.82700120430854,0.220909972897067,-3.04988153654777,0.00530883156133557,0.0414669390484185,-2.16285675841748,"SERPINB3"
"PCDHA11",1.73285508375649,-1.35465014757447,3.02389868561936,0.00565339885880336,0.04300599904147,-2.16457511457655,"PCDHA11"
"PAQR7",1.30190241378828,4.14364979546983,3.16330296480146,0.00402648764457175,0.0359567527068729,-2.16476527919458,"PAQR7"
"LCAL1",2.65457525535964,0.38672855690126,3.02194180275131,0.00568019758567592,0.0431026844293181,-2.16575303166858,"LCAL1"
"KCNC3",1.99951896352908,4.78601633899528,3.18443108678212,0.00382307070880304,0.0349929446144789,-2.16659958116197,"KCNC3"
"KLHL6",-1.3406406344507,5.8747904196882,-3.26025809410484,0.00317142089529526,0.0317446879600395,-2.16686715805654,"KLHL6"
"ABCB6",1.13097274159718,3.33673505278233,3.114154465307,0.00454070761800409,0.0382637195648059,-2.1678683583393,"ABCB6"
"TRBV2",-2.15681669668255,0.293361206870114,-3.03654310099207,0.00548312905799522,0.0421381129820068,-2.16851047601258,"TRBV2"
"TRAJ38",-2.14852759546724,0.0521799145581997,-3.03230916771786,0.00553958989687715,0.0424218212110747,-2.17114451358413,"TRAJ38"
"DUSP9",2.50655975768224,-0.664326070527904,3.01900883509959,0.00572059077131578,0.0433071043510206,-2.17238550019313,"DUSP9"
"STIL",-1.20689873988382,4.66021271895908,-3.2141061813337,0.00355399129663532,0.0338837274465234,-2.17247988056476,"STIL"
"TRAV38-1",-1.64396866912047,-0.990079282370128,-3.01460031381158,0.00578182199910804,0.0434878280274987,-2.17894090374222,"TRAV38-1"
"BCL6B",1.74105503054534,1.88031714301478,3.025196765649,0.005635688860581,0.042910599023485,-2.1820916524211,"BCL6B"
"ECRG4",-1.92629641424498,-0.703451106826096,-3.01236321209849,0.00581313265916846,0.0436390547961565,-2.18639229492859,"ECRG4"
"CCDC102B",1.01076177682938,3.84770933133483,3.14307083448272,0.00423100497468281,0.0369820483409886,-2.18673781200311,"CCDC102B"
"RBPMS2",-1.85367734610424,1.7143096297785,-3.05331983299123,0.00526476879473885,0.0413009816569789,-2.18801617406174,"RBPMS2"
"SEPTIN5",2.73026813236756,2.94108247259415,3.0438697183462,0.00538672367824329,0.0417087476025849,-2.18811772395542,"SEPTIN5"
"LCN12",1.23107277512931,3.24199597777911,3.09585529376808,0.00474781259211595,0.0389099927507212,-2.18846393748004,"LCN12"
"EXTL3-AS1",1.25418796134432,0.704115131493616,3.00835755284884,0.0058696011183886,0.0439437219708482,-2.19043296576333,"EXTL3-AS1"
"CAPN1-AS1",1.36629105918376,0.572868549046853,3.00692143633061,0.0058899735411464,0.0440335044978263,-2.19261285984018,"CAPN1-AS1"
"IGSF5",1.57436392074049,0.995988383809822,3.0082374503814,0.00587130228363853,0.0439437219708482,-2.19327171751368,"IGSF5"
"STK17B",-1.15172086443653,7.63317669518363,-3.28146512305995,0.00300925640015957,0.0309085330179093,-2.19594844756362,"STK17B"
"TAF1L",-1.56618032223656,2.37369114204263,-3.07297289403305,0.00501954942038954,0.0400531707581002,-2.19950658018076,"TAF1L"
"INTU",1.4177755927506,5.03159712537643,3.19669711031375,0.00370955156576941,0.0346136936980249,-2.20027181818295,"INTU"
"TEX29",-1.61588998640568,0.513869254775373,-3.01668516606752,0.00575278727408201,0.0433518306804299,-2.20067509104772,"TEX29"
"IL20RB",-1.07914696637683,2.23960408790748,-3.0632408215176,0.00513958138277833,0.0406866235857889,-2.20153798962372,"IL20RB"
"SNHG4",1.24721740750127,2.33077573991164,3.03825499265568,0.00546045698143588,0.0420618852493712,-2.20347492809095,"SNHG4"
"LMO2",1.74366873063712,4.26302952145445,3.14399765756016,0.00422142188267429,0.0369312292619894,-2.20457017441942,"LMO2"
"OR2L13",2.26628638933531,-0.748190658885935,3.00284083947935,0.00594822899810615,0.0443016573743028,-2.20480882565599,"OR2L13"
"NAP1L2",-1.79043020225377,1.2269493219541,-3.03000442546708,0.0055705575096601,0.0425833117279449,-2.20494001328127,"NAP1L2"
"CXCL3",-1.49364354863854,0.60734571582927,-3.01419795026158,0.00578744160845962,0.0435102555935048,-2.20690245954689,"CXCL3"
"TRAV37",-1.33496250390053,-1.35855995794748,-2.99982220699227,0.00599167708655173,0.0445581728169005,-2.20805237494028,"TRAV37"
"SPACA6-AS1",1.66141872433181,0.12682597294768,2.99740687193521,0.00602665968510221,0.0447510576016839,-2.21149099256357,"SPACA6-AS1"
"DOCK6",1.65040026659159,4.73489832863814,3.16930324075226,0.00396768361901085,0.0356011864578537,-2.21223208301148,"DOCK6"
"PPP1R35-AS1",1.43657329008826,1.47375020851402,3.00338303149858,0.00594045698864858,0.0442771010728312,-2.21338321045295,"PPP1R35-AS1"
"XK",1.56191882180078,1.05037317431949,2.99716573727046,0.00603016284878531,0.0447602747991795,-2.21642318452549,"XK"
"ZNF334",1.18148478243093,5.22921542968795,3.20256455328268,0.00365640396399762,0.0343247523925754,-2.21743684702935,"ZNF334"
"SP6",2.37908308628656,3.40944123531919,3.06324553224199,0.00513952262311266,0.0406866235857889,-2.21968167470084,"SP6"
"CCAT2",1.83136790794554,-0.217657227194322,2.99308535164033,0.00608973742975604,0.0450503977560532,-2.22097101112059,"CCAT2"
"DCT",-1.75396286433002,1.17666106104517,-3.02104825681401,0.00569247465912689,0.0431602992450046,-2.22179116747199,"DCT"
"BASP1-AS1",1.77783760104248,0.225236142530669,2.98892080091494,0.00615111960084786,0.045335011464126,-2.22883562758554,"BASP1-AS1"
"ALDH7A1",1.27066550558122,5.76281796864369,3.21712255416395,0.00352768491442614,0.0337406267624837,-2.2289926838629,"ALDH7A1"
"TRBV10-3",-1.90721322595225,-0.0788653187582212,-2.99754983851514,0.00602458360786021,0.0447510576016839,-2.23000573180973,"TRBV10-3"
"HAND2-AS1",-2.07678090954716,0.318001294329373,-3.00264308083277,0.00595106616885661,0.044306113023139,-2.23221083861626,"HAND2-AS1"
"CBARP",1.54266144998727,-0.322458217748284,2.98731445259213,0.00617495325225734,0.0454529786191389,-2.23221774487584,"CBARP"
"ADAMTS9-AS2",-1.67267502791669,1.70197285068119,-3.02995779876338,0.00557118571244881,0.0425833117279449,-2.23267870393718,"ADAMTS9-AS2"
"SECTM1",1.3562978116305,2.29989654015242,3.01553694560891,0.00576876071114591,0.0434225963152782,-2.23764704575066,"SECTM1"
"LINC02249",1.70058640404121,-0.354513778820755,2.98462564511661,0.00621504474339207,0.0455734668002314,-2.23806366324873,"LINC02249"
"TMEM139-AS1",1.37552174701719,-1.32407158978034,2.98705392140859,0.00617882708727051,0.0454545759219317,-2.2381879405366,"TMEM139-AS1"
"EMP3",-1.06593483147891,3.13798875521587,-3.0979100688233,0.0047241134404764,0.0388755069569636,-2.23877995151036,"EMP3"
"EVC2",1.31130975960128,3.21394665218616,3.06272265203599,0.00514604874574896,0.0407015022500504,-2.24815095733394,"EVC2"
"PKP4-AS1",1.07698804328225,3.75865807225412,3.10909488754463,0.00459708717603788,0.0383736924284457,-2.2489897830617,"PKP4-AS1"
"BAHD1",1.03641128440634,5.36309367485735,3.19578134762709,0.00371791340803559,0.0346136936980249,-2.24907149634367,"BAHD1"
"SLC2A11",1.16449797287746,3.73002670041077,3.10294435026915,0.00466652793505686,0.0386449952598323,-2.2514936738596,"SLC2A11"
"NCKAP1L",-1.11313099664395,7.03566417919553,-3.2482290988813,0.00326711954808606,0.0322473903468806,-2.25228302832442,"NCKAP1L"
"USP44",-1.30770971730137,2.26976962120472,-3.04308547308348,0.00539696498208284,0.0417189609493896,-2.25379042920547,"USP44"
"SPRED1",1.32150064154662,5.84556670976197,3.20851168549588,0.00360328317506702,0.0341100225408877,-2.25418422684051,"SPRED1"
"SLC9A3",1.23846761915615,3.83169853252674,3.10718357109806,0.00461855947513386,0.0384271826047527,-2.25615982177365,"SLC9A3"
"ERP27",-1.71945602571924,2.03779534916728,-3.03355612971998,0.00552290378792659,0.0423615283175501,-2.25628109059798,"ERP27"
"MXRA5",1.74400575360357,6.69398330308501,3.22640075649758,0.00344793888012886,0.0333275422252971,-2.25747149590737,"MXRA5"
"LINC02794",1.42798422088669,-0.143405124186728,2.97407839080295,0.00637471901664624,0.0463613798678473,-2.25809654533131,"LINC02794"
"CCDC149",1.26466595719616,3.80577339396822,3.10337434001468,0.00466164074386958,0.0386303218929795,-2.25895485997939,"CCDC149"
"FEZF2",-2.51165496046047,0.309693424813643,-2.99672434333421,0.00603658037956305,0.0447743212635581,-2.2646270843088,"FEZF2"
"PCOTH",2.89432536845349,-0.357557605788079,2.9726263589409,0.0063970050946679,0.0464892889527664,-2.26663236923432,"PCOTH"
"TMEM272",-2.30758354296274,1.79703172903364,-3.02191834751209,0.00568051953063124,0.0431026844293181,-2.27133848800771,"TMEM272"
"F8",1.05142318715158,4.30573512973306,3.13257615571673,0.00434098523042667,0.0373810639276076,-2.27181769503672,"F8"
"ATP1A2",-2.8904018368334,2.14386597188062,-3.03301656304802,0.00553011804549744,0.0424004285169891,-2.27356992842867,"ATP1A2"
"SNX20",-1.33722449600953,4.70154204968715,-3.17188484329512,0.00394263823459071,0.0355772312012383,-2.27456280359363,"SNX20"
"DIPK1C",-1.73246130467424,-0.908132391359342,-2.9669127963059,0.00648542101649936,0.0467420971143223,-2.27618513042922,"DIPK1C"
"LRRC56",1.49982399444303,2.29511635286144,2.99758949576366,0.00602400784935454,0.0447510576016839,-2.27722934073282,"LRRC56"
"NRSN2",1.38997005306917,3.32149998031891,3.05864959181152,0.00519715726112851,0.0409543077553173,-2.28052770309403,"NRSN2"
"UCN2",1.48761555819466,-1.03237084043133,2.96478688588124,0.0065186152001228,0.0468228225754012,-2.28114793397102,"UCN2"
"MYADM",-1.13009245445975,4.81383842108943,-3.17395250410755,0.00392268857647769,0.0355105600365586,-2.2816567269995,"MYADM"
"CCDC92B",1.68507634102702,0.758822709118125,2.96311240075289,0.00654487467151527,0.0468583664524659,-2.28227605792602,"CCDC92B"
"SLC6A2",2.00079939580754,-0.789737119228652,2.96380789293345,0.00653395566961945,0.0468425685307467,-2.2830707934801,"SLC6A2"
"LENEP",1.49415508685477,-0.323589887370087,2.96173065458273,0.00656661923028696,0.0469800534881231,-2.28343772363137,"LENEP"
"MAT1A",1.89252790195473,-0.576256813040187,2.96259650278687,0.00655298532897004,0.0468994671518944,-2.28374090526849,"MAT1A"
"IL17RC",1.05287878617089,2.6298126600151,3.01878727362376,0.00572365326391825,0.0433137187149821,-2.28411158523874,"IL17RC"
"ITPKC",1.24476698600442,4.1859944615052,3.11222866603391,0.00456208842604591,0.0383546452072075,-2.28882676237521,"ITPKC"
"ADRA1A",-2.07403760062717,0.0476809484380934,-2.96929950970766,0.00644834653817387,0.0466397403669308,-2.2900611084236,"ADRA1A"
"NSFP1",-1.04210029886642,3.81604190146291,-3.11760699701255,0.00450261700222992,0.038126781282468,-2.29174627613895,"NSFP1"
"LINC03028",-1.61648810195443,-0.639394404518185,-2.95956983484557,0.00660076208838762,0.0470711643124694,-2.29215437283098,"LINC03028"
"IGSF11-AS1",1.38043287843031,-0.74953918148488,2.95753172588076,0.00663312090655215,0.0472338357753726,-2.29351347111692,"IGSF11-AS1"
"PARD3B",1.31614558133352,4.95807738978396,3.15444919788846,0.00411478922927466,0.0364329145673899,-2.29498116978404,"PARD3B"
"DOCK8",-1.23662207891688,7.52446103311523,-3.23738329594231,0.00335578889904175,0.0327615720390415,-2.29601155082717,"DOCK8"
"FAM90A25P",1.57758918058911,-0.841974033135839,2.95668991173106,0.00664653032938795,0.0472649017256856,-2.29629985447502,"FAM90A25P"
"SPATA24",-1.11052268018784,2.2296732865246,-3.0196059270522,0.00571234536893339,0.0432848211045417,-2.29687280180285,"SPATA24"
"INSIG2",-1.01799990191321,4.902531701249,-3.1710447621465,0.00395077153584243,0.0355973898206683,-2.29702896658295,"INSIG2"
"LRIG3",1.42639793771974,6.72652775508346,3.21253678820925,0.00356775293155399,0.0339433955589047,-2.29770975022538,"LRIG3"
"VENTX",1.52863075363716,-0.0160794880664599,2.95380783883665,0.00669263518297509,0.0474197495793051,-2.29866472693964,"VENTX"
"RCAN2",1.26546954616318,3.93271017334607,3.08943949684536,0.00482254611162465,0.0392503359897812,-2.29885921191194,"RCAN2"
"PCDHGB6",1.70042200833819,3.37475139072062,3.04197615444006,0.00541148315608121,0.0417687474781198,-2.29942394479902,"PCDHGB6"
"ICOS",-1.63612036378366,3.77380922687448,-3.1106506755116,0.00457967971293963,0.0383736924284457,-2.29983442360888,"ICOS"
"GPR75",-1.04312257062651,2.67491878984546,-3.04174545536308,0.00541450711059045,0.0417729751311791,-2.30027481480966,"GPR75"
"RHOH",-1.73031379724593,6.03147694886188,-3.20686124348228,0.00361795021473917,0.0341256514773467,-2.30051616517195,"RHOH"
"TRAJ4",-2.27316960844234,0.703438672760445,-2.9843344795652,0.00621940103566788,0.0455734668002314,-2.30055447845431,"TRAJ4"
"IGKV1D-33",-2.10986834084771,1.4773033740104,-2.99327158635335,0.00608700617336983,0.0450482092920334,-2.30497790263523,"IGKV1D-33"
"LCK",-1.61111062381227,6.15176618607072,-3.20790457131616,0.00360867176617387,0.0341100225408877,-2.30528869509083,"LCK"
"EFS",2.22284626238364,3.21662331248881,3.01125856664808,0.00582865301847108,0.04370716732949,-2.30572408615523,"EFS"
"PHACTR3",1.59483711050602,2.15129780678103,2.97553603809651,0.00635242119486134,0.0462842647367861,-2.30724050158596,"PHACTR3"
"AKR1C3",-1.15705424580793,3.80140443718999,-3.10950262514203,0.00459251893817864,0.0383736924284457,-2.30807980264382,"AKR1C3"
"CALML3-AS1",1.47578584529934,4.42042784818025,3.11464108736879,0.00453532022594579,0.0382489254291514,-2.30841987019553,"CALML3-AS1"
"DCST1",1.93182805343926,-0.20435781263908,2.94955281508922,0.00676126030891432,0.0477260112387313,-2.3086404657424,"DCST1"
"CNTF",-1.23377443242361,1.04531233620732,-2.97120880469357,0.00641883362072651,0.046494252752766,-2.30918361287169,"CNTF"
"PAFAH2",-1.06775028131554,6.23768821576835,-3.20708757757533,0.00361593544693062,0.0341229120454506,-2.31152575944579,"PAFAH2"
"MMP14",1.52154855682859,5.81355330092741,3.17787494099089,0.00388510975166519,0.0352995577941701,-2.31537311126613,"MMP14"
"BRD7P3",-1.61576791889026,3.13280085456765,-3.06320281099838,0.00514005553410845,0.0406866235857889,-2.31633967531538,"BRD7P3"
"IGHV3-7",-1.84757638814568,0.87143568703601,-2.96859659843488,0.00645924431529998,0.0466503597647706,-2.31824466251418,"IGHV3-7"
"RBM38-AS1",-1.50018985721969,1.57674132833437,-2.98523788340803,0.00620589419051818,0.0455734668002314,-2.32054125534921,"RBM38-AS1"
"TRPS1",1.39719033008081,6.33387783863078,3.19333871787451,0.00374030594135306,0.0346358981157865,-2.32081797123077,"TRPS1"
"SLC9C1",-1.64298740695325,2.82228574658792,-3.04203238264401,0.0054107463735336,0.0417687474781198,-2.32155507227662,"SLC9C1"
"CST3",1.1771872212242,7.08301613886288,3.21077229877545,0.00358328662579591,0.0340158354217664,-2.32258209514021,"CST3"
"SASH3",-1.29675520013701,5.6667072460335,-3.18700539523151,0.00379897229528748,0.0348853191422014,-2.32337965696974,"SASH3"
"GFI1",-1.90853075947547,5.22183662952227,-3.17022757301152,0.00395869868772668,0.0356011864578537,-2.32456199423338,"GFI1"
"PNOC",-1.60782925459148,-0.744649726520077,-2.94271675868445,0.00687291685588207,0.0480996099807111,-2.32473477345441,"PNOC"
"DCTN1-AS1",-1.19124182076874,1.05661029778018,-2.96318092922034,0.00654379802528695,0.0468583664524659,-2.32477059269032,"DCTN1-AS1"
"CT66",1.69127791733331,-0.722315444047342,2.94153246694444,0.00689243792956493,0.0481278949146649,-2.32630463975681,"CT66"
"PCDHAC2",1.66869863727128,-1.05616708332683,2.94174420219385,0.00688894395835536,0.0481204772297544,-2.32828140069187,"PCDHAC2"
"SHROOM1",1.42628124946551,1.86753849165647,2.95465890734214,0.00667898895129506,0.0473899291348792,-2.33200790529966,"SHROOM1"
"CD1C",-1.79808086287658,5.6230810157196,-3.18109187225242,0.00385454872725238,0.0351186301858183,-2.33226415974436,"CD1C"
"MFNG",-1.37442318208811,4.34107635607315,-3.12844401148776,0.00438503738423246,0.0375651535915914,-2.33389329470146,"MFNG"
"IGHV3-74",-1.39015264897078,0.302741562417636,-2.94549145335884,0.00682738648154598,0.0479783917199266,-2.33425845602586,"IGHV3-74"
"PYGM",-1.41342604516557,1.56256458549471,-2.97463971433459,0.00636612355870097,0.0463329235392179,-2.33493604435495,"PYGM"
"LINC02788",1.39599198613164,-1.03850969984948,2.93684203654599,0.00697027133514795,0.0484964546652596,-2.33709140890774,"LINC02788"
"TRBC1",-1.80757432404676,6.1372508543267,-3.19374087183792,0.00373661033323448,0.0346178754140342,-2.33711991693638,"TRBC1"
"LAMA1",-1.48007380363577,2.80828852978569,-3.03387933252865,0.00551858672501769,0.0423448284999516,-2.33800055225576,"LAMA1"
"KCTD1",1.61805500571897,4.7173935027198,3.1199855842503,0.00447655342879467,0.0380201258753979,-2.34063591718065,"KCTD1"
"OR10K2",-1.90541287953172,-0.426904110732505,-2.93982542459196,0.00692066852945143,0.0482739194675059,-2.34090055294254,"OR10K2"
"LINC01887",1.34471161941918,-1.20896557657639,2.93461713056724,0.0070074833411616,0.0485978015183743,-2.34291155718321,"LINC01887"
"HIPK1-AS1",-1.25344488974736,0.236899327540954,-2.93923427263612,0.00693047046077455,0.0483252572051683,-2.34309540525994,"HIPK1-AS1"
"NFATC4",1.43069069331241,4.41273391460063,3.09696349458841,0.00473501681807437,0.0388755069569636,-2.34434612305572,"NFATC4"
"TRAV12-2",-1.82526751975801,0.223260324017293,-2.94231439127194,0.00687954330282037,0.0480996099807111,-2.3499559323858,"TRAV12-2"
"HCN4",1.66425932572752,-1.2223833894677,2.93109518059959,0.00706677525991299,0.0487942831885618,-2.35124243522074,"HCN4"
"LINC03034",-1.39691775920773,1.49781483520855,-2.96671641899207,0.00648848050801169,0.0467420971143223,-2.35142910780456,"LINC03034"
"CRB1",1.69493894542222,0.522405816638449,2.92572943023415,0.00715802550796547,0.049201169425887,-2.35558632150093,"CRB1"
"EYA1",1.4318517635457,6.75621604371419,3.18799253347668,0.00378977040549338,0.0348443762591591,-2.35671513526933,"EYA1"
"SRC",1.08245759549114,4.59376988451863,3.1091234611726,0.00459676689894128,0.0383736924284457,-2.35753109505941,"SRC"
"LINC00467",1.13831934739647,2.41715183280161,2.97141151621965,0.00641570777806614,0.046494252752766,-2.35813232028938,"LINC00467"
"KRT32",2.03340133349229,1.66135656807646,2.93363375908001,0.00702399058149786,0.0486686798379766,-2.35823256423649,"KRT32"
"CFAP61",1.52254042574226,0.0718682162866708,2.92352522853982,0.00719583398964886,0.049305560086861,-2.35892221953605,"CFAP61"
"SLC1A3-AS1",-1.56613339200866,0.723665600448236,-2.94314032224495,0.00686594789956166,0.0480996099807111,-2.36026389075029,"SLC1A3-AS1"
"TRAV2",-2.14146149623314,0.0141878144773929,-2.93774772958495,0.00695517733725275,0.0484122421128719,-2.36350811435842,"TRAV2"
"PABPC5",1.49024442882237,-1.09102782282637,2.92354966986348,0.00719541371068418,0.049305560086861,-2.36445337391203,"PABPC5"
"SLC18A2",-1.93033789578538,3.25927098242366,-3.04831098604061,0.00532907579253418,0.0415021963236753,-2.36472069944906,"SLC18A2"
"WDFY4",-1.00963680104244,6.46270191030397,-3.18890685441625,0.00378126644170259,0.0348314731542565,-2.36483494913196,"WDFY4"
"PRL",-1.8724331790875,-0.948147367170498,-2.92188004934832,0.00722417726222945,0.0493814313790185,-2.367727626163,"PRL"
"AP3B2",2.74671012619897,3.02279033616308,2.96577751407679,0.0065031273404658,0.0468164176353867,-2.36781568954408,"AP3B2"
"SATB1-AS1",-2.08249603392688,4.06143808626221,-3.09088630167367,0.00480559538859703,0.0391798987015137,-2.37353475363869,"SATB1-AS1"
"LY6K",2.39862356142505,0.476838575687769,2.9180912420189,0.00728985528625665,0.0496417571437484,-2.37398154926542,"LY6K"
"PTGDR2",-1.51311900117889,1.55207332975975,-2.95808400055806,0.00662433761487846,0.0471882710802123,-2.37480994717636,"PTGDR2"
"TMEM63C",1.91968714941159,-0.0689599784782103,2.91602020931261,0.00732599560976724,0.0497679804743165,-2.37516052738631,"TMEM63C"
"TRAV17",-1.98098852511557,0.909279113129686,-2.94732835456251,0.0067974025839747,0.0478884411443575,-2.3778388026566,"TRAV17"
"STK32B",-1.94834169884126,3.79299061536865,-3.0751153328598,0.00499348820356563,0.0399658330762014,-2.37795746179479,"STK32B"
"GPR143",1.69472960413707,2.35727397845295,2.94686791478933,0.00680490658941499,0.0478884411443575,-2.37997914149099,"GPR143"
"SCAND3",-1.58005201965708,1.72796383494006,-2.96099322073188,0.00657825238332147,0.047012291951444,-2.3818767058891,"SCAND3"
"MDH1B",1.39788233895146,1.70779497938935,2.92473639013028,0.00717503560189727,0.0492496633804873,-2.38567136524112,"MDH1B"
"KRT16",-1.38884696813676,3.22242983411672,-3.03753809431537,0.00546994056338898,0.0421021601746031,-2.38683755650139,"KRT16"
"AQP7",-1.70450423410112,1.1123277696611,-2.93803246076674,0.00695043852442555,0.0484084085446283,-2.38749474421358,"AQP7"
"TRIM36",-1.28319969589469,0.756474057042994,-2.92528990948517,0.00716554946113304,0.0492153293951178,-2.38787290499924,"TRIM36"
"B3GALT5",1.39255515362285,5.38118233634548,3.12982549373003,0.0043702620732201,0.0375035195867097,-2.39078468184346,"B3GALT5"
"DCLK1",-1.22870123424799,3.60133652875674,-3.05966469246358,0.00518437458079689,0.0408902306015901,-2.39205071047783,"DCLK1"
"PRRG3",-2.02540996925366,2.1107250770115,-2.9723475966887,0.006401292081628,0.046494252752766,-2.39556772309874,"PRRG3"
"C5orf58",-1.5118862448303,2.97411099428541,-3.01759479568568,0.00574016298455943,0.0433226869952123,-2.39566220404994,"C5orf58"
"SNORA14B",1.53172857878506,6.75544204273288,3.16980372248452,0.00396281627647921,0.0356011864578537,-2.39618197361674,"SNORA14B"
"LINC02391",-1.29181582659806,0.715967803369512,-2.91968879587059,0.00726209318648572,0.04955502140254,-2.39933039706748,"LINC02391"
"ADA2",-1.17562296232622,6.5045083076067,-3.17296591169829,0.00393219549233914,0.0355316057524654,-2.40429000264374,"ADA2"
"MAGI2",1.54689729319175,4.16735407521277,3.05366020697812,0.0052604258863068,0.0413009816569789,-2.40469456160771,"MAGI2"
"MYO1E",1.04099360046032,6.84025217627285,3.16858429610674,0.00397468564451706,0.0356227600631105,-2.41208846993814,"MYO1E"
"GRAMD1C",-1.74760528739524,2.45600376754057,-2.98011216356411,0.0062829016697126,0.0458960284761693,-2.41251648954705,"GRAMD1C"
"EFNB1",1.57161940841336,4.40034761839363,3.06535294379028,0.00511330001738001,0.0405884853766277,-2.41295717675682,"EFNB1"
"PCSK5",-1.23347321137689,5.72777569819063,-3.14845557801093,0.00417561883594354,0.0366924161387597,-2.41656267631385,"PCSK5"
"AGAP3",1.39104920187965,4.46008637853804,3.06963247282559,0.0050604432512883,0.040268538834439,-2.4192389371998,"AGAP3"
"LINC01569",1.00208878981802,2.42191772722656,2.94433722301789,0.00684629143902094,0.0480259699705017,-2.41925233165479,"LINC01569"
"TRAJ10",-2.29475334996198,1.38030738169931,-2.94294391879551,0.00686917851912577,0.0480996099807111,-2.41932036645584,"TRAJ10"
"PTPN7",-1.27449590179176,5.50263036388547,-3.13933186843944,0.00426987746058918,0.0371413648648788,-2.42139994905665,"PTPN7"
"ORM2",-1.56625416646483,0.767303698922347,-2.91425288391361,0.00735697070794946,0.049925422802575,-2.42341988690848,"ORM2"
"AXIN2",-1.35125253425272,5.03732670615901,-3.11937555594665,0.00448322402867905,0.0380439623943095,-2.42760715647001,"AXIN2"
"FCRL2",-2.23156798551768,1.71516857850498,-2.94222020211733,0.00688109534869843,0.0480996099807111,-2.43384006272325,"FCRL2"
"NES",1.75462156380187,2.98114350591603,2.9506821955281,0.00674298061095292,0.0476390015387888,-2.43421407433866,"NES"
"DEF8",1.10536480159067,4.57084494475611,3.07384001845877,0.00500898582735789,0.0400071016378134,-2.43461744770332,"DEF8"
"TBC1D10C",-1.28553848688004,5.02454171958551,-3.11454621252487,0.00453637010370501,0.0382489254291514,-2.43793642279159,"TBC1D10C"
"CPA3",-2.18705983073468,2.28750876985105,-2.95998136343203,0.00659424656627048,0.0470655246223344,-2.44089453691157,"CPA3"
"LRRC8D",-1.09494729011117,4.98153021090615,-3.10914043196065,0.00459657668629994,0.0383736924284457,-2.44630185322188,"LRRC8D"
"ERICH3",-1.7031119034523,2.1730476737436,-2.94947438587855,0.00676253148281382,0.0477260112387313,-2.44834665041425,"ERICH3"
"CALML5",-3.89041965354462,1.08969495572982,-2.9411125502637,0.00689937221718259,0.0481494933403432,-2.44854137350863,"CALML5"
"TSPAN5",-1.06791486605238,4.0228711353091,-3.0589759609619,0.00519304416325286,0.0409422912137892,-2.45179136678333,"TSPAN5"
"CTAGE8",1.0085473717491,3.11272078951319,2.97319202571839,0.00638831431183253,0.04644318586218,-2.45253273369224,"CTAGE8"
"TUSC1",1.03015705182098,2.72778128058447,2.94282064790145,0.0068712069278634,0.0480996099807111,-2.45700506352398,"TUSC1"
"HMGA2-AS1",1.7690774245142,2.69412071626892,2.92836626200754,0.00711304427654893,0.0490282247260978,-2.45750597190873,"HMGA2-AS1"
"CD36",-1.89548977788915,5.16492851576036,-3.10955675855654,0.00459191276211742,0.0383736924284457,-2.45770732664339,"CD36"
"ARHGAP45",-1.10527422327475,6.28010926954842,-3.14461435469816,0.00421505696270549,0.0369241975365112,-2.45824751777927,"ARHGAP45"
"CR2",-2.22671155193439,2.88067300526241,-2.98037022594084,0.00627900292432988,0.0458960284761693,-2.46174392654604,"CR2"
"ELOVL6",1.05470314227,3.79763788111025,3.01785142910093,0.00573660608764231,0.0433226869952123,-2.4641321212728,"ELOVL6"
"PRKCB",-1.44763131055068,6.69160245064863,-3.14739218457914,0.00418650114490659,0.0367391002911559,-2.47287681335777,"PRKCB"
"MIR100HG",1.50659711654,6.66629560128688,3.13401470761736,0.00432574900112353,0.0373482752980949,-2.4748411147988,"MIR100HG"
"TJP1",1.11739554393226,6.43155967883101,3.13123304507969,0.00435525710903333,0.0374396971896875,-2.4760933341102,"TJP1"
"LINC00115",-1.20514613125776,3.39906370347244,-3.00598991504677,0.00590322396453775,0.0440826034091462,-2.48221007156856,"LINC00115"
"PCNA",-1.18949565131663,5.22774749242551,-3.10210016051788,0.00467613714913356,0.0386533325163759,-2.48454743759816,"PCNA"
"DAPP1",-1.61138809142219,4.08569776143828,-3.04378215363943,0.00538786624607074,0.0417087476025849,-2.49222413567781,"DAPP1"
"GMIP",-1.08540339954386,4.79073968023325,-3.08053554891495,0.00492813258055298,0.0396756776389597,-2.49282093915138,"GMIP"
"CXCR4",-1.34065639523276,6.75121381015469,-3.13854457372179,0.00427810624495594,0.0371939589591052,-2.49563309764085,"CXCR4"
"SMIM35",-1.67616139760193,2.42611873785503,-2.93512071429769,0.00699904429094273,0.0485808795066523,-2.50446953033684,"SMIM35"
"CGNL1",1.13841428151863,5.55861679949547,3.09025533508686,0.00481298074197499,0.0391950929641741,-2.50643055145082,"CGNL1"
"TBC1D2",1.29436447938932,4.69140015496223,3.0461712160019,0.00535677606752833,0.0415598220526798,-2.50755271376686,"TBC1D2"
"GPC4",1.96524965731038,5.80166413633797,3.08605924291803,0.0048623726675087,0.0394350379989056,-2.50859469884649,"GPC4"
"SCAMP5",1.27893678955818,3.73559492765929,2.98043367389125,0.00627804472102257,0.0458960284761693,-2.51319481246619,"SCAMP5"
"CAPG",-1.01100539954883,4.44501204090047,-3.05407021022691,0.0052551991133769,0.041284293471463,-2.5149984067992,"CAPG"
"ANOS1",1.80089420150529,5.68857940342672,3.08203245078339,0.004910228195657,0.0395637238452184,-2.5155069466854,"ANOS1"
"SLIT3-AS1",1.04245914114077,4.00922555365184,3.00614954179808,0.00590095133547132,0.0440826034091462,-2.51555146064908,"SLIT3-AS1"
"LGR4",1.03978189082767,5.48456805547332,3.08425521658821,0.00488375670729369,0.0394951620272313,-2.51833974105793,"LGR4"
"SEMA4D",-1.12006910720029,7.0289549000568,-3.13223006378669,0.00434465849883762,0.0373810639276076,-2.52128614567445,"SEMA4D"
"BHLHE40",1.65112525396143,5.79925442197237,3.08497100206433,0.0048752613776225,0.0394705499720613,-2.52196692575111,"BHLHE40"
"SNORD79",2.95444575509349,6.29778136819232,3.07753280610072,0.0049642370012976,0.0398205456095169,-2.52315162466787,"SNORD79"
"ANKRD33B",1.01794648450908,6.39513475779198,3.10903959099721,0.00459770704673529,0.0383736924284457,-2.52573489502371,"ANKRD33B"
"ARHGAP15-AS1",-1.56414606701024,4.61528205801509,-3.05536975666694,0.00523866514654485,0.0411871055164783,-2.52952050474959,"ARHGAP15-AS1"
"ICAM3",-1.09529757176065,3.01087984937181,-2.95516119518328,0.00667094758734755,0.0473668395428851,-2.53549375338855,"ICAM3"
"LGI2",-1.91476765520262,3.57189937628507,-2.99047985453654,0.00612807159248249,0.045198810564158,-2.53656355779221,"LGI2"
"CAMK4",-1.80248266993801,7.13046251290221,-3.12603783478046,0.00441088663921905,0.0376772245830003,-2.54136876028125,"CAMK4"
"ARHGAP30",-1.0803058455369,6.8188170175616,-3.11818263823039,0.00449629604123916,0.038105868248429,-2.54477648647017,"ARHGAP30"
"RNF135",1.15994502807341,3.8715599324584,2.97962154856196,0.00629032013097789,0.0459332638641776,-2.55185990626558,"RNF135"
"PLEK",-1.05026812591237,4.95268494111768,-3.06073770273298,0.00517089538647037,0.0408001789485096,-2.55375812437101,"PLEK"
"FBXO5",-1.32184458243353,3.62959070473784,-2.98722298099955,0.0061763130783195,0.0454529786191389,-2.5567341714044,"FBXO5"
"DSC2",1.52464687647911,6.02588608559254,3.07838386105156,0.0049539784280404,0.0398027929811172,-2.56151531529432,"DSC2"
"ALDH4A1",1.50806004411965,4.7067147348794,3.01490109941628,0.00577762448205461,0.0434727798005242,-2.56175482921001,"ALDH4A1"
"EPSTI1",-1.2048937082186,5.28419800799114,-3.07009967176371,0.0050547046191535,0.040252535093935,-2.56224952469519,"EPSTI1"
"RHOC",1.10808045552596,5.47674836803889,3.06137303865689,0.0051629300895545,0.0407835108832581,-2.56814430142312,"RHOC"
"ENDOD1",1.04965775736401,4.62210111823543,3.01687026371059,0.0057502162503855,0.0433489635729061,-2.57527611821692,"ENDOD1"
"H3C3",-1.41165702459972,4.73672222916431,-3.04070835582815,0.00542812116144833,0.0418616873203043,-2.5766913977556,"H3C3"
"IPCEF1",-1.24491058078878,4.81890956385786,-3.04452883049366,0.00537813083908542,0.0416830234234636,-2.57706147300007,"IPCEF1"
"CHCHD10",1.36344180644152,3.57061203864931,2.93487153352225,0.00700321885039453,0.0485928113010019,-2.57945074166232,"CHCHD10"
"CABLES1",1.00305609453931,4.23009261354964,2.99123724368131,0.00611690460922379,0.0451526244708779,-2.57949144246816,"CABLES1"
"RAB25",-2.42388982487344,2.73155178816634,-2.91686058471962,0.0073113102521169,0.0497194221921448,-2.58148466864577,"RAB25"
"GHR",2.06189203277159,5.32385499341868,3.02938281652125,0.00557893803057675,0.0426261021957851,-2.58162302024748,"GHR"
"NET1",1.03850668669217,7.15056446346281,3.099734270868,0.00470316871778417,0.0388119290059345,-2.58427308589302,"NET1"
"GAS6",1.3729961827208,6.61172603849485,3.08484766704144,0.00487672417412147,0.0394705499720613,-2.58600270406043,"GAS6"
"SELL",-1.58751021138478,5.34245914351829,-3.06137982795723,0.00516284503457937,0.0407835108832581,-2.58621443866077,"SELL"
"MIR23AHG",1.69266928826129,5.47255792938259,3.03495812864622,0.00550420044152493,0.042257129516652,-2.59772420750792,"MIR23AHG"
"ARRDC5",-1.64059959430005,2.88029412338984,-2.91693007405861,0.00731009719578023,0.0497194221921448,-2.60211817717005,"ARRDC5"
"TRAT1",-1.90743860292579,4.66264102895598,-3.01953873586306,0.00571327266284617,0.0432848211045417,-2.61204831169194,"TRAT1"
"AKNA",-1.25750200813222,7.80003713837488,-3.10428666796311,0.0046512876269607,0.0385930108385431,-2.61353966613875,"AKNA"
"SFN",1.68746851565439,4.17353018094952,2.95401308141809,0.00668934184829995,0.0474197495793051,-2.61486803001189,"SFN"
"CD8A",-1.48416355883127,7.29713232629417,-3.09635282042384,0.00474206383558341,0.0388896399678243,-2.61538875645835,"CD8A"
"DPY19L2",1.20738790883421,5.47005434258535,3.03671908695737,0.00548079417833642,0.0421365330206291,-2.61707864765496,"DPY19L2"
"SHB",1.46403743404228,4.02238751050896,2.94730258314325,0.00679782238484828,0.0478884411443575,-2.61821235842139,"SHB"
"PLEKHG3",1.57334636264047,5.14212456565246,3.01391475861076,0.00579139993093595,0.0435102555935048,-2.61890071621104,"PLEKHG3"
"SIPA1L2",1.81220094099592,5.32647738329061,3.01819153813844,0.00573189547591397,0.0433226869952123,-2.62322297843375,"SIPA1L2"
"TNFRSF9",-1.03333295536352,3.06641399422168,-2.91864490038374,0.00728022247535272,0.0496273932362229,-2.62379746506897,"TNFRSF9"
"LTBR",1.27459833685545,3.83762364598203,2.93576239989073,0.0069883049389499,0.0485710795672292,-2.62641400611533,"LTBR"
"GPT2",1.63803722314509,4.20176169462496,2.95157544753176,0.00672855612495808,0.0475540704131413,-2.63087812394556,"GPT2"
"ARHGEF12",1.05870358187342,7.58341884360307,3.0866098990807,0.00485586335187923,0.0394350379989056,-2.63091279614437,"ARHGEF12"
"GBP3",-1.01236451458587,4.46345443191279,-3.00341671661809,0.00593997445185195,0.0442771010728312,-2.63108745961163,"GBP3"
"PLXNA1",1.18992264824028,6.3895659317214,3.06107046711145,0.00516672200638375,0.0407835108832581,-2.63167781469689,"PLXNA1"
"COL7A1",2.49217221591235,5.79633387775716,3.01775355602861,0.00573796234391833,0.0433226869952123,-2.63226782596182,"COL7A1"
"DPYS",-2.39419349970364,3.41738828883084,-2.93072644647734,0.0070730104068659,0.048820300991095,-2.63833802306184,"DPYS"
"GRAP",-1.51708467765257,3.17805969890015,-2.91986852930183,0.00725897609690759,0.0495508375238718,-2.63838870615181,"GRAP"
"DGKA",-1.56143172327108,7.71004550428182,-3.08933852590361,0.00482373122073616,0.0392503359897812,-2.64597804205007,"DGKA"
"DENND1C",-1.0336987186092,5.01216015910258,-3.01804451683311,0.00573393131135545,0.0433226869952123,-2.65583661349342,"DENND1C"
"PNMA8B",1.61484082498358,4.28031109963326,2.94251087440127,0.00687630673230835,0.0480996099807111,-2.65995892585617,"PNMA8B"
"CLCN4",1.19298129626891,3.75878304193983,2.92088342904713,0.00724139869667937,0.0494649771517391,-2.66066726485269,"CLCN4"
"TNFAIP3",-1.15963494702241,6.65190761545017,-3.06111777651984,0.00516612893502054,0.0407835108832581,-2.66817660657621,"TNFAIP3"
"NINJ1",1.28304617343611,4.1862053046813,2.93792778144019,0.00695218035695758,0.0484084085446283,-2.67234262318405,"NINJ1"
"ANKRD29",-1.20809209773464,3.46779725603075,-2.9193956820517,0.00726717934432757,0.0495726342795237,-2.68270746322408,"ANKRD29"
"CD48",-1.30679718925092,5.24929528037523,-3.01401846651314,0.00578995004969473,0.0435102555935048,-2.68607468505151,"CD48"
"ARSD",1.55183730414402,4.82277034779016,2.96821833782759,0.00646511604276302,0.0466706261624684,-2.68660253135718,"ARSD"
"CENPV",-1.10584782030003,3.40490745949191,-2.91322677853924,0.00737501184546946,0.0499979819835543,-2.68682024344058,"CENPV"
"SMO",1.02084275807039,3.99892684300795,2.92672091322864,0.00714108034303395,0.0491529874463648,-2.68706366519616,"SMO"
"ATRNL1",2.59176294172041,5.12272699520813,2.95435494498106,0.00668385971067075,0.047407490972926,-2.69236522879629,"ATRNL1"
"MIRLET7BHG",1.17925506795314,4.69607818323228,2.9652785564475,0.00651092384742314,0.0468164176353867,-2.69250385630962,"MIRLET7BHG"
"GRB10",1.15217662249149,5.17863666217213,2.99139412116019,0.00611459402787203,0.0451526244708779,-2.69299231932354,"GRB10"
"CEP128",-1.2371476465657,7.10917694848519,-3.05300790438031,0.00526875177433188,0.0413087673780719,-2.70661914196905,"CEP128"
"CD4",-1.24648420364858,7.10508222392396,-3.05231476272762,0.00527761274131858,0.0413480970970712,-2.70796549066656,"CD4"
"FTCDNL1",1.06387719013125,4.94444716492039,2.97221230561696,0.00640337366234976,0.046494252752766,-2.71021531636897,"FTCDNL1"
"SGCB",1.1430206139087,4.68303225051519,2.95271488886504,0.00671019873892702,0.0474751958686545,-2.72597170140394,"SGCB"
"PIM2",-1.17085134383394,5.14843885506199,-2.98800521640674,0.00616469350286797,0.0454181383947335,-2.73594423823342,"PIM2"
"APBB1IP",-1.4717746712003,6.23239316399879,-3.01718462538244,0.00574585225165332,0.0433325724877925,-2.74726035466297,"APBB1IP"
"CDKN2D",-1.36073172048273,3.91771615829436,-2.91907118834286,0.00727281395994284,0.0495939750011402,-2.74821408158145,"CDKN2D"
"OLFML2A",1.63124462030157,4.8915173469641,2.93803826123738,0.0069503420184793,0.0484084085446283,-2.7520940486179,"OLFML2A"
"CD8B2",-1.43330234018924,5.11798465574247,-2.97870467167497,0.00630420637857911,0.0460138882033886,-2.75314148575832,"CD8B2"
"LMNA",1.62268062883472,6.42804985984876,3.00393402143416,0.00593256879666629,0.0442683272689401,-2.75365890845455,"LMNA"
"MAPRE2",-1.02237332669646,6.5145467522761,-3.01572866564866,0.00576609066045176,0.0434225963152782,-2.76452354293449,"MAPRE2"
"ETS1",-1.11246449411209,8.84760213239827,-3.04723565676592,0.00534297923862204,0.0415598220526798,-2.77254995870274,"ETS1"
"CALN1",-2.36622878538367,5.17960738109265,-2.96379226092632,0.00653420089631651,0.0468425685307467,-2.78514271178308,"CALN1"
"GMFG",-1.35633119262929,4.99277061691049,-2.95553441094002,0.00666497857037311,0.0473414432624241,-2.79373167374098,"GMFG"
"MYL9",1.7557165919138,5.07213034791715,2.91434759213182,0.00735530764958423,0.049925422802575,-2.81842828820283,"MYL9"
"NTN1",1.25693726033949,4.86011865124958,2.91412236721764,0.00735926314190264,0.049925422802575,-2.82247004194829,"NTN1"
"PLD2",1.26927092410524,5.13549511191438,2.92638976647361,0.00714673563506156,0.049157716886421,-2.82792937743065,"PLD2"
"NYNRIN",1.59227230357674,5.86194782608532,2.92097163540113,0.00723987293273212,0.0494649771517391,-2.89835698751151,"NYNRIN"
"SNORD89",-1.63995042544989,8.81974501968292,-2.98742564679528,0.00617330061237432,0.0454529786191389,-2.90949765955726,"SNORD89"
"LAMC1",1.22928181714816,7.39732261370852,2.95978658349448,0.00659732965374892,0.0470655246223344,-2.90950732995261,"LAMC1"
"FAM78A",-1.00620080306109,5.56510467606668,-2.92322925980269,0.00720092515081331,0.049305560086861,-2.91475082788613,"FAM78A"
"RASSF6",-1.93798493167587,6.57794208325684,-2.94511936992987,0.00683347534430503,0.0479827001114742,-2.92755303599689,"RASSF6"
"YAP1",1.16868023339063,6.49632588508911,2.93181468036513,0.00705462385479379,0.0487443964603751,-2.93020976144838,"YAP1"
"WDR74",-1.22325232533118,10.1961026706264,-2.98378123420625,0.0062276864758911,0.0456049872958431,-2.94374821335949,"WDR74"
"FAT1",1.45156301000171,7.66404101184611,2.9460379457911,0.00681845290868423,0.047949667594155,-2.94795741316927,"FAT1"
"TRBC2",-1.79479558185773,6.93589162427031,-2.93187247321327,0.00705364867227516,0.0487443964603751,-2.97391569906843,"TRBC2"
